Location,Name,Mode,Size
"00000180","FUN_00002cf4_00000180",$t,00000036
"0000030c","|static|_DAT_00a8349c_0000030c",$d,00000000
"000003b4","FUN_000003b4",$t,0000003a
"000003f4","FUN_000003f4",$t,00000022
"000005b4","|static|_DAT_0094ed4c_000005b4",$d,00000000
"00000730","FUN_00000730",$t,00000030
"00000764","|static|_DAT_0094fd3c_00000764",$d,00000000
"00000768","FUN_00000768",$t,00000022
"00000794","FUN_00000794",$t,00000022
"000007b8","FUN_000007b8",$t,00000020
"000007dc","FUN_000007dc",$t,00000042
"00000820","FUN_00000820",$t,00000024
"00000848","FUN_00000848",$t,00000022
"0000086c","FUN_0000086c",$t,00000068
"000008d8","FUN_000008d8",$t,00000030
"00000910","|static|_DAT_0094edd8_00000910",$d,00000000
"000009e4","|static|_DAT_0094ee2c_000009e4",$d,00000000
"000009e8","FUN_000009e8",$t,0000004c
"00000a38","|static|_DAT_0094f310_00000a38",$d,00000000
"00000a3c","FUN_00000a3c",$t,00000024
"00000a64","FUN_00000a64",$t,00000022
"00000aa0","FUN_00000aa0",$t,00000022
"00000b8c","|static|_DAT_0094ee2c_00000b8c",$d,00000000
"00000bcc","|static|_DAT_0094f310_00000bcc",$d,00000000
"00000c04","|static|_DAT_008806c4_00000c04",$d,00000000
"00000c20","FUN_00000c20",$t,00000018
"00000c3c","FUN_00000c3c",$a,00000004
"00000c40","|static|_INVALID_|static|_TEXT:00016f35_00000c40",$d,00000000
"00000c44","FUN_00000c44",$a,00000004
"00000c48","|static|_FUN_0051f84c_00000c48",$d,00000000
"00000c4c","FUN_00000c4c",$a,00000004
"00000c50","|static|_FUN_0023a8ac_00000c50",$d,00000000
"00000c58","|static|_INVALID_|static|_TEXT:00016f99_00000c58",$d,00000000
"00000c5c","FUN_00000c5c",$a,00000004
"00000c60","|static|_INVALID_|static|_TEXT:0001704d_00000c60",$d,00000000
"00000c68","|static|_FUN_0051cc84_00000c68",$d,00000000
"00000c6c","FUN_00000c6c",$a,00000004
"00000c70","|static|_FUN_00134544_00000c70",$d,00000000
"00000c78","|static|_FUN_00306cf0_00000c78",$d,00000000
"00000c80","|static|_INVALID_|static|_TEXT:00017069_00000c80",$d,00000000
"00000c84","FUN_00000c84",$a,00000004
"00000c88","|static|_FUN_0030403c_00000c88",$d,00000000
"00000c8c","FUN_00000c8c",$a,00000004
"00000c90","|static|_INVALID_|static|_TEXT:002040cd_00000c90",$d,00000000
"00000c94","FUN_00000c94",$a,00000004
"00000c98","|static|_FUN_002fb328_00000c98",$d,00000000
"00000c9c","FUN_00000c9c",$a,00000004
"00000ca0","|static|_FUN_00605024_00000ca0",$d,00000000
"00000ca4","FUN_00000ca4",$a,00000004
"00000ca8","|static|_INVALID_|static|_TEXT:0020081d_00000ca8",$d,00000000
"00000cac","FUN_00000cac",$a,00000004
"00000cb0","|static|_INVALID_|static|_TEXT:00204101_00000cb0",$d,00000000
"00000cb4","FUN_00000cb4",$a,00000004
"00000cb8","|static|_FUN_003041bc_00000cb8",$d,00000000
"00000cbc","FUN_00000cbc",$a,00000004
"00000cc0","|static|_FUN_006ab5b8_00000cc0",$d,00000000
"00000cc4","FUN_00000cc4",$a,00000004
"00000cc8","|static|_FUN_00306978_00000cc8",$d,00000000
"00000ccc","FUN_00000ccc",$a,00000004
"00000cd0","|static|_FUN_00300904_00000cd0",$d,00000000
"00000cd4","FUN_00000cd4",$a,00000004
"00000cd8","|static|_FUN_002fc188_00000cd8",$d,00000000
"00000ce0","|static|_FUN_001cd934_00000ce0",$d,00000000
"00000ce4","FUN_00000ce4",$a,00000004
"00000ce8","|static|_INVALID_|static|_TEXT:00203e7d_00000ce8",$d,00000000
"00000cec","FUN_00000cec",$a,00000004
"00000cf0","|static|_FUN_001beaa8_00000cf0",$d,00000000
"00000cf4","FUN_00000cf4",$a,00000004
"00000cf8","|static|_FUN_00292d8c_00000cf8",$d,00000000
"00000cfc","FUN_00000cfc",$a,00000004
"00000d00","|static|_FUN_007523a8_00000d00",$d,00000000
"00000d04","FUN_00000d04",$a,00000004
"00000d08","|static|_FUN_007ca670_00000d08",$d,00000000
"00000d10","|static|_FUN_00125f8c_00000d10",$d,00000000
"00000d14","FUN_00000d14",$a,00000004
"00000d18","|static|_FUN_002fb94c_00000d18",$d,00000000
"00000d1c","FUN_00000d1c",$a,00000004
"00000d20","|static|_FUN_002fc900_00000d20",$d,00000000
"00000d28","|static|_FUN_0050d320_00000d28",$d,00000000
"00000d2c","FUN_00000d2c",$a,00000004
"00000d30","|static|_INVALID_|static|_TEXT:00014801_00000d30",$d,00000000
"00000d34","FUN_00000d34",$a,00000004
"00000d38","|static|_FUN_00757cc0_00000d38",$d,00000000
"00000d3c","FUN_00000d3c",$a,00000004
"00000d40","|static|_FUN_0068f0f4_00000d40",$d,00000000
"00000d44","FUN_00000d44",$a,00000004
"00000d48","|static|_FUN_0033303c_00000d48",$d,00000000
"00000d50","|static|_FUN_0033309c_00000d50",$d,00000000
"00000d54","FUN_00000d54",$a,00000004
"00000d58","|static|_FUN_002fdf10_00000d58",$d,00000000
"00000d5c","FUN_00000d5c",$a,00000004
"00000d60","|static|_FUN_002fb378_00000d60",$d,00000000
"00000d70","|static|_FUN_003248bc_00000d70",$d,00000000
"00000d74","FUN_00000d74",$a,00000004
"00000d78","|static|_FUN_002fcbb0_00000d78",$d,00000000
"00000d7c","FUN_00000d7c",$a,00000004
"00000d80","|static|_FUN_002fcb84_00000d80",$d,00000000
"00000d88","|static|_FUN_003117bc_00000d88",$d,00000000
"00000d8c","FUN_00000d8c",$a,00000004
"00000d90","|static|_FUN_002f777c_00000d90",$d,00000000
"00000d94","FUN_00000d94",$a,00000004
"00000d98","|static|_FUN_0068f1ac_00000d98",$d,00000000
"00000d9c","FUN_00000d9c",$a,00000004
"00000da0","|static|_FUN_003064ac_00000da0",$d,00000000
"00000da4","FUN_00000da4",$a,00000004
"00000da8","|static|_FUN_00306e58_00000da8",$d,00000000
"00000dac","FUN_00000dac",$a,00000004
"00000db0","|static|_FUN_00275a58_00000db0",$d,00000000
"00000db4","FUN_00000db4",$a,00000004
"00000db8","|static|_FUN_00631480_00000db8",$d,00000000
"00000dbc","FUN_00000dbc",$a,00000004
"00000dc0","|static|_FUN_003170f8_00000dc0",$d,00000000
"00000dc4","FUN_00000dc4",$a,00000004
"00000dc8","|static|_FUN_00578054_00000dc8",$d,00000000
"00000dcc","FUN_00000dcc",$a,00000004
"00000dd0","|static|_FUN_006326c8_00000dd0",$d,00000000
"00000dd4","FUN_00000dd4",$a,00000004
"00000dd8","|static|_FUN_00632b20_00000dd8",$d,00000000
"00000ddc","FUN_00000ddc",$a,00000004
"00000de0","|static|_FUN_00713a70_00000de0",$d,00000000
"00000de4","FUN_00000de4",$a,00000004
"00000de8","|static|_FUN_001509dc_00000de8",$d,00000000
"00000dec","FUN_00000dec",$a,00000004
"00000df0","|static|_FUN_00631708_00000df0",$d,00000000
"00000df8","|static|_FUN_002304b4_00000df8",$d,00000000
"00000dfc","FUN_00000dfc",$a,00000004
"00000e00","|static|_FUN_006331b8_00000e00",$d,00000000
"00000e04","FUN_00000e04",$a,00000004
"00000e08","|static|_FUN_005dd688_00000e08",$d,00000000
"00000e0c","FUN_00000e0c",$a,00000004
"00000e10","|static|_FUN_00603e78_00000e10",$d,00000000
"00000e14","|static|::Item_Copy_00000e14",$a,00000004
"00000e18","|static|_FUN_002fc934_00000e18",$d,00000000
"00000e1c","FUN_00000e1c",$a,00000004
"00000e20","|static|_FUN_007559ac_00000e20",$d,00000000
"00000e24","FUN_00000e24",$a,00000004
"00000e28","|static|_FUN_00755a98_00000e28",$d,00000000
"00000e2c","FUN_00000e2c",$a,00000004
"00000e30","|static|_FUN_0075aa60_00000e30",$d,00000000
"00000e34","FUN_00000e34",$a,00000004
"00000e38","|static|_FUN_002fc8e8_00000e38",$d,00000000
"00000e3c","FUN_00000e3c",$a,00000004
"00000e40","|static|_FUN_00632ab8_00000e40",$d,00000000
"00000e44","FUN_00000e44",$a,00000004
"00000e48","|static|_FUN_005daf1c_00000e48",$d,00000000
"00000e4c","FUN_00000e4c",$a,00000004
"00000e50","|static|_FUN_005dc374_00000e50",$d,00000000
"00000e54","FUN_00000e54",$a,00000004
"00000e58","|static|_FUN_00230f24_00000e58",$d,00000000
"00000e5c","FUN_00000e5c",$a,00000004
"00000e60","|static|_FUN_0075596c_00000e60",$d,00000000
"00000e64","FUN_00000e64",$a,00000004
"00000e68","|static|_FUN_00755a68_00000e68",$d,00000000
"00000e6c","FUN_00000e6c",$a,00000004
"00000e70","|static|_FUN_005dd224_00000e70",$d,00000000
"00000e74","FUN_00000e74",$a,00000004
"00000e78","|static|_FUN_006001e8_00000e78",$d,00000000
"00000e7c","FUN_00000e7c",$a,00000004
"00000e80","|static|_FUN_005dc9d4_00000e80",$d,00000000
"00000e84","FUN_00000e84",$a,00000004
"00000e88","|static|_FUN_001cd668_00000e88",$d,00000000
"00000e8c","FUN_00000e8c",$a,00000004
"00000e90","|static|_FUN_006edd28_00000e90",$d,00000000
"00000e94","FUN_00000e94",$a,00000004
"00000e98","|static|_FUN_001cd690_00000e98",$d,00000000
"00000e9c","FUN_00000e9c",$a,00000004
"00000ea0","|static|_FUN_00237048_00000ea0",$d,00000000
"00000ea4","FUN_00000ea4",$a,00000004
"00000ea8","|static|_FUN_006ea834_00000ea8",$d,00000000
"00000eac","FUN_00000eac",$a,00000004
"00000eb0","|static|_FUN_002075d4_00000eb0",$d,00000000
"00000eb4","FUN_00000eb4",$a,00000004
"00000eb8","|static|_FUN_0075cd70_00000eb8",$d,00000000
"00000ebc","FUN_00000ebc",$a,00000004
"00000ec0","|static|_FUN_0060393c_00000ec0",$d,00000000
"00000ec4","FUN_00000ec4",$a,00000004
"00000ec8","|static|_FUN_0070acd0_00000ec8",$d,00000000
"00000ecc","FUN_00000ecc",$a,00000004
"00000ed0","|static|_FUN_001c0c54_00000ed0",$d,00000000
"00000ed4","FUN_00000ed4",$a,00000004
"00000ed8","|static|_FUN_00304224_00000ed8",$d,00000000
"00000edc","FUN_00000edc",$a,00000004
"00000ee0","|static|_FUN_0075aac8_00000ee0",$d,00000000
"00000ee4","FUN_00000ee4",$a,00000004
"00000ee8","|static|_FUN_0064bed4_00000ee8",$d,00000000
"00000eec","FUN_00000eec",$a,00000004
"00000ef0","|static|_FUN_002fd068_00000ef0",$d,00000000
"00000ef4","FUN_00000ef4",$a,00000004
"00000ef8","|static|_FUN_006b8578_00000ef8",$d,00000000
"00000efc","FUN_00000efc",$a,00000004
"00000f00","|static|_FUN_00234d08_00000f00",$d,00000000
"00000f04","FUN_00000f04",$a,00000004
"00000f08","|static|_FUN_005c2ce0_00000f08",$d,00000000
"00000f0c","FUN_00000f0c",$a,00000004
"00000f10","|static|_FUN_006e9c84_00000f10",$d,00000000
"00000f14","FUN_00000f14",$a,00000004
"00000f18","|static|_FUN_00308340_00000f18",$d,00000000
"00000f1c","FUN_00000f1c",$a,00000004
"00000f20","|static|_FUN_005b522c_00000f20",$d,00000000
"00000f24","FUN_00000f24",$a,00000004
"00000f28","|static|_FUN_005f4c14_00000f28",$d,00000000
"00000f2c","FUN_00000f2c",$a,00000004
"00000f30","|static|_FUN_003084cc_00000f30",$d,00000000
"00000f34","FUN_00000f34",$a,00000004
"00000f38","|static|_FUN_005245dc_00000f38",$d,00000000
"00000f3c","FUN_00000f3c",$a,00000004
"00000f40","|static|_FUN_0023ad1c_00000f40",$d,00000000
"00000f44","FUN_00000f44",$a,00000004
"00000f48","|static|_FUN_002ffb64_00000f48",$d,00000000
"00000f50","|static|_FUN_0063161c_00000f50",$d,00000000
"00000f54","FUN_00000f54",$a,00000004
"00000f58","|static|_FUN_005210a8_00000f58",$d,00000000
"00000f5c","FUN_00000f5c",$a,00000004
"00000f60","|static|_FUN_001cce78_00000f60",$d,00000000
"00000f64","FUN_00000f64",$a,00000004
"00000f68","|static|_FUN_007521a4_00000f68",$d,00000000
"00000f6c","FUN_00000f6c",$a,00000004
"00000f70","|static|_FUN_006e9be8_00000f70",$d,00000000
"00000f74","FUN_00000f74",$a,00000004
"00000f78","|static|_FUN_001cd6b8_00000f78",$d,00000000
"00000f7c","FUN_00000f7c",$a,00000004
"00000f80","|static|_FUN_0064c384_00000f80",$d,00000000
"00000f84","FUN_00000f84",$a,00000004
"00000f88","|static|_FUN_00635974_00000f88",$d,00000000
"00000f8c","FUN_00000f8c",$a,00000004
"00000f90","|static|_FUN_0064c3c8_00000f90",$d,00000000
"00000f94","FUN_00000f94",$a,00000004
"00000f98","|static|_FUN_0064c278_00000f98",$d,00000000
"00000fa0","|static|_FUN_0064c450_00000fa0",$d,00000000
"00000fa8","|static|_LAB_00313ac8_00000fa8",$d,00000000
"00000fac","FUN_00000fac",$a,00000004
"00000fb0","|static|_FUN_005b1a08_00000fb0",$d,00000000
"00000fb4","FUN_00000fb4",$a,00000004
"00000fb8","|static|_FUN_00755ad4_00000fb8",$d,00000000
"00000fbc","FUN_00000fbc",$a,00000004
"00000fc0","|static|_FUN_00317ea8_00000fc0",$d,00000000
"00000fc4","FUN_00000fc4",$a,00000004
"00000fc8","|static|_FUN_004eada4_00000fc8",$d,00000000
"00000fcc","FUN_00000fcc",$a,00000004
"00000fd0","|static|_FUN_00317a88_00000fd0",$d,00000000
"00000fd4","FUN_00000fd4",$a,00000004
"00000fd8","|static|_FUN_004f11c0_00000fd8",$d,00000000
"00000fdc","FUN_00000fdc",$a,00000004
"00000fe0","|static|_FUN_002fa9d0_00000fe0",$d,00000000
"00000fe4","FUN_00000fe4",$a,00000004
"00000fe8","|static|_FUN_00736a1c_00000fe8",$d,00000000
"00000fec","FUN_00000fec",$a,00000004
"00000ff0","|static|_FUN_004ecd30_00000ff0",$d,00000000
"00000ff4","FUN_00000ff4",$a,00000004
"00000ff8","|static|_FUN_004ee9a8_00000ff8",$d,00000000
"00000ffc","FUN_00000ffc",$a,00000004
"00001000","|static|_FUN_004eda50_00001000",$d,00000000
"00001004","FUN_00001004",$a,00000004
"00001008","|static|_FUN_0052e294_00001008",$d,00000000
"0000100c","FUN_0000100c",$a,00000004
"00001010","|static|_FUN_004ee4c8_00001010",$d,00000000
"00001014","FUN_00001014",$a,00000004
"00001018","|static|_FUN_004edd20_00001018",$d,00000000
"0000101c","FUN_0000101c",$a,00000004
"00001020","|static|_FUN_002f74c8_00001020",$d,00000000
"00001024","FUN_00001024",$a,00000004
"00001028","|static|_FUN_002f74e0_00001028",$d,00000000
"0000102c","FUN_0000102c",$a,00000004
"00001030","|static|_FUN_006c602c_00001030",$d,00000000
"00001034","FUN_00001034",$a,00000004
"00001038","|static|_FUN_0052f0d4_00001038",$d,00000000
"0000103c","FUN_0000103c",$a,00000004
"00001040","|static|_FUN_0052f200_00001040",$d,00000000
"00001044","FUN_00001044",$a,00000004
"00001048","|static|_FUN_006fab08_00001048",$d,00000000
"0000104c","FUN_0000104c",$a,00000004
"00001050","|static|_LAB_0052f280_00001050",$d,00000000
"00001054","FUN_00001054",$a,00000004
"00001058","|static|_FUN_0052f0ec_00001058",$d,00000000
"0000105c","FUN_0000105c",$a,00000004
"00001060","|static|_FUN_00250354_00001060",$d,00000000
"00001064","FUN_00001064",$a,00000004
"00001068","|static|_thunk_FUN_0020ad0c_00001068",$d,00000000
"0000106c","FUN_0000106c",$a,00000004
"00001070","|static|_FUN_005b1a2c_00001070",$d,00000000
"00001074","FUN_00001074",$a,00000004
"00001078","|static|_FUN_00755ac4_00001078",$d,00000000
"0000107c","FUN_0000107c",$a,00000004
"00001080","|static|_FUN_0031758c_00001080",$d,00000000
"00001084","FUN_00001084",$a,00000004
"00001088","|static|_FUN_005b19f8_00001088",$d,00000000
"0000108c","FUN_0000108c",$a,00000004
"00001090","|static|_FUN_002f73b8_00001090",$d,00000000
"00001094","FUN_00001094",$a,00000004
"00001098","|static|_FUN_00132478_00001098",$d,00000000
"0000109c","FUN_0000109c",$a,00000004
"000010a0","|static|_FUN_0013f134_000010a0",$d,00000000
"000010a4","FUN_000010a4",$a,00000004
"000010a8","|static|_FUN_002f747c_000010a8",$d,00000000
"000010ac","FUN_000010ac",$a,00000004
"000010b0","|static|_FUN_004ecec8_000010b0",$d,00000000
"000010b4","FUN_000010b4",$a,00000004
"000010b8","|static|_FUN_004f1270_000010b8",$d,00000000
"000010bc","FUN_000010bc",$a,00000004
"000010c0","|static|_FUN_002504e0_000010c0",$d,00000000
"000010c4","FUN_000010c4",$a,00000004
"000010c8","|static|_FUN_004ee364_000010c8",$d,00000000
"000010cc","FUN_000010cc",$a,00000004
"000010d0","|static|_FUN_004f26a4_000010d0",$d,00000000
"000010d4","FUN_000010d4",$a,00000004
"000010d8","|static|_FUN_004ee9cc_000010d8",$d,00000000
"000010dc","FUN_000010dc",$a,00000004
"000010e0","|static|_FUN_002504d4_000010e0",$d,00000000
"000010e4","FUN_000010e4",$a,00000004
"000010e8","|static|_FUN_00250438_000010e8",$d,00000000
"000010ec","FUN_000010ec",$a,00000004
"000010f0","|static|_FUN_007460e8_000010f0",$d,00000000
"000010f4","FUN_000010f4",$a,00000004
"000010f8","|static|_FUN_004f1294_000010f8",$d,00000000
"000010fc","FUN_000010fc",$a,00000004
"00001100","|static|_FUN_007460b8_00001100",$d,00000000
"00001104","FUN_00001104",$a,00000004
"00001108","|static|_FUN_0057ba68_00001108",$d,00000000
"0000110c","FUN_0000110c",$a,00000004
"00001110","|static|_FUN_005673c8_00001110",$d,00000000
"00001114","FUN_00001114",$a,00000004
"00001118","|static|_FUN_004edd3c_00001118",$d,00000000
"0000111c","FUN_0000111c",$a,00000004
"00001120","|static|_FUN_004ecf18_00001120",$d,00000000
"00001124","FUN_00001124",$a,00000004
"00001128","|static|_INVALID_|static|_TEXT:00201d0d_00001128",$d,00000000
"0000112c","FUN_0000112c",$a,00000004
"00001130","|static|_FUN_00125e08_00001130",$d,00000000
"00001134","FUN_00001134",$a,00000004
"00001138","|static|_FUN_005b1a1c_00001138",$d,00000000
"0000113c","FUN_0000113c",$a,00000004
"00001140","|static|_FUN_00250510_00001140",$d,00000000
"00001144","FUN_00001144",$a,00000004
"00001148","|static|_FUN_00250560_00001148",$d,00000000
"0000114c","FUN_0000114c",$a,00000004
"00001150","|static|_INVALID_|static|_TEXT:001f76ad_00001150",$d,00000000
"00001154","FUN_00001154",$a,00000004
"00001158","|static|_FUN_00317dec_00001158",$d,00000000
"0000115c","FUN_0000115c",$a,00000004
"00001160","|static|_FUN_004ecf70_00001160",$d,00000000
"00001164","FUN_00001164",$a,00000004
"00001168","|static|_thunk_FUN_004ee514_00001168",$d,00000000
"0000116c","FUN_0000116c",$a,00000004
"00001170","|static|_thunk_FUN_00521ae0_00001170",$d,00000000
"00001174","FUN_00001174",$a,00000004
"00001178","|static|_FUN_0057b990_00001178",$d,00000000
"0000117c","FUN_0000117c",$a,00000004
"00001180","|static|_FUN_0061a7a0_00001180",$d,00000000
"00001184","FUN_00001184",$a,00000004
"00001188","|static|_FUN_00565a4c_00001188",$d,00000000
"0000118c","FUN_0000118c",$a,00000004
"00001190","|static|_FUN_005657ac_00001190",$d,00000000
"00001194","FUN_00001194",$a,00000004
"00001198","|static|_FUN_006c5fa0_00001198",$d,00000000
"0000119c","FUN_0000119c",$a,00000004
"000011a0","|static|_FUN_0056b0c0_000011a0",$d,00000000
"000011a4","FUN_000011a4",$a,00000004
"000011a8","|static|_FUN_003171b4_000011a8",$d,00000000
"000011ac","FUN_000011ac",$a,00000004
"000011b0","|static|_FUN_006250c8_000011b0",$d,00000000
"000011b8","|static|_LAB_0057ba24_000011b8",$d,00000000
"000011bc","FUN_000011bc",$a,00000004
"000011c0","|static|_FUN_00284ee4_000011c0",$d,00000000
"000011c4","FUN_000011c4",$a,00000004
"000011c8","|static|_FUN_004e4870_000011c8",$d,00000000
"000011cc","FUN_000011cc",$a,00000004
"000011d0","|static|_FUN_0056b148_000011d0",$d,00000000
"000011d4","FUN_000011d4",$a,00000004
"000011d8","|static|_FUN_002fbfa4_000011d8",$d,00000000
"000011dc","FUN_000011dc",$a,00000004
"000011e0","|static|_FUN_002503b0_000011e0",$d,00000000
"000011e4","FUN_000011e4",$a,00000004
"000011e8","|static|_FUN_00305f44_000011e8",$d,00000000
"000011ec","FUN_000011ec",$a,00000004
"000011f0","|static|_FUN_005c33cc_000011f0",$d,00000000
"000011f4","FUN_000011f4",$a,00000004
"000011f8","|static|_FUN_002505b0_000011f8",$d,00000000
"000011fc","FUN_000011fc",$a,00000004
"00001200","|static|_FUN_002506a0_00001200",$d,00000000
"00001204","FUN_00001204",$a,00000004
"00001208","|static|_FUN_002d11c4_00001208",$d,00000000
"0000120c","FUN_0000120c",$a,00000004
"00001210","|static|_FUN_002fcd60_00001210",$d,00000000
"00001214","FUN_00001214",$a,00000004
"00001218","|static|_FUN_002d1054_00001218",$d,00000000
"0000121c","FUN_0000121c",$a,00000004
"00001220","|static|_FUN_00250788_00001220",$d,00000000
"00001224","FUN_00001224",$a,00000004
"00001228","|static|_FUN_002fbff8_00001228",$d,00000000
"0000122c","FUN_0000122c",$a,00000004
"00001230","|static|_FUN_00565c10_00001230",$d,00000000
"00001238","|static|_FUN_002d10a4_00001238",$d,00000000
"0000123c","FUN_0000123c",$a,00000004
"00001240","|static|_FUN_004f0de0_00001240",$d,00000000
"00001244","FUN_00001244",$a,00000004
"00001248","|static|_FUN_00250674_00001248",$d,00000000
"0000124c","FUN_0000124c",$a,00000004
"00001250","|static|_FUN_007461b4_00001250",$d,00000000
"00001254","FUN_00001254",$a,00000004
"00001258","|static|_FUN_007460d0_00001258",$d,00000000
"0000125c","FUN_0000125c",$a,00000004
"00001260","|static|_FUN_00747b44_00001260",$d,00000000
"00001264","FUN_00001264",$a,00000004
"00001268","|static|_FUN_0056d060_00001268",$d,00000000
"0000126c","FUN_0000126c",$a,00000004
"00001270","|static|_FUN_00250694_00001270",$d,00000000
"00001274","FUN_00001274",$a,00000004
"00001278","|static|_FUN_00250794_00001278",$d,00000000
"0000127c","FUN_0000127c",$a,00000004
"00001280","|static|_FUN_0025067c_00001280",$d,00000000
"00001284","FUN_00001284",$a,00000004
"00001288","|static|_FUN_00250770_00001288",$d,00000000
"0000128c","FUN_0000128c",$a,00000004
"00001290","|static|_FUN_00250688_00001290",$d,00000000
"00001294","FUN_00001294",$a,00000004
"00001298","|static|_FUN_0025077c_00001298",$d,00000000
"0000129c","FUN_0000129c",$a,00000004
"000012a0","|static|_FUN_00567684_000012a0",$d,00000000
"000012a4","FUN_000012a4",$a,00000004
"000012a8","|static|_FUN_0027068c_000012a8",$d,00000000
"000012ac","FUN_000012ac",$a,00000004
"000012b0","|static|_FUN_002d11dc_000012b0",$d,00000000
"000012b4","FUN_000012b4",$a,00000004
"000012b8","|static|_FUN_0029d960_000012b8",$d,00000000
"000012bc","FUN_000012bc",$a,00000004
"000012c0","|static|_FUN_00755ab4_000012c0",$d,00000000
"000012c4","FUN_000012c4",$a,00000004
"000012c8","|static|_FUN_0075aaa4_000012c8",$d,00000000
"000012cc","FUN_000012cc",$a,00000004
"000012d0","|static|_FUN_002fcaf4_000012d0",$d,00000000
"000012d4","FUN_000012d4",$a,00000004
"000012d8","|static|_FUN_002390f8_000012d8",$d,00000000
"000012dc","FUN_000012dc",$a,00000004
"000012e0","|static|_FUN_0076cd0c_000012e0",$d,00000000
"000012e4","FUN_000012e4",$a,00000004
"000012e8","|static|_FUN_0076d134_000012e8",$d,00000000
"000012ec","FUN_000012ec",$a,00000004
"000012f0","|static|_FUN_0076ce68_000012f0",$d,00000000
"000012f4","FUN_000012f4",$a,00000004
"000012f8","|static|_FUN_0076c8b8_000012f8",$d,00000000
"000012fc","FUN_000012fc",$a,00000004
"00001300","|static|_FUN_007207d8_00001300",$d,00000000
"00001304","FUN_00001304",$a,00000004
"00001308","|static|_FUN_002e6368_00001308",$d,00000000
"0000130c","FUN_0000130c",$a,00000004
"00001310","|static|_INVALID_|static|_TEXT:001fe7dd_00001310",$d,00000000
"00001314","FUN_00001314",$a,00000004
"0000131c","FUN_0000131c",$a,00000004
"00001320","|static|_INVALID_|static|_TEXT:0001c115_00001320",$d,00000000
"00001324","FUN_00001324",$a,00000004
"00001328","|static|_FUN_0076d1d4_00001328",$d,00000000
"0000132c","FUN_0000132c",$a,00000004
"00001330","|static|_FUN_0076c74c_00001330",$d,00000000
"00001334","FUN_00001334",$a,00000004
"00001338","|static|_FUN_005f3d70_00001338",$d,00000000
"0000133c","FUN_0000133c",$a,00000004
"00001340","|static|_FUN_0076d2cc_00001340",$d,00000000
"00001344","FUN_00001344",$a,00000004
"00001348","|static|_FUN_0076c9d0_00001348",$d,00000000
"0000134c","FUN_0000134c",$a,00000004
"00001350","|static|_FUN_002fc20c_00001350",$d,00000000
"00001354","FUN_00001354",$a,00000004
"00001358","|static|_FUN_002fc288_00001358",$d,00000000
"0000135c","FUN_0000135c",$a,00000004
"00001360","|static|_FUN_00302944_00001360",$d,00000000
"00001364","FUN_00001364",$a,00000004
"00001368","|static|_FUN_003004c4_00001368",$d,00000000
"0000136c","FUN_0000136c",$a,00000004
"00001370","|static|_FUN_002bf9cc_00001370",$d,00000000
"00001374","FUN_00001374",$a,00000004
"00001378","|static|_FUN_0024b448_00001378",$d,00000000
"0000137c","FUN_0000137c",$a,00000004
"00001380","|static|_FUN_006b8504_00001380",$d,00000000
"00001384","FUN_00001384",$a,00000004
"00001388","|static|_FUN_0076c88c_00001388",$d,00000000
"0000138c","FUN_0000138c",$a,00000004
"00001390","|static|_FUN_002fc8fc_00001390",$d,00000000
"00001394","FUN_00001394",$a,00000004
"00001398","|static|_FUN_006bce50_00001398",$d,00000000
"0000139c","FUN_0000139c",$a,00000004
"000013a0","|static|_FUN_00605068_000013a0",$d,00000000
"000013a4","FUN_000013a4",$a,00000004
"000013a8","|static|_FUN_002fcb34_000013a8",$d,00000000
"000013ac","FUN_000013ac",$a,00000004
"000013b0","|static|_FUN_0030b6b8_000013b0",$d,00000000
"000013b4","FUN_000013b4",$a,00000004
"000013b8","|static|_FUN_002fae84_000013b8",$d,00000000
"000013bc","FUN_000013bc",$a,00000004
"000013c0","|static|_FUN_006bc618_000013c0",$d,00000000
"000013c4","FUN_000013c4",$a,00000004
"000013c8","|static|_FUN_0075a9e8_000013c8",$d,00000000
"000013cc","FUN_000013cc",$a,00000004
"000013d0","|static|_FUN_0076ce3c_000013d0",$d,00000000
"000013d4","FUN_000013d4",$a,00000004
"000013d8","|static|_FUN_0070c188_000013d8",$d,00000000
"000013dc","FUN_000013dc",$a,00000004
"000013e0","|static|_FUN_00724424_000013e0",$d,00000000
"000013e4","FUN_000013e4",$a,00000004
"000013e8","|static|_FUN_0076d994_000013e8",$d,00000000
"000013ec","FUN_000013ec",$a,00000004
"000013f0","|static|_FUN_00769ac4_000013f0",$d,00000000
"000013f4","FUN_000013f4",$a,00000004
"000013f8","|static|_FUN_00768b2c_000013f8",$d,00000000
"000013fc","FUN_000013fc",$a,00000004
"00001400","|static|_FUN_005fcfd8_00001400",$d,00000000
"00001404","FUN_00001404",$a,00000004
"00001408","|static|_FUN_0075be20_00001408",$d,00000000
"0000140c","FUN_0000140c",$a,00000004
"00001410","|static|_FUN_005f11b4_00001410",$d,00000000
"00001414","FUN_00001414",$a,00000004
"00001418","|static|_FUN_005fcff8_00001418",$d,00000000
"0000141c","FUN_0000141c",$a,00000004
"00001420","|static|_FUN_00724578_00001420",$d,00000000
"00001424","FUN_00001424",$a,00000004
"00001428","|static|_FUN_002fcb10_00001428",$d,00000000
"0000142c","FUN_0000142c",$a,00000004
"00001430","|static|_FUN_0076b630_00001430",$d,00000000
"00001434","FUN_00001434",$a,00000004
"00001438","|static|_FUN_0070c198_00001438",$d,00000000
"0000143c","FUN_0000143c",$a,00000004
"00001440","|static|_FUN_0070c23c_00001440",$d,00000000
"00001444","FUN_00001444",$a,00000004
"00001448","|static|_FUN_002307e8_00001448",$d,00000000
"0000144c","FUN_0000144c",$a,00000004
"00001450","|static|_FUN_005d8698_00001450",$d,00000000
"00001454","FUN_00001454",$a,00000004
"00001458","|static|_FUN_005c2c80_00001458",$d,00000000
"0000145c","FUN_0000145c",$a,00000004
"00001460","|static|_FUN_0075ab30_00001460",$d,00000000
"00001468","|static|_FUN_005db218_00001468",$d,00000000
"0000146c","FUN_0000146c",$a,00000004
"00001470","|static|_FUN_00237a1c_00001470",$d,00000000
"00001474","FUN_00001474",$a,00000004
"00001478","|static|_FUN_003041c8_00001478",$d,00000000
"0000147c","FUN_0000147c",$a,00000004
"00001480","|static|_FUN_005b4ce8_00001480",$d,00000000
"00001488","|static|_FUN_0071a8f8_00001488",$d,00000000
"0000148c","FUN_0000148c",$a,00000004
"00001490","|static|_FUN_006e9c2c_00001490",$d,00000000
"00001494","FUN_00001494",$a,00000004
"00001498","|static|_FUN_005779a4_00001498",$d,00000000
"0000149c","FUN_0000149c",$a,00000004
"000014a0","|static|_FUN_00578988_000014a0",$d,00000000
"000014a4","FUN_000014a4",$a,00000004
"000014a8","|static|_FUN_0070ab44_000014a8",$d,00000000
"000014ac","FUN_000014ac",$a,00000004
"000014b0","|static|_FUN_002e5bec_000014b0",$d,00000000
"000014b4","FUN_000014b4",$a,00000004
"000014b8","|static|_FUN_00207740_000014b8",$d,00000000
"000014bc","FUN_000014bc",$a,00000004
"000014c0","|static|_FUN_006eb990_000014c0",$d,00000000
"000014c8","|static|_FUN_005780a8_000014c8",$d,00000000
"000014cc","FUN_000014cc",$a,00000004
"000014d0","|static|_FUN_005782f8_000014d0",$d,00000000
"000014d4","FUN_000014d4",$a,00000004
"000014d8","|static|_FUN_005783f4_000014d8",$d,00000000
"000014dc","FUN_000014dc",$a,00000004
"000014e0","|static|_FUN_00578c6c_000014e0",$d,00000000
"000014e4","FUN_000014e4",$a,00000004
"000014e8","|static|_FUN_00604f0c_000014e8",$d,00000000
"000014ec","FUN_000014ec",$a,00000004
"000014f0","|static|_INVALID_|static|_TEXT:00016d41_000014f0",$d,00000000
"000014f4","FUN_000014f4",$a,00000004
"000014f8","|static|_FUN_003166a8_000014f8",$d,00000000
"000014fc","FUN_000014fc",$a,00000004
"00001500","|static|_FUN_006ac784_00001500",$d,00000000
"00001504","FUN_00001504",$a,00000004
"00001508","|static|_FUN_0029e154_00001508",$d,00000000
"0000150c","FUN_0000150c",$a,00000004
"00001510","|static|_FUN_002e6944_00001510",$d,00000000
"00001514","FUN_00001514",$a,00000004
"00001518","|static|_FUN_001da158_00001518",$d,00000000
"0000151c","FUN_0000151c",$a,00000004
"00001520","|static|_thunk_FUN_006f7e8c_00001520",$d,00000000
"00001524","FUN_00001524",$a,00000004
"00001528","|static|_FUN_00614958_00001528",$d,00000000
"0000152c","FUN_0000152c",$a,00000004
"00001530","|static|_FUN_006f8444_00001530",$d,00000000
"00001534","FUN_00001534",$a,00000004
"00001538","|static|_FUN_0057a470_00001538",$d,00000000
"0000153c","FUN_0000153c",$a,00000004
"00001540","|static|_FUN_006a8954_00001540",$d,00000000
"00001544","FUN_00001544",$a,00000004
"00001548","|static|_FUN_001cd930_00001548",$d,00000000
"0000154c","FUN_0000154c",$a,00000004
"00001550","|static|_FUN_006ee4b8_00001550",$d,00000000
"00001554","FUN_00001554",$a,00000004
"00001558","|static|_FUN_006e480c_00001558",$d,00000000
"0000155c","FUN_0000155c",$a,00000004
"00001560","|static|_FUN_00305f2c_00001560",$d,00000000
"00001564","FUN_00001564",$a,00000004
"00001568","|static|_FUN_0062fc34_00001568",$d,00000000
"0000156c","FUN_0000156c",$a,00000004
"00001570","|static|_FUN_004f2d48_00001570",$d,00000000
"00001574","FUN_00001574",$a,00000004
"00001578","|static|_FUN_0062fb44_00001578",$d,00000000
"0000157c","FUN_0000157c",$a,00000004
"00001580","|static|_FUN_004f1328_00001580",$d,00000000
"00001584","FUN_00001584",$a,00000004
"00001588","|static|_FUN_0058d324_00001588",$d,00000000
"0000158c","FUN_0000158c",$a,00000004
"00001590","|static|_FUN_0058d3b4_00001590",$d,00000000
"00001594","FUN_00001594",$a,00000004
"00001598","|static|_FUN_00521cf4_00001598",$d,00000000
"0000159c","FUN_0000159c",$a,00000004
"000015a0","|static|_FUN_00304c1c_000015a0",$d,00000000
"000015a4","FUN_000015a4",$a,00000004
"000015a8","|static|_FUN_00521d3c_000015a8",$d,00000000
"000015ac","FUN_000015ac",$a,00000004
"000015b0","|static|_FUN_00583c48_000015b0",$d,00000000
"000015b4","FUN_000015b4",$a,00000004
"000015b8","|static|_FUN_00568c10_000015b8",$d,00000000
"000015bc","FUN_000015bc",$a,00000004
"000015c0","|static|_FUN_001323bc_000015c0",$d,00000000
"000015c4","FUN_000015c4",$a,00000004
"000015c8","|static|_FUN_00569e6c_000015c8",$d,00000000
"000015cc","FUN_000015cc",$a,00000004
"000015d0","|static|_FUN_0030f48c_000015d0",$d,00000000
"000015d4","FUN_000015d4",$a,00000004
"000015d8","|static|_FUN_00569184_000015d8",$d,00000000
"000015dc","FUN_000015dc",$a,00000004
"000015e0","|static|_FUN_0056878c_000015e0",$d,00000000
"000015e4","FUN_000015e4",$a,00000004
"000015e8","|static|_FUN_001323b4_000015e8",$d,00000000
"000015ec","FUN_000015ec",$a,00000004
"000015f0","|static|_FUN_00125e3c_000015f0",$d,00000000
"000015f4","FUN_000015f4",$a,00000004
"000015f8","|static|_FUN_00125aec_000015f8",$d,00000000
"000015fc","FUN_000015fc",$a,00000004
"00001600","|static|_FUN_0056988c_00001600",$d,00000000
"00001604","FUN_00001604",$a,00000004
"00001608","|static|_thunk_FUN_00569480_00001608",$d,00000000
"0000160c","FUN_0000160c",$a,00000004
"00001610","|static|_FUN_001324a8_00001610",$d,00000000
"00001614","FUN_00001614",$a,00000004
"00001618","|static|_FUN_00569d50_00001618",$d,00000000
"0000161c","FUN_0000161c",$a,00000004
"00001620","|static|_FUN_002fd108_00001620",$d,00000000
"00001624","FUN_00001624",$a,00000004
"00001628","|static|_FUN_005e3128_00001628",$d,00000000
"0000162c","FUN_0000162c",$a,00000004
"00001630","|static|_FUN_00568a80_00001630",$d,00000000
"00001634","FUN_00001634",$a,00000004
"00001638","|static|_FUN_005e2c98_00001638",$d,00000000
"0000163c","FUN_0000163c",$a,00000004
"00001640","|static|_FUN_003083bc_00001640",$d,00000000
"00001644","FUN_00001644",$a,00000004
"00001648","|static|_FUN_005f4bfc_00001648",$d,00000000
"0000164c","FUN_0000164c",$a,00000004
"00001650","|static|_FUN_002f825c_00001650",$d,00000000
"00001654","FUN_00001654",$a,00000004
"00001658","|static|_FUN_005ea8f8_00001658",$d,00000000
"0000165c","FUN_0000165c",$a,00000004
"00001660","|static|_FUN_005ea964_00001660",$d,00000000
"00001664","FUN_00001664",$a,00000004
"00001668","|static|_FUN_005ea8dc_00001668",$d,00000000
"0000166c","FUN_0000166c",$a,00000004
"00001670","|static|_FUN_005e9e68_00001670",$d,00000000
"00001674","FUN_00001674",$a,00000004
"00001678","|static|_FUN_005e2e50_00001678",$d,00000000
"0000167c","FUN_0000167c",$a,00000004
"00001680","|static|_FUN_005e2f94_00001680",$d,00000000
"00001684","FUN_00001684",$a,00000004
"00001688","|static|_FUN_00301484_00001688",$d,00000000
"0000168c","FUN_0000168c",$a,00000004
"00001690","|static|_FUN_004b4fc0_00001690",$d,00000000
"00001694","FUN_00001694",$a,00000004
"00001698","|static|_FUN_00568630_00001698",$d,00000000
"0000169c","FUN_0000169c",$a,00000004
"000016a0","|static|_FUN_005697e0_000016a0",$d,00000000
"000016a4","FUN_000016a4",$a,00000004
"000016a8","|static|_FUN_00568984_000016a8",$d,00000000
"000016ac","FUN_000016ac",$a,00000004
"000016b0","|static|_FUN_005d6fac_000016b0",$d,00000000
"000016b4","FUN_000016b4",$a,00000004
"000016b8","|static|_FUN_005d69bc_000016b8",$d,00000000
"000016bc","FUN_000016bc",$a,00000004
"000016c0","|static|_FUN_005d6cc0_000016c0",$d,00000000
"000016c4","FUN_000016c4",$a,00000004
"000016c8","|static|_FUN_005d6d28_000016c8",$d,00000000
"000016cc","FUN_000016cc",$a,00000004
"000016d0","|static|_FUN_0074fdd0_000016d0",$d,00000000
"000016d4","FUN_000016d4",$a,00000004
"000016d8","|static|_FUN_00569544_000016d8",$d,00000000
"000016dc","FUN_000016dc",$a,00000004
"000016e0","|static|_FUN_007480d0_000016e0",$d,00000000
"000016e4","FUN_000016e4",$a,00000004
"000016e8","|static|_FUN_0052e6c8_000016e8",$d,00000000
"000016ec","FUN_000016ec",$a,00000004
"000016f0","|static|_FUN_004b4c6c_000016f0",$d,00000000
"000016f4","FUN_000016f4",$a,00000004
"000016f8","|static|_FUN_0011d258_000016f8",$d,00000000
"000016fc","FUN_000016fc",$a,00000004
"00001700","|static|_FUN_005695e4_00001700",$d,00000000
"00001704","FUN_00001704",$a,00000004
"00001708","|static|_FUN_005e3194_00001708",$d,00000000
"0000170c","FUN_0000170c",$a,00000004
"00001710","|static|_FUN_005d703c_00001710",$d,00000000
"00001714","FUN_00001714",$a,00000004
"00001718","|static|_FUN_00132364_00001718",$d,00000000
"0000171c","FUN_0000171c",$a,00000004
"00001720","|static|_FUN_00567e24_00001720",$d,00000000
"00001724","FUN_00001724",$a,00000004
"00001728","|static|_FUN_001207d8_00001728",$d,00000000
"0000172c","FUN_0000172c",$a,00000004
"00001730","|static|_FUN_00567ef0_00001730",$d,00000000
"00001734","FUN_00001734",$a,00000004
"00001738","|static|_FUN_0056be20_00001738",$d,00000000
"0000173c","FUN_0000173c",$a,00000004
"00001740","|static|_FUN_001e5df4_00001740",$d,00000000
"00001744","FUN_00001744",$a,00000004
"00001748","|static|_FUN_00567580_00001748",$d,00000000
"0000174c","FUN_0000174c",$a,00000004
"00001750","|static|_FUN_00545390_00001750",$d,00000000
"00001754","FUN_00001754",$a,00000004
"00001758","|static|_FUN_001e7de0_00001758",$d,00000000
"0000175c","FUN_0000175c",$a,00000004
"00001760","|static|_FUN_004ecb2c_00001760",$d,00000000
"00001764","FUN_00001764",$a,00000004
"00001768","|static|_FUN_004ecbe0_00001768",$d,00000000
"0000176c","FUN_0000176c",$a,00000004
"00001770","|static|_FUN_00540c1c_00001770",$d,00000000
"00001774","FUN_00001774",$a,00000004
"00001778","|static|_FUN_0057b9dc_00001778",$d,00000000
"0000177c","FUN_0000177c",$a,00000004
"00001780","|static|_FUN_00614994_00001780",$d,00000000
"00001784","FUN_00001784",$a,00000004
"00001788","|static|_FUN_002f74a8_00001788",$d,00000000
"0000178c","FUN_0000178c",$a,00000004
"00001790","|static|_FUN_002f74b0_00001790",$d,00000000
"00001794","FUN_00001794",$a,00000004
"00001798","|static|_FUN_006268f8_00001798",$d,00000000
"0000179c","FUN_0000179c",$a,00000004
"000017a0","|static|_FUN_00565cc0_000017a0",$d,00000000
"000017a4","FUN_000017a4",$a,00000004
"000017a8","|static|_FUN_0056ade4_000017a8",$d,00000000
"000017ac","FUN_000017ac",$a,00000004
"000017b0","|static|_FUN_006149e8_000017b0",$d,00000000
"000017b8","|static|_FUN_00317d8c_000017b8",$d,00000000
"000017bc","FUN_000017bc",$a,00000004
"000017c0","|static|_FUN_005e2c90_000017c0",$d,00000000
"000017c4","FUN_000017c4",$a,00000004
"000017c8","|static|_FUN_005b3ec4_000017c8",$d,00000000
"000017cc","FUN_000017cc",$a,00000004
"000017d0","|static|_FUN_001b5708_000017d0",$d,00000000
"000017d4","FUN_000017d4",$a,00000004
"000017d8","|static|_FUN_001b571c_000017d8",$d,00000000
"000017dc","FUN_000017dc",$a,00000004
"000017e0","|static|_FUN_0075da08_000017e0",$d,00000000
"000017e4","FUN_000017e4",$a,00000004
"000017e8","|static|_FUN_0056d874_000017e8",$d,00000000
"000017ec","FUN_000017ec",$a,00000004
"000017f0","|static|_FUN_0062d00c_000017f0",$d,00000000
"000017f4","FUN_000017f4",$a,00000004
"000017f8","|static|_FUN_005ea79c_000017f8",$d,00000000
"000017fc","FUN_000017fc",$a,00000004
"00001800","|static|_FUN_0056dad4_00001800",$d,00000000
"00001804","FUN_00001804",$a,00000004
"00001808","|static|_FUN_005204b0_00001808",$d,00000000
"0000180c","FUN_0000180c",$a,00000004
"00001810","|static|_FUN_006d1e64_00001810",$d,00000000
"00001814","FUN_00001814",$a,00000004
"00001818","|static|_FUN_001fa354_00001818",$d,00000000
"0000181c","FUN_0000181c",$a,00000004
"00001820","|static|_FUN_007237e0_00001820",$d,00000000
"00001824","FUN_00001824",$a,00000004
"00001828","|static|_FUN_005c2d5c_00001828",$d,00000000
"0000182c","FUN_0000182c",$a,00000004
"00001830","|static|_FUN_0052c974_00001830",$d,00000000
"00001834","FUN_00001834",$a,00000004
"00001838","|static|_FUN_002f6b14_00001838",$d,00000000
"0000183c","FUN_0000183c",$a,00000004
"00001840","|static|_FUN_002f6e14_00001840",$d,00000000
"00001844","FUN_00001844",$a,00000004
"00001848","|static|_FUN_002f6adc_00001848",$d,00000000
"0000184c","FUN_0000184c",$a,00000004
"00001850","|static|_FUN_0052cd1c_00001850",$d,00000000
"00001854","FUN_00001854",$a,00000004
"00001858","|static|_FUN_006d2888_00001858",$d,00000000
"0000185c","FUN_0000185c",$a,00000004
"00001860","|static|_FUN_002f6e98_00001860",$d,00000000
"00001864","FUN_00001864",$a,00000004
"00001868","|static|_FUN_002b6a00_00001868",$d,00000000
"0000186c","FUN_0000186c",$a,00000004
"00001870","|static|_FUN_002f7508_00001870",$d,00000000
"00001874","FUN_00001874",$a,00000004
"00001878","|static|_FUN_005c4034_00001878",$d,00000000
"0000187c","FUN_0000187c",$a,00000004
"00001880","|static|_FUN_002f71e4_00001880",$d,00000000
"00001884","FUN_00001884",$a,00000004
"00001888","|static|_FUN_005d6bfc_00001888",$d,00000000
"0000188c","FUN_0000188c",$a,00000004
"00001890","|static|_FUN_005e2e04_00001890",$d,00000000
"00001894","FUN_00001894",$a,00000004
"00001898","|static|_FUN_0075d990_00001898",$d,00000000
"0000189c","FUN_0000189c",$a,00000004
"000018a0","|static|_FUN_0071f638_000018a0",$d,00000000
"000018a4","FUN_000018a4",$a,00000004
"000018a8","|static|_FUN_0071f62c_000018a8",$d,00000000
"000018ac","FUN_000018ac",$a,00000004
"000018b0","|static|_FUN_006a5f0c_000018b0",$d,00000000
"000018b4","FUN_000018b4",$a,00000004
"000018b8","|static|_FUN_0057ba08_000018b8",$d,00000000
"000018bc","FUN_000018bc",$a,00000004
"000018c0","|static|_FUN_001b5a7c_000018c0",$d,00000000
"000018c4","FUN_000018c4",$a,00000004
"000018c8","|static|_FUN_00579eb4_000018c8",$d,00000000
"000018cc","FUN_000018cc",$a,00000004
"000018d0","|static|_FUN_0057a0a0_000018d0",$d,00000000
"000018d4","FUN_000018d4",$a,00000004
"000018d8","|static|_FUN_00579e44_000018d8",$d,00000000
"000018dc","FUN_000018dc",$a,00000004
"000018e0","|static|_caseD_3_000018e0",$d,00000000
"000018e4","FUN_000018e4",$a,00000004
"000018e8","|static|_FUN_0071b88c_000018e8",$d,00000000
"000018ec","FUN_000018ec",$a,00000004
"000018f0","|static|_FUN_005836c0_000018f0",$d,00000000
"000018f4","FUN_000018f4",$a,00000004
"000018f8","|static|_FUN_0023014c_000018f8",$d,00000000
"000018fc","FUN_000018fc",$a,00000004
"00001900","|static|_FUN_0023083c_00001900",$d,00000000
"00001908","|static|_FUN_003083e4_00001908",$d,00000000
"00001910","|static|_FUN_00312a4c_00001910",$d,00000000
"00001914","FUN_00001914",$a,00000004
"00001918","|static|_FUN_001b50ac_00001918",$d,00000000
"00001920","|static|_FUN_00230e94_00001920",$d,00000000
"00001924","FUN_00001924",$a,00000004
"00001928","|static|_FUN_002fb310_00001928",$d,00000000
"0000192c","FUN_0000192c",$a,00000004
"00001930","|static|_INVALID_|static|_TEXT:0000c919_00001930",$d,00000000
"00001938","|static|_FUN_00230e98_00001938",$d,00000000
"0000193c","FUN_0000193c",$a,00000004
"00001940","|static|_INVALID_|static|_TEXT:000141dd_00001940",$d,00000000
"00001948","|static|_LAB_00631a5c_00001948",$d,00000000
"0000194c","FUN_0000194c",$a,00000004
"00001950","|static|_FUN_00603ab0_00001950",$d,00000000
"00001954","FUN_00001954",$a,00000004
"00001958","|static|_INVALID_|static|_TEXT:002009a9_00001958",$d,00000000
"0000195c","FUN_0000195c",$a,00000004
"00001960","|static|_INVALID_|static|_TEXT:0001a1c9_00001960",$d,00000000
"00001964","FUN_00001964",$a,00000004
"00001968","|static|_INVALID_|static|_TEXT:0001b22d_00001968",$d,00000000
"0000196c","FUN_0000196c",$a,00000004
"00001970","|static|_FUN_005e3598_00001970",$d,00000000
"00001974","FUN_00001974",$a,00000004
"00001978","|static|_FUN_005e3344_00001978",$d,00000000
"0000197c","FUN_0000197c",$a,00000004
"00001980","|static|_FUN_00603a28_00001980",$d,00000000
"00001984","FUN_00001984",$a,00000004
"00001988","|static|_FUN_005e3618_00001988",$d,00000000
"0000198c","FUN_0000198c",$a,00000004
"00001990","|static|_FUN_005e3550_00001990",$d,00000000
"00001994","FUN_00001994",$a,00000004
"00001998","|static|_FUN_006039ec_00001998",$d,00000000
"0000199c","FUN_0000199c",$a,00000004
"000019a0","|static|_FUN_0075ce84_000019a0",$d,00000000
"000019a4","FUN_000019a4",$a,00000004
"000019a8","|static|_FUN_00603e70_000019a8",$d,00000000
"000019ac","FUN_000019ac",$a,00000004
"000019b0","|static|_FUN_00759b24_000019b0",$d,00000000
"000019b4","FUN_000019b4",$a,00000004
"000019b8","|static|_FUN_00759b78_000019b8",$d,00000000
"000019bc","FUN_000019bc",$a,00000004
"000019c0","|static|_INVALID_|static|_TEXT:0000f5f1_000019c0",$d,00000000
"000019c4","FUN_000019c4",$a,00000004
"000019c8","|static|_FUN_006a5d0c_000019c8",$d,00000000
"000019cc","FUN_000019cc",$a,00000004
"000019d0","|static|_FUN_006a5c00_000019d0",$d,00000000
"000019d4","FUN_000019d4",$a,00000004
"000019d8","|static|_FUN_00566044_000019d8",$d,00000000
"000019dc","FUN_000019dc",$a,00000004
"000019e0","|static|_FUN_006a5b88_000019e0",$d,00000000
"000019e4","FUN_000019e4",$a,00000004
"000019e8","|static|_FUN_00565fe8_000019e8",$d,00000000
"000019ec","FUN_000019ec",$a,00000004
"000019f0","|static|_INVALID_|static|_TEXT:0000c873_000019f0",$d,00000000
"000019f4","FUN_000019f4",$a,00000004
"000019f8","|static|_INVALID_|static|_TEXT:00013fd9_000019f8",$d,00000000
"000019fc","FUN_000019fc",$a,00000004
"00001a00","|static|_INVALID_|static|_TEXT:0000c88d_00001a00",$d,00000000
"00001a04","FUN_00001a04",$a,00000004
"00001a08","|static|_FUN_0027a42c_00001a08",$d,00000000
"00001a0c","FUN_00001a0c",$a,00000004
"00001a10","|static|_INVALID_|static|_TEXT:0000c841_00001a10",$d,00000000
"00001a14","FUN_00001a14",$a,00000004
"00001a18","|static|_INVALID_|static|_TEXT:00014375_00001a18",$d,00000000
"00001a1c","FUN_00001a1c",$a,00000004
"00001a20","|static|_FUN_007d0f00_00001a20",$d,00000000
"00001a24","FUN_00001a24",$a,00000004
"00001a28","|static|_FUN_00578b38_00001a28",$d,00000000
"00001a2c","FUN_00001a2c",$a,00000004
"00001a30","|static|_FUN_00301e20_00001a30",$d,00000000
"00001a34","FUN_00001a34",$a,00000004
"00001a38","|static|_FUN_00311a34_00001a38",$d,00000000
"00001a3c","FUN_00001a3c",$a,00000004
"00001a40","|static|_INVALID_|static|_TEXT:00019811_00001a40",$d,00000000
"00001a44","FUN_00001a44",$a,00000004
"00001a48","|static|_INVALID_|static|_TEXT:00019255_00001a48",$d,00000000
"00001a4c","FUN_00001a4c",$a,00000004
"00001a50","|static|_INVALID_|static|_TEXT:00018fb5_00001a50",$d,00000000
"00001a54","FUN_00001a54",$a,00000004
"00001a58","|static|_FUN_0075d114_00001a58",$d,00000000
"00001a5c","FUN_00001a5c",$a,00000004
"00001a60","|static|_FUN_00239174_00001a60",$d,00000000
"00001a64","FUN_00001a64",$a,00000004
"00001a68","|static|_FUN_00308e80_00001a68",$d,00000000
"00001a6c","FUN_00001a6c",$a,00000004
"00001a70","|static|_FUN_0070bf30_00001a70",$d,00000000
"00001a74","FUN_00001a74",$a,00000004
"00001a78","|static|_FUN_006cbf28_00001a78",$d,00000000
"00001a7c","FUN_00001a7c",$a,00000004
"00001a80","|static|_FUN_00825c60_00001a80",$d,00000000
"00001a84","FUN_00001a84",$a,00000004
"00001a88","|static|_FUN_002fe8a8_00001a88",$d,00000000
"00001a8c","FUN_00001a8c",$a,00000004
"00001a90","|static|_FUN_001cd538_00001a90",$d,00000000
"00001a94","FUN_00001a94",$a,00000004
"00001a98","|static|_FUN_00579024_00001a98",$d,00000000
"00001a9c","FUN_00001a9c",$a,00000004
"00001aa0","|static|_FUN_0056af2c_00001aa0",$d,00000000
"00001aa4","FUN_00001aa4",$a,00000004
"00001aa8","|static|_FUN_0056b288_00001aa8",$d,00000000
"00001aac","FUN_00001aac",$a,00000004
"00001ab0","|static|_FUN_007d1e64_00001ab0",$d,00000000
"00001ab4","FUN_00001ab4",$a,00000004
"00001ab8","|static|_FUN_00306f60_00001ab8",$d,00000000
"00001abc","FUN_00001abc",$a,00000004
"00001ac0","|static|_FUN_002f9e1c_00001ac0",$d,00000000
"00001ac4","FUN_00001ac4",$a,00000004
"00001ac8","|static|_FUN_007cddd0_00001ac8",$d,00000000
"00001acc","FUN_00001acc",$a,00000004
"00001ad0","|static|_FUN_0075dc00_00001ad0",$d,00000000
"00001ad4","FUN_00001ad4",$a,00000004
"00001ad8","|static|_FUN_0070ae88_00001ad8",$d,00000000
"00001adc","FUN_00001adc",$a,00000004
"00001ae0","|static|_FUN_007ce860_00001ae0",$d,00000000
"00001ae4","FUN_00001ae4",$a,00000004
"00001ae8","|static|_FUN_002ff6f4_00001ae8",$d,00000000
"00001aec","FUN_00001aec",$a,00000004
"00001af0","|static|_FUN_005c209c_00001af0",$d,00000000
"00001af4","FUN_00001af4",$a,00000004
"00001af8","|static|_INVALID_|static|_TEXT:00018b91_00001af8",$d,00000000
"00001afc","FUN_00001afc",$a,00000004
"00001b00","|static|_INVALID_|static|_TEXT:0001b421_00001b00",$d,00000000
"00001b04","FUN_00001b04",$a,00000004
"00001b08","|static|_FUN_005c2950_00001b08",$d,00000000
"00001b0c","FUN_00001b0c",$a,00000004
"00001b10","|static|_FUN_0071b910_00001b10",$d,00000000
"00001b14","FUN_00001b14",$a,00000004
"00001b18","|static|_FUN_002073dc_00001b18",$d,00000000
"00001b1c","FUN_00001b1c",$a,00000004
"00001b20","|static|_FUN_002e668c_00001b20",$d,00000000
"00001b24","FUN_00001b24",$a,00000004
"00001b28","|static|_FUN_0072079c_00001b28",$d,00000000
"00001b30","|static|_FUN_0057a474_00001b30",$d,00000000
"00001b34","FUN_00001b34",$a,00000004
"00001b38","|static|_FUN_0057b0d4_00001b38",$d,00000000
"00001b3c","FUN_00001b3c",$a,00000004
"00001b40","|static|_FUN_0057b498_00001b40",$d,00000000
"00001b44","FUN_00001b44",$a,00000004
"00001b48","|static|_FUN_0023a9dc_00001b48",$d,00000000
"00001b4c","FUN_00001b4c",$a,00000004
"00001b50","|static|_FUN_00307040_00001b50",$d,00000000
"00001b54","FUN_00001b54",$a,00000004
"00001b58","|static|_FUN_004edd6c_00001b58",$d,00000000
"00001b5c","FUN_00001b5c",$a,00000004
"00001b60","|static|_FUN_0031e204_00001b60",$d,00000000
"00001b64","FUN_00001b64",$a,00000004
"00001b68","|static|_FUN_00317e2c_00001b68",$d,00000000
"00001b6c","FUN_00001b6c",$a,00000004
"00001b70","|static|_FUN_001abcd4_00001b70",$d,00000000
"00001b74","FUN_00001b74",$a,00000004
"00001b78","|static|_FUN_004ef50c_00001b78",$d,00000000
"00001b7c","FUN_00001b7c",$a,00000004
"00001b80","|static|_FUN_00304ce4_00001b80",$d,00000000
"00001b88","|static|_FUN_00605ca0_00001b88",$d,00000000
"00001b8c","FUN_00001b8c",$a,00000004
"00001b90","|static|_FUN_0058660c_00001b90",$d,00000000
"00001b98","|static|_FUN_00585334_00001b98",$d,00000000
"00001b9c","FUN_00001b9c",$a,00000004
"00001ba0","|static|_FUN_00304ca4_00001ba0",$d,00000000
"00001ba8","|static|_FUN_00585348_00001ba8",$d,00000000
"00001bac","FUN_00001bac",$a,00000004
"00001bb0","|static|_FUN_004f1374_00001bb0",$d,00000000
"00001bb4","FUN_00001bb4",$a,00000004
"00001bb8","|static|_FUN_002fbb30_00001bb8",$d,00000000
"00001bbc","FUN_00001bbc",$a,00000004
"00001bc0","|static|_FUN_001e5e88_00001bc0",$d,00000000
"00001bc4","FUN_00001bc4",$a,00000004
"00001bc8","|static|_FUN_0075db64_00001bc8",$d,00000000
"00001bcc","FUN_00001bcc",$a,00000004
"00001bd0","|static|_FUN_0075db5c_00001bd0",$d,00000000
"00001bd4","FUN_00001bd4",$a,00000004
"00001bd8","|static|_FUN_002f770c_00001bd8",$d,00000000
"00001bdc","FUN_00001bdc",$a,00000004
"00001be0","|static|_FUN_007476b8_00001be0",$d,00000000
"00001be4","FUN_00001be4",$a,00000004
"00001be8","|static|_INVALID_|static|_TEXT:000190fd_00001be8",$d,00000000
"00001bec","FUN_00001bec",$a,00000004
"00001bf0","|static|_FUN_005fdf68_00001bf0",$d,00000000
"00001bf4","FUN_00001bf4",$a,00000004
"00001bf8","|static|_FUN_006bd6c0_00001bf8",$d,00000000
"00001bfc","FUN_00001bfc",$a,00000004
"00001c00","|static|_FUN_00203a00_00001c00",$d,00000000
"00001c04","FUN_00001c04",$a,00000004
"00001c08","|static|_FUN_0075cf7c_00001c08",$d,00000000
"00001c10","|static|_LAB_00236d18_00001c10",$d,00000000
"00001c14","FUN_00001c14",$a,00000004
"00001c18","|static|_FUN_0051b3e4_00001c18",$d,00000000
"00001c1c","FUN_00001c1c",$a,00000004
"00001c20","|static|_FUN_00529c80_00001c20",$d,00000000
"00001c24","FUN_00001c24",$a,00000004
"00001c28","|static|_FUN_00747b34_00001c28",$d,00000000
"00001c2c","FUN_00001c2c",$a,00000004
"00001c30","|static|_FUN_0051bdf4_00001c30",$d,00000000
"00001c34","FUN_00001c34",$a,00000004
"00001c38","|static|_FUN_0020378c_00001c38",$d,00000000
"00001c3c","FUN_00001c3c",$a,00000004
"00001c40","|static|_FUN_00747828_00001c40",$d,00000000
"00001c44","FUN_00001c44",$a,00000004
"00001c48","|static|_caseD_4_00001c48",$d,00000000
"00001c4c","FUN_00001c4c",$a,00000004
"00001c50","|static|_FUN_0074777c_00001c50",$d,00000000
"00001c54","FUN_00001c54",$a,00000004
"00001c58","|static|_FUN_00747854_00001c58",$d,00000000
"00001c5c","FUN_00001c5c",$a,00000004
"00001c60","|static|_FUN_0062cd94_00001c60",$d,00000000
"00001c64","FUN_00001c64",$a,00000004
"00001c68","|static|_FUN_007477e0_00001c68",$d,00000000
"00001c6c","FUN_00001c6c",$a,00000004
"00001c70","|static|_FUN_002ffad8_00001c70",$d,00000000
"00001c74","FUN_00001c74",$a,00000004
"00001c78","|static|_FUN_00536060_00001c78",$d,00000000
"00001c7c","FUN_00001c7c",$a,00000004
"00001c80","|static|_FUN_0051c310_00001c80",$d,00000000
"00001c84","FUN_00001c84",$a,00000004
"00001c88","|static|_FUN_006e4548_00001c88",$d,00000000
"00001c8c","FUN_00001c8c",$a,00000004
"00001c90","|static|_FUN_0013451c_00001c90",$d,00000000
"00001c94","FUN_00001c94",$a,00000004
"00001c98","|static|_FUN_0070ac68_00001c98",$d,00000000
"00001c9c","FUN_00001c9c",$a,00000004
"00001ca0","|static|_FUN_0070acac_00001ca0",$d,00000000
"00001ca4","FUN_00001ca4",$a,00000004
"00001ca8","|static|_FUN_0068f18c_00001ca8",$d,00000000
"00001cac","FUN_00001cac",$a,00000004
"00001cb0","|static|_FUN_00697f00_00001cb0",$d,00000000
"00001cb4","FUN_00001cb4",$a,00000004
"00001cb8","|static|_FUN_004e391c_00001cb8",$d,00000000
"00001cbc","FUN_00001cbc",$a,00000004
"00001cc0","|static|_FUN_00204568_00001cc0",$d,00000000
"00001cc4","FUN_00001cc4",$a,00000004
"00001cc8","|static|_FUN_006e4558_00001cc8",$d,00000000
"00001ccc","FUN_00001ccc",$a,00000004
"00001cd0","|static|_FUN_00205a60_00001cd0",$d,00000000
"00001cd4","FUN_00001cd4",$a,00000004
"00001cd8","|static|_FUN_006964a0_00001cd8",$d,00000000
"00001cdc","FUN_00001cdc",$a,00000004
"00001ce0","|static|_FUN_006ab820_00001ce0",$d,00000000
"00001ce4","FUN_00001ce4",$a,00000004
"00001ce8","|static|_FUN_006128e4_00001ce8",$d,00000000
"00001cec","FUN_00001cec",$a,00000004
"00001cf0","|static|_FUN_006126f8_00001cf0",$d,00000000
"00001cf4","FUN_00001cf4",$a,00000004
"00001cf8","|static|_FUN_006edac4_00001cf8",$d,00000000
"00001cfc","FUN_00001cfc",$a,00000004
"00001d00","|static|_FUN_0057847c_00001d00",$d,00000000
"00001d04","FUN_00001d04",$a,00000004
"00001d08","|static|_INVALID_|static|_TEXT:000193d1_00001d08",$d,00000000
"00001d0c","FUN_00001d0c",$a,00000004
"00001d10","|static|_FUN_006bd4d8_00001d10",$d,00000000
"00001d14","FUN_00001d14",$a,00000004
"00001d18","|static|_FUN_006bd50c_00001d18",$d,00000000
"00001d1c","FUN_00001d1c",$a,00000004
"00001d20","|static|_FUN_001b5a30_00001d20",$d,00000000
"00001d24","FUN_00001d24",$a,00000004
"00001d28","|static|_FUN_0051d208_00001d28",$d,00000000
"00001d2c","FUN_00001d2c",$a,00000004
"00001d30","|static|_FUN_00747848_00001d30",$d,00000000
"00001d34","FUN_00001d34",$a,00000004
"00001d38","|static|_FUN_002d45f4_00001d38",$d,00000000
"00001d3c","FUN_00001d3c",$a,00000004
"00001d40","|static|_FUN_00239260_00001d40",$d,00000000
"00001d44","FUN_00001d44",$a,00000004
"00001d48","|static|_FUN_00239388_00001d48",$d,00000000
"00001d4c","FUN_00001d4c",$a,00000004
"00001d50","|static|_INVALID_|static|_TEXT:000195d9_00001d50",$d,00000000
"00001d54","FUN_00001d54",$a,00000004
"00001d58","|static|_FUN_002fe9c8_00001d58",$d,00000000
"00001d5c","FUN_00001d5c",$a,00000004
"00001d60","|static|_FUN_006f073c_00001d60",$d,00000000
"00001d64","FUN_00001d64",$a,00000004
"00001d68","|static|_FUN_002fea2c_00001d68",$d,00000000
"00001d6c","FUN_00001d6c",$a,00000004
"00001d70","|static|_FUN_007477f0_00001d70",$d,00000000
"00001d74","FUN_00001d74",$a,00000004
"00001d78","|static|_FUN_0061252c_00001d78",$d,00000000
"00001d7c","FUN_00001d7c",$a,00000004
"00001d80","|static|_FUN_002bf814_00001d80",$d,00000000
"00001d84","FUN_00001d84",$a,00000004
"00001d88","|static|_FUN_005c81f4_00001d88",$d,00000000
"00001d8c","FUN_00001d8c",$a,00000004
"00001d90","|static|_FUN_006b70cc_00001d90",$d,00000000
"00001d94","FUN_00001d94",$a,00000004
"00001d98","|static|_FUN_007476e4_00001d98",$d,00000000
"00001d9c","FUN_00001d9c",$a,00000004
"00001da0","|static|_FUN_00747708_00001da0",$d,00000000
"00001da4","FUN_00001da4",$a,00000004
"00001da8","|static|_FUN_00747760_00001da8",$d,00000000
"00001dac","FUN_00001dac",$a,00000004
"00001db0","|static|_FUN_00723998_00001db0",$d,00000000
"00001db4","FUN_00001db4",$a,00000004
"00001db8","|static|_FUN_00613c8c_00001db8",$d,00000000
"00001dbc","FUN_00001dbc",$a,00000004
"00001dc0","|static|_FUN_006b7710_00001dc0",$d,00000000
"00001dc4","FUN_00001dc4",$a,00000004
"00001dc8","|static|_FUN_00203bd0_00001dc8",$d,00000000
"00001dcc","FUN_00001dcc",$a,00000004
"00001dd0","|static|_FUN_00203c50_00001dd0",$d,00000000
"00001dd4","FUN_00001dd4",$a,00000004
"00001dd8","|static|_FUN_00203c34_00001dd8",$d,00000000
"00001ddc","FUN_00001ddc",$a,00000004
"00001de0","|static|_FUN_00203948_00001de0",$d,00000000
"00001de4","FUN_00001de4",$a,00000004
"00001de8","|static|_FUN_00308efc_00001de8",$d,00000000
"00001dec","FUN_00001dec",$a,00000004
"00001df0","|static|_FUN_0071a0a0_00001df0",$d,00000000
"00001df4","FUN_00001df4",$a,00000004
"00001df8","|static|_FUN_00237bd4_00001df8",$d,00000000
"00001dfc","FUN_00001dfc",$a,00000004
"00001e00","|static|_FUN_0075ac88_00001e00",$d,00000000
"00001e04","FUN_00001e04",$a,00000004
"00001e08","|static|_FUN_005e19dc_00001e08",$d,00000000
"00001e10","|static|_FUN_0051b3e0_00001e10",$d,00000000
"00001e14","FUN_00001e14",$a,00000004
"00001e18","|static|_FUN_006a5e34_00001e18",$d,00000000
"00001e1c","FUN_00001e1c",$a,00000004
"00001e20","ModuleFtr_FUN_0000f9ec_00001e20",$d,00000000
"00001e24","FUN_00001e24",$a,00000004
"00001e28","|static|_FUN_006f8500_00001e28",$d,00000000
"00001e2c","FUN_00001e2c",$a,00000004
"00001e30","|static|_FUN_002feb00_00001e30",$d,00000000
"00001e34","FUN_00001e34",$a,00000004
"00001e38","|static|_FUN_004e0cb0_00001e38",$d,00000000
"00001e3c","FUN_00001e3c",$a,00000004
"00001e40","|static|_FUN_004e99f0_00001e40",$d,00000000
"00001e44","FUN_00001e44",$a,00000004
"00001e48","|static|_FUN_00750894_00001e48",$d,00000000
"00001e4c","FUN_00001e4c",$a,00000004
"00001e50","|static|_FUN_0051f70c_00001e50",$d,00000000
"00001e54","FUN_00001e54",$a,00000004
"00001e58","|static|_FUN_0056a378_00001e58",$d,00000000
"00001e5c","FUN_00001e5c",$a,00000004
"00001e60","|static|_FUN_004e3420_00001e60",$d,00000000
"00001e68","|static|_FUN_004f1648_00001e68",$d,00000000
"00001e70","|static|_FUN_002e6500_00001e70",$d,00000000
"00001e74","FUN_00001e74",$a,00000004
"00001e78","|static|_FUN_00605160_00001e78",$d,00000000
"00001e7c","FUN_00001e7c",$a,00000004
"00001e80","|static|_FUN_0057ba2c_00001e80",$d,00000000
"00001e84","FUN_00001e84",$a,00000004
"00001e88","|static|_FUN_004ed3d4_00001e88",$d,00000000
"00001e8c","FUN_00001e8c",$a,00000004
"00001e90","|static|_FUN_004e2608_00001e90",$d,00000000
"00001e94","FUN_00001e94",$a,00000004
"00001e98","|static|_FUN_005e32a0_00001e98",$d,00000000
"00001e9c","FUN_00001e9c",$a,00000004
"00001ea0","|static|_FUN_001bf65c_00001ea0",$d,00000000
"00001ea4","FUN_00001ea4",$a,00000004
"00001ea8","|static|_FUN_00564dc4_00001ea8",$d,00000000
"00001eac","FUN_00001eac",$a,00000004
"00001eb0","|static|_FUN_00563428_00001eb0",$d,00000000
"00001eb4","FUN_00001eb4",$a,00000004
"00001eb8","|static|_FUN_0070c1a4_00001eb8",$d,00000000
"00001ebc","FUN_00001ebc",$a,00000004
"00001ec0","|static|_FUN_002ff8b0_00001ec0",$d,00000000
"00001ec4","FUN_00001ec4",$a,00000004
"00001ec8","|static|_FUN_005e35dc_00001ec8",$d,00000000
"00001ecc","FUN_00001ecc",$a,00000004
"00001ed0","|static|_FUN_005e34c4_00001ed0",$d,00000000
"00001ed4","FUN_00001ed4",$a,00000004
"00001ed8","|static|_FUN_0075cdc8_00001ed8",$d,00000000
"00001edc","FUN_00001edc",$a,00000004
"00001ee0","|static|_FUN_006bc388_00001ee0",$d,00000000
"00001ee4","FUN_00001ee4",$a,00000004
"00001ee8","|static|_FUN_001b5e10_00001ee8",$d,00000000
"00001eec","FUN_00001eec",$a,00000004
"00001ef0","|static|_FUN_001b5e18_00001ef0",$d,00000000
"00001ef4","FUN_00001ef4",$a,00000004
"00001ef8","|static|_FUN_002fe7cc_00001ef8",$d,00000000
"00001efc","FUN_00001efc",$a,00000004
"00001f00","|static|_FUN_00768174_00001f00",$d,00000000
"00001f04","FUN_00001f04",$a,00000004
"00001f08","|static|_FUN_0030f594_00001f08",$d,00000000
"00001f0c","FUN_00001f0c",$a,00000004
"00001f10","|static|_FUN_006ccc98_00001f10",$d,00000000
"00001f14","FUN_00001f14",$a,00000004
"00001f18","|static|_FUN_002fc994_00001f18",$d,00000000
"00001f1c","FUN_00001f1c",$a,00000004
"00001f20","|static|_caseD_9_00001f20",$d,00000000
"00001f24","FUN_00001f24",$a,00000004
"00001f28","|static|_FUN_0070c1f0_00001f28",$d,00000000
"00001f2c","FUN_00001f2c",$a,00000004
"00001f30","|static|_FUN_007203f0_00001f30",$d,00000000
"00001f34","FUN_00001f34",$a,00000004
"00001f38","|static|_FUN_0070c1ac_00001f38",$d,00000000
"00001f3c","FUN_00001f3c",$a,00000004
"00001f40","|static|_FUN_001b5e20_00001f40",$d,00000000
"00001f44","FUN_00001f44",$a,00000004
"00001f48","|static|_FUN_0070c234_00001f48",$d,00000000
"00001f4c","FUN_00001f4c",$a,00000004
"00001f50","|static|_FUN_0076eedc_00001f50",$d,00000000
"00001f54","FUN_00001f54",$a,00000004
"00001f58","|static|_FUN_001bf6ac_00001f58",$d,00000000
"00001f5c","FUN_00001f5c",$a,00000004
"00001f60","|static|_INVALID_|static|_TEXT:00006c15_00001f60",$d,00000000
"00001f64","FUN_00001f64",$a,00000004
"00001f68","|static|_FUN_006048ac_00001f68",$d,00000000
"00001f6c","FUN_00001f6c",$a,00000004
"00001f70","|static|_FUN_006e4530_00001f70",$d,00000000
"00001f74","FUN_00001f74",$a,00000004
"00001f78","|static|_FUN_001bf228_00001f78",$d,00000000
"00001f80","|static|_FUN_001c0378_00001f80",$d,00000000
"00001f88","|static|_FUN_0027b428_00001f88",$d,00000000
"00001f90","|static|_FUN_0027ab7c_00001f90",$d,00000000
"00001f94","FUN_00001f94",$a,00000004
"00001f98","|static|_FUN_005b4328_00001f98",$d,00000000
"00001f9c","FUN_00001f9c",$a,00000004
"00001fa0","|static|_FUN_004ec948_00001fa0",$d,00000000
"00001fa4","FUN_00001fa4",$a,00000004
"00001fa8","|static|_FUN_004f1034_00001fa8",$d,00000000
"00001fac","FUN_00001fac",$a,00000004
"00001fb0","|static|_FUN_004ee904_00001fb0",$d,00000000
"00001fb4","FUN_00001fb4",$a,00000004
"00001fb8","ModuleFtr_FUN_0001d0ac_00001fb8",$d,00000000
"00001fbc","FUN_00001fbc",$a,00000004
"00001fc0","ModuleFtr_FUN_0001ee30_00001fc0",$d,00000000
"00001fc4","FUN_00001fc4",$a,00000004
"00001fc8","ModuleFtr_FUN_0001ee60_00001fc8",$d,00000000
"00001fcc","FUN_00001fcc",$a,00000004
"00001fd0","|static|_FUN_00691598_00001fd0",$d,00000000
"00001fd8","|static|_FUN_004f1104_00001fd8",$d,00000000
"00001fdc","FUN_00001fdc",$a,00000004
"00001fe0","ModuleFtr_FUN_000143d4_00001fe0",$d,00000000
"00001fe4","FUN_00001fe4",$a,00000004
"00001fe8","ModuleFtr_FUN_0001ecc0_00001fe8",$d,00000000
"00001fec","FUN_00001fec",$a,00000004
"00001ff0","|static|_FUN_0013f000_00001ff0",$d,00000000
"00001ff4","FUN_00001ff4",$a,00000004
"00001ff8","|static|_FUN_006e477c_00001ff8",$d,00000000
"00002000","|static|_FUN_0052c790_00002000",$d,00000000
"00002004","FUN_00002004",$a,00000004
"00002008","|static|_FUN_006d465c_00002008",$d,00000000
"0000200c","FUN_0000200c",$a,00000004
"00002010","|static|_FUN_005dd51c_00002010",$d,00000000
"00002014","FUN_00002014",$a,00000004
"00002018","|static|_FUN_005dd5b8_00002018",$d,00000000
"00002020","|static|_FUN_0023b21c_00002020",$d,00000000
"00002024","FUN_00002024",$a,00000004
"00002028","|static|_FUN_0075d0f0_00002028",$d,00000000
"0000202c","FUN_0000202c",$a,00000004
"00002030","|static|_FUN_0023af68_00002030",$d,00000000
"00002034","FUN_00002034",$a,00000004
"00002038","|static|_FUN_0023b1b4_00002038",$d,00000000
"0000203c","FUN_0000203c",$a,00000004
"00002040","|static|_FUN_0060295c_00002040",$d,00000000
"00002044","FUN_00002044",$a,00000004
"00002048","|static|_FUN_006d3c48_00002048",$d,00000000
"0000204c","FUN_0000204c",$a,00000004
"00002050","|static|_FUN_006e47a0_00002050",$d,00000000
"00002054","FUN_00002054",$a,00000004
"00002058","|static|_FUN_0023bbe4_00002058",$d,00000000
"0000205c","FUN_0000205c",$a,00000004
"00002060","|static|_FUN_0018e6bc_00002060",$d,00000000
"00002064","FUN_00002064",$a,00000004
"00002068","|static|_FUN_00317148_00002068",$d,00000000
"0000206c","FUN_0000206c",$a,00000004
"00002070","|static|_FUN_00752914_00002070",$d,00000000
"00002074","FUN_00002074",$a,00000004
"00002078","|static|_FUN_006055e0_00002078",$d,00000000
"0000207c","FUN_0000207c",$a,00000004
"00002080","|static|_FUN_0026b724_00002080",$d,00000000
"00002084","FUN_00002084",$a,00000004
"00002088","|static|_FUN_005b1850_00002088",$d,00000000
"0000208c","FUN_0000208c",$a,00000004
"00002090","|static|_FUN_0054a644_00002090",$d,00000000
"00002094","FUN_00002094",$a,00000004
"00002098","|static|_FUN_00544fec_00002098",$d,00000000
"0000209c","FUN_0000209c",$a,00000004
"000020a0","|static|_FUN_00544f18_000020a0",$d,00000000
"000020a4","FUN_000020a4",$a,00000004
"000020a8","|static|_FUN_0053ffb8_000020a8",$d,00000000
"000020ac","FUN_000020ac",$a,00000004
"000020b0","|static|_FUN_006cfa1c_000020b0",$d,00000000
"000020b4","FUN_000020b4",$a,00000004
"000020b8","|static|_FUN_005b257c_000020b8",$d,00000000
"000020bc","FUN_000020bc",$a,00000004
"000020c0","|static|_FUN_00697168_000020c0",$d,00000000
"000020c4","FUN_000020c4",$a,00000004
"000020c8","|static|_FUN_0058dbd8_000020c8",$d,00000000
"000020cc","FUN_000020cc",$a,00000004
"000020d0","|static|_FUN_004f1828_000020d0",$d,00000000
"000020d4","FUN_000020d4",$a,00000004
"000020d8","|static|_FUN_0058dc24_000020d8",$d,00000000
"000020dc","FUN_000020dc",$a,00000004
"000020e0","|static|_FUN_0076bc84_000020e0",$d,00000000
"000020e4","FUN_000020e4",$a,00000004
"000020e8","|static|_FUN_006a5dd4_000020e8",$d,00000000
"000020ec","FUN_000020ec",$a,00000004
"000020f0","|static|_FUN_006de1e0_000020f0",$d,00000000
"000020f4","FUN_000020f4",$a,00000004
"000020f8","|static|_FUN_004f2ef0_000020f8",$d,00000000
"000020fc","FUN_000020fc",$a,00000004
"00002100","|static|_FUN_006cb9fc_00002100",$d,00000000
"00002104","FUN_00002104",$a,00000004
"00002108","|static|_thunk_FUN_0020ae88_00002108",$d,00000000
"0000210c","FUN_0000210c",$a,00000004
"00002110","|static|_FUN_0030ce60_00002110",$d,00000000
"00002114","FUN_00002114",$a,00000004
"00002118","|static|_FUN_00314bc4_00002118",$d,00000000
"0000211c","FUN_0000211c",$a,00000004
"00002120","|static|_FUN_003026cc_00002120",$d,00000000
"00002124","FUN_00002124",$a,00000004
"00002128","|static|_FUN_0076abd4_00002128",$d,00000000
"0000212c","FUN_0000212c",$a,00000004
"00002130","|static|_FUN_006249b0_00002130",$d,00000000
"00002134","FUN_00002134",$a,00000004
"00002138","|static|_FUN_0026cc38_00002138",$d,00000000
"0000213c","FUN_0000213c",$a,00000004
"00002140","|static|_FUN_0074824c_00002140",$d,00000000
"00002144","FUN_00002144",$a,00000004
"00002148","|static|_FUN_00748284_00002148",$d,00000000
"0000214c","FUN_0000214c",$a,00000004
"00002150","|static|_FUN_007481ec_00002150",$d,00000000
"00002154","FUN_00002154",$a,00000004
"00002158","|static|_FUN_00748244_00002158",$d,00000000
"0000215c","FUN_0000215c",$a,00000004
"00002160","|static|_FUN_0018e740_00002160",$d,00000000
"00002164","FUN_00002164",$a,00000004
"00002168","|static|_FUN_0052f144_00002168",$d,00000000
"0000216c","FUN_0000216c",$a,00000004
"00002170","|static|_FUN_0052f140_00002170",$d,00000000
"00002174","FUN_00002174",$a,00000004
"00002178","|static|_FUN_00304f30_00002178",$d,00000000
"0000217c","FUN_0000217c",$a,00000004
"00002180","|static|_FUN_005364c8_00002180",$d,00000000
"00002184","FUN_00002184",$a,00000004
"00002188","|static|_FUN_006d01a8_00002188",$d,00000000
"0000218c","FUN_0000218c",$a,00000004
"00002190","|static|_FUN_0075298c_00002190",$d,00000000
"00002194","FUN_00002194",$a,00000004
"00002198","|static|_FUN_0052f284_00002198",$d,00000000
"0000219c","FUN_0000219c",$a,00000004
"000021a0","|static|_FUN_0018e6e4_000021a0",$d,00000000
"000021a4","FUN_000021a4",$a,00000004
"000021a8","|static|_FUN_0026c4b4_000021a8",$d,00000000
"000021ac","FUN_000021ac",$a,00000004
"000021b0","|static|_FUN_007482d0_000021b0",$d,00000000
"000021b4","FUN_000021b4",$a,00000004
"000021b8","|static|_FUN_0076f20c_000021b8",$d,00000000
"000021bc","FUN_000021bc",$a,00000004
"000021c0","|static|_FUN_006cf600_000021c0",$d,00000000
"000021c4","FUN_000021c4",$a,00000004
"000021c8","|static|_FUN_006cf624_000021c8",$d,00000000
"000021cc","FUN_000021cc",$a,00000004
"000021d0","|static|_FUN_00537028_000021d0",$d,00000000
"000021d4","FUN_000021d4",$a,00000004
"000021d8","|static|_FUN_0026caf8_000021d8",$d,00000000
"000021dc","FUN_000021dc",$a,00000004
"000021e0","|static|_FUN_004ecb08_000021e0",$d,00000000
"000021e4","FUN_000021e4",$a,00000004
"000021e8","|static|_FUN_002f741c_000021e8",$d,00000000
"000021ec","FUN_000021ec",$a,00000004
"000021f0","|static|_FUN_004f1510_000021f0",$d,00000000
"000021f4","FUN_000021f4",$a,00000004
"000021f8","|static|_FUN_0074fbbc_000021f8",$d,00000000
"000021fc","FUN_000021fc",$a,00000004
"00002200","|static|_FUN_00284d84_00002200",$d,00000000
"00002204","FUN_00002204",$a,00000004
"00002208","|static|_FUN_00284e28_00002208",$d,00000000
"00002210","|static|_FUN_00284e34_00002210",$d,00000000
"00002214","FUN_00002214",$a,00000004
"00002218","|static|_FUN_00284ed8_00002218",$d,00000000
"0000221c","FUN_0000221c",$a,00000004
"00002220","|static|_FUN_002fcba8_00002220",$d,00000000
"00002224","FUN_00002224",$a,00000004
"00002228","|static|_FUN_0071f644_00002228",$d,00000000
"0000222c","FUN_0000222c",$a,00000004
"00002230","|static|_FUN_0071f65c_00002230",$d,00000000
"00002234","FUN_00002234",$a,00000004
"00002238","|static|_FUN_0071f64c_00002238",$d,00000000
"0000223c","FUN_0000223c",$a,00000004
"00002240","|static|_FUN_006cfef4_00002240",$d,00000000
"00002244","FUN_00002244",$a,00000004
"00002248","|static|_FUN_006d0170_00002248",$d,00000000
"0000224c","FUN_0000224c",$a,00000004
"00002250","|static|_FUN_0026b6b8_00002250",$d,00000000
"00002254","FUN_00002254",$a,00000004
"00002258","|static|_FUN_0026b674_00002258",$d,00000000
"0000225c","FUN_0000225c",$a,00000004
"00002260","|static|_FUN_006d0710_00002260",$d,00000000
"00002264","FUN_00002264",$a,00000004
"00002268","|static|_FUN_0068eb58_00002268",$d,00000000
"0000226c","FUN_0000226c",$a,00000004
"00002270","|static|_FUN_006cf95c_00002270",$d,00000000
"00002274","FUN_00002274",$a,00000004
"00002278","|static|_FUN_0026c128_00002278",$d,00000000
"0000227c","FUN_0000227c",$a,00000004
"00002280","|static|_FUN_0058da24_00002280",$d,00000000
"00002284","FUN_00002284",$a,00000004
"00002288","|static|_FUN_00718bf4_00002288",$d,00000000
"0000228c","FUN_0000228c",$a,00000004
"00002290","|static|_FUN_00765e64_00002290",$d,00000000
"00002294","FUN_00002294",$a,00000004
"00002298","|static|_FUN_00256654_00002298",$d,00000000
"0000229c","FUN_0000229c",$a,00000004
"000022a0","|static|_FUN_00718734_000022a0",$d,00000000
"000022a4","FUN_000022a4",$a,00000004
"000022a8","|static|_FUN_002e6834_000022a8",$d,00000000
"000022ac","FUN_000022ac",$a,00000004
"000022b0","|static|_FUN_00521a8c_000022b0",$d,00000000
"000022b4","FUN_000022b4",$a,00000004
"000022b8","|static|_FUN_0052f248_000022b8",$d,00000000
"000022bc","FUN_000022bc",$a,00000004
"000022c0","|static|_FUN_0018e944_000022c0",$d,00000000
"000022c4","FUN_000022c4",$a,00000004
"000022c8","|static|_FUN_0026cdcc_000022c8",$d,00000000
"000022cc","FUN_000022cc",$a,00000004
"000022d0","|static|_FUN_0058dc54_000022d0",$d,00000000
"000022d4","FUN_000022d4",$a,00000004
"000022d8","|static|_FUN_005371e0_000022d8",$d,00000000
"000022e0","|static|_thunk_FUN_00317e2c_000022e0",$d,00000000
"000022e8","|static|_FUN_0058dc70_000022e8",$d,00000000
"000022f0","|static|_FUN_0026ce5c_000022f0",$d,00000000
"000022f8","|static|_FUN_0018e970_000022f8",$d,00000000
"000022fc","FUN_000022fc",$a,00000004
"00002300","|static|_FUN_00521ae0_00002300",$d,00000000
"00002304","FUN_00002304",$a,00000004
"00002308","|static|_FUN_006aa9d0_00002308",$d,00000000
"0000230c","FUN_0000230c",$a,00000004
"00002310","|static|_FUN_006aaa30_00002310",$d,00000000
"00002314","FUN_00002314",$a,00000004
"00002318","|static|_INVALID_|static|_TEXT:00212af9_00002318",$d,00000000
"0000231c","FUN_0000231c",$a,00000004
"00002320","|static|_FUN_005e350c_00002320",$d,00000000
"00002328","|static|_FUN_002058e0_00002328",$d,00000000
"00002330","|static|_FUN_006ab490_00002330",$d,00000000
"00002334","FUN_00002334",$a,00000004
"00002338","|static|_FUN_0076aa04_00002338",$d,00000000
"00002340","|static|_FUN_001cda40_00002340",$d,00000000
"00002348","|static|_FUN_006ab41c_00002348",$d,00000000
"00002350","|static|_FUN_003280e0_00002350",$d,00000000
"00002354","FUN_00002354",$a,00000004
"00002358","|static|_FUN_00544a20_00002358",$d,00000000
"0000235c","FUN_0000235c",$a,00000004
"00002360","|static|_FUN_00544c00_00002360",$d,00000000
"00002364","FUN_00002364",$a,00000004
"00002368","|static|_FUN_003193e8_00002368",$d,00000000
"0000236c","FUN_0000236c",$a,00000004
"00002370","|static|_FUN_005b19e8_00002370",$d,00000000
"00002374","FUN_00002374",$a,00000004
"00002378","|static|_FUN_00317a50_00002378",$d,00000000
"0000237c","FUN_0000237c",$a,00000004
"00002380","|static|_FUN_004f1b64_00002380",$d,00000000
"00002384","FUN_00002384",$a,00000004
"00002388","|static|_FUN_001cb4ec_00002388",$d,00000000
"0000238c","FUN_0000238c",$a,00000004
"00002390","|static|_FUN_006f9638_00002390",$d,00000000
"00002394","FUN_00002394",$a,00000004
"00002398","|static|_FUN_006fb0cc_00002398",$d,00000000
"0000239c","FUN_0000239c",$a,00000004
"000023a0","|static|_FUN_005c710c_000023a0",$d,00000000
"000023a4","FUN_000023a4",$a,00000004
"000023a8","|static|_FUN_007203d4_000023a8",$d,00000000
"000023ac","FUN_000023ac",$a,00000004
"000023b4","FUN_000023b4",$a,00000004
"000023b8","|static|_FUN_007203e8_000023b8",$d,00000000
"000023c0","|static|_FUN_004bef3c_000023c0",$d,00000000
"000023c4","FUN_000023c4",$a,00000004
"000023c8","|static|_FUN_001cb8fc_000023c8",$d,00000000
"000023cc","FUN_000023cc",$a,00000004
"000023d0","|static|_FUN_0056a224_000023d0",$d,00000000
"000023d4","FUN_000023d4",$a,00000004
"000023d8","|static|_FUN_0014f494_000023d8",$d,00000000
"000023dc","FUN_000023dc",$a,00000004
"000023e0","|static|_FUN_0059aab0_000023e0",$d,00000000
"000023e4","FUN_000023e4",$a,00000004
"000023e8","|static|_FUN_00605bc0_000023e8",$d,00000000
"000023ec","FUN_000023ec",$a,00000004
"000023f0","|static|_FUN_006065d8_000023f0",$d,00000000
"000023f4","FUN_000023f4",$a,00000004
"000023f8","|static|_LAB_00237d94_000023f8",$d,00000000
"000023fc","FUN_000023fc",$a,00000004
"00002400","|static|_FUN_005cd270_00002400",$d,00000000
"00002404","FUN_00002404",$a,00000004
"00002408","|static|_FUN_00304640_00002408",$d,00000000
"0000240c","FUN_0000240c",$a,00000004
"00002410","|static|_FUN_00237d58_00002410",$d,00000000
"00002414","FUN_00002414",$a,00000004
"00002418","|static|_FUN_006c5c60_00002418",$d,00000000
"0000241c","FUN_0000241c",$a,00000004
"00002420","|static|_FUN_001badd8_00002420",$d,00000000
"00002424","FUN_00002424",$a,00000004
"00002428","|static|_FUN_002fb918_00002428",$d,00000000
"0000242c","FUN_0000242c",$a,00000004
"00002430","|static|_FUN_001df3d4_00002430",$d,00000000
"00002434","FUN_00002434",$a,00000004
"00002438","|static|_FUN_00311c48_00002438",$d,00000000
"0000243c","FUN_0000243c",$a,00000004
"00002440","|static|_FUN_0029b88c_00002440",$d,00000000
"00002444","FUN_00002444",$a,00000004
"00002448","|static|_FUN_006bba30_00002448",$d,00000000
"0000244c","FUN_0000244c",$a,00000004
"00002450","|static|_FUN_006b6e30_00002450",$d,00000000
"00002454","FUN_00002454",$a,00000004
"00002458","|static|_FUN_00236644_00002458",$d,00000000
"0000245c","FUN_0000245c",$a,00000004
"00002460","|static|_FUN_00238b88_00002460",$d,00000000
"00002464","FUN_00002464",$a,00000004
"00002468","|static|_FUN_0075cf88_00002468",$d,00000000
"0000246c","FUN_0000246c",$a,00000004
"00002470","|static|_FUN_005dd570_00002470",$d,00000000
"00002474","FUN_00002474",$a,00000004
"00002478","|static|_FUN_001baf48_00002478",$d,00000000
"0000247c","FUN_0000247c",$a,00000004
"00002480","|static|_FUN_002fb408_00002480",$d,00000000
"00002484","FUN_00002484",$a,00000004
"00002488","|static|_FUN_001bb064_00002488",$d,00000000
"0000248c","FUN_0000248c",$a,00000004
"00002490","|static|_FUN_001bb1d4_00002490",$d,00000000
"00002494","FUN_00002494",$a,00000004
"00002498","|static|_FUN_001bb0ac_00002498",$d,00000000
"0000249c","FUN_0000249c",$a,00000004
"000024a0","|static|_FUN_001bbc18_000024a0",$d,00000000
"000024a4","FUN_000024a4",$a,00000004
"000024a8","|static|_FUN_001bacc8_000024a8",$d,00000000
"000024ac","FUN_000024ac",$a,00000004
"000024b0","|static|_FUN_001bbbd0_000024b0",$d,00000000
"000024b4","FUN_000024b4",$a,00000004
"000024b8","|static|_FUN_005f1254_000024b8",$d,00000000
"000024bc","FUN_000024bc",$a,00000004
"000024c0","|static|_FUN_005f1284_000024c0",$d,00000000
"000024c4","FUN_000024c4",$a,00000004
"000024c8","|static|_FUN_005f1244_000024c8",$d,00000000
"000024cc","FUN_000024cc",$a,00000004
"000024d0","|static|_FUN_0027ab40_000024d0",$d,00000000
"000024d4","FUN_000024d4",$a,00000004
"000024d8","|static|_FUN_006ccc3c_000024d8",$d,00000000
"000024dc","FUN_000024dc",$a,00000004
"000024e0","|static|_FUN_0076ee28_000024e0",$d,00000000
"000024e4","FUN_000024e4",$a,00000004
"000024e8","|static|_FUN_003505bc_000024e8",$d,00000000
"000024ec","FUN_000024ec",$a,00000004
"000024f0","|static|_FUN_002306c4_000024f0",$d,00000000
"000024f4","FUN_000024f4",$a,00000004
"000024f8","|static|_FUN_006baa64_000024f8",$d,00000000
"000024fc","FUN_000024fc",$a,00000004
"00002500","|static|_FUN_00231aa0_00002500",$d,00000000
"00002504","FUN_00002504",$a,00000004
"00002508","|static|_FUN_001baf2c_00002508",$d,00000000
"0000250c","FUN_0000250c",$a,00000004
"00002510","|static|_FUN_00301df4_00002510",$d,00000000
"00002514","FUN_00002514",$a,00000004
"00002518","|static|_FUN_002fbd54_00002518",$d,00000000
"0000251c","FUN_0000251c",$a,00000004
"00002520","|static|_FUN_002398ac_00002520",$d,00000000
"00002524","FUN_00002524",$a,00000004
"00002528","|static|_FUN_00238164_00002528",$d,00000000
"0000252c","FUN_0000252c",$a,00000004
"00002530","|static|_FUN_005ce3d0_00002530",$d,00000000
"00002534","FUN_00002534",$a,00000004
"00002538","|static|_FUN_005c63ac_00002538",$d,00000000
"0000253c","FUN_0000253c",$a,00000004
"00002540","|static|_FUN_00300880_00002540",$d,00000000
"00002544","FUN_00002544",$a,00000004
"00002548","|static|_FUN_0076ab50_00002548",$d,00000000
"0000254c","FUN_0000254c",$a,00000004
"00002550","|static|_FUN_0014ef20_00002550",$d,00000000
"00002554","FUN_00002554",$a,00000004
"00002558","|static|_FUN_004ee3e8_00002558",$d,00000000
"0000255c","FUN_0000255c",$a,00000004
"00002560","|static|_FUN_004ee4b8_00002560",$d,00000000
"00002564","FUN_00002564",$a,00000004
"00002568","|static|_FUN_00302fec_00002568",$d,00000000
"0000256c","FUN_0000256c",$a,00000004
"00002570","|static|_FUN_004ee594_00002570",$d,00000000
"00002574","FUN_00002574",$a,00000004
"00002578","|static|_FUN_004f147c_00002578",$d,00000000
"0000257c","FUN_0000257c",$a,00000004
"00002580","|static|_FUN_004ecb80_00002580",$d,00000000
"00002588","|static|_thunk_FUN_004ee514_00002588",$d,00000000
"0000258c","FUN_0000258c",$a,00000004
"00002590","|static|_FUN_00330804_00002590",$d,00000000
"00002594","FUN_00002594",$a,00000004
"00002598","|static|_FUN_0073dba0_00002598",$d,00000000
"0000259c","FUN_0000259c",$a,00000004
"000025a0","|static|_FUN_004ba4c8_000025a0",$d,00000000
"000025a4","FUN_000025a4",$a,00000004
"000025a8","|static|_thunk_FUN_001405e8_000025a8",$d,00000000
"000025ac","FUN_000025ac",$a,00000004
"000025b0","|static|_FUN_004bc518_000025b0",$d,00000000
"000025b4","FUN_000025b4",$a,00000004
"000025b8","|static|_FUN_00297f04_000025b8",$d,00000000
"000025bc","FUN_000025bc",$a,00000004
"000025c0","|static|_FUN_004e4698_000025c0",$d,00000000
"000025c4","FUN_000025c4",$a,00000004
"000025c8","|static|_FUN_002fd050_000025c8",$d,00000000
"000025cc","FUN_000025cc",$a,00000004
"000025d0","|static|_FUN_007234f8_000025d0",$d,00000000
"000025d4","FUN_000025d4",$a,00000004
"000025d8","|static|_FUN_002f67ac_000025d8",$d,00000000
"000025dc","FUN_000025dc",$a,00000004
"000025e0","|static|_FUN_002f6764_000025e0",$d,00000000
"000025e4","FUN_000025e4",$a,00000004
"000025e8","|static|_FUN_004e1b20_000025e8",$d,00000000
"000025ec","FUN_000025ec",$a,00000004
"000025f0","|static|_FUN_004e3354_000025f0",$d,00000000
"000025f4","FUN_000025f4",$a,00000004
"000025f8","|static|_FUN_002b6d20_000025f8",$d,00000000
"000025fc","FUN_000025fc",$a,00000004
"00002600","|static|_FUN_002999a0_00002600",$d,00000000
"00002604","FUN_00002604",$a,00000004
"00002608","|static|_FUN_00299458_00002608",$d,00000000
"0000260c","FUN_0000260c",$a,00000004
"00002610","|static|_FUN_00297b60_00002610",$d,00000000
"00002614","FUN_00002614",$a,00000004
"00002618","|static|_FUN_006917bc_00002618",$d,00000000
"0000261c","FUN_0000261c",$a,00000004
"00002620","|static|_FUN_004b9b64_00002620",$d,00000000
"00002624","FUN_00002624",$a,00000004
"00002628","|static|_FUN_00569508_00002628",$d,00000000
"0000262c","FUN_0000262c",$a,00000004
"00002630","|static|_FUN_00569420_00002630",$d,00000000
"00002634","FUN_00002634",$a,00000004
"00002638","|static|_FUN_006f9c08_00002638",$d,00000000
"0000263c","FUN_0000263c",$a,00000004
"00002640","|static|_FUN_00720328_00002640",$d,00000000
"00002644","FUN_00002644",$a,00000004
"00002648","|static|_FUN_002982f0_00002648",$d,00000000
"0000264c","FUN_0000264c",$a,00000004
"00002650","|static|_FUN_00299984_00002650",$d,00000000
"00002654","FUN_00002654",$a,00000004
"00002658","|static|_FUN_0029977c_00002658",$d,00000000
"0000265c","FUN_0000265c",$a,00000004
"00002660","|static|_FUN_00251374_00002660",$d,00000000
"00002664","FUN_00002664",$a,00000004
"00002668","|static|_FUN_002cd174_00002668",$d,00000000
"0000266c","FUN_0000266c",$a,00000004
"00002670","|static|_FUN_0071ef10_00002670",$d,00000000
"00002674","FUN_00002674",$a,00000004
"00002678","|static|_FUN_007237d0_00002678",$d,00000000
"0000267c","FUN_0000267c",$a,00000004
"00002680","|static|_FUN_006d351c_00002680",$d,00000000
"00002684","FUN_00002684",$a,00000004
"00002688","|static|_FUN_004b6dc8_00002688",$d,00000000
"0000268c","FUN_0000268c",$a,00000004
"00002690","|static|_FUN_005697f8_00002690",$d,00000000
"00002698","|static|_FUN_002f6d18_00002698",$d,00000000
"0000269c","FUN_0000269c",$a,00000004
"000026a0","|static|_FUN_005ea540_000026a0",$d,00000000
"000026a4","FUN_000026a4",$a,00000004
"000026a8","|static|_FUN_005b43d4_000026a8",$d,00000000
"000026ac","FUN_000026ac",$a,00000004
"000026b0","|static|_FUN_0072422c_000026b0",$d,00000000
"000026b4","FUN_000026b4",$a,00000004
"000026b8","|static|_FUN_00568a24_000026b8",$d,00000000
"000026bc","FUN_000026bc",$a,00000004
"000026c0","|static|_FUN_007241b0_000026c0",$d,00000000
"000026c4","FUN_000026c4",$a,00000004
"000026c8","|static|_FUN_002f6a30_000026c8",$d,00000000
"000026cc","FUN_000026cc",$a,00000004
"000026d0","|static|_FUN_0071ee8c_000026d0",$d,00000000
"000026d4","FUN_000026d4",$a,00000004
"000026d8","|static|_FUN_002cd2c0_000026d8",$d,00000000
"000026dc","FUN_000026dc",$a,00000004
"000026e0","|static|_FUN_004b71a0_000026e0",$d,00000000
"000026e4","FUN_000026e4",$a,00000004
"000026e8","|static|_FUN_002cd30c_000026e8",$d,00000000
"000026f0","|static|_FUN_003308c8_000026f0",$d,00000000
"000026f4","FUN_000026f4",$a,00000004
"000026f8","|static|_caseD_9_000026f8",$d,00000000
"000026fc","FUN_000026fc",$a,00000004
"00002700","|static|_FUN_003306fc_00002700",$d,00000000
"00002704","FUN_00002704",$a,00000004
"00002708","|static|_FUN_002b7cd4_00002708",$d,00000000
"0000270c","FUN_0000270c",$a,00000004
"00002710","|static|_FUN_0022bc80_00002710",$d,00000000
"00002714","FUN_00002714",$a,00000004
"00002718","|static|_FUN_002e0240_00002718",$d,00000000
"0000271c","FUN_0000271c",$a,00000004
"00002720","|static|_FUN_002e0300_00002720",$d,00000000
"00002724","FUN_00002724",$a,00000004
"00002728","|static|_FUN_002fe7f4_00002728",$d,00000000
"0000272c","FUN_0000272c",$a,00000004
"00002730","|static|_FUN_00568690_00002730",$d,00000000
"00002734","FUN_00002734",$a,00000004
"00002738","|static|_FUN_0022bcec_00002738",$d,00000000
"0000273c","FUN_0000273c",$a,00000004
"00002740","|static|_FUN_00132410_00002740",$d,00000000
"00002744","FUN_00002744",$a,00000004
"00002748","|static|_FUN_00331130_00002748",$d,00000000
"0000274c","FUN_0000274c",$a,00000004
"00002750","|static|_FUN_004b6d74_00002750",$d,00000000
"00002754","FUN_00002754",$a,00000004
"00002758","|static|_FUN_005359fc_00002758",$d,00000000
"0000275c","FUN_0000275c",$a,00000004
"00002760","|static|_FUN_002f7604_00002760",$d,00000000
"00002764","FUN_00002764",$a,00000004
"00002768","|static|_FUN_00299b30_00002768",$d,00000000
"0000276c","FUN_0000276c",$a,00000004
"00002770","|static|_FUN_00331288_00002770",$d,00000000
"00002774","FUN_00002774",$a,00000004
"00002778","|static|_FUN_002cd444_00002778",$d,00000000
"0000277c","FUN_0000277c",$a,00000004
"00002780","|static|_FUN_001ff9d8_00002780",$d,00000000
"00002784","FUN_00002784",$a,00000004
"00002788","|static|_FUN_004ee8c0_00002788",$d,00000000
"0000278c","FUN_0000278c",$a,00000004
"00002790","|static|_FUN_005ca340_00002790",$d,00000000
"00002794","FUN_00002794",$a,00000004
"00002798","|static|_FUN_0020bf0c_00002798",$d,00000000
"0000279c","FUN_0000279c",$a,00000004
"000027a0","|static|_FUN_001b49b0_000027a0",$d,00000000
"000027a4","FUN_000027a4",$a,00000004
"000027a8","|static|_FUN_0029da30_000027a8",$d,00000000
"000027ac","FUN_000027ac",$a,00000004
"000027b0","|static|_FUN_00239018_000027b0",$d,00000000
"000027b4","FUN_000027b4",$a,00000004
"000027b8","|static|_FUN_00713aa8_000027b8",$d,00000000
"000027bc","FUN_000027bc",$a,00000004
"000027c0","|static|_INVALID_|static|_TEXT:002058c9_000027c0",$d,00000000
"000027c4","FUN_000027c4",$a,00000004
"000027c8","|static|_FUN_002fe4c0_000027c8",$d,00000000
"000027cc","FUN_000027cc",$a,00000004
"000027d0","|static|_FUN_0023623c_000027d0",$d,00000000
"000027d4","FUN_000027d4",$a,00000004
"000027d8","|static|_FUN_002fe56c_000027d8",$d,00000000
"000027dc","FUN_000027dc",$a,00000004
"000027e0","|static|_FUN_0076a590_000027e0",$d,00000000
"000027e4","FUN_000027e4",$a,00000004
"000027e8","|static|_FUN_006bb438_000027e8",$d,00000000
"000027ec","FUN_000027ec",$a,00000004
"000027f0","|static|_FUN_00759270_000027f0",$d,00000000
"000027f4","FUN_000027f4",$a,00000004
"000027f8","|static|_FUN_003026e8_000027f8",$d,00000000
"000027fc","FUN_000027fc",$a,00000004
"00002800","|static|_FUN_00718338_00002800",$d,00000000
"00002804","FUN_00002804",$a,00000004
"00002808","|static|_FUN_0071835c_00002808",$d,00000000
"0000280c","FUN_0000280c",$a,00000004
"00002810","|static|_FUN_005ca1d4_00002810",$d,00000000
"00002814","FUN_00002814",$a,00000004
"00002818","|static|_FUN_00236c20_00002818",$d,00000000
"0000281c","FUN_0000281c",$a,00000004
"00002820","|static|_FUN_002bfcfc_00002820",$d,00000000
"00002824","FUN_00002824",$a,00000004
"00002828","|static|_FUN_006b8918_00002828",$d,00000000
"0000282c","FUN_0000282c",$a,00000004
"00002830","|static|_FUN_00309ef0_00002830",$d,00000000
"00002834","FUN_00002834",$a,00000004
"00002838","|static|_FUN_0030b250_00002838",$d,00000000
"0000283c","FUN_0000283c",$a,00000004
"00002840","|static|_FUN_00294340_00002840",$d,00000000
"00002844","FUN_00002844",$a,00000004
"00002848","|static|_FUN_006a54ec_00002848",$d,00000000
"0000284c","FUN_0000284c",$a,00000004
"00002850","|static|_FUN_0076676c_00002850",$d,00000000
"00002854","FUN_00002854",$a,00000004
"00002858","|static|_FUN_006a58f0_00002858",$d,00000000
"0000285c","FUN_0000285c",$a,00000004
"00002860","|static|_FUN_0024016c_00002860",$d,00000000
"00002864","FUN_00002864",$a,00000004
"00002868","|static|_FUN_007127e8_00002868",$d,00000000
"0000286c","FUN_0000286c",$a,00000004
"00002870","|static|_FUN_0020baec_00002870",$d,00000000
"00002874","FUN_00002874",$a,00000004
"00002878","|static|_FUN_006002b0_00002878",$d,00000000
"0000287c","FUN_0000287c",$a,00000004
"00002880","|static|_FUN_0075b594_00002880",$d,00000000
"00002884","FUN_00002884",$a,00000004
"00002888","|static|_INVALID_|static|_TEXT:000147e9_00002888",$d,00000000
"0000288c","FUN_0000288c",$a,00000004
"00002890","|static|_FUN_005c88ac_00002890",$d,00000000
"00002894","FUN_00002894",$a,00000004
"00002898","|static|_FUN_0070ab24_00002898",$d,00000000
"0000289c","FUN_0000289c",$a,00000004
"000028a0","|static|_FUN_00583704_000028a0",$d,00000000
"000028a4","FUN_000028a4",$a,00000004
"000028a8","|static|_INVALID_|static|_TEXT:00013089_000028a8",$d,00000000
"000028ac","FUN_000028ac",$a,00000004
"000028b0","|static|_INVALID_|static|_TEXT:000132e1_000028b0",$d,00000000
"000028b4","FUN_000028b4",$a,00000004
"000028b8","|static|_INVALID_|static|_TEXT:000137bd_000028b8",$d,00000000
"000028bc","FUN_000028bc",$a,00000004
"000028c0","|static|_FUN_006a5240_000028c0",$d,00000000
"000028c4","FUN_000028c4",$a,00000004
"000028c8","|static|_INVALID_|static|_TEXT:000196c1_000028c8",$d,00000000
"000028cc","FUN_000028cc",$a,00000004
"000028d0","|static|_INVALID_|static|_TEXT:00016ea5_000028d0",$d,00000000
"000028d4","FUN_000028d4",$a,00000004
"000028d8","|static|_INVALID_|static|_TEXT:0001a7c5_000028d8",$d,00000000
"000028dc","FUN_000028dc",$a,00000004
"000028e0","|static|_INVALID_|static|_TEXT:00016e31_000028e0",$d,00000000
"000028e4","FUN_000028e4",$a,00000004
"000028e8","|static|_INVALID_|static|_TEXT:001fe419_000028e8",$d,00000000
"000028ec","FUN_000028ec",$a,00000004
"000028f0","|static|_FUN_0072413c_000028f0",$d,00000000
"000028f4","FUN_000028f4",$a,00000004
"000028f8","|static|_FUN_0071a844_000028f8",$d,00000000
"000028fc","FUN_000028fc",$a,00000004
"00002900","|static|_FUN_0076fe68_00002900",$d,00000000
"00002904","FUN_00002904",$a,00000004
"00002908","|static|_FUN_0071da54_00002908",$d,00000000
"0000290c","FUN_0000290c",$a,00000004
"00002910","|static|_FUN_0076620c_00002910",$d,00000000
"00002914","FUN_00002914",$a,00000004
"00002918","|static|_FUN_00766574_00002918",$d,00000000
"0000291c","FUN_0000291c",$a,00000004
"00002920","|static|_INVALID_|static|_TEXT:000147d1_00002920",$d,00000000
"00002924","FUN_00002924",$a,00000004
"00002928","|static|_INVALID_|static|_TEXT:000147c5_00002928",$d,00000000
"0000292c","FUN_0000292c",$a,00000004
"00002930","|static|_INVALID_|static|_TEXT:000147f5_00002930",$d,00000000
"00002934","FUN_00002934",$a,00000004
"00002938","|static|_INVALID_|static|_TEXT:000147dd_00002938",$d,00000000
"0000293c","FUN_0000293c",$a,00000004
"00002940","|static|_FUN_005ca5c0_00002940",$d,00000000
"00002944","FUN_00002944",$a,00000004
"00002948","|static|_FUN_006cadb0_00002948",$d,00000000
"0000294c","FUN_0000294c",$a,00000004
"00002950","|static|_FUN_0070b38c_00002950",$d,00000000
"00002954","FUN_00002954",$a,00000004
"00002958","|static|_FUN_006cc958_00002958",$d,00000000
"0000295c","FUN_0000295c",$a,00000004
"00002960","|static|_FUN_006cc97c_00002960",$d,00000000
"00002964","FUN_00002964",$a,00000004
"00002968","|static|_FUN_005ca478_00002968",$d,00000000
"0000296c","FUN_0000296c",$a,00000004
"00002970","|static|_FUN_0070b31c_00002970",$d,00000000
"00002974","FUN_00002974",$a,00000004
"00002978","|static|_FUN_0070b2d0_00002978",$d,00000000
"0000297c","FUN_0000297c",$a,00000004
"00002980","|static|_FUN_0070aaf4_00002980",$d,00000000
"00002984","FUN_00002984",$a,00000004
"00002988","|static|_FUN_002422a0_00002988",$d,00000000
"0000298c","FUN_0000298c",$a,00000004
"00002990","|static|_FUN_0076622c_00002990",$d,00000000
"00002994","FUN_00002994",$a,00000004
"00002998","|static|_INVALID_|static|_TEXT:00016e4f_00002998",$d,00000000
"0000299c","FUN_0000299c",$a,00000004
"000029a0","|static|_FUN_00236ca4_000029a0",$d,00000000
"000029a4","FUN_000029a4",$a,00000004
"000029a8","|static|_FUN_007693d0_000029a8",$d,00000000
"000029ac","FUN_000029ac",$a,00000004
"000029b0","|static|_FUN_00755a8c_000029b0",$d,00000000
"000029b4","FUN_000029b4",$a,00000004
"000029b8","|static|_FUN_006d32d4_000029b8",$d,00000000
"000029bc","FUN_000029bc",$a,00000004
"000029c0","|static|_FUN_005c111c_000029c0",$d,00000000
"000029c4","FUN_000029c4",$a,00000004
"000029c8","|static|_FUN_006e9648_000029c8",$d,00000000
"000029cc","FUN_000029cc",$a,00000004
"000029d0","|static|_FUN_005c0f74_000029d0",$d,00000000
"000029d4","FUN_000029d4",$a,00000004
"000029d8","|static|_FUN_00239d7c_000029d8",$d,00000000
"000029dc","FUN_000029dc",$a,00000004
"000029e0","|static|_FUN_00231918_000029e0",$d,00000000
"000029e4","FUN_000029e4",$a,00000004
"000029e8","|static|_FUN_00584e0c_000029e8",$d,00000000
"000029ec","FUN_000029ec",$a,00000004
"000029f0","|static|_FUN_00584f68_000029f0",$d,00000000
"000029f4","FUN_000029f4",$a,00000004
"000029f8","|static|_FUN_0058bb14_000029f8",$d,00000000
"000029fc","FUN_000029fc",$a,00000004
"00002a00","|static|_FUN_0030f56c_00002a00",$d,00000000
"00002a04","FUN_00002a04",$a,00000004
"00002a08","|static|_FUN_002423a0_00002a08",$d,00000000
"00002a0c","FUN_00002a0c",$a,00000004
"00002a10","|static|_FUN_005c0e0c_00002a10",$d,00000000
"00002a14","FUN_00002a14",$a,00000004
"00002a18","|static|_FUN_002383c0_00002a18",$d,00000000
"00002a1c","FUN_00002a1c",$a,00000004
"00002a20","|static|_FUN_005c8374_00002a20",$d,00000000
"00002a24","FUN_00002a24",$a,00000004
"00002a28","|static|_FUN_006fa76c_00002a28",$d,00000000
"00002a2c","FUN_00002a2c",$a,00000004
"00002a30","|static|_FUN_005b5b78_00002a30",$d,00000000
"00002a34","FUN_00002a34",$a,00000004
"00002a38","|static|_FUN_00584ee8_00002a38",$d,00000000
"00002a3c","FUN_00002a3c",$a,00000004
"00002a40","|static|_FUN_0071831c_00002a40",$d,00000000
"00002a44","FUN_00002a44",$a,00000004
"00002a48","|static|_FUN_00718340_00002a48",$d,00000000
"00002a4c","FUN_00002a4c",$a,00000004
"00002a50","|static|_FUN_00335c10_00002a50",$d,00000000
"00002a54","FUN_00002a54",$a,00000004
"00002a58","|static|_FUN_00578158_00002a58",$d,00000000
"00002a5c","FUN_00002a5c",$a,00000004
"00002a60","|static|_FUN_0056b06c_00002a60",$d,00000000
"00002a64","FUN_00002a64",$a,00000004
"00002a68","|static|_FUN_005c2984_00002a68",$d,00000000
"00002a6c","FUN_00002a6c",$a,00000004
"00002a70","|static|_FUN_005c0fa0_00002a70",$d,00000000
"00002a74","FUN_00002a74",$a,00000004
"00002a78","|static|_FUN_006e9b7c_00002a78",$d,00000000
"00002a80","|static|_FUN_00579b98_00002a80",$d,00000000
"00002a88","|static|_FUN_002d6cc4_00002a88",$d,00000000
"00002a8c","FUN_00002a8c",$a,00000004
"00002a90","|static|_FUN_005b3f88_00002a90",$d,00000000
"00002a94","FUN_00002a94",$a,00000004
"00002a98","|static|_FUN_001e58fc_00002a98",$d,00000000
"00002a9c","FUN_00002a9c",$a,00000004
"00002aa0","|static|_FUN_0055d4b4_00002aa0",$d,00000000
"00002aa4","FUN_00002aa4",$a,00000004
"00002aa8","|static|_FUN_004ed0cc_00002aa8",$d,00000000
"00002aac","FUN_00002aac",$a,00000004
"00002ab0","|static|_FUN_004ed100_00002ab0",$d,00000000
"00002ab4","FUN_00002ab4",$a,00000004
"00002ab8","|static|_FUN_004ed134_00002ab8",$d,00000000
"00002abc","FUN_00002abc",$a,00000004
"00002ac0","|static|_FUN_004ed098_00002ac0",$d,00000000
"00002ac4","FUN_00002ac4",$a,00000004
"00002ac8","|static|_FUN_002d6e48_00002ac8",$d,00000000
"00002acc","FUN_00002acc",$a,00000004
"00002ad0","|static|_FUN_001bab40_00002ad0",$d,00000000
"00002ad4","FUN_00002ad4",$a,00000004
"00002ad8","|static|_FUN_002d6e94_00002ad8",$d,00000000
"00002ae0","|static|_FUN_002d6f40_00002ae0",$d,00000000
"00002ae8","|static|_FUN_002d6fc0_00002ae8",$d,00000000
"00002aec","FUN_00002aec",$a,00000004
"00002af0","|static|_FUN_004ed454_00002af0",$d,00000000
"00002af4","FUN_00002af4",$a,00000004
"00002af8","|static|_FUN_004ed054_00002af8",$d,00000000
"00002afc","FUN_00002afc",$a,00000004
"00002b00","|static|_FUN_004eea38_00002b00",$d,00000000
"00002b04","FUN_00002b04",$a,00000004
"00002b08","|static|_FUN_004eead8_00002b08",$d,00000000
"00002b0c","FUN_00002b0c",$a,00000004
"00002b10","|static|_FUN_004eea20_00002b10",$d,00000000
"00002b14","FUN_00002b14",$a,00000004
"00002b18","|static|_FUN_004eeac8_00002b18",$d,00000000
"00002b1c","FUN_00002b1c",$a,00000004
"00002b20","|static|_FUN_00325498_00002b20",$d,00000000
"00002b24","FUN_00002b24",$a,00000004
"00002b28","|static|_FUN_001babbc_00002b28",$d,00000000
"00002b2c","FUN_00002b2c",$a,00000004
"00002b30","|static|_FUN_0073bfe4_00002b30",$d,00000000
"00002b34","FUN_00002b34",$a,00000004
"00002b38","|static|_FUN_00148710_00002b38",$d,00000000
"00002b3c","FUN_00002b3c",$a,00000004
"00002b40","|static|_FUN_0060351c_00002b40",$d,00000000
"00002b44","FUN_00002b44",$a,00000004
"00002b48","|static|_FUN_00769634_00002b48",$d,00000000
"00002b4c","FUN_00002b4c",$a,00000004
"00002b50","|static|_INVALID_|static|_TEXT:0001b469_00002b50",$d,00000000
"00002b54","FUN_00002b54",$a,00000004
"00002b58","|static|_FUN_007ce640_00002b58",$d,00000000
"00002b5c","FUN_00002b5c",$a,00000004
"00002b60","|static|_FUN_007ce7f0_00002b60",$d,00000000
"00002b64","FUN_00002b64",$a,00000004
"00002b68","|static|_FUN_007ce068_00002b68",$d,00000000
"00002b6c","FUN_00002b6c",$a,00000004
"00002b70","|static|_FUN_00713ad0_00002b70",$d,00000000
"00002b74","FUN_00002b74",$a,00000004
"00002b78","|static|_FUN_0056cc38_00002b78",$d,00000000
"00002b7c","FUN_00002b7c",$a,00000004
"00002b80","|static|_FUN_002fb4a0_00002b80",$d,00000000
"00002b84","FUN_00002b84",$a,00000004
"00002b88","|static|_FUN_0056cddc_00002b88",$d,00000000
"00002b8c","FUN_00002b8c",$a,00000004
"00002b90","|static|_FUN_0056cd34_00002b90",$d,00000000
"00002b94","FUN_00002b94",$a,00000004
"00002b98","|static|_FUN_006a733c_00002b98",$d,00000000
"00002b9c","FUN_00002b9c",$a,00000004
"00002ba0","|static|_FUN_00313440_00002ba0",$d,00000000
"00002ba4","FUN_00002ba4",$a,00000004
"00002ba8","|static|_INVALID_|static|_TEXT:0001922d_00002ba8",$d,00000000
"00002bac","FUN_00002bac",$a,00000004
"00002bb0","|static|_FUN_0075fb94_00002bb0",$d,00000000
"00002bb4","FUN_00002bb4",$a,00000004
"00002bb8","|static|_FUN_00312ab8_00002bb8",$d,00000000
"00002bbc","FUN_00002bbc",$a,00000004
"00002bc0","|static|_INVALID_|static|_TEXT:00209ac9_00002bc0",$d,00000000
"00002bc4","FUN_00002bc4",$a,00000004
"00002bc8","|static|_FUN_00755cd0_00002bc8",$d,00000000
"00002bcc","FUN_00002bcc",$a,00000004
"00002bd0","|static|_FUN_005ce32c_00002bd0",$d,00000000
"00002bd4","FUN_00002bd4",$a,00000004
"00002bd8","|static|_FUN_006fb378_00002bd8",$d,00000000
"00002bdc","FUN_00002bdc",$a,00000004
"00002be0","|static|_FUN_00309bd4_00002be0",$d,00000000
"00002be4","FUN_00002be4",$a,00000004
"00002be8","|static|_INVALID_|static|_TEXT:00209f85_00002be8",$d,00000000
"00002bec","FUN_00002bec",$a,00000004
"00002bf0","|static|_FUN_00318944_00002bf0",$d,00000000
"00002bf4","FUN_00002bf4",$a,00000004
"00002bf8","|static|_FUN_0070ee2c_00002bf8",$d,00000000
"00002bfc","FUN_00002bfc",$a,00000004
"00002c00","|static|_FUN_0051d958_00002c00",$d,00000000
"00002c04","FUN_00002c04",$a,00000004
"00002c08","|static|_FUN_0030716c_00002c08",$d,00000000
"00002c0c","FUN_00002c0c",$a,00000004
"00002c10","|static|_INVALID_|static|_TEXT:00018e25_00002c10",$d,00000000
"00002c14","FUN_00002c14",$a,00000004
"00002c18","|static|_FUN_003188f0_00002c18",$d,00000000
"00002c1c","FUN_00002c1c",$a,00000004
"00002c20","|static|_INVALID_|static|_TEXT:0020e80d_00002c20",$d,00000000
"00002c24","FUN_00002c24",$a,00000004
"00002c28","|static|_FUN_0051dca4_00002c28",$d,00000000
"00002c2c","FUN_00002c2c",$a,00000004
"00002c30","|static|_FUN_00565c0c_00002c30",$d,00000000
"00002c34","FUN_00002c34",$a,00000004
"00002c38","|static|_FUN_004e4d7c_00002c38",$d,00000000
"00002c3c","FUN_00002c3c",$a,00000004
"00002c40","|static|_FUN_006a6dbc_00002c40",$d,00000000
"00002c44","FUN_00002c44",$a,00000004
"00002c48","|static|_FUN_00306e7c_00002c48",$d,00000000
"00002c4c","FUN_00002c4c",$a,00000004
"00002c50","|static|_FUN_004e93d8_00002c50",$d,00000000
"00002c54","FUN_00002c54",$a,00000004
"00002c58","|static|_FUN_00718e78_00002c58",$d,00000000
"00002c5c","FUN_00002c5c",$a,00000004
"00002c60","|static|_FUN_00205d80_00002c60",$d,00000000
"00002c64","FUN_00002c64",$a,00000004
"00002c68","|static|_FUN_0030b90c_00002c68",$d,00000000
"00002c6c","FUN_00002c6c",$a,00000004
"00002c70","|static|_FUN_00757620_00002c70",$d,00000000
"00002c74","FUN_00002c74",$a,00000004
"00002c78","|static|_FUN_004e0f00_00002c78",$d,00000000
"00002c7c","FUN_00002c7c",$a,00000004
"00002c80","|static|_FUN_0051d900_00002c80",$d,00000000
"00002c84","FUN_00002c84",$a,00000004
"00002c88","|static|_FUN_003098b0_00002c88",$d,00000000
"00002c8c","FUN_00002c8c",$a,00000004
"00002c90","|static|_FUN_00309f04_00002c90",$d,00000000
"00002c94","FUN_00002c94",$a,00000004
"00002c98","|static|_FUN_006323d8_00002c98",$d,00000000
"00002c9c","FUN_00002c9c",$a,00000004
"00002ca0","|static|_FUN_00631440_00002ca0",$d,00000000
"00002ca4","FUN_00002ca4",$a,00000004
"00002ca8","|static|_INVALID_|static|_TEXT:0001a391_00002ca8",$d,00000000
"00002cac","FUN_00002cac",$a,00000004
"00002cb0","|static|_FUN_001c0848_00002cb0",$d,00000000
"00002cb4","FUN_00002cb4",$a,00000004
"00002cb8","|static|_FUN_0051d3f0_00002cb8",$d,00000000
"00002cbc","FUN_00002cbc",$a,00000004
"00002cc0","|static|_FUN_00309ccc_00002cc0",$d,00000000
"00002cc4","FUN_00002cc4",$a,00000004
"00002cc8","|static|_FUN_0051ccb0_00002cc8",$d,00000000
"00002ccc","FUN_00002ccc",$a,00000004
"00002cd0","|static|_FUN_0051dd40_00002cd0",$d,00000000
"00002cd4","FUN_00002cd4",$a,00000004
"00002cd8","|static|_FUN_006fa168_00002cd8",$d,00000000
"00002cdc","FUN_00002cdc",$a,00000004
"00002ce0","|static|_FUN_0069a644_00002ce0",$d,00000000
"00002ce4","FUN_00002ce4",$a,00000004
"00002ce8","|static|_FUN_006f98d0_00002ce8",$d,00000000
"00002cec","FUN_00002cec",$a,00000004
"00002cf0","|static|_FUN_00752208_00002cf0",$d,00000000
"00002cf4","FUN_00002cf4",$a,00000004
"00002cf8","|static|_FUN_00765fa8_00002cf8",$d,00000000
"00002cfc","FUN_00002cfc",$a,00000004
"00002d00","|static|_FUN_00760638_00002d00",$d,00000000
"00002d04","FUN_00002d04",$a,00000004
"00002d08","|static|_FUN_0076880c_00002d08",$d,00000000
"00002d0c","FUN_00002d0c",$a,00000004
"00002d10","|static|_INVALID_|static|_TEXT:00012fe3_00002d10",$d,00000000
"00002d14","FUN_00002d14",$a,00000004
"00002d18","|static|_FUN_007689a4_00002d18",$d,00000000
"00002d1c","FUN_00002d1c",$a,00000004
"00002d20","|static|_INVALID_|static|_TEXT:00012df9_00002d20",$d,00000000
"00002d24","FUN_00002d24",$a,00000004
"00002d28","|static|_FUN_00768268_00002d28",$d,00000000
"00002d2c","FUN_00002d2c",$a,00000004
"00002d30","|static|_FUN_0030b654_00002d30",$d,00000000
"00002d34","FUN_00002d34",$a,00000004
"00002d38","|static|_INVALID_|static|_TEXT:00210829_00002d38",$d,00000000
"00002d3c","FUN_00002d3c",$a,00000004
"00002d40","|static|_FUN_002fe574_00002d40",$d,00000000
"00002d44","FUN_00002d44",$a,00000004
"00002d48","|static|_FUN_00632acc_00002d48",$d,00000000
"00002d4c","FUN_00002d4c",$a,00000004
"00002d50","|static|_INVALID_|static|_TEXT:00012f9d_00002d50",$d,00000000
"00002d54","FUN_00002d54",$a,00000004
"00002d58","|static|_FUN_0030b924_00002d58",$d,00000000
"00002d5c","FUN_00002d5c",$a,00000004
"00002d60","ModuleFtr_FUN_0001ef50_00002d60",$d,00000000
"00002d64","FUN_00002d64",$a,00000004
"00002d68","ModuleFtr_FUN_000140e0_00002d68",$d,00000000
"00002d6c","FUN_00002d6c",$a,00000004
"00002d70","|static|_FUN_00303acc_00002d70",$d,00000000
"00002d74","FUN_00002d74",$a,00000004
"00002d78","|static|_FUN_004e10c8_00002d78",$d,00000000
"00002d7c","FUN_00002d7c",$a,00000004
"00002d80","|static|_FUN_00569b70_00002d80",$d,00000000
"00002d84","FUN_00002d84",$a,00000004
"00002d88","ModuleFtr_FUN_0001ef6c_00002d88",$d,00000000
"00002d8c","FUN_00002d8c",$a,00000004
"00002d90","ModuleFtr_FUN_0001d3c4_00002d90",$d,00000000
"00002d94","FUN_00002d94",$a,00000004
"00002d98","ModuleFtr_FUN_0001cba4_00002d98",$d,00000000
"00002d9c","FUN_00002d9c",$a,00000004
"00002da0","ModuleFtr_FUN_0001cc78_00002da0",$d,00000000
"00002da4","FUN_00002da4",$a,00000004
"00002da8","ModuleFtr_FUN_0001ec74_00002da8",$d,00000000
"00002dac","FUN_00002dac",$a,00000004
"00002db0","|static|_FUN_0068efa8_00002db0",$d,00000000
"00002db4","FUN_00002db4",$a,00000004
"00002db8","|static|_FUN_0068ec10_00002db8",$d,00000000
"00002dbc","FUN_00002dbc",$a,00000004
"00002dc0","|static|_FUN_0075abcc_00002dc0",$d,00000000
"00002dc4","FUN_00002dc4",$a,00000004
"00002dc8","|static|_FUN_0068f14c_00002dc8",$d,00000000
"00002dcc","FUN_00002dcc",$a,00000004
"00002dd0","|static|_FUN_002b7d48_00002dd0",$d,00000000
"00002dd4","FUN_00002dd4",$a,00000004
"00002dd8","|static|_FUN_002b6ef8_00002dd8",$d,00000000
"00002ddc","FUN_00002ddc",$a,00000004
"00002de0","|static|_FUN_002f7710_00002de0",$d,00000000
"00002de4","FUN_00002de4",$a,00000004
"00002de8","|static|_FUN_006d2780_00002de8",$d,00000000
"00002dec","FUN_00002dec",$a,00000004
"00002df0","|static|_FUN_001a9368_00002df0",$d,00000000
"00002df4","FUN_00002df4",$a,00000004
"00002df8","|static|_thunk_FUN_0047f3a0_00002df8",$d,00000000
"00002dfc","FUN_00002dfc",$a,00000004
"00002e00","|static|_FUN_0023c6c0_00002e00",$d,00000000
"00002e04","FUN_00002e04",$a,00000004
"00002e08","|static|_FUN_0023c65c_00002e08",$d,00000000
"00002e0c","FUN_00002e0c",$a,00000004
"00002e10","|static|_FUN_00521ddc_00002e10",$d,00000000
"00002e14","FUN_00002e14",$a,00000004
"00002e18","|static|_FUN_0074fc40_00002e18",$d,00000000
"00002e1c","FUN_00002e1c",$a,00000004
"00002e20","ModuleFtr_FUN_00014334_00002e20",$d,00000000
"00002e24","FUN_00002e24",$a,00000004
"00002e28","ModuleFtr_FUN_0001ecf4_00002e28",$d,00000000
"00002e2c","FUN_00002e2c",$a,00000004
"00002e30","|static|_FUN_00540b14_00002e30",$d,00000000
"00002e34","FUN_00002e34",$a,00000004
"00002e38","|static|_FUN_003170d0_00002e38",$d,00000000
"00002e3c","FUN_00002e3c",$a,00000004
"00002e40","|static|_FUN_005c45f0_00002e40",$d,00000000
"00002e44","FUN_00002e44",$a,00000004
"00002e48","|static|_FUN_00578aa0_00002e48",$d,00000000
"00002e4c","FUN_00002e4c",$a,00000004
"00002e50","|static|_FUN_0030bb10_00002e50",$d,00000000
"00002e54","FUN_00002e54",$a,00000004
"00002e58","|static|_FUN_003314c4_00002e58",$d,00000000
"00002e5c","FUN_00002e5c",$a,00000004
"00002e60","|static|_FUN_00566b68_00002e60",$d,00000000
"00002e64","FUN_00002e64",$a,00000004
"00002e68","|static|_FUN_006cfb1c_00002e68",$d,00000000
"00002e6c","FUN_00002e6c",$a,00000004
"00002e70","|static|_FUN_006d00e4_00002e70",$d,00000000
"00002e78","|static|_FUN_0023bc4c_00002e78",$d,00000000
"00002e7c","FUN_00002e7c",$a,00000004
"00002e80","|static|_INVALID_|static|_TEXT:00019045_00002e80",$d,00000000
"00002e84","FUN_00002e84",$a,00000004
"00002e88","|static|_FUN_0076dc8c_00002e88",$d,00000000
"00002e8c","FUN_00002e8c",$a,00000004
"00002e90","|static|_FUN_0076dcc4_00002e90",$d,00000000
"00002e94","FUN_00002e94",$a,00000004
"00002e98","|static|_FUN_001b5730_00002e98",$d,00000000
"00002e9c","FUN_00002e9c",$a,00000004
"00002ea0","|static|_FUN_00712f14_00002ea0",$d,00000000
"00002ea4","FUN_00002ea4",$a,00000004
"00002ea8","|static|_FUN_007111b4_00002ea8",$d,00000000
"00002eac","FUN_00002eac",$a,00000004
"00002eb0","|static|_INVALID_|static|_TEXT:00018e95_00002eb0",$d,00000000
"00002eb4","FUN_00002eb4",$a,00000004
"00002eb8","|static|_INVALID_|static|_TEXT:0000e95d_00002eb8",$d,00000000
"00002ebc","FUN_00002ebc",$a,00000004
"00002ec0","|static|_FUN_006fa40c_00002ec0",$d,00000000
"00002ec4","FUN_00002ec4",$a,00000004
"00002ec8","|static|_FUN_0024287c_00002ec8",$d,00000000
"00002ecc","FUN_00002ecc",$a,00000004
"00002ed0","|static|_INVALID_|static|_TEXT:00018c75_00002ed0",$d,00000000
"00002ed4","FUN_00002ed4",$a,00000004
"00002ed8","|static|_FUN_00303660_00002ed8",$d,00000000
"00002edc","FUN_00002edc",$a,00000004
"00002ee0","|static|_FUN_001b590c_00002ee0",$d,00000000
"00002ee4","FUN_00002ee4",$a,00000004
"00002ee8","|static|_FUN_0071f4cc_00002ee8",$d,00000000
"00002eec","FUN_00002eec",$a,00000004
"00002ef0","|static|_FUN_008383f0_00002ef0",$d,00000000
"00002ef4","FUN_00002ef4",$a,00000004
"00002ef8","|static|_FUN_0056cce4_00002ef8",$d,00000000
"00002efc","FUN_00002efc",$a,00000004
"00002f00","|static|_FUN_0056ce84_00002f00",$d,00000000
"00002f04","FUN_00002f04",$a,00000004
"00002f08","|static|_FUN_0056cbe8_00002f08",$d,00000000
"00002f0c","FUN_00002f0c",$a,00000004
"00002f10","|static|_FUN_003014b4_00002f10",$d,00000000
"00002f14","FUN_00002f14",$a,00000004
"00002f18","|static|_FUN_002706ec_00002f18",$d,00000000
"00002f1c","FUN_00002f1c",$a,00000004
"00002f20","|static|_FUN_005d23e4_00002f20",$d,00000000
"00002f24","FUN_00002f24",$a,00000004
"00002f28","|static|_FUN_005d22ac_00002f28",$d,00000000
"00002f2c","FUN_00002f2c",$a,00000004
"00002f30","|static|_FUN_00759a20_00002f30",$d,00000000
"00002f34","FUN_00002f34",$a,00000004
"00002f38","|static|_FUN_006a5e44_00002f38",$d,00000000
"00002f3c","FUN_00002f3c",$a,00000004
"00002f40","|static|_FUN_00250764_00002f40",$d,00000000
"00002f44","FUN_00002f44",$a,00000004
"00002f48","|static|_FUN_00565c34_00002f48",$d,00000000
"00002f4c","FUN_00002f4c",$a,00000004
"00002f50","|static|_FUN_005d23f4_00002f50",$d,00000000
"00002f54","FUN_00002f54",$a,00000004
"00002f58","|static|_FUN_005d222c_00002f58",$d,00000000
"00002f5c","FUN_00002f5c",$a,00000004
"00002f60","|static|_FUN_00565c00_00002f60",$d,00000000
"00002f64","FUN_00002f64",$a,00000004
"00002f68","|static|_FUN_005d2398_00002f68",$d,00000000
"00002f6c","FUN_00002f6c",$a,00000004
"00002f70","|static|_FUN_007005f4_00002f70",$d,00000000
"00002f74","FUN_00002f74",$a,00000004
"00002f78","|static|_FUN_0075c348_00002f78",$d,00000000
"00002f7c","FUN_00002f7c",$a,00000004
"00002f80","|static|_FUN_0075c574_00002f80",$d,00000000
"00002f84","FUN_00002f84",$a,00000004
"00002f88","|static|_FUN_005f3bb8_00002f88",$d,00000000
"00002f8c","FUN_00002f8c",$a,00000004
"00002f90","|static|_FUN_0018cfa0_00002f90",$d,00000000
"00002f94","FUN_00002f94",$a,00000004
"00002f98","|static|_FUN_0018cbb4_00002f98",$d,00000000
"00002f9c","FUN_00002f9c",$a,00000004
"00002fa0","|static|_FUN_0018d570_00002fa0",$d,00000000
"00002fa4","FUN_00002fa4",$a,00000004
"00002fa8","|static|_FUN_0018d284_00002fa8",$d,00000000
"00002fac","FUN_00002fac",$a,00000004
"00002fb0","|static|_INVALID_|static|_TEXT:00012fd5_00002fb0",$d,00000000
"00002fb4","FUN_00002fb4",$a,00000004
"00002fb8","|static|_INVALID_|static|_TEXT:00012775_00002fb8",$d,00000000
"00002fbc","FUN_00002fbc",$a,00000004
"00002fc0","|static|_FUN_00300914_00002fc0",$d,00000000
"00002fc4","FUN_00002fc4",$a,00000004
"00002fc8","|static|_FUN_00300924_00002fc8",$d,00000000
"00002fcc","FUN_00002fcc",$a,00000004
"00002fd0","|static|_FUN_002fd5c4_00002fd0",$d,00000000
"00002fd8","|static|_FUN_0032553c_00002fd8",$d,00000000
"00002fdc","FUN_00002fdc",$a,00000004
"00002fe0","|static|_thunk_FUN_004ee514_00002fe0",$d,00000000
"00002fe4","FUN_00002fe4",$a,00000004
"00002fe8","|static|_FUN_002ccc70_00002fe8",$d,00000000
"00002fec","FUN_00002fec",$a,00000004
"00002ff0","|static|_FUN_00766170_00002ff0",$d,00000000
"00002ff4","FUN_00002ff4",$a,00000004
"00002ff8","|static|_FUN_00718c6c_00002ff8",$d,00000000
"00002ffc","FUN_00002ffc",$a,00000004
"00003000","|static|_FUN_0031e810_00003000",$d,00000000
"00003004","FUN_00003004",$a,00000004
"00003008","|static|_FUN_00694918_00003008",$d,00000000
"0000300c","FUN_0000300c",$a,00000004
"00003010","|static|_FUN_0026f6a8_00003010",$d,00000000
"00003018","|static|_FUN_006a3d00_00003018",$d,00000000
"0000301c","FUN_0000301c",$a,00000004
"00003020","|static|_FUN_0026f970_00003020",$d,00000000
"00003028","|static|_FUN_006a40c8_00003028",$d,00000000
"0000302c","FUN_0000302c",$a,00000004
"00003030","|static|_FUN_0071aecc_00003030",$d,00000000
"00003034","FUN_00003034",$a,00000004
"00003038","|static|_FUN_0072355c_00003038",$d,00000000
"0000303c","FUN_0000303c",$a,00000004
"00003040","|static|_FUN_00723f18_00003040",$d,00000000
"00003044","FUN_00003044",$a,00000004
"00003048","|static|_FUN_0031e570_00003048",$d,00000000
"0000304c","FUN_0000304c",$a,00000004
"00003050","|static|_FUN_0026ced8_00003050",$d,00000000
"00003054","FUN_00003054",$a,00000004
"00003058","|static|_FUN_0026e250_00003058",$d,00000000
"0000305c","FUN_0000305c",$a,00000004
"00003060","|static|_FUN_0031e510_00003060",$d,00000000
"00003064","FUN_00003064",$a,00000004
"00003068","|static|_FUN_0026eadc_00003068",$d,00000000
"0000306c","FUN_0000306c",$a,00000004
"00003070","|static|_FUN_0026e320_00003070",$d,00000000
"00003074","FUN_00003074",$a,00000004
"00003078","|static|_FUN_0026fac4_00003078",$d,00000000
"0000307c","FUN_0000307c",$a,00000004
"00003080","|static|_FUN_002a7190_00003080",$d,00000000
"00003084","FUN_00003084",$a,00000004
"00003088","|static|_FUN_001ad2d4_00003088",$d,00000000
"0000308c","FUN_0000308c",$a,00000004
"00003090","|static|_FUN_0026d6e4_00003090",$d,00000000
"00003094","FUN_00003094",$a,00000004
"00003098","|static|_FUN_0024efd0_00003098",$d,00000000
"0000309c","FUN_0000309c",$a,00000004
"000030a0","|static|_FUN_0026d644_000030a0",$d,00000000
"000030a4","FUN_000030a4",$a,00000004
"000030a8","|static|_FUN_0022c368_000030a8",$d,00000000
"000030ac","FUN_000030ac",$a,00000004
"000030b0","|static|_FUN_00316ffc_000030b0",$d,00000000
"000030b4","FUN_000030b4",$a,00000004
"000030b8","|static|_FUN_006021d0_000030b8",$d,00000000
"000030bc","FUN_000030bc",$a,00000004
"000030c0","|static|_FUN_00602144_000030c0",$d,00000000
"000030c4","FUN_000030c4",$a,00000004
"000030c8","|static|_FUN_0060396c_000030c8",$d,00000000
"000030d0","|static|_FUN_00602938_000030d0",$d,00000000
"000030d4","FUN_000030d4",$a,00000004
"000030d8","|static|_FUN_0026ea88_000030d8",$d,00000000
"000030dc","FUN_000030dc",$a,00000004
"000030e0","|static|_FUN_0031e8bc_000030e0",$d,00000000
"000030e4","FUN_000030e4",$a,00000004
"000030e8","|static|_FUN_006a3988_000030e8",$d,00000000
"000030ec","FUN_000030ec",$a,00000004
"000030f0","|static|_FUN_0026f9c4_000030f0",$d,00000000
"000030f4","FUN_000030f4",$a,00000004
"000030f8","|static|_FUN_0031ec78_000030f8",$d,00000000
"000030fc","FUN_000030fc",$a,00000004
"00003100","|static|_FUN_006a3cb4_00003100",$d,00000000
"00003104","FUN_00003104",$a,00000004
"00003108","|static|_FUN_0026ebd4_00003108",$d,00000000
"0000310c","FUN_0000310c",$a,00000004
"00003110","|static|_FUN_0031e8d8_00003110",$d,00000000
"00003114","FUN_00003114",$a,00000004
"00003118","|static|_FUN_006a39a8_00003118",$d,00000000
"0000311c","FUN_0000311c",$a,00000004
"00003120","|static|_FUN_006a32c4_00003120",$d,00000000
"00003124","FUN_00003124",$a,00000004
"00003128","|static|_FUN_0022bea0_00003128",$d,00000000
"0000312c","FUN_0000312c",$a,00000004
"00003130","|static|_FUN_002687c8_00003130",$d,00000000
"00003134","FUN_00003134",$a,00000004
"00003138","|static|_FUN_002688cc_00003138",$d,00000000
"0000313c","FUN_0000313c",$a,00000004
"00003140","|static|_FUN_00724400_00003140",$d,00000000
"00003144","FUN_00003144",$a,00000004
"00003148","|static|_FUN_00724558_00003148",$d,00000000
"0000314c","FUN_0000314c",$a,00000004
"00003150","|static|_FUN_0026f808_00003150",$d,00000000
"00003154","FUN_00003154",$a,00000004
"00003158","|static|_FUN_0026eb6c_00003158",$d,00000000
"0000315c","FUN_0000315c",$a,00000004
"00003160","|static|_FUN_0031ebf0_00003160",$d,00000000
"00003164","FUN_00003164",$a,00000004
"00003168","|static|_FUN_006a3c2c_00003168",$d,00000000
"0000316c","FUN_0000316c",$a,00000004
"00003170","|static|_FUN_0026f754_00003170",$d,00000000
"00003174","FUN_00003174",$a,00000004
"00003178","|static|_FUN_0022bf54_00003178",$d,00000000
"0000317c","FUN_0000317c",$a,00000004
"00003180","|static|_FUN_0026f6fc_00003180",$d,00000000
"00003184","FUN_00003184",$a,00000004
"00003188","|static|_FUN_0031eb20_00003188",$d,00000000
"0000318c","FUN_0000318c",$a,00000004
"00003190","|static|_FUN_006a3bd4_00003190",$d,00000000
"00003194","FUN_00003194",$a,00000004
"00003198","|static|_FUN_0022bf34_00003198",$d,00000000
"0000319c","FUN_0000319c",$a,00000004
"000031a0","|static|_FUN_005dd69c_000031a0",$d,00000000
"000031a4","FUN_000031a4",$a,00000004
"000031a8","|static|_FUN_0026fc4c_000031a8",$d,00000000
"000031ac","FUN_000031ac",$a,00000004
"000031b0","|static|_FUN_0031ecbc_000031b0",$d,00000000
"000031b8","|static|_FUN_004f0e54_000031b8",$d,00000000
"000031bc","FUN_000031bc",$a,00000004
"000031c0","|static|_FUN_005c1630_000031c0",$d,00000000
"000031c4","FUN_000031c4",$a,00000004
"000031c8","|static|_FUN_00584508_000031c8",$d,00000000
"000031cc","FUN_000031cc",$a,00000004
"000031d0","|static|_FUN_005c1f38_000031d0",$d,00000000
"000031d4","FUN_000031d4",$a,00000004
"000031d8","|static|_FUN_00584268_000031d8",$d,00000000
"000031dc","FUN_000031dc",$a,00000004
"000031e0","|static|_FUN_0018fc84_000031e0",$d,00000000
"000031e4","FUN_000031e4",$a,00000004
"000031e8","|static|_FUN_001905f8_000031e8",$d,00000000
"000031ec","FUN_000031ec",$a,00000004
"000031f0","|static|_FUN_0068ef34_000031f0",$d,00000000
"000031f4","FUN_000031f4",$a,00000004
"000031f8","|static|_FUN_005843b8_000031f8",$d,00000000
"000031fc","FUN_000031fc",$a,00000004
"00003200","|static|_caseD_6_00003200",$d,00000000
"00003204","FUN_00003204",$a,00000004
"00003208","|static|_FUN_00190484_00003208",$d,00000000
"0000320c","FUN_0000320c",$a,00000004
"00003210","|static|_FUN_005848a0_00003210",$d,00000000
"00003214","FUN_00003214",$a,00000004
"00003218","|static|_FUN_005c6af8_00003218",$d,00000000
"0000321c","FUN_0000321c",$a,00000004
"00003220","|static|_FUN_005c5dc8_00003220",$d,00000000
"00003224","FUN_00003224",$a,00000004
"00003228","|static|_FUN_006b8b5c_00003228",$d,00000000
"0000322c","FUN_0000322c",$a,00000004
"00003230","|static|_FUN_002fc2a4_00003230",$d,00000000
"00003234","FUN_00003234",$a,00000004
"00003238","|static|_FUN_0023d8f8_00003238",$d,00000000
"0000323c","FUN_0000323c",$a,00000004
"00003240","|static|_FUN_0023d74c_00003240",$d,00000000
"00003244","FUN_00003244",$a,00000004
"00003248","|static|_FUN_002fe874_00003248",$d,00000000
"0000324c","FUN_0000324c",$a,00000004
"00003250","|static|_FUN_0023e254_00003250",$d,00000000
"00003254","FUN_00003254",$a,00000004
"00003258","|static|_FUN_0023d99c_00003258",$d,00000000
"0000325c","FUN_0000325c",$a,00000004
"00003260","|static|_FUN_0030f560_00003260",$d,00000000
"00003264","FUN_00003264",$a,00000004
"00003268","|static|_FUN_0023d5ec_00003268",$d,00000000
"0000326c","FUN_0000326c",$a,00000004
"00003270","|static|_FUN_005b4eb0_00003270",$d,00000000
"00003278","|static|_FUN_0057a2e4_00003278",$d,00000000
"00003280","|static|_FUN_006eefa4_00003280",$d,00000000
"00003284","FUN_00003284",$a,00000004
"00003288","|static|_FUN_002e66c0_00003288",$d,00000000
"00003298","|static|_FUN_002e5b08_00003298",$d,00000000
"000032a0","|static|_FUN_001bf4d8_000032a0",$d,00000000
"000032a4","FUN_000032a4",$a,00000004
"000032a8","|static|_FUN_001bf6b4_000032a8",$d,00000000
"000032ac","FUN_000032ac",$a,00000004
"000032b0","|static|_FUN_00717980_000032b0",$d,00000000
"000032b8","|static|_FUN_0023930c_000032b8",$d,00000000
"000032bc","FUN_000032bc",$a,00000004
"000032c0","|static|_FUN_006b7d3c_000032c0",$d,00000000
"000032c4","FUN_000032c4",$a,00000004
"000032c8","|static|_FUN_007175ec_000032c8",$d,00000000
"000032cc","FUN_000032cc",$a,00000004
"000032d0","|static|_FUN_00717654_000032d0",$d,00000000
"000032d4","FUN_000032d4",$a,00000004
"000032d8","|static|_FUN_007177ac_000032d8",$d,00000000
"000032dc","FUN_000032dc",$a,00000004
"000032e0","|static|_FUN_007177e0_000032e0",$d,00000000
"000032e8","|static|_FUN_0076c6d4_000032e8",$d,00000000
"000032ec","FUN_000032ec",$a,00000004
"000032f0","|static|_FUN_001c0038_000032f0",$d,00000000
"000032f4","FUN_000032f4",$a,00000004
"000032f8","|static|_FUN_00717908_000032f8",$d,00000000
"000032fc","FUN_000032fc",$a,00000004
"00003300","|static|_FUN_006eda58_00003300",$d,00000000
"00003304","FUN_00003304",$a,00000004
"00003308","|static|_FUN_005c7b70_00003308",$d,00000000
"0000330c","FUN_0000330c",$a,00000004
"00003310","|static|_FUN_001bed94_00003310",$d,00000000
"00003314","FUN_00003314",$a,00000004
"00003318","|static|_FUN_001beb64_00003318",$d,00000000
"0000331c","FUN_0000331c",$a,00000004
"00003320","|static|_FUN_001bee94_00003320",$d,00000000
"00003324","FUN_00003324",$a,00000004
"00003328","|static|_FUN_00751f40_00003328",$d,00000000
"0000332c","FUN_0000332c",$a,00000004
"00003330","|static|_FUN_006e7c8c_00003330",$d,00000000
"00003334","FUN_00003334",$a,00000004
"00003338","|static|_FUN_006d1f78_00003338",$d,00000000
"0000333c","FUN_0000333c",$a,00000004
"00003340","|static|_FUN_006d3b90_00003340",$d,00000000
"00003344","FUN_00003344",$a,00000004
"00003348","|static|_FUN_006d2494_00003348",$d,00000000
"0000334c","FUN_0000334c",$a,00000004
"00003350","|static|_FUN_002cd17c_00003350",$d,00000000
"00003358","ModuleFtr_FUN_00007f98_00003358",$d,00000000
"0000335c","FUN_0000335c",$a,00000004
"00003360","|static|_FUN_001cb474_00003360",$d,00000000
"00003364","FUN_00003364",$a,00000004
"0000336c","FUN_0000336c",$a,00000004
"00003370","|static|_FUN_0051b060_00003370",$d,00000000
"00003374","FUN_00003374",$a,00000004
"00003378","|static|_FUN_0051b04c_00003378",$d,00000000
"0000337c","FUN_0000337c",$a,00000004
"00003380","|static|_FUN_001cb690_00003380",$d,00000000
"00003384","FUN_00003384",$a,00000004
"00003388","|static|_FUN_001cb6d0_00003388",$d,00000000
"0000338c","FUN_0000338c",$a,00000004
"00003390","|static|_FUN_00568938_00003390",$d,00000000
"00003394","FUN_00003394",$a,00000004
"00003398","|static|_FUN_002ccfd4_00003398",$d,00000000
"0000339c","FUN_0000339c",$a,00000004
"000033a0","|static|_FUN_002e0374_000033a0",$d,00000000
"000033a4","FUN_000033a4",$a,00000004
"000033a8","|static|_FUN_002686d4_000033a8",$d,00000000
"000033ac","FUN_000033ac",$a,00000004
"000033b0","|static|_FUN_002686c0_000033b0",$d,00000000
"000033b4","FUN_000033b4",$a,00000004
"000033b8","|static|_FUN_002cd0e0_000033b8",$d,00000000
"000033bc","FUN_000033bc",$a,00000004
"000033c0","|static|_FUN_001cb884_000033c0",$d,00000000
"000033c4","FUN_000033c4",$a,00000004
"000033c8","|static|_FUN_002b6de0_000033c8",$d,00000000
"000033cc","FUN_000033cc",$a,00000004
"000033d0","|static|_FUN_004eebcc_000033d0",$d,00000000
"000033d4","FUN_000033d4",$a,00000004
"000033d8","|static|_FUN_0075da94_000033d8",$d,00000000
"000033dc","FUN_000033dc",$a,00000004
"000033e0","|static|_FUN_0075d9d4_000033e0",$d,00000000
"000033e4","FUN_000033e4",$a,00000004
"000033e8","|static|_FUN_006c83f0_000033e8",$d,00000000
"000033ec","FUN_000033ec",$a,00000004
"000033f0","|static|_FUN_0056a664_000033f0",$d,00000000
"000033f4","FUN_000033f4",$a,00000004
"000033f8","|static|_FUN_0056a1d4_000033f8",$d,00000000
"00003400","|static|_FUN_001e74d4_00003400",$d,00000000
"00003404","FUN_00003404",$a,00000004
"00003408","|static|_FUN_0018fc94_00003408",$d,00000000
"0000340c","FUN_0000340c",$a,00000004
"00003418","|static|_LAB_00256510_00003418",$d,00000000
"0000341c","FUN_0000341c",$a,00000004
"00003420","|static|_FUN_005b40fc_00003420",$d,00000000
"00003424","FUN_00003424",$a,00000004
"00003428","|static|_FUN_004e377c_00003428",$d,00000000
"0000342c","FUN_0000342c",$a,00000004
"00003430","|static|_FUN_00603500_00003430",$d,00000000
"00003434","FUN_00003434",$a,00000004
"00003438","|static|_FUN_004e240c_00003438",$d,00000000
"0000343c","FUN_0000343c",$a,00000004
"00003440","|static|_FUN_0068f114_00003440",$d,00000000
"00003444","FUN_00003444",$a,00000004
"00003448","|static|_FUN_0014f394_00003448",$d,00000000
"0000344c","FUN_0000344c",$a,00000004
"00003450","|static|_FUN_0068f048_00003450",$d,00000000
"00003454","FUN_00003454",$a,00000004
"00003458","|static|_FUN_002385d0_00003458",$d,00000000
"0000345c","FUN_0000345c",$a,00000004
"00003460","|static|_FUN_00231360_00003460",$d,00000000
"00003464","FUN_00003464",$a,00000004
"00003468","|static|_FUN_005c0fdc_00003468",$d,00000000
"0000346c","FUN_0000346c",$a,00000004
"00003470","|static|_FUN_0062c9f0_00003470",$d,00000000
"00003474","FUN_00003474",$a,00000004
"00003478","|static|_FUN_0068f32c_00003478",$d,00000000
"00003480","|static|_FUN_006049ac_00003480",$d,00000000
"00003488","|static|_FUN_00604a4c_00003488",$d,00000000
"0000348c","FUN_0000348c",$a,00000004
"00003490","|static|_FUN_005c866c_00003490",$d,00000000
"00003494","FUN_00003494",$a,00000004
"00003498","|static|_FUN_00584134_00003498",$d,00000000
"0000349c","FUN_0000349c",$a,00000004
"000034a0","|static|_FUN_00753088_000034a0",$d,00000000
"000034a4","FUN_000034a4",$a,00000004
"000034a8","|static|_FUN_0058c5f0_000034a8",$d,00000000
"000034ac","FUN_000034ac",$a,00000004
"000034b0","|static|_FUN_0062cae8_000034b0",$d,00000000
"000034b4","FUN_000034b4",$a,00000004
"000034b8","|static|_FUN_006d1ff0_000034b8",$d,00000000
"000034bc","FUN_000034bc",$a,00000004
"000034c0","|static|_FUN_005c8704_000034c0",$d,00000000
"000034c4","FUN_000034c4",$a,00000004
"000034c8","|static|_FUN_005b556c_000034c8",$d,00000000
"000034cc","FUN_000034cc",$a,00000004
"000034d0","|static|_FUN_0076f818_000034d0",$d,00000000
"000034d4","FUN_000034d4",$a,00000004
"000034d8","|static|_FUN_0052ccfc_000034d8",$d,00000000
"000034e0","|static|_FUN_00577a24_000034e0",$d,00000000
"000034e4","FUN_000034e4",$a,00000004
"000034e8","|static|_FUN_006c8560_000034e8",$d,00000000
"000034ec","FUN_000034ec",$a,00000004
"000034f0","ModuleFtr_FUN_00006fc4_000034f0",$d,00000000
"000034f4","FUN_000034f4",$a,00000004
"000034f8","ModuleFtr_FUN_00008f0c_000034f8",$d,00000000
"000034fc","FUN_000034fc",$a,00000004
"00003500","ModuleFtr_FUN_00007288_00003500",$d,00000000
"00003504","FUN_00003504",$a,00000004
"00003508","ModuleFtr_FUN_000091d8_00003508",$d,00000000
"0000350c","FUN_0000350c",$a,00000004
"00003510","ModuleFtr_FUN_00009698_00003510",$d,00000000
"00003514","FUN_00003514",$a,00000004
"00003518","ModuleFtr_FUN_0001ec50_00003518",$d,00000000
"0000351c","FUN_0000351c",$a,00000004
"00003520","|static|_FUN_004de538_00003520",$d,00000000
"00003524","FUN_00003524",$a,00000004
"00003528","ModuleFtr_FUN_00008668_00003528",$d,00000000
"0000352c","FUN_0000352c",$a,00000004
"00003530","ModuleFtr_FUN_00007844_00003530",$d,00000000
"00003534","FUN_00003534",$a,00000004
"00003538","ModuleFtr_FUN_00007788_00003538",$d,00000000
"0000353c","FUN_0000353c",$a,00000004
"00003540","ModuleFtr_FUN_0001d3e0_00003540",$d,00000000
"00003544","FUN_00003544",$a,00000004
"00003548","ModuleFtr_FUN_0001d3ec_00003548",$d,00000000
"0000354c","FUN_0000354c",$a,00000004
"00003550","|static|_FUN_00230494_00003550",$d,00000000
"00003554","FUN_00003554",$a,00000004
"00003558","|static|_FUN_006330ec_00003558",$d,00000000
"0000355c","FUN_0000355c",$a,00000004
"00003560","|static|_FUN_006342dc_00003560",$d,00000000
"00003564","FUN_00003564",$a,00000004
"00003568","|static|_FUN_0075ce78_00003568",$d,00000000
"0000356c","FUN_0000356c",$a,00000004
"00003570","|static|_FUN_0030dad8_00003570",$d,00000000
"00003574","FUN_00003574",$a,00000004
"00003578","|static|_FUN_00312c4c_00003578",$d,00000000
"00003580","|static|_FUN_00634430_00003580",$d,00000000
"00003584","FUN_00003584",$a,00000004
"00003588","|static|_FUN_002371cc_00003588",$d,00000000
"0000358c","FUN_0000358c",$a,00000004
"00003590","|static|_FUN_005c8454_00003590",$d,00000000
"00003598","|static|_SUB_006492f4_00003598",$d,00000000
"0000359c","FUN_0000359c",$a,00000004
"000035a0","|static|_FUN_0071a7ec_000035a0",$d,00000000
"000035a4","FUN_000035a4",$a,00000004
"000035a8","|static|_FUN_0016eb04_000035a8",$d,00000000
"000035b0","|static|_FUN_00634e58_000035b0",$d,00000000
"000035b4","FUN_000035b4",$a,00000004
"000035b8","|static|_FUN_0075cdac_000035b8",$d,00000000
"000035c0","|static|_FUN_00635d50_000035c0",$d,00000000
"000035c4","FUN_000035c4",$a,00000004
"000035c8","|static|_INVALID_|static|_TEXT:00209eb9_000035c8",$d,00000000
"000035cc","FUN_000035cc",$a,00000004
"000035d0","|static|_INVALID_|static|_TEXT:00209971_000035d0",$d,00000000
"000035d4","FUN_000035d4",$a,00000004
"000035d8","|static|_FUN_00768044_000035d8",$d,00000000
"000035dc","FUN_000035dc",$a,00000004
"000035e0","|static|_FUN_00767fdc_000035e0",$d,00000000
"000035e4","FUN_000035e4",$a,00000004
"000035e8","|static|_INVALID_|static|_TEXT:0001a1d7_000035e8",$d,00000000
"000035ec","FUN_000035ec",$a,00000004
"000035f0","|static|_FUN_0071a868_000035f0",$d,00000000
"000035f4","FUN_000035f4",$a,00000004
"000035f8","|static|_INVALID_|static|_TEXT:0020b5a5_000035f8",$d,00000000
"000035fc","FUN_000035fc",$a,00000004
"00003600","|static|_FUN_0030b674_00003600",$d,00000000
"00003604","FUN_00003604",$a,00000004
"00003608","|static|_FUN_00768b4c_00003608",$d,00000000
"0000360c","FUN_0000360c",$a,00000004
"00003610","|static|_FUN_00759b18_00003610",$d,00000000
"00003614","FUN_00003614",$a,00000004
"00003618","|static|_FUN_0075cd98_00003618",$d,00000000
"0000361c","FUN_0000361c",$a,00000004
"00003620","|static|_FUN_0023321c_00003620",$d,00000000
"00003624","FUN_00003624",$a,00000004
"00003628","|static|_FUN_00231f1c_00003628",$d,00000000
"0000362c","FUN_0000362c",$a,00000004
"00003630","|static|_FUN_006eba04_00003630",$d,00000000
"00003634","FUN_00003634",$a,00000004
"00003638","|static|_FUN_0052c82c_00003638",$d,00000000
"0000363c","FUN_0000363c",$a,00000004
"00003640","|static|_FUN_005c1008_00003640",$d,00000000
"00003644","FUN_00003644",$a,00000004
"00003648","|static|_INVALID_|static|_TEXT:00018c9d_00003648",$d,00000000
"0000364c","FUN_0000364c",$a,00000004
"00003650","|static|_FUN_005bb96c_00003650",$d,00000000
"00003654","FUN_00003654",$a,00000004
"00003658","|static|_FUN_002ff6f8_00003658",$d,00000000
"0000365c","FUN_0000365c",$a,00000004
"00003660","|static|_INVALID_|static|_TEXT:00018cad_00003660",$d,00000000
"00003664","FUN_00003664",$a,00000004
"00003668","|static|_FUN_005c7c10_00003668",$d,00000000
"0000366c","FUN_0000366c",$a,00000004
"00003670","|static|_INVALID_|static|_TEXT:0000db2d_00003670",$d,00000000
"00003674","FUN_00003674",$a,00000004
"00003678","|static|_FUN_0064664c_00003678",$d,00000000
"0000367c","FUN_0000367c",$a,00000004
"00003680","|static|_FUN_00301da8_00003680",$d,00000000
"00003684","FUN_00003684",$a,00000004
"00003688","|static|_FUN_007569d4_00003688",$d,00000000
"0000368c","FUN_0000368c",$a,00000004
"00003690","|static|_FUN_005baa00_00003690",$d,00000000
"00003694","FUN_00003694",$a,00000004
"00003698","|static|_FUN_00756d94_00003698",$d,00000000
"0000369c","FUN_0000369c",$a,00000004
"000036a0","|static|_FUN_006420e4_000036a0",$d,00000000
"000036a4","FUN_000036a4",$a,00000004
"000036a8","|static|_FUN_0076a028_000036a8",$d,00000000
"000036ac","FUN_000036ac",$a,00000004
"000036b0","|static|_FUN_004e0cec_000036b0",$d,00000000
"000036b4","FUN_000036b4",$a,00000004
"000036b8","|static|_FUN_005361a8_000036b8",$d,00000000
"000036bc","FUN_000036bc",$a,00000004
"000036c0","|static|_FUN_0076936c_000036c0",$d,00000000
"000036c4","FUN_000036c4",$a,00000004
"000036c8","|static|_FUN_0051d3d4_000036c8",$d,00000000
"000036cc","FUN_000036cc",$a,00000004
"000036d0","|static|_FUN_0051d8e8_000036d0",$d,00000000
"000036d4","FUN_000036d4",$a,00000004
"000036d8","|static|_FUN_0031079c_000036d8",$d,00000000
"000036dc","FUN_000036dc",$a,00000004
"000036e0","|static|_FUN_00305630_000036e0",$d,00000000
"000036e4","FUN_000036e4",$a,00000004
"000036e8","|static|_FUN_007478a0_000036e8",$d,00000000
"000036ec","FUN_000036ec",$a,00000004
"000036f0","|static|_FUN_00255dfc_000036f0",$d,00000000
"000036f4","FUN_000036f4",$a,00000004
"000036f8","|static|_FUN_00255ebc_000036f8",$d,00000000
"000036fc","FUN_000036fc",$a,00000004
"00003700","|static|_FUN_0075cd5c_00003700",$d,00000000
"00003704","FUN_00003704",$a,00000004
"00003708","|static|_FUN_00255e70_00003708",$d,00000000
"0000370c","FUN_0000370c",$a,00000004
"00003710","|static|_FUN_0024bcf8_00003710",$d,00000000
"00003714","FUN_00003714",$a,00000004
"00003718","|static|_FUN_00716440_00003718",$d,00000000
"0000371c","FUN_0000371c",$a,00000004
"00003720","|static|_FUN_00716228_00003720",$d,00000000
"00003724","FUN_00003724",$a,00000004
"00003728","|static|_FUN_00716480_00003728",$d,00000000
"0000372c","FUN_0000372c",$a,00000004
"00003730","|static|_FUN_00254ad8_00003730",$d,00000000
"00003734","FUN_00003734",$a,00000004
"00003738","|static|_FUN_0024bca4_00003738",$d,00000000
"0000373c","FUN_0000373c",$a,00000004
"00003740","|static|_FUN_0024c698_00003740",$d,00000000
"00003744","FUN_00003744",$a,00000004
"00003748","|static|_caseD_6_00003748",$d,00000000
"0000374c","FUN_0000374c",$a,00000004
"00003750","|static|_FUN_0024c65c_00003750",$d,00000000
"00003754","FUN_00003754",$a,00000004
"00003758","|static|_FUN_0024c6e4_00003758",$d,00000000
"0000375c","FUN_0000375c",$a,00000004
"00003760","|static|_FUN_0024bdf0_00003760",$d,00000000
"00003764","FUN_00003764",$a,00000004
"00003768","|static|_FUN_007161b0_00003768",$d,00000000
"0000376c","FUN_0000376c",$a,00000004
"00003770","|static|_FUN_006f0130_00003770",$d,00000000
"00003774","FUN_00003774",$a,00000004
"00003778","|static|_FUN_0024b7b8_00003778",$d,00000000
"0000377c","FUN_0000377c",$a,00000004
"00003780","|static|_FUN_00250d40_00003780",$d,00000000
"00003784","FUN_00003784",$a,00000004
"00003788","|static|_FUN_005bd73c_00003788",$d,00000000
"0000378c","FUN_0000378c",$a,00000004
"00003790","|static|_FUN_006b8df4_00003790",$d,00000000
"00003794","FUN_00003794",$a,00000004
"00003798","|static|_FUN_0030b8bc_00003798",$d,00000000
"0000379c","FUN_0000379c",$a,00000004
"000037a0","|static|_FUN_004e1a50_000037a0",$d,00000000
"000037a4","FUN_000037a4",$a,00000004
"000037a8","|static|_FUN_00318fbc_000037a8",$d,00000000
"000037ac","FUN_000037ac",$a,00000004
"000037b0","|static|_FUN_004e7bb0_000037b0",$d,00000000
"000037b4","FUN_000037b4",$a,00000004
"000037b8","|static|_INVALID_|static|_TEXT:00012d35_000037b8",$d,00000000
"000037bc","FUN_000037bc",$a,00000004
"000037c0","|static|_FUN_004e0cbc_000037c0",$d,00000000
"000037c8","|static|_FUN_0063fccc_000037c8",$d,00000000
"000037cc","FUN_000037cc",$a,00000004
"000037d0","|static|_FUN_00643230_000037d0",$d,00000000
"000037d4","FUN_000037d4",$a,00000004
"000037d8","|static|_FUN_006ba938_000037d8",$d,00000000
"000037dc","FUN_000037dc",$a,00000004
"000037e0","|static|_FUN_00303094_000037e0",$d,00000000
"000037e4","FUN_000037e4",$a,00000004
"000037e8","|static|_INVALID_|static|_TEXT:00210531_000037e8",$d,00000000
"000037ec","FUN_000037ec",$a,00000004
"000037f0","|static|_INVALID_|static|_TEXT:00012793_000037f0",$d,00000000
"000037f4","FUN_000037f4",$a,00000004
"000037f8","|static|_INVALID_|static|_TEXT:00012785_000037f8",$d,00000000
"000037fc","FUN_000037fc",$a,00000004
"00003800","|static|_FUN_00313124_00003800",$d,00000000
"00003804","FUN_00003804",$a,00000004
"00003808","|static|_INVALID_|static|_TEXT:0001b3d5_00003808",$d,00000000
"0000380c","FUN_0000380c",$a,00000004
"00003810","|static|_FUN_00700198_00003810",$d,00000000
"00003814","FUN_00003814",$a,00000004
"00003818","|static|_FUN_006b8c44_00003818",$d,00000000
"0000381c","FUN_0000381c",$a,00000004
"00003820","|static|_FUN_00757584_00003820",$d,00000000
"00003824","FUN_00003824",$a,00000004
"00003828","|static|_FUN_005c5fc0_00003828",$d,00000000
"0000382c","FUN_0000382c",$a,00000004
"00003830","|static|_FUN_005c455c_00003830",$d,00000000
"00003834","FUN_00003834",$a,00000004
"00003838","|static|_FUN_006b86d4_00003838",$d,00000000
"0000383c","FUN_0000383c",$a,00000004
"00003840","|static|_INVALID_|static|_TEXT:00012ff5_00003840",$d,00000000
"00003844","FUN_00003844",$a,00000004
"00003848","|static|_FUN_004de88c_00003848",$d,00000000
"0000384c","FUN_0000384c",$a,00000004
"00003850","|static|_FUN_001fddb8_00003850",$d,00000000
"00003854","FUN_00003854",$a,00000004
"00003858","|static|_FUN_005fdfa0_00003858",$d,00000000
"0000385c","FUN_0000385c",$a,00000004
"00003860","|static|_FUN_003084c8_00003860",$d,00000000
"00003864","FUN_00003864",$a,00000004
"00003868","|static|_FUN_005c1198_00003868",$d,00000000
"0000386c","FUN_0000386c",$a,00000004
"00003870","|static|_FUN_0068ec64_00003870",$d,00000000
"00003874","FUN_00003874",$a,00000004
"00003878","|static|_FUN_004de6f0_00003878",$d,00000000
"0000387c","FUN_0000387c",$a,00000004
"00003880","|static|_FUN_005c1ac8_00003880",$d,00000000
"00003884","FUN_00003884",$a,00000004
"00003888","|static|_FUN_004de9b8_00003888",$d,00000000
"0000388c","FUN_0000388c",$a,00000004
"00003890","|static|_FUN_005c1910_00003890",$d,00000000
"00003894","FUN_00003894",$a,00000004
"00003898","|static|_FUN_001e848c_00003898",$d,00000000
"0000389c","FUN_0000389c",$a,00000004
"000038a0","|static|_FUN_001e6288_000038a0",$d,00000000
"000038a4","FUN_000038a4",$a,00000004
"000038a8","|static|_FUN_0058c19c_000038a8",$d,00000000
"000038ac","FUN_000038ac",$a,00000004
"000038b0","|static|_FUN_0058aa38_000038b0",$d,00000000
"000038b4","FUN_000038b4",$a,00000004
"000038b8","|static|_FUN_004e0ee8_000038b8",$d,00000000
"000038bc","FUN_000038bc",$a,00000004
"000038c0","|static|_FUN_00642288_000038c0",$d,00000000
"000038c4","FUN_000038c4",$a,00000004
"000038c8","|static|_FUN_0018d024_000038c8",$d,00000000
"000038cc","FUN_000038cc",$a,00000004
"000038d0","|static|_FUN_0017e894_000038d0",$d,00000000
"000038d4","FUN_000038d4",$a,00000004
"000038d8","|static|_FUN_0027f708_000038d8",$d,00000000
"000038dc","FUN_000038dc",$a,00000004
"000038e0","|static|_FUN_00174e80_000038e0",$d,00000000
"000038e4","FUN_000038e4",$a,00000004
"000038e8","|static|_FUN_0075b8ec_000038e8",$d,00000000
"000038ec","FUN_000038ec",$a,00000004
"000038f0","|static|_FUN_00230f90_000038f0",$d,00000000
"000038f4","FUN_000038f4",$a,00000004
"000038f8","|static|_FUN_0051e1f8_000038f8",$d,00000000
"000038fc","FUN_000038fc",$a,00000004
"00003900","|static|_INVALID_|static|_TEXT:0001a219_00003900",$d,00000000
"00003904","FUN_00003904",$a,00000004
"00003908","|static|_FUN_002386f4_00003908",$d,00000000
"0000390c","FUN_0000390c",$a,00000004
"00003910","|static|_FUN_00643258_00003910",$d,00000000
"00003914","FUN_00003914",$a,00000004
"00003918","|static|_FUN_00649540_00003918",$d,00000000
"0000391c","FUN_0000391c",$a,00000004
"00003920","|static|_FUN_005bc8dc_00003920",$d,00000000
"00003924","FUN_00003924",$a,00000004
"00003928","|static|_FUN_005bc884_00003928",$d,00000000
"00003930","|static|_FUN_006b8290_00003930",$d,00000000
"00003934","FUN_00003934",$a,00000004
"00003938","|static|_FUN_0075ce98_00003938",$d,00000000
"0000393c","FUN_0000393c",$a,00000004
"00003940","|static|_FUN_0058e000_00003940",$d,00000000
"00003944","FUN_00003944",$a,00000004
"00003948","|static|_INVALID_|static|_TEXT:00012229_00003948",$d,00000000
"0000394c","FUN_0000394c",$a,00000004
"00003950","|static|_FUN_0051d32c_00003950",$d,00000000
"00003954","FUN_00003954",$a,00000004
"00003958","|static|_FUN_007d146c_00003958",$d,00000000
"0000395c","FUN_0000395c",$a,00000004
"00003960","|static|_FUN_0051d840_00003960",$d,00000000
"00003964","FUN_00003964",$a,00000004
"00003968","|static|_INVALID_|static|_TEXT:00018ff9_00003968",$d,00000000
"0000396c","FUN_0000396c",$a,00000004
"00003970","|static|_FUN_007576e4_00003970",$d,00000000
"00003974","FUN_00003974",$a,00000004
"00003978","|static|_FUN_005b6a10_00003978",$d,00000000
"0000397c","FUN_0000397c",$a,00000004
"00003980","|static|_FUN_00614980_00003980",$d,00000000
"00003984","FUN_00003984",$a,00000004
"00003988","|static|_FUN_005c0cdc_00003988",$d,00000000
"0000398c","FUN_0000398c",$a,00000004
"00003990","|static|_FUN_00578a1c_00003990",$d,00000000
"00003994","FUN_00003994",$a,00000004
"00003998","|static|_FUN_004e1a68_00003998",$d,00000000
"0000399c","FUN_0000399c",$a,00000004
"000039a0","|static|_INVALID_|static|_TEXT:000139fd_000039a0",$d,00000000
"000039a4","FUN_000039a4",$a,00000004
"000039a8","|static|_INVALID_|static|_TEXT:0000e315_000039a8",$d,00000000
"000039b0","|static|_FUN_005bd46c_000039b0",$d,00000000
"000039b4","FUN_000039b4",$a,00000004
"000039b8","|static|_FUN_0047df5c_000039b8",$d,00000000
"000039bc","FUN_000039bc",$a,00000004
"000039c0","|static|_FUN_0047df24_000039c0",$d,00000000
"000039c4","FUN_000039c4",$a,00000004
"000039c8","|static|_FUN_00565bfc_000039c8",$d,00000000
"000039d0","|static|_FUN_0058aa4c_000039d0",$d,00000000
"000039d4","FUN_000039d4",$a,00000004
"000039d8","|static|_FUN_0051e2e0_000039d8",$d,00000000
"000039dc","FUN_000039dc",$a,00000004
"000039e0","|static|_FUN_005c7cdc_000039e0",$d,00000000
"000039e4","FUN_000039e4",$a,00000004
"000039e8","|static|_FUN_0051e140_000039e8",$d,00000000
"000039ec","FUN_000039ec",$a,00000004
"000039f0","|static|_FUN_0056c45c_000039f0",$d,00000000
"000039f4","FUN_000039f4",$a,00000004
"000039f8","|static|_FUN_00314ce4_000039f8",$d,00000000
"000039fc","FUN_000039fc",$a,00000004
"00003a00","|static|_FUN_006322a0_00003a00",$d,00000000
"00003a04","FUN_00003a04",$a,00000004
"00003a08","|static|_FUN_0051e034_00003a08",$d,00000000
"00003a0c","FUN_00003a0c",$a,00000004
"00003a10","|static|_FUN_006c8778_00003a10",$d,00000000
"00003a14","FUN_00003a14",$a,00000004
"00003a18","|static|_FUN_006c6fe8_00003a18",$d,00000000
"00003a1c","FUN_00003a1c",$a,00000004
"00003a20","|static|_FUN_001c0850_00003a20",$d,00000000
"00003a24","FUN_00003a24",$a,00000004
"00003a28","|static|_FUN_006e5718_00003a28",$d,00000000
"00003a2c","FUN_00003a2c",$a,00000004
"00003a30","|static|_FUN_002e5f50_00003a30",$d,00000000
"00003a34","FUN_00003a34",$a,00000004
"00003a38","|static|_FUN_001abd24_00003a38",$d,00000000
"00003a3c","FUN_00003a3c",$a,00000004
"00003a40","|static|_FUN_0056a178_00003a40",$d,00000000
"00003a44","FUN_00003a44",$a,00000004
"00003a48","|static|_FUN_005c3470_00003a48",$d,00000000
"00003a4c","FUN_00003a4c",$a,00000004
"00003a50","|static|_FUN_00691b34_00003a50",$d,00000000
"00003a54","FUN_00003a54",$a,00000004
"00003a58","|static|_FUN_006ea7ac_00003a58",$d,00000000
"00003a5c","FUN_00003a5c",$a,00000004
"00003a60","|static|_FUN_006eb164_00003a60",$d,00000000
"00003a64","FUN_00003a64",$a,00000004
"00003a68","|static|_FUN_006eb898_00003a68",$d,00000000
"00003a6c","FUN_00003a6c",$a,00000004
"00003a74","FUN_00003a74",$a,00000004
"00003a78","|static|_FUN_006edc28_00003a78",$d,00000000
"00003a7c","FUN_00003a7c",$a,00000004
"00003a80","|static|_FUN_0031d7f4_00003a80",$d,00000000
"00003a84","FUN_00003a84",$a,00000004
"00003a88","|static|_FUN_0031d950_00003a88",$d,00000000
"00003a8c","FUN_00003a8c",$a,00000004
"00003a90","|static|_FUN_006ed388_00003a90",$d,00000000
"00003a98","|static|_FUN_0058a958_00003a98",$d,00000000
"00003a9c","FUN_00003a9c",$a,00000004
"00003aa0","|static|_INVALID_|static|_TEXT:00016ebf_00003aa0",$d,00000000
"00003aa8","|static|_FUN_0052dad0_00003aa8",$d,00000000
"00003ab0","|static|_FUN_0020ce8c_00003ab0",$d,00000000
"00003ab4","FUN_00003ab4",$a,00000004
"00003ab8","|static|_FUN_006fb0dc_00003ab8",$d,00000000
"00003abc","FUN_00003abc",$a,00000004
"00003ac0","|static|_FUN_00718ef0_00003ac0",$d,00000000
"00003ac4","FUN_00003ac4",$a,00000004
"00003ac8","|static|_FUN_006fb1ac_00003ac8",$d,00000000
"00003acc","FUN_00003acc",$a,00000004
"00003ad0","|static|_FUN_006fb2c4_00003ad0",$d,00000000
"00003ad4","FUN_00003ad4",$a,00000004
"00003ad8","|static|_FUN_00650714_00003ad8",$d,00000000
"00003adc","FUN_00003adc",$a,00000004
"00003ae0","|static|_FUN_00651a68_00003ae0",$d,00000000
"00003ae4","FUN_00003ae4",$a,00000004
"00003ae8","|static|_FUN_007626c0_00003ae8",$d,00000000
"00003aec","FUN_00003aec",$a,00000004
"00003af0","|static|_FUN_00762e5c_00003af0",$d,00000000
"00003af4","FUN_00003af4",$a,00000004
"00003af8","|static|_FUN_00665268_00003af8",$d,00000000
"00003afc","FUN_00003afc",$a,00000004
"00003b00","|static|_FUN_00659c08_00003b00",$d,00000000
"00003b04","FUN_00003b04",$a,00000004
"00003b08","|static|_FUN_0064dc88_00003b08",$d,00000000
"00003b0c","FUN_00003b0c",$a,00000004
"00003b10","|static|_FUN_0067a478_00003b10",$d,00000000
"00003b14","FUN_00003b14",$a,00000004
"00003b18","|static|_FUN_0067c674_00003b18",$d,00000000
"00003b1c","FUN_00003b1c",$a,00000004
"00003b20","|static|_FUN_0076239c_00003b20",$d,00000000
"00003b24","FUN_00003b24",$a,00000004
"00003b28","|static|_FUN_0076433c_00003b28",$d,00000000
"00003b2c","FUN_00003b2c",$a,00000004
"00003b30","|static|_FUN_0064e7a4_00003b30",$d,00000000
"00003b34","FUN_00003b34",$a,00000004
"00003b38","|static|_FUN_0065795c_00003b38",$d,00000000
"00003b3c","FUN_00003b3c",$a,00000004
"00003b40","|static|_FUN_001d0350_00003b40",$d,00000000
"00003b44","FUN_00003b44",$a,00000004
"00003b48","|static|_FUN_006538e0_00003b48",$d,00000000
"00003b4c","FUN_00003b4c",$a,00000004
"00003b50","|static|_FUN_0064f508_00003b50",$d,00000000
"00003b54","FUN_00003b54",$a,00000004
"00003b58","|static|_FUN_0070ae20_00003b58",$d,00000000
"00003b5c","FUN_00003b5c",$a,00000004
"00003b60","|static|_FUN_0070acf8_00003b60",$d,00000000
"00003b64","FUN_00003b64",$a,00000004
"00003b68","|static|_FUN_0076f954_00003b68",$d,00000000
"00003b6c","FUN_00003b6c",$a,00000004
"00003b70","|static|_FUN_0068dc14_00003b70",$d,00000000
"00003b78","|static|_FUN_00656e5c_00003b78",$d,00000000
"00003b7c","FUN_00003b7c",$a,00000004
"00003b80","|static|_FUN_001aba5c_00003b80",$d,00000000
"00003b84","FUN_00003b84",$a,00000004
"00003b88","|static|_FUN_0066fce4_00003b88",$d,00000000
"00003b8c","FUN_00003b8c",$a,00000004
"00003b90","|static|_FUN_0065d80c_00003b90",$d,00000000
"00003b94","FUN_00003b94",$a,00000004
"00003b98","|static|_FUN_00651874_00003b98",$d,00000000
"00003b9c","FUN_00003b9c",$a,00000004
"00003ba0","|static|_FUN_006547e4_00003ba0",$d,00000000
"00003ba4","FUN_00003ba4",$a,00000004
"00003ba8","|static|_FUN_00681214_00003ba8",$d,00000000
"00003bac","FUN_00003bac",$a,00000004
"00003bb0","|static|_FUN_00653258_00003bb0",$d,00000000
"00003bb4","FUN_00003bb4",$a,00000004
"00003bb8","|static|_FUN_004e19d4_00003bb8",$d,00000000
"00003bbc","FUN_00003bbc",$a,00000004
"00003bc0","|static|_FUN_006ba118_00003bc0",$d,00000000
"00003bc4","FUN_00003bc4",$a,00000004
"00003bc8","|static|_FUN_0064f314_00003bc8",$d,00000000
"00003bcc","FUN_00003bcc",$a,00000004
"00003bd0","|static|_FUN_0068db1c_00003bd0",$d,00000000
"00003bd4","FUN_00003bd4",$a,00000004
"00003bd8","|static|_FUN_00765164_00003bd8",$d,00000000
"00003bdc","FUN_00003bdc",$a,00000004
"00003be0","|static|_FUN_00682304_00003be0",$d,00000000
"00003be4","FUN_00003be4",$a,00000004
"00003be8","|static|_FUN_0064d0b8_00003be8",$d,00000000
"00003bec","FUN_00003bec",$a,00000004
"00003bf0","|static|_FUN_00763830_00003bf0",$d,00000000
"00003bf4","FUN_00003bf4",$a,00000004
"00003bf8","|static|_FUN_0067be68_00003bf8",$d,00000000
"00003c00","|static|_FUN_00654214_00003c00",$d,00000000
"00003c04","FUN_00003c04",$a,00000004
"00003c08","|static|_FUN_0067beac_00003c08",$d,00000000
"00003c0c","FUN_00003c0c",$a,00000004
"00003c10","|static|_FUN_0067be7c_00003c10",$d,00000000
"00003c14","FUN_00003c14",$a,00000004
"00003c18","|static|_FUN_004e14ec_00003c18",$d,00000000
"00003c1c","FUN_00003c1c",$a,00000004
"00003c20","|static|_FUN_007622f0_00003c20",$d,00000000
"00003c28","|static|_FUN_00762b9c_00003c28",$d,00000000
"00003c30","|static|_FUN_00762bbc_00003c30",$d,00000000
"00003c34","FUN_00003c34",$a,00000004
"00003c38","|static|_FUN_005b40ac_00003c38",$d,00000000
"00003c3c","FUN_00003c3c",$a,00000004
"00003c40","|static|_FUN_0064cc68_00003c40",$d,00000000
"00003c44","FUN_00003c44",$a,00000004
"00003c48","|static|_FUN_006739b8_00003c48",$d,00000000
"00003c4c","FUN_00003c4c",$a,00000004
"00003c50","|static|_FUN_007637e8_00003c50",$d,00000000
"00003c54","FUN_00003c54",$a,00000004
"00003c58","|static|_FUN_00723af8_00003c58",$d,00000000
"00003c5c","FUN_00003c5c",$a,00000004
"00003c60","|static|_FUN_00723ad4_00003c60",$d,00000000
"00003c64","FUN_00003c64",$a,00000004
"00003c68","|static|_FUN_002faa58_00003c68",$d,00000000
"00003c6c","FUN_00003c6c",$a,00000004
"00003c70","|static|_FUN_00763278_00003c70",$d,00000000
"00003c74","FUN_00003c74",$a,00000004
"00003c78","|static|_FUN_0065e238_00003c78",$d,00000000
"00003c7c","FUN_00003c7c",$a,00000004
"00003c80","|static|_FUN_005b4724_00003c80",$d,00000000
"00003c84","FUN_00003c84",$a,00000004
"00003c88","|static|_FUN_00763258_00003c88",$d,00000000
"00003c8c","FUN_00003c8c",$a,00000004
"00003c90","|static|_FUN_001abb7c_00003c90",$d,00000000
"00003c94","FUN_00003c94",$a,00000004
"00003c98","|static|_FUN_0071f2c4_00003c98",$d,00000000
"00003c9c","FUN_00003c9c",$a,00000004
"00003ca0","|static|_FUN_0071f2d4_00003ca0",$d,00000000
"00003ca4","FUN_00003ca4",$a,00000004
"00003ca8","|static|_FUN_00763398_00003ca8",$d,00000000
"00003cac","FUN_00003cac",$a,00000004
"00003cb0","|static|_FUN_00762658_00003cb0",$d,00000000
"00003cb4","FUN_00003cb4",$a,00000004
"00003cb8","|static|_FUN_00762678_00003cb8",$d,00000000
"00003cbc","FUN_00003cbc",$a,00000004
"00003cc0","|static|_FUN_00768d60_00003cc0",$d,00000000
"00003cc4","FUN_00003cc4",$a,00000004
"00003cc8","|static|_FUN_007634b0_00003cc8",$d,00000000
"00003ccc","FUN_00003ccc",$a,00000004
"00003cd0","|static|_FUN_00763490_00003cd0",$d,00000000
"00003cd4","FUN_00003cd4",$a,00000004
"00003cd8","|static|_FUN_006c6640_00003cd8",$d,00000000
"00003cdc","FUN_00003cdc",$a,00000004
"00003ce0","|static|_FUN_001ce3c0_00003ce0",$d,00000000
"00003ce4","FUN_00003ce4",$a,00000004
"00003ce8","|static|_FUN_001d2ee4_00003ce8",$d,00000000
"00003cec","FUN_00003cec",$a,00000004
"00003cf0","|static|_FUN_006572e4_00003cf0",$d,00000000
"00003cf4","FUN_00003cf4",$a,00000004
"00003cf8","|static|_FUN_00765a70_00003cf8",$d,00000000
"00003cfc","FUN_00003cfc",$a,00000004
"00003d00","|static|_FUN_00765dfc_00003d00",$d,00000000
"00003d04","FUN_00003d04",$a,00000004
"00003d08","|static|_FUN_00316f9c_00003d08",$d,00000000
"00003d10","|static|_FUN_00764bb0_00003d10",$d,00000000
"00003d18","|static|_FUN_0064f3b4_00003d18",$d,00000000
"00003d20","|static|_FUN_0065196c_00003d20",$d,00000000
"00003d24","FUN_00003d24",$a,00000004
"00003d28","|static|_FUN_004deaec_00003d28",$d,00000000
"00003d2c","FUN_00003d2c",$a,00000004
"00003d30","ModuleReMoCnt_FUN_00003bf0_00003d30",$d,00000000
"00003d34","FUN_00003d34",$a,00000004
"00003d38","|static|_FUN_004e41e4_00003d38",$d,00000000
"00003d40","|static|_FUN_004dec24_00003d40",$d,00000000
"00003d48","|static|_FUN_00651544_00003d48",$d,00000000
"00003d50","|static|_FUN_0020758c_00003d50",$d,00000000
"00003d58","|static|_FUN_0024f1e8_00003d58",$d,00000000
"00003d60","|static|_FUN_0067c7d4_00003d60",$d,00000000
"00003d68","|static|_FUN_0067bc50_00003d68",$d,00000000
"00003d70","|static|_FUN_00651484_00003d70",$d,00000000
"00003d78","|static|_LAB_004deb1c_00003d78",$d,00000000
"00003d7c","FUN_00003d7c",$a,00000004
"00003d80","|static|_FUN_005c33d0_00003d80",$d,00000000
"00003d84","FUN_00003d84",$a,00000004
"00003d88","|static|_FUN_0068dc58_00003d88",$d,00000000
"00003d8c","FUN_00003d8c",$a,00000004
"00003d90","|static|_FUN_00765664_00003d90",$d,00000000
"00003d94","FUN_00003d94",$a,00000004
"00003d98","|static|_FUN_0068ce0c_00003d98",$d,00000000
"00003d9c","FUN_00003d9c",$a,00000004
"00003da0","|static|_FUN_006ee628_00003da0",$d,00000000
"00003da4","FUN_00003da4",$a,00000004
"00003da8","|static|_SUB_001b55b8_00003da8",$d,00000000
"00003dac","FUN_00003dac",$a,00000004
"00003db0","|static|_FUN_0060e77c_00003db0",$d,00000000
"00003db4","FUN_00003db4",$a,00000004
"00003db8","|static|_FUN_00695584_00003db8",$d,00000000
"00003dbc","FUN_00003dbc",$a,00000004
"00003dc0","|static|_INVALID_|static|_TEXT:00011f95_00003dc0",$d,00000000
"00003dc4","FUN_00003dc4",$a,00000004
"00003dc8","|static|_FUN_0030fca0_00003dc8",$d,00000000
"00003dcc","FUN_00003dcc",$a,00000004
"00003dd0","|static|_INVALID_|static|_TEXT:00019361_00003dd0",$d,00000000
"00003dd4","FUN_00003dd4",$a,00000004
"00003dd8","|static|_FUN_002fe450_00003dd8",$d,00000000
"00003ddc","FUN_00003ddc",$a,00000004
"00003de0","|static|_FUN_003099d0_00003de0",$d,00000000
"00003de4","FUN_00003de4",$a,00000004
"00003de8","|static|_FUN_0030b6c4_00003de8",$d,00000000
"00003dec","FUN_00003dec",$a,00000004
"00003df0","ModuleNpcDt_FUN_00002cf4_00003df0",$d,00000000
"00003df4","FUN_00003df4",$a,00000004
"00003df8","|static|_INVALID_|static|_TEXT:000120f1_00003df8",$d,00000000
"00003dfc","FUN_00003dfc",$a,00000004
"00003e00","|static|_INVALID_|static|_TEXT:00209865_00003e00",$d,00000000
"00003e04","FUN_00003e04",$a,00000004
"00003e08","|static|_INVALID_|static|_TEXT:0001ab05_00003e08",$d,00000000
"00003e0c","FUN_00003e0c",$a,00000004
"00003e10","|static|_FUN_007165d0_00003e10",$d,00000000
"00003e14","FUN_00003e14",$a,00000004
"00003e18","|static|_FUN_00230bb4_00003e18",$d,00000000
"00003e1c","FUN_00003e1c",$a,00000004
"00003e20","|static|_FUN_0051cbdc_00003e20",$d,00000000
"00003e24","FUN_00003e24",$a,00000004
"00003e28","|static|_caseD_0_00003e28",$d,00000000
"00003e2c","FUN_00003e2c",$a,00000004
"00003e30","|static|_INVALID_|static|_TEXT:0001b40d_00003e30",$d,00000000
"00003e34","FUN_00003e34",$a,00000004
"00003e38","|static|_INVALID_|static|_TEXT:0001a795_00003e38",$d,00000000
"00003e3c","FUN_00003e3c",$a,00000004
"00003e40","|static|_INVALID_|static|_TEXT:00018f4d_00003e40",$d,00000000
"00003e44","FUN_00003e44",$a,00000004
"00003e48","|static|_FUN_005e1a00_00003e48",$d,00000000
"00003e50","|static|_FUN_00231520_00003e50",$d,00000000
"00003e54","FUN_00003e54",$a,00000004
"00003e58","|static|_FUN_0056d488_00003e58",$d,00000000
"00003e5c","FUN_00003e5c",$a,00000004
"00003e60","|static|_FUN_006f2504_00003e60",$d,00000000
"00003e64","FUN_00003e64",$a,00000004
"00003e68","|static|_FUN_006f1b1c_00003e68",$d,00000000
"00003e6c","FUN_00003e6c",$a,00000004
"00003e70","|static|_FUN_002fe9dc_00003e70",$d,00000000
"00003e74","FUN_00003e74",$a,00000004
"00003e78","|static|_FUN_0071b8d0_00003e78",$d,00000000
"00003e7c","FUN_00003e7c",$a,00000004
"00003e80","|static|_FUN_005f11c4_00003e80",$d,00000000
"00003e84","FUN_00003e84",$a,00000004
"00003e88","|static|_FUN_00292c80_00003e88",$d,00000000
"00003e8c","FUN_00003e8c",$a,00000004
"00003e90","|static|_FUN_00231724_00003e90",$d,00000000
"00003e94","FUN_00003e94",$a,00000004
"00003e98","|static|_FUN_00237f10_00003e98",$d,00000000
"00003e9c","FUN_00003e9c",$a,00000004
"00003ea0","|static|_FUN_0056be90_00003ea0",$d,00000000
"00003ea4","FUN_00003ea4",$a,00000004
"00003ea8","|static|_FUN_00312bd0_00003ea8",$d,00000000
"00003eac","FUN_00003eac",$a,00000004
"00003eb0","|static|_FUN_00312ca0_00003eb0",$d,00000000
"00003eb4","FUN_00003eb4",$a,00000004
"00003eb8","|static|_FUN_00312cb0_00003eb8",$d,00000000
"00003ebc","FUN_00003ebc",$a,00000004
"00003ec0","|static|_INVALID_|static|_TEXT:0000f121_00003ec0",$d,00000000
"00003ec8","|static|_FUN_00760830_00003ec8",$d,00000000
"00003ed0","|static|_FUN_00761074_00003ed0",$d,00000000
"00003ed8","|static|_FUN_00761bcc_00003ed8",$d,00000000
"00003edc","FUN_00003edc",$a,00000004
"00003ee0","|static|_FUN_00305bcc_00003ee0",$d,00000000
"00003ee4","FUN_00003ee4",$a,00000004
"00003ee8","|static|_FUN_00305b7c_00003ee8",$d,00000000
"00003eec","FUN_00003eec",$a,00000004
"00003ef0","|static|_FUN_0076d3a4_00003ef0",$d,00000000
"00003ef4","FUN_00003ef4",$a,00000004
"00003ef8","|static|_FUN_00305c64_00003ef8",$d,00000000
"00003efc","FUN_00003efc",$a,00000004
"00003f00","|static|_FUN_0076cb70_00003f00",$d,00000000
"00003f08","|static|_FUN_0075c0ec_00003f08",$d,00000000
"00003f0c","FUN_00003f0c",$a,00000004
"00003f10","|static|_FUN_0075c63c_00003f10",$d,00000000
"00003f14","FUN_00003f14",$a,00000004
"00003f18","|static|_FUN_00752690_00003f18",$d,00000000
"00003f20","|static|_LAB_00751d90_00003f20",$d,00000000
"00003f28","|static|_LAB_00751d9c_00003f28",$d,00000000
"00003f30","|static|_LAB_0075221c_00003f30",$d,00000000
"00003f34","FUN_00003f34",$a,00000004
"00003f38","|static|_FUN_00745a3c_00003f38",$d,00000000
"00003f3c","FUN_00003f3c",$a,00000004
"00003f40","|static|_FUN_0076f760_00003f40",$d,00000000
"00003f44","FUN_00003f44",$a,00000004
"00003f48","|static|_FUN_0076f6ac_00003f48",$d,00000000
"00003f4c","FUN_00003f4c",$a,00000004
"00003f50","|static|_FUN_0056afe8_00003f50",$d,00000000
"00003f58","|static|_FUN_007521d0_00003f58",$d,00000000
"00003f60","|static|_FUN_0076f55c_00003f60",$d,00000000
"00003f64","FUN_00003f64",$a,00000004
"00003f68","|static|_FUN_0070d270_00003f68",$d,00000000
"00003f6c","FUN_00003f6c",$a,00000004
"00003f70","|static|_FUN_0071755c_00003f70",$d,00000000
"00003f74","FUN_00003f74",$a,00000004
"00003f78","|static|_FUN_007461cc_00003f78",$d,00000000
"00003f7c","FUN_00003f7c",$a,00000004
"00003f80","|static|_FUN_00768c8c_00003f80",$d,00000000
"00003f84","FUN_00003f84",$a,00000004
"00003f88","|static|_FUN_0076a558_00003f88",$d,00000000
"00003f8c","FUN_00003f8c",$a,00000004
"00003f90","|static|_FUN_0058eb78_00003f90",$d,00000000
"00003f94","FUN_00003f94",$a,00000004
"00003f98","|static|_FUN_00301400_00003f98",$d,00000000
"00003fa0","|static|_FUN_0016d7f4_00003fa0",$d,00000000
"00003fa4","FUN_00003fa4",$a,00000004
"00003fa8","|static|_FUN_004ead98_00003fa8",$d,00000000
"00003fac","FUN_00003fac",$a,00000004
"00003fb0","|static|_FUN_005fcca4_00003fb0",$d,00000000
"00003fb8","|static|_LAB_005f4b8c_00003fb8",$d,00000000
"00003fc0","|static|_LAB_005f4bdc_00003fc0",$d,00000000
"00003fc4","FUN_00003fc4",$a,00000004
"00003fc8","|static|_FUN_005fcf24_00003fc8",$d,00000000
"00003fcc","FUN_00003fcc",$a,00000004
"00003fd0","|static|_FUN_00521a10_00003fd0",$d,00000000
"00003fd4","FUN_00003fd4",$a,00000004
"00003fd8","|static|_LAB_00521a30_00003fd8",$d,00000000
"00003fdc","FUN_00003fdc",$a,0000003c
"0000401c","FUN_0000401c",$a,00000054
"00004090","FUN_00004090",$a,000000b8
"0000414c","FUN_0000414c",$a,000000a8
"00004200","FUN_00004200",$a,000000e4
"000042e8","FUN_000042e8",$a,00000030
"0000431c","FUN_0000431c",$a,000003a0
"00004674","|static|_DAT_008c9f1c_00004674",$d,00000000
"00004678","|static|_DAT_0095bfdc_00004678",$d,00000000
"000046e8","FUN_000046e8",$a,000000ac
"00004830","switchD_00004828::switchdataD_00004830",$d,00000000
"00004d80","|static|_DAT_0088069c_00004d80",$d,00000000
"00004d88","|static|_DAT_00ae5664_00004d88",$d,00000000
"00004d8c","|static|_DAT_00975bee_00004d8c",$d,00000000
"00004da8","|static|_DAT_0085f2cc_00004da8",$d,00000000
"00004dac","|static|_DAT_009537bc_00004dac",$d,00000000
"00004db0","|static|_DAT_008806a0_00004db0",$d,00000000
"00004db4","FUN_00004db4",$a,000000c0
"00004ed0","|static|_DAT_0090ac7c_00004ed0",$d,00000000
"00004f28","|static|_DAT_0090ac7c_00004f28",$d,00000000
"00004f84","FUN_00004f84",$a,00000064
"00004fe8","|static|_DAT_0088069c_00004fe8",$d,00000000
"00004ff0","|static|_DAT_00ae5664_00004ff0",$d,00000000
"00004ff4","|static|_DAT_00975bee_00004ff4",$d,00000000
"00004ff8","FUN_00004ff8",$a,00000030
"00005028","FUN_00005028",$a,00000080
"000050d0","FUN_000050d0",$a,00000084
"00005198","FUN_00005198",$a,00000048
"0000521c","FUN_0000521c",$a,000000b0
"000052cc","|static|_DAT_00868474_000052cc",$d,00000000
"000052d4","FUN_000052d4",$a,00000088
"00005364","|static|_DAT_0088069c_00005364",$d,00000000
"00005368","|static|_DAT_009537c2_00005368",$d,00000000
"0000536c","FUN_0000536c",$a,0000007c
"000053e8","|static|_DAT_00868474_000053e8",$d,00000000
"000053f0","FUN_000053f0",$a,00000034
"00005424","FUN_00005424",$a,00000084
"00005524","|static|_DAT_0090ac7c_00005524",$d,00000000
"00005598","|static|_DAT_0090ac7c_00005598",$d,00000000
"0000592c","|static|_DAT_0094dfa8_0000592c",$d,00000000
"00005930","FUN_00005930",$a,0000008c
"00005b30","|static|_DAT_00952c3c_00005b30",$d,00000000
"00005b50","FUN_00005b50",$a,000000d8
"00005c28","FUN_00005c28",$a,00000088
"00005cdc","|static|_DAT_0094dfa8_00005cdc",$d,00000000
"00005cf8","FUN_00005cf8",$a,00000048
"00005d4c","FUN_00005d4c",$a,00000048
"00005e4c","FUN_00005e4c",$a,00000014
"00005e60","FUN_00005e60",$a,00000010
"00005e70","FUN_00005e70",$a,0000003c
"00005eb0","FUN_00005eb0",$a,00000094
"0000603c","FUN_0000603c",$a,000000e8
"00006124","|static|_DAT_0094ee30_00006124",$d,00000000
"0000612c","FUN_0000612c",$a,00000018
"00006144","FUN_00006144",$a,00000010
"00006154","FUN_00006154",$a,000000e4
"00006238","|static|_DAT_0085f2d4_00006238",$d,00000000
"0000623c","FUN_0000623c",$a,00000048
"00006280","|static|_DAT_0094ee30_00006280",$d,00000000
"000062e8","|static|_DAT_00952c3c_000062e8",$d,00000000
"000062f4","FUN_000062f4",$a,000000bc
"000063b0","FUN_000063b0",$a,00000088
"00006438","|static|_DAT_00ae5664_00006438",$d,00000000
"0000643c","|static|_DAT_00975bee_0000643c",$d,00000000
"00006444","FUN_00006444",$a,0000006c
"000064b0","FUN_000064b0",$a,00000280
"00006734","|static|_DAT_0094ee30_00006734",$d,00000000
"00006744","|static|_DAT_0085f2cc_00006744",$d,00000000
"00006750","FUN_00006750",$a,0000029c
"000069ec","|static|_DAT_0094ee30_000069ec",$d,00000000
"000069f8","|static|_DAT_0085f2cc_000069f8",$d,00000000
"00006a08","FUN_00006a08",$a,0000001c
"00006a38","FUN_00006a38",$a,0000008c
"00006ac4","|static|_DAT_0094ee30_00006ac4",$d,00000000
"00006af4","FUN_00006af4",$a,00000054
"00006b4c","FUN_00006b4c",$a,00000058
"00006ba8","|static|_DAT_0085f2d4_00006ba8",$d,00000000
"00006bb0","FUN_00006bb0",$a,00000020
"00006bd4","FUN_00006bd4",$a,00000040
"00006c1c","FUN_00006c1c",$a,00000028
"00006c48","FUN_00006c48",$a,00000058
"00006cd4","FUN_00006cd4",$a,00000068
"00006d4c","FUN_00006d4c",$a,00000028
"00006d74","|static|_DAT_0094ee30_00006d74",$d,00000000
"00006d78","FUN_00006d78",$a,00000058
"00006dd4","FUN_00006dd4",$a,000000d0
"00006ea4","|static|_DAT_00ae5664_00006ea4",$d,00000000
"00006ea8","|static|_DAT_00975bee_00006ea8",$d,00000000
"00006eb4","FUN_00006eb4",$a,000000a8
"00006f60","FUN_00006f60",$a,00000040
"00006fa8","FUN_00006fa8",$a,00000028
"00006fd0","FUN_00006fd0",$a,00000180
"00007150","FUN_00007150",$a,0000010c
"00007268","FUN_00007268",$a,00000048
"000072b0","FUN_000072b0",$a,00000094
"0000736c","FUN_0000736c",$a,000001a8
"00007514","|static|_DAT_0094fd2b_00007514",$d,00000000
"00007518","|static|_DAT_0095bfdc_00007518",$d,00000000
"0000751c","FUN_0000751c",$a,00000134
"00007668","|static|_DAT_0095bfdc_00007668",$d,00000000
"000076b4","switchD_000076ac::switchdataD_000076b4",$d,00000000
"00007a68","|static|_DAT_008c9f1c_00007a68",$d,00000000
"00007a7c","|static|_DAT_0094fd34_00007a7c",$d,00000000
"00007e4c","|static|_DAT_0095bfdc_00007e4c",$d,00000000
"00007e50","FUN_00007e50",$a,000005a8
"00007e6c","switchD_00007e64::switchdataD_00007e6c",$d,00000000
"00008448","|static|_DAT_00a84790_00008448",$d,00000000
"00008460","|static|_DAT_0095debc_00008460",$d,00000000
"000084a0","FUN_000084a0",$a,00000178
"000086b8","FUN_000086b8",$a,00000148
"00008a74","|static|_DAT_0083fa48_00008a74",$d,00000000
"00008a80","|static|_DAT_0085f2cc_00008a80",$d,00000000
"00008a84","|static|_DAT_00a84790_00008a84",$d,00000000
"00008afc","|static|_DAT_0088069c_00008afc",$d,00000000
"00008b44","FUN_00008b44",$a,00000190
"00008cdc","FUN_00008cdc",$a,00000084
"00008d60","|static|_DAT_0088069c_00008d60",$d,00000000
"00008d64","FUN_00008d64",$a,00000058
"00008dbc","|static|_DAT_0088069c_00008dbc",$d,00000000
"00008dc0","FUN_00008dc0",$a,00000084
"00008e44","|static|_DAT_0088069c_00008e44",$d,00000000
"00008ec4","FUN_00008ec4",$a,00000040
"00008f04","FUN_00008f04",$a,00000054
"00008f58","FUN_00008f58",$a,00000034
"0000909c","FUN_0000909c",$a,0000005c
"000090f8","|static|_DAT_0088069c_000090f8",$d,00000000
"000090fc","|static|_DAT_009537c2_000090fc",$d,00000000
"00009100","FUN_00009100",$a,00000058
"00009158","|static|_DAT_0088069c_00009158",$d,00000000
"0000915c","FUN_0000915c",$a,00000070
"000091cc","|static|_DAT_0088069c_000091cc",$d,00000000
"000091d4","FUN_000091d4",$a,0000007c
"00009254","FUN_00009254",$a,000000cc
"00009444","|static|_DAT_008f7c50_00009444",$d,00000000
"00009448","|static|_DAT_008f7794_00009448",$d,00000000
"00009550","|static|_DAT_008f7c50_00009550",$d,00000000
"00009554","|static|_DAT_008f7794_00009554",$d,00000000
"00009558","FUN_00009558",$a,000005c8
"00009a3c","|static|_DAT_00a84790_00009a3c",$d,00000000
"00009b68","|static|_DAT_0094dfbc_00009b68",$d,00000000
"00009b6c","FUN_00009b6c",$a,00000144
"00009cc8","FUN_00009cc8",$a,00000108
"00009f94","|static|_DAT_00952c3c_00009f94",$d,00000000
"00009fb4","FUN_00009fb4",$a,0000001c
"00009fd0","FUN_00009fd0",$a,000000f0
"0000a0c0","FUN_0000a0c0",$a,00000014
"0000a0d4","FUN_0000a0d4",$a,00000014
"0000a0e8","FUN_0000a0e8",$a,00000048
"0000a154","|static|_DAT_0094dfbc_0000a154",$d,00000000
"0000a158","FUN_0000a158",$a,00000024
"0000a17c","FUN_0000a17c",$a,000000f0
"0000a270","FUN_0000a270",$a,00000244
"0000a4c8","FUN_0000a4c8",$a,00000048
"0000a51c","FUN_0000a51c",$a,000000a8
"0000a5dc","FUN_0000a5dc",$a,00000048
"0000a630","FUN_0000a630",$a,000002bc
"0000a918","FUN_0000a918",$a,000000c8
"0000aad8","FUN_0000aad8",$a,00000188
"0000ac6c","FUN_0000ac6c",$a,00000004
"0000ac70","FUN_0000ac70",$a,000000fc
"0000ad74","FUN_0000ad74",$a,00000004
"0000ad78","FUN_0000ad78",$a,00000138
"0000aec8","FUN_0000aec8",$a,0000003c
"0000af08","FUN_0000af08",$a,00000098
"0000afa8","|static|_DAT_00af76f8_0000afa8",$d,00000000
"0000b044","FUN_0000b044",$a,00000014
"0000b058","FUN_0000b058",$a,00000074
"0000b0d4","|static|_DAT_00975c70_0000b0d4",$d,00000000
"0000b100","FUN_0000b100",$a,00000020
"0000b170","FUN_0000b170",$a,0000039c
"0000b51c","|static|_DAT_008906ec_0000b51c",$d,00000000
"0000b520","|static|_DAT_0095decc_0000b520",$d,00000000
"0000b570","FUN_0000b570",$a,0000007c
"0000b5f8","FUN_0000b5f8",$a,00000088
"0000b694","FUN_0000b694",$a,0000005c
"0000b700","FUN_0000b700",$a,0000005c
"0000b76c","FUN_0000b76c",$a,0000007c
"0000b7f4","FUN_0000b7f4",$a,00000080
"0000b894","FUN_0000b894",$a,00000004
"0000b898","FUN_0000b898",$a,00000058
"0000b9c8","FUN_0000b9c8",$a,00000310
"0000bcd8","|static|_DAT_009529bc_0000bcd8",$d,00000000
"0000bcdc","|static|_DAT_008c9f1c_0000bcdc",$d,00000000
"0000bd50","FUN_0000bd50",$a,00000080
"0000bdd0","FUN_0000bdd0",$a,00000098
"0000be68","FUN_0000be68",$a,0000000c
"0000be88","FUN_0000be88",$a,0000007c
"0000bf54","FUN_0000bf54",$a,000000ac
"0000c000","FUN_0000c000",$a,000000ac
"0000c0ac","FUN_0000c0ac",$a,000001e4
"0000c290","FUN_0000c290",$a,000003e8
"0000c680","FUN_0000c680",$a,00000160
"0000c7e0","FUN_0000c7e0",$a,0000004c
"0000c830","FUN_0000c830",$a,000000ac
"0000c8dc","|static|_DAT_0085f2cc_0000c8dc",$d,00000000
"0000c8e0","|static|_DAT_0085f2d4_0000c8e0",$d,00000000
"0000c8e4","FUN_0000c8e4",$a,00000314
"0000cc10","|static|_DAT_0085f2cc_0000cc10",$d,00000000
"0000cc14","|static|_DAT_00886f54_0000cc14",$d,00000000
"0000cc20","FUN_0000cc20",$a,00000084
"0000ccf0","FUN_0000ccf0",$a,00000144
"0000ce34","|static|_DAT_00952c3c_0000ce34",$d,00000000
"0000ce58","FUN_0000ce58",$a,000000f0
"0000cf58","FUN_0000cf58",$a,000001cc
"0000d13c","FUN_0000d13c",$a,0000015c
"0000d2ac","FUN_0000d2ac",$a,00000088
"0000d418","FUN_0000d418",$a,0000082c
"0000d7c4","|static|_DAT_008906ec_0000d7c4",$d,00000000
"0000d7d4","|static|_DAT_0095decc_0000d7d4",$d,00000000
"0000d810","|static|_DAT_008c9f1c_0000d810",$d,00000000
"0000dcd8","FUN_0000dcd8",$a,00000068
"0000dd50","FUN_0000dd50",$a,000000c8
"0000de28","FUN_0000de28",$a,0000008c
"0000dec4","FUN_0000dec4",$a,000000d4
"0000dfa8","FUN_0000dfa8",$a,00000128
"0000e0d4","|static|_FUN_002f635c_0000e0d4",$d,00000000
"0000e0d8","FUN_0000e0d8",$a,00000080
"0000e158","FUN_0000e158",$a,0000002c
"0000e1b0","|static|_DAT_0094fd13_0000e1b0",$d,00000000
"0000e1c0","FUN_0000e1c0",$a,00000030
"0000e1f0","FUN_0000e1f0",$a,00000304
"0000e518","|static|_DAT_009529bc_0000e518",$d,00000000
"0000e63c","|static|_DAT_0094fd24_0000e63c",$d,00000000
"0000e640","|static|_DAT_0094fd58_0000e640",$d,00000000
"0000e648","FUN_0000e648",$a,0000025c
"0000e8b8","FUN_0000e8b8",$a,00000050
"0000e924","FUN_0000e924",$a,00000230
"0000eb64","|static|_DAT_0083f9d4_0000eb64",$d,00000000
"0000eb68","|static|_DAT_008806c4_0000eb68",$d,00000000
"0000eb7c","FUN_0000eb7c",$a,00000060
"0000ec84","FUN_0000ec84",$a,00000244
"0000ee4c","switchD_0000ee44::switchdataD_0000ee4c",$d,00000000
"0000eee4","|static|_DAT_008c9f1c_0000eee4",$d,00000000
"0000ef40","FUN_0000ef40",$a,000000e4
"0000f030","FUN_0000f030",$a,000000e4
"0000f18c","|static|_DAT_0095debc_0000f18c",$d,00000000
"0000f190","|static|_DAT_00a83aec_0000f190",$d,00000000
"0000f1b4","FUN_0000f1b4",$a,000001ac
"0000f2c0","switchD_0000f2b8::switchdataD_0000f2c0",$d,00000000
"0000f398","|static|_DAT_008c9f1c_0000f398",$d,00000000
"0000f490","FUN_0000f490",$a,00000050
"0000f4e0","FUN_0000f4e0",$a,000007d4
"0000fc2c","|static|_DAT_008906ec_0000fc2c",$d,00000000
"0000fc40","|static|_DAT_00a84790_0000fc40",$d,00000000
"0000fc44","|static|_INVALID_|static|_TEXT:00013fe5_0000fc44",$d,00000000
"0000fcd8","|static|_INVALID_|static|_TEXT:00000ccd_0000fcd8",$d,00000000
"0000fcdc","FUN_0000fcdc",$a,0000013c
"0000fe18","FUN_0000fe18",$a,00000090
"0000fea8","FUN_0000fea8",$a,000002c8
"0000feec","switchD_0000fee4::switchdataD_0000feec",$d,00000000
"00010198","FUN_00010198",$a,00000150
"00010304","FUN_00010304",$a,000001b0
"000104bc","|static|_DAT_0095386c_000104bc",$d,00000000
"000104c0","|static|_DAT_0083f9d4_000104c0",$d,00000000
"0001058c","|static|_DAT_0083f9d4_0001058c",$d,00000000
"00010590","|static|_DAT_0088069c_00010590",$d,00000000
"000106d4","|static|_DAT_0088069c_000106d4",$d,00000000
"000107c8","|static|_DAT_0083f9d4_000107c8",$d,00000000
"000107cc","|static|_DAT_0088069c_000107cc",$d,00000000
"0001085c","|static|_DAT_0083f9d4_0001085c",$d,00000000
"00010860","FUN_00010860",$a,000000d8
"0001093c","|static|_DAT_0088069c_0001093c",$d,00000000
"00010940","FUN_00010940",$a,000000f0
"00010a30","|static|_DAT_0083f9d4_00010a30",$d,00000000
"00010a34","|static|_DAT_0088069c_00010a34",$d,00000000
"00010a3c","FUN_00010a3c",$a,000000d4
"00010b10","|static|_DAT_0088069c_00010b10",$d,00000000
"00010b14","|static|_DAT_009537c2_00010b14",$d,00000000
"00010b18","|static|_DAT_00868474_00010b18",$d,00000000
"00010b1c","FUN_00010b1c",$a,000001e4
"00010d04","|static|_DAT_0088069c_00010d04",$d,00000000
"00010d0c","FUN_00010d0c",$a,000000d0
"00010de0","|static|_DAT_0088069c_00010de0",$d,00000000
"00010de4","|static|_DAT_0095386c_00010de4",$d,00000000
"00010de8","FUN_00010de8",$a,00000038
"00010e20","FUN_00010e20",$a,00000074
"00010e94","FUN_00010e94",$a,000000d0
"00010f68","|static|_DAT_0088069c_00010f68",$d,00000000
"00010f6c","|static|_DAT_0095386c_00010f6c",$d,00000000
"00010f70","FUN_00010f70",$a,000000cc
"00011048","FUN_00011048",$a,000000c4
"0001110c","|static|_DAT_0083f9d4_0001110c",$d,00000000
"00011110","|static|_DAT_0088069c_00011110",$d,00000000
"0001113c","FUN_0001113c",$a,000000c4
"00011200","|static|_DAT_0083f9d4_00011200",$d,00000000
"00011204","|static|_DAT_0088069c_00011204",$d,00000000
"00011208","FUN_00011208",$a,000000a0
"000112ac","|static|_DAT_0088069c_000112ac",$d,00000000
"000112d8","FUN_000112d8",$a,00000114
"000113ec","|static|_DAT_0083f9d4_000113ec",$d,00000000
"000113f0","|static|_DAT_00868474_000113f0",$d,00000000
"000113f4","|static|_DAT_0088069c_000113f4",$d,00000000
"000113f8","|static|_DAT_009537c2_000113f8",$d,00000000
"00011418","FUN_00011418",$a,000000a0
"000114bc","|static|_DAT_0088069c_000114bc",$d,00000000
"000114c0","FUN_000114c0",$a,000000a8
"00011568","|static|_DAT_0083f9d4_00011568",$d,00000000
"0001156c","FUN_0001156c",$a,00000160
"000116d0","|static|_DAT_008f5b8c_000116d0",$d,00000000
"000116d4","|static|_DAT_009062dc_000116d4",$d,00000000
"000116d8","FUN_000116d8",$a,000003e0
"00011a64","|static|_DAT_00881120_00011a64",$d,00000000
"00011a68","|static|_DAT_0086847c_00011a68",$d,00000000
"00011a6c","|static|_DAT_00868478_00011a6c",$d,00000000
"00011a70","|static|_DAT_00881124_00011a70",$d,00000000
"00011a74","|static|_DAT_0088069c_00011a74",$d,00000000
"00011a78","|static|_DAT_009537bc_00011a78",$d,00000000
"00011a7c","|static|_DAT_008806a0_00011a7c",$d,00000000
"00011adc","FUN_00011adc",$a,000001a0
"00011c80","|static|_DAT_00a84790_00011c80",$d,00000000
"00011c84","FUN_00011c84",$a,000000d4
"00011d58","|static|_DAT_0088069c_00011d58",$d,00000000
"00011d5c","|static|_DAT_009537c2_00011d5c",$d,00000000
"00011d60","|static|_DAT_00868474_00011d60",$d,00000000
"00011d64","FUN_00011d64",$a,000001e4
"00011f4c","|static|_DAT_0088069c_00011f4c",$d,00000000
"00011f54","FUN_00011f54",$a,00000074
"00011fc8","FUN_00011fc8",$a,000001a0
"00012168","|static|_DAT_00ae5664_00012168",$d,00000000
"0001216c","|static|_DAT_00975bee_0001216c",$d,00000000
"00012178","FUN_00012178",$a,00000044
"000121c0","|static|_DAT_0083f9d4_000121c0",$d,00000000
"000121c4","FUN_000121c4",$a,00000180
"0001235c","|static|_DAT_0083f9d4_0001235c",$d,00000000
"000124c8","|static|_DAT_008f8c14_000124c8",$d,00000000
"000124cc","|static|_DAT_008ed6a4_000124cc",$d,00000000
"000124d0","|static|_DAT_008eb16c_000124d0",$d,00000000
"000124d4","|static|_DAT_008f7794_000124d4",$d,00000000
"000126c0","FUN_000126c0",$a,000000c0
"00012960","|static|_DAT_008f8c14_00012960",$d,00000000
"00012964","|static|_DAT_008ed6a4_00012964",$d,00000000
"00012968","|static|_DAT_008eb16c_00012968",$d,00000000
"0001296c","|static|_DAT_008f7c50_0001296c",$d,00000000
"00012970","|static|_DAT_008f7794_00012970",$d,00000000
"00012b68","FUN_00012b68",$a,000001ac
"00012d44","|static|_DAT_008c9f1c_00012d44",$d,00000000
"00012f14","|static|_DAT_008f8c14_00012f14",$d,00000000
"00012f18","|static|_DAT_008ed6a4_00012f18",$d,00000000
"00012f1c","|static|_DAT_008eb16c_00012f1c",$d,00000000
"00012f20","|static|_DAT_008f7c50_00012f20",$d,00000000
"00012f24","|static|_DAT_008f7794_00012f24",$d,00000000
"00012f28","FUN_00012f28",$a,0000043c
"0001336c","FUN_0001336c",$a,0000015c
"0001353c","FUN_0001353c",$a,00000168
"000136a4","|static|_DAT_00952c3c_000136a4",$d,00000000
"000136c8","FUN_000136c8",$a,000000d4
"000137cc","FUN_000137cc",$a,00000098
"000139cc","|static|_FUN_002e0b3c_000139cc",$d,00000000
"00013a3c","|static|_FUN_002e0b3c_00013a3c",$d,00000000
"00013ab0","|static|_FUN_002e0b3c_00013ab0",$d,00000000
"00013b20","|static|_FUN_002e0b3c_00013b20",$d,00000000
"00013b30","FUN_00013b30",$a,00000010
"00013d14","|static|_DAT_0094edd8_00013d14",$d,00000000
"00013d34","|static|_DAT_00ae5658_00013d34",$d,00000000
"00013d6c","FUN_00013d6c",$a,00000054
"00013dc0","FUN_00013dc0",$a,000000e4
"00013ea0","|static|_DAT_00908b94_00013ea0",$d,00000000
"00013ea4","|static|_DAT_00a83aec_00013ea4",$d,00000000
"00013ebc","|static|_DAT_0095debc_00013ebc",$d,00000000
"00013ec0","FUN_00013ec0",$a,00000078
"00013f48","|static|_DAT_0095bfdc_00013f48",$d,00000000
"00013f4c","FUN_00013f4c",$a,000000b8
"00014024","FUN_00014024",$a,000000dc
"00014120","FUN_00014120",$a,000000b8
"000141f8","FUN_000141f8",$a,000000a0
"000142b8","FUN_000142b8",$a,000000f4
"000143cc","FUN_000143cc",$a,00000038
"00014400","FUN_00014400",$a,00002080
"0001441c","switchD_00014414::switchdataD_0001441c",$d,00000000
"0001446c","switchD_00014464::switchdataD_0001446c",$d,00000000
"000148c4","|static|_DAT_00a827e8_000148c4",$d,00000000
"000148c8","|static|_DAT_008873ce_000148c8",$d,00000000
"000148dc","|static|_DAT_00a827e8_000148dc",$d,00000000
"000148e8","|static|_DAT_00a83aec_000148e8",$d,00000000
"000148f0","|static|_DAT_008c9f1c_000148f0",$d,00000000
"00014d44","switchD_00014d3c::switchdataD_00014d44",$d,00000000
"00015090","|static|_DAT_00ae5664_00015090",$d,00000000
"00015094","|static|_DAT_00975bee_00015094",$d,00000000
"00015098","|static|_DAT_0094edd8_00015098",$d,00000000
"0001509c","|static|_DAT_0097503c_0001509c",$d,00000000
"000150a8","|static|_DAT_0088069c_000150a8",$d,00000000
"000150ac","|static|_DAT_009537c2_000150ac",$d,00000000
"000153dc","switchD_000153d4::switchdataD_000153dc",$d,00000000
"00015584","|static|_DAT_00950148_00015584",$d,00000000
"0001559c","|static|_DAT_0095bfdc_0001559c",$d,00000000
"000155a4","|static|_DAT_00a8349c_000155a4",$d,00000000
"00015968","switchD_00015960::switchdataD_00015968",$d,00000000
"00015d80","|static|_DAT_008c9f1c_00015d80",$d,00000000
"000163dc","|static|_DAT_00a83aec_000163dc",$d,00000000
"0001640c","|static|_DAT_00881168_0001640c",$d,00000000
"00016488","|static|_DAT_00a8413c_00016488",$d,00000000
"000166d0","FUN_000166d0",$a,000001e8
"000168b8","|static|_DAT_00a827e8_000168b8",$d,00000000
"000168bc","FUN_000168bc",$a,00000208
"00016ac4","|static|_DAT_00a83aec_00016ac4",$d,00000000
"00016ad0","FUN_00016ad0",$a,00000044
"00016c0c","|static|_DAT_008c9f1c_00016c0c",$d,00000000
"00016c7c","FUN_00016c7c",$a,00000100
"00016e20","FUN_00016e20",$a,00000004
"00016e28","FUN_00016e28",$a,00000038
"00016e68","FUN_00016e68",$a,00000078
"00016eec","FUN_00016eec",$a,00000490
"00017394","|static|_DAT_0094edd8_00017394",$d,00000000
"00017758","|static|_DAT_00ae5664_00017758",$d,00000000
"0001775c","|static|_DAT_00975bee_0001775c",$d,00000000
"00017768","|static|_DAT_0094edd8_00017768",$d,00000000
"0001776c","|static|_DAT_0097503c_0001776c",$d,00000000
"000177dc","FUN_000177dc",$a,00000014
"00017804","FUN_00017804",$a,00000004
"00017818","FUN_00017818",$a,000000b0
"000179fc","|static|_DAT_008f7c50_000179fc",$d,00000000
"00017a00","|static|_DAT_008f7794_00017a00",$d,00000000
"00017b24","|static|_DAT_008f7c50_00017b24",$d,00000000
"00017b28","|static|_DAT_008f7794_00017b28",$d,00000000
"00017b8c","|static|_FUN_002e0b3c_00017b8c",$d,00000000
"00017bd0","|static|_FUN_002e0b3c_00017bd0",$d,00000000
"00017c18","|static|_FUN_002e0b3c_00017c18",$d,00000000
"00017c5c","|static|_FUN_002e0b3c_00017c5c",$d,00000000
"00017cb0","FUN_00017cb0",$a,00000050
"00017d20","FUN_00017d20",$a,00000090
"00017dd4","FUN_00017dd4",$a,000002c4
"000180b4","|static|_DAT_008c9f1c_000180b4",$d,00000000
"000180d4","|static|_DAT_0095bfdc_000180d4",$d,00000000
"000180d8","FUN_000180d8",$a,00000974
"00018100","switchD_000180f8::switchdataD_00018100",$d,00000000
"000183ac","switchD_000183a4::switchdataD_000183ac",$d,00000000
"000185f4","switchD_000185ec::switchdataD_000185f4",$d,00000000
"00018a24","|static|_DAT_0095bfdc_00018a24",$d,00000000
"00018a28","FUN_00018a28",$a,0000008c
"00018ab8","FUN_00018ab8",$a,00000370
"00018ae0","switchD_00018ad8::switchdataD_00018ae0",$d,00000000
"00018e50","|static|_DAT_00a84790_00018e50",$d,00000000
"00018e54","FUN_00018e54",$a,000000e4
"00018f3c","FUN_00018f3c",$a,000002c8
"00019218","FUN_00019218",$a,00000070
"0001928c","|static|_DAT_0088069c_0001928c",$d,00000000
"00019290","FUN_00019290",$a,00000090
"00019320","FUN_00019320",$a,00000184
"000194ac","FUN_000194ac",$a,00000094
"00019540","|static|_DAT_0085f2d4_00019540",$d,00000000
"00019544","|static|_DAT_0085f2d8_00019544",$d,00000000
"00019548","FUN_00019548",$a,00000084
"000195d0","|static|_DAT_0088069c_000195d0",$d,00000000
"000195d4","FUN_000195d4",$a,00000084
"00019658","|static|_DAT_0088069c_00019658",$d,00000000
"0001965c","FUN_0001965c",$a,0000008c
"000196e8","FUN_000196e8",$a,0000008c
"00019774","FUN_00019774",$a,0000003c
"000197b4","FUN_000197b4",$a,00000054
"00019808","FUN_00019808",$a,00000054
"00019860","FUN_00019860",$a,000000f8
"00019960","FUN_00019960",$a,0000005c
"000199bc","|static|_DAT_0088069c_000199bc",$d,00000000
"000199c0","|static|_DAT_009537c2_000199c0",$d,00000000
"000199d0","FUN_000199d0",$a,00000070
"00019a40","|static|_DAT_0088069c_00019a40",$d,00000000
"00019a44","FUN_00019a44",$a,000000d0
"00019b14","FUN_00019b14",$a,00000138
"00019c54","|static|_DAT_008f9b04_00019c54",$d,00000000
"00019c58","|static|_DAT_0095bfdc_00019c58",$d,00000000
"00019d5c","|static|_DAT_008f7c50_00019d5c",$d,00000000
"00019d60","|static|_DAT_008f7794_00019d60",$d,00000000
"00019e4c","|static|_DAT_008f7c50_00019e4c",$d,00000000
"00019e50","|static|_DAT_008f7794_00019e50",$d,00000000
"00019e54","FUN_00019e54",$a,000001c4
"0001a078","|static|_DAT_00952c3c_0001a078",$d,00000000
"0001a0ac","FUN_0001a0ac",$a,00000070
"0001a164","FUN_0001a164",$a,00000150
"0001a448","ModuleFtr_DAT_00047b8c_0001a448",$d,00000000
"0001a458","FUN_0001a458",$a,0000003c
"0001a494","FUN_0001a494",$a,00000058
"0001a984","FUN_0001a984",$a,00000094
"0001ab8c","|static|_DAT_00952c3c_0001ab8c",$d,00000000
"0001abc8","FUN_0001abc8",$a,00000050
"0001ac24","FUN_0001ac24",$a,000000e4
"0001ad08","FUN_0001ad08",$a,00000020
"0001ad38","FUN_0001ad38",$a,0000004c
"0001ad94","FUN_0001ad94",$a,0000004c
"0001adf8","FUN_0001adf8",$a,00000098
"0001ae94","FUN_0001ae94",$a,00000170
"0001b004","|static|_DAT_0094fd3c_0001b004",$d,00000000
"0001b070","FUN_0001b070",$a,000000cc
"0001b158","FUN_0001b158",$a,00001d54
"0001b7d8","|static|_DAT_00952c3c_0001b7d8",$d,00000000
"0001b7ec","|static|_DAT_008c9f1c_0001b7ec",$d,00000000
"0001bb8c","|static|_DAT_009505b0_0001bb8c",$d,00000000
"0001bb90","|static|_DAT_00a84790_0001bb90",$d,00000000
"0001cafc","|static|_DAT_0085f2cc_0001cafc",$d,00000000
"0001cb04","|static|_DAT_0085f2d0_0001cb04",$d,00000000
"0001cfb0","|static|_DAT_00ae5664_0001cfb0",$d,00000000
"0001cfc0","|static|_DAT_00975bee_0001cfc0",$d,00000000
"0001cfd8","|static|_DAT_00950808_0001cfd8",$d,00000000
"0001cfdc","|static|_DAT_00886eee_0001cfdc",$d,00000000
"0001cfe0","|static|_DAT_00886ef0_0001cfe0",$d,00000000
"0001cfe8","|static|_DAT_00887064_0001cfe8",$d,00000000
"0001d02c","|static|_DAT_00887070_0001d02c",$d,00000000
"0001d030","FUN_0001d030",$a,000000c4
"0001d0fc","|static|_DAT_00950806_0001d0fc",$d,00000000
"0001d100","FUN_0001d100",$a,00000674
"0001d534","|static|_DAT_00952c3c_0001d534",$d,00000000
"0001d7e8","|static|_DAT_00998214_0001d7e8",$d,00000000
"0001d7ec","|static|_DAT_00998360_0001d7ec",$d,00000000
"0001d7f0","|static|_DAT_00950804_0001d7f0",$d,00000000
"0001d7f4","|static|_DAT_00950806_0001d7f4",$d,00000000
"0001d7f8","FUN_0001d7f8",$a,00000364
"0001db10","|static|_DAT_00952c3c_0001db10",$d,00000000
"0001dbf4","FUN_0001dbf4",$a,000000e4
"0001dcd8","FUN_0001dcd8",$a,0000000c
"0001dcec","FUN_0001dcec",$a,000000c8
"0001ddbc","|static|_DAT_00998214_0001ddbc",$d,00000000
"0001ddc0","FUN_0001ddc0",$a,00000538
"0001e384","|static|_DAT_00950808_0001e384",$d,00000000
"0001e388","FUN_0001e388",$a,000000c4
"0001e454","|static|_DAT_00950804_0001e454",$d,00000000
"0001e458","FUN_0001e458",$a,000000ec
"0001e548","FUN_0001e548",$a,000000d8
"0001e620","|static|_DAT_00998360_0001e620",$d,00000000
"0001e624","FUN_0001e624",$a,00000080
"0001e6b0","|static|_DAT_00ae5664_0001e6b0",$d,00000000
"0001e6b4","|static|_DAT_00975bee_0001e6b4",$d,00000000
"0001e6bc","FUN_0001e6bc",$a,0000004c
"0001e708","FUN_0001e708",$a,000000d0
"0001e7d8","|static|_DAT_00950806_0001e7d8",$d,00000000
"0001e7dc","FUN_0001e7dc",$a,0000008c
"0001e878","FUN_0001e878",$a,00000164
"0001e9e8","FUN_0001e9e8",$a,000000d8
"0001eac0","|static|_DAT_00998214_0001eac0",$d,00000000
"0001eac4","FUN_0001eac4",$a,000000d0
"0001eb94","|static|_DAT_00950804_0001eb94",$d,00000000
"0001eb98","FUN_0001eb98",$a,000006c0
"0001f268","|static|_DAT_00856d88_0001f268",$d,00000000
"0001f26c","|static|_DAT_00856d8a_0001f26c",$d,00000000
"0001f280","FUN_0001f280",$a,00000400
"0001f69c","FUN_0001f69c",$a,00000194
"0001f830","|static|_DAT_00998214_0001f830",$d,00000000
"0001f834","|static|_DAT_00998360_0001f834",$d,00000000
"0001f838","|static|_DAT_00950804_0001f838",$d,00000000
"0001f83c","|static|_DAT_00950806_0001f83c",$d,00000000
"0001f840","FUN_0001f840",$a,00000590
"0001fc68","|static|_DAT_0094edd8_0001fc68",$d,00000000
"0001fe68","FUN_0001fe68",$a,000000c8
"0001ff38","|static|_DAT_00998360_0001ff38",$d,00000000
"0001ff3c","FUN_0001ff3c",$a,000002b0
"000201f0","|static|_FUN_006d078c_000201f0",$d,00000000
"000203c0","|static|_thunk_FUN_00317e2c_000203c0",$d,00000000
"000203cc","|static|_FUN_006d082c_000203cc",$d,00000000
"000203d0","FUN_000203d0",$a,0000002c
"00020410","FUN_00020410",$a,0000002c
"00020440","FUN_00020440",$a,0000002c
"00020470","FUN_00020470",$a,00000018
"0002048c","FUN_0002048c",$a,00000018
"000204a8","FUN_000204a8",$a,00000018
"000204d8","FUN_000204d8",$a,000000a4
"00020580","FUN_00020580",$a,0000009c
"00020630","FUN_00020630",$a,00000050
"000206dc","FUN_000206dc",$a,000002cc
"000209a8","|static|_DAT_008906ec_000209a8",$d,00000000
"00020dc8","|static|_DAT_008c9f1c_00020dc8",$d,00000000
"00020de0","|static|_DAT_00950148_00020de0",$d,00000000
"0002123c","FUN_0002123c",$a,00000010
"00021258","FUN_00021258",$a,00000218
"00021470","|static|_DAT_0094dfd0_00021470",$d,00000000
"00021474","FUN_00021474",$a,00000390
"000217b4","|static|_DAT_008c9f1c_000217b4",$d,00000000
"00021834","FUN_00021834",$a,00000154
"00021988","|static|_DAT_00952c3c_00021988",$d,00000000
"000219b8","FUN_000219b8",$a,00000168
"00021b34","|static|_DAT_0094dfd0_00021b34",$d,00000000
"00021b38","FUN_00021b38",$a,000000cc
"00021c04","FUN_00021c04",$a,000000b8
"00021cbc","FUN_00021cbc",$a,00000104
"00021dc0","|static|_DAT_009505b0_00021dc0",$d,00000000
"00021dc4","FUN_00021dc4",$a,0000008c
"00021e54","|static|_FUN_006d078c_00021e54",$d,00000000
"00021ee8","|static|_FUN_006d082c_00021ee8",$d,00000000
"00021f74","|static|_FUN_006d082c_00021f74",$d,00000000
"00021fc4","FUN_00021fc4",$a,00000378
"000220d8","|static|_DAT_00af76f8_000220d8",$d,00000000
"000221f0","switchD_000221e8::switchdataD_000221f0",$d,00000000
"000223bc","FUN_000223bc",$a,0000001c
"00022418","FUN_00022418",$a,0000002c
"0002244c","FUN_0002244c",$a,000001ec
"0002263c","|static|_DAT_0094f3bc_0002263c",$d,00000000
"00022650","FUN_00022650",$a,0000008c
"000226e0","FUN_000226e0",$a,0000006c
"0002274c","|static|_DAT_0094ed4c_0002274c",$d,00000000
"00022750","FUN_00022750",$a,00000090
"000227e0","|static|_DAT_0094ed4c_000227e0",$d,00000000
"0002281c","FUN_0002281c",$a,0000035c
"00022838","switchD_00022830::switchdataD_00022838",$d,00000000
"00022ba4","|static|_DAT_00af7688_00022ba4",$d,00000000
"00022ba8","|static|_DAT_0098203c_00022ba8",$d,00000000
"00022bac","|static|_DAT_008c8af0_00022bac",$d,00000000
"00022bb0","|static|_DAT_00982034_00022bb0",$d,00000000
"00022bb8","|static|_DAT_00982040_00022bb8",$d,00000000
"00022bbc","|static|_FUN_002f77e8_00022bbc",$d,00000000
"00022bc0","|static|_DAT_00982030_00022bc0",$d,00000000
"00022bd4","FUN_00022bd4",$a,00000044
"00022c1c","FUN_00022c1c",$a,000000f4
"00022d20","|static|_DAT_0094f3bc_00022d20",$d,00000000
"00022d24","|static|_DAT_0085f2cc_00022d24",$d,00000000
"00022d28","|static|_DAT_0095bfdc_00022d28",$d,00000000
"00022d2c","FUN_00022d2c",$a,000004a8
"00022d44","switchD_00022d3c::switchdataD_00022d44",$d,00000000
"00023200","|static|_DAT_009506ec_00023200",$d,00000000
"00023204","|static|_DAT_009506c8_00023204",$d,00000000
"00023218","|static|_DAT_00982034_00023218",$d,00000000
"00023220","|static|_DAT_008906ec_00023220",$d,00000000
"00023264","FUN_00023264",$a,00000668
"0002327c","switchD_00023274::switchdataD_0002327c",$d,00000000
"0002391c","|static|_DAT_0094fd2b_0002391c",$d,00000000
"00023920","|static|_DAT_0098203c_00023920",$d,00000000
"00023924","|static|_DAT_00982040_00023924",$d,00000000
"00023928","|static|_FUN_002f77e8_00023928",$d,00000000
"0002392c","|static|_DAT_00982030_0002392c",$d,00000000
"00023930","|static|_DAT_00af7688_00023930",$d,00000000
"00023934","|static|_DAT_008c8aec_00023934",$d,00000000
"00023938","|static|_DAT_00952c3c_00023938",$d,00000000
"0002393c","|static|_DAT_008c8ae8_0002393c",$d,00000000
"00023944","|static|_FUN_002ff368_00023944",$d,00000000
"0002394c","|static|_DAT_00982034_0002394c",$d,00000000
"00023950","|static|_DAT_009506cc_00023950",$d,00000000
"00023958","|static|_DAT_0094ed4c_00023958",$d,00000000
"00023960","FUN_00023960",$a,000000f8
"00023a58","|static|_DAT_0094ed4c_00023a58",$d,00000000
"00023ad0","|static|_DAT_0094ed4c_00023ad0",$d,00000000
"00023b58","FUN_00023b58",$a,00000030
"00023b88","|static|_DAT_0094ed4c_00023b88",$d,00000000
"00023c4c","|static|_DAT_00868474_00023c4c",$d,00000000
"00023c50","|static|_DAT_0088069c_00023c50",$d,00000000
"00023c60","FUN_00023c60",$a,0000002c
"00023c8c","|static|_DAT_0088069c_00023c8c",$d,00000000
"00023cb8","FUN_00023cb8",$a,00000044
"00023cfc","|static|_DAT_008872ba_00023cfc",$d,00000000
"00023de0","|static|_DAT_008f7c50_00023de0",$d,00000000
"00023de4","|static|_DAT_008f7794_00023de4",$d,00000000
"00023ec0","|static|_DAT_008f7c50_00023ec0",$d,00000000
"00023ec4","|static|_DAT_008f7794_00023ec4",$d,00000000
"00023ec8","FUN_00023ec8",$a,00000104
"00023fd0","FUN_00023fd0",$a,00000040
"00024078","|static|_DAT_00952c3c_00024078",$d,00000000
"00024094","FUN_00024094",$a,00000008
"0002409c","FUN_0002409c",$a,00000030
"000240dc","FUN_000240dc",$a,00000034
"00024110","FUN_00024110",$a,000000ec
"00024208","FUN_00024208",$a,0000001c
"00024230","FUN_00024230",$a,00000060
"00024298","FUN_00024298",$a,0000001c
"000242b4","FUN_000242b4",$a,00000040
"0002436c","FUN_0002436c",$a,000000e0
"00024450","FUN_00024450",$a,00000118
"0002456c","FUN_0002456c",$a,000001c8
"00024734","|static|_FUN_002f635c_00024734",$d,00000000
"0002473c","FUN_0002473c",$a,0000006c
"000247a8","|static|_DAT_0098c56c_000247a8",$d,00000000
"000247c4","FUN_000247c4",$a,0000016c
"00024930","|static|_FUN_002f635c_00024930",$d,00000000
"00024948","FUN_00024948",$a,00000208
"00024b5c","|static|_DAT_00af76f8_00024b5c",$d,00000000
"00024f9c","FUN_00024f9c",$a,0000022c
"000251c8","|static|_FUN_002f635c_000251c8",$d,00000000
"000251dc","FUN_000251dc",$a,00000160
"00025340","|static|_DAT_0094fd2b_00025340",$d,00000000
"0002534c","FUN_0002534c",$a,00000190
"000254dc","|static|_FUN_002f635c_000254dc",$d,00000000
"000254e4","|static|_DAT_0094fd2b_000254e4",$d,00000000
"000254e8","FUN_000254e8",$a,00000050
"00025538","FUN_00025538",$a,00000028
"00025564","FUN_00025564",$a,00000088
"000255fc","FUN_000255fc",$a,00000098
"000256a8","FUN_000256a8",$a,00000120
"000257f8","FUN_000257f8",$a,000000e8
"000258f0","|static|_DAT_0095bfdc_000258f0",$d,00000000
"000258f8","FUN_000258f8",$a,0000011c
"00025a30","FUN_00025a30",$a,000004fc
"00025b38","FUN_00025b38",$a,000000d8
"00025c28","FUN_00025c28",$a,000000f0
"00025d34","FUN_00025d34",$a,000000f0
"00025e40","FUN_00025e40",$a,00000148
"00025f9c","FUN_00025f9c",$a,000000a0
"00026050","FUN_00026050",$a,000000fc
"00026168","FUN_00026168",$a,000000f4
"0002627c","FUN_0002627c",$a,000000f8
"00026380","FUN_00026380",$a,00000038
"000263c0","FUN_000263c0",$a,00000128
"000264ec","|static|_DAT_0098c56c_000264ec",$d,00000000
"000264fc","FUN_000264fc",$a,00000148
"000266ac","FUN_000266ac",$a,000001c4
"00026874","|static|_DAT_0098c56c_00026874",$d,00000000
"00026888","FUN_00026888",$a,000000dc
"00026968","|static|_DAT_008906ec_00026968",$d,00000000
"0002696c","|static|_DAT_0095decc_0002696c",$d,00000000
"00026974","FUN_00026974",$a,000001a0
"00026b28","FUN_00026b28",$a,000000c4
"00026bf4","|static|_DAT_0098c56c_00026bf4",$d,00000000
"00026c08","FUN_00026c08",$a,00000110
"00026d1c","FUN_00026d1c",$a,0000018c
"00026ec8","|static|_DAT_00af76f8_00026ec8",$d,00000000
"00026ed8","FUN_00026ed8",$a,00000040
"00026f1c","FUN_00026f1c",$a,00000094
"0002706c","FUN_0002706c",$a,00000500
"0002747c","|static|_DAT_0095bfdc_0002747c",$d,00000000
"00027480","|static|_DAT_009529bc_00027480",$d,00000000
"00027648","|static|_DAT_00af76f8_00027648",$d,00000000
"0002777c","FUN_0002777c",$a,00000168
"000278e8","FUN_000278e8",$a,00000094
"00027988","FUN_00027988",$a,000002e4
"00027c74","|static|_FUN_002b6de0_00027c74",$d,00000000
"00027c7c","|static|_DAT_0095bfdc_00027c7c",$d,00000000
"00027c98","|static|_FUN_002e0994_00027c98",$d,00000000
"00027cac","FUN_00027cac",$a,000000c8
"00027d7c","FUN_00027d7c",$a,00000098
"00027e2c","FUN_00027e2c",$a,00000030
"00027e60","|static|_FUN_004ecb80_00027e60",$d,00000000
"00027e9c","|static|_FUN_004ecbe0_00027e9c",$d,00000000
"00027ed8","|static|_FUN_004ecbe0_00027ed8",$d,00000000
"0002808c","FUN_0002808c",$a,00000054
"000280e0","|static|_DAT_008f2c74_000280e0",$d,00000000
"000280e4","FUN_000280e4",$a,00000050
"00028134","|static|_DAT_008f2c74_00028134",$d,00000000
"00028138","FUN_00028138",$a,000001e8
"0002832c","|static|_DAT_0094f3bc_0002832c",$d,00000000
"00028340","FUN_00028340",$a,000001c4
"00028504","|static|_DAT_0094fd2b_00028504",$d,00000000
"00028508","|static|_DAT_0094fd38_00028508",$d,00000000
"0002850c","|static|_DAT_0094fda0_0002850c",$d,00000000
"00028520","FUN_00028520",$a,00000134
"00028658","FUN_00028658",$a,000000a0
"00028700","FUN_00028700",$a,00000244
"00028948","|static|_DAT_008906ec_00028948",$d,00000000
"000289cc","FUN_000289cc",$a,000000a8
"00028a74","FUN_00028a74",$a,000000d8
"00028b54","|static|_DAT_008c9f1c_00028b54",$d,00000000
"00028b58","FUN_00028b58",$a,0000046c
"00028b8c","switchD_00028b84::switchdataD_00028b8c",$d,00000000
"00028f50","|static|_DAT_008c9f1c_00028f50",$d,00000000
"00028f68","|static|_DAT_0094f3bc_00028f68",$d,00000000
"0002903c","FUN_0002903c",$a,000008a4
"00029328","switchD_00029320::switchdataD_00029328",$d,00000000
"0002965c","switchD_00029654::switchdataD_0002965c",$d,00000000
"000296d0","switchD_000296c8::switchdataD_000296d0",$d,00000000
"00029948","|static|_DAT_0094fd38_00029948",$d,00000000
"0002994c","|static|_DAT_0094fd2b_0002994c",$d,00000000
"00029950","|static|_DAT_0095013d_00029950",$d,00000000
"00029954","|static|_DAT_0095013c_00029954",$d,00000000
"0002996c","|static|_DAT_0088069c_0002996c",$d,00000000
"0002997c","FUN_0002997c",$a,00000280
"00029bfc","FUN_00029bfc",$a,00000854
"00029cec","switchD_00029ce4::switchdataD_00029cec",$d,00000000
"0002a350","switchD_0002a348::switchdataD_0002a350",$d,00000000
"0002a4a8","|static|_DAT_0094fd11_0002a4a8",$d,00000000
"0002a4b4","FUN_0002a4b4",$a,00000038
"0002a4ec","FUN_0002a4ec",$a,000000d8
"0002a5cc","|static|_DAT_008c9f1c_0002a5cc",$d,00000000
"0002a5d0","FUN_0002a5d0",$a,000000ec
"0002a6bc","FUN_0002a6bc",$a,00000390
"0002aa4c","|static|_DAT_0094fd58_0002aa4c",$d,00000000
"0002aa50","|static|_DAT_0094fd15_0002aa50",$d,00000000
"0002aa54","|static|_DAT_0094fd3c_0002aa54",$d,00000000
"0002aa6c","|static|_DAT_009537be_0002aa6c",$d,00000000
"0002aa70","|static|_DAT_008806a4_0002aa70",$d,00000000
"0002aa74","FUN_0002aa74",$a,00000408
"0002aac0","switchD_0002aab8::switchdataD_0002aac0",$d,00000000
"0002aea8","|static|_DAT_009506c8_0002aea8",$d,00000000
"0002aeac","|static|_DAT_0094fd58_0002aeac",$d,00000000
"0002aeb0","|static|_DAT_0094fd15_0002aeb0",$d,00000000
"0002aeb4","|static|_DAT_0094fd3c_0002aeb4",$d,00000000
"0002aeb8","|static|_DAT_0088129c_0002aeb8",$d,00000000
"0002aebc","|static|_DAT_008812a0_0002aebc",$d,00000000
"0002aec0","|static|_DAT_00881b4c_0002aec0",$d,00000000
"0002aec4","|static|_DAT_0095013e_0002aec4",$d,00000000
"0002aec8","FUN_0002aec8",$a,0000006c
"0002af34","FUN_0002af34",$a,00000200
"0002b13c","|static|_DAT_00881b50_0002b13c",$d,00000000
"0002b140","|static|_DAT_0095013f_0002b140",$d,00000000
"0002b144","FUN_0002b144",$a,00000160
"0002b168","switchD_0002b160::switchdataD_0002b168",$d,00000000
"0002b2b8","FUN_0002b2b8",$a,00000160
"0002b2dc","switchD_0002b2d4::switchdataD_0002b2dc",$d,00000000
"0002b4a0","FUN_0002b4a0",$a,0000006c
"0002b510","|static|_DAT_0083fa48_0002b510",$d,00000000
"0002b514","|static|_DAT_0088069c_0002b514",$d,00000000
"0002b584","|static|_DAT_0094fd3c_0002b584",$d,00000000
"0002b5e4","|static|_DAT_0088069c_0002b5e4",$d,00000000
"0002b5ec","FUN_0002b5ec",$a,00000048
"0002b638","FUN_0002b638",$a,00000078
"0002b6b4","|static|_DAT_0088069c_0002b6b4",$d,00000000
"0002b6b8","|static|_DAT_0083fa48_0002b6b8",$d,00000000
"0002b6bc","|static|_DAT_009537c2_0002b6bc",$d,00000000
"0002b6c0","FUN_0002b6c0",$a,00000188
"0002b848","|static|_DAT_0088069c_0002b848",$d,00000000
"0002b850","|static|_DAT_009537c2_0002b850",$d,00000000
"0002b854","|static|_DAT_00868474_0002b854",$d,00000000
"0002b85c","FUN_0002b85c",$a,00000118
"0002b988","|static|_DAT_0094fd15_0002b988",$d,00000000
"0002b98c","|static|_DAT_0094fd3c_0002b98c",$d,00000000
"0002b990","FUN_0002b990",$a,00000014
"0002b9a4","FUN_0002b9a4",$a,00000114
"0002bab8","|static|_DAT_008c9f1c_0002bab8",$d,00000000
"0002babc","FUN_0002babc",$a,00000130
"0002bbf8","FUN_0002bbf8",$a,000000a0
"0002bc98","|static|_DAT_008c9f1c_0002bc98",$d,00000000
"0002bca4","FUN_0002bca4",$a,000000f4
"0002bd98","|static|_DAT_00a84790_0002bd98",$d,00000000
"0002bda0","FUN_0002bda0",$a,000000d0
"0002bf94","|static|_DAT_0094edd8_0002bf94",$d,00000000
"0002bf98","|static|_DAT_0097503c_0002bf98",$d,00000000
"0002bfa0","FUN_0002bfa0",$a,00000050
"0002bff0","FUN_0002bff0",$a,0000007c
"0002c06c","|static|_DAT_00ae5658_0002c06c",$d,00000000
"0002c074","FUN_0002c074",$a,000000b4
"0002c130","FUN_0002c130",$a,00000060
"0002c198","FUN_0002c198",$a,00000150
"0002c2ec","|static|_DAT_00950148_0002c2ec",$d,00000000
"0002c2f0","|static|_DAT_0085f2cc_0002c2f0",$d,00000000
"0002c2f4","|static|_DAT_0085f2d4_0002c2f4",$d,00000000
"0002c2f8","FUN_0002c2f8",$a,0000015c
"0002c454","FUN_0002c454",$a,00000138
"0002c590","FUN_0002c590",$a,00000184
"0002c71c","FUN_0002c71c",$a,00000070
"0002c78c","FUN_0002c78c",$a,0000013c
"0002c8c8","|static|_DAT_0085f2cc_0002c8c8",$d,00000000
"0002c8cc","|static|_DAT_0088069c_0002c8cc",$d,00000000
"0002c8d0","FUN_0002c8d0",$a,000001ac
"0002ca80","|static|_DAT_0088069c_0002ca80",$d,00000000
"0002ca84","|static|_DAT_00a84790_0002ca84",$d,00000000
"0002ca88","FUN_0002ca88",$a,00000058
"0002cae8","FUN_0002cae8",$a,00000368
"0002ce50","|static|_DAT_009062dc_0002ce50",$d,00000000
"0002ce54","FUN_0002ce54",$a,00000334
"0002d194","|static|_DAT_00950147_0002d194",$d,00000000
"0002d198","|static|_DAT_00a84790_0002d198",$d,00000000
"0002d1ac","FUN_0002d1ac",$a,0000020c
"0002d3bc","|static|_DAT_00950148_0002d3bc",$d,00000000
"0002d3c8","FUN_0002d3c8",$a,000001b8
"0002d580","|static|_DAT_009062dc_0002d580",$d,00000000
"0002d584","FUN_0002d584",$a,000000fc
"0002d688","FUN_0002d688",$a,0000073c
"0002dadc","|static|_DAT_00953864_0002dadc",$d,00000000
"0002dddc","|static|_DAT_00950147_0002dddc",$d,00000000
"0002dde4","FUN_0002dde4",$a,000000e0
"0002dec4","FUN_0002dec4",$a,00000010
"0002ded4","FUN_0002ded4",$a,0000007c
"0002df50","|static|_DAT_009537bc_0002df50",$d,00000000
"0002df54","|static|_DAT_008806a0_0002df54",$d,00000000
"0002df58","FUN_0002df58",$a,00000184
"0002e0e0","|static|_DAT_00950148_0002e0e0",$d,00000000
"0002e0e4","|static|_DAT_0085f2cc_0002e0e4",$d,00000000
"0002e0e8","|static|_DAT_0085f2d4_0002e0e8",$d,00000000
"0002e0ec","FUN_0002e0ec",$a,0000028c
"0002e37c","|static|_DAT_00950148_0002e37c",$d,00000000
"0002e380","|static|_DAT_0090af40_0002e380",$d,00000000
"0002e388","FUN_0002e388",$a,00000048
"0002e398","switchD_0002e390::switchdataD_0002e398",$d,00000000
"0002e430","FUN_0002e430",$a,00000010
"0002e440","FUN_0002e440",$a,000000e4
"0002e528","FUN_0002e528",$a,00000150
"0002e678","|static|_DAT_00a83aec_0002e678",$d,00000000
"0002e680","FUN_0002e680",$a,000000fc
"0002e77c","FUN_0002e77c",$a,0000019c
"0002e918","FUN_0002e918",$a,00000050
"0002e968","FUN_0002e968",$a,000001c8
"0002eb30","|static|_DAT_008c9f1c_0002eb30",$d,00000000
"0002eb38","FUN_0002eb38",$a,0000012c
"0002ec6c","FUN_0002ec6c",$a,000000a8
"0002ed18","FUN_0002ed18",$a,00000040
"0002ed58","FUN_0002ed58",$a,0000018c
"0002eee8","FUN_0002eee8",$a,00000108
"0002eff0","FUN_0002eff0",$a,000001bc
"0002f1b4","|static|_DAT_008ae138_0002f1b4",$d,00000000
"0002f1b8","FUN_0002f1b8",$a,00000094
"0002f24c","FUN_0002f24c",$a,00000078
"0002f2c4","FUN_0002f2c4",$a,00000214
"0002f2e8","switchD_0002f2e0::switchdataD_0002f2e8",$d,00000000
"0002f4f8","|static|_DAT_008c9f1c_0002f4f8",$d,00000000
"0002f504","FUN_0002f504",$a,00000108
"0002f618","|static|_FUN_00317dec_0002f618",$d,00000000
"0002f624","FUN_0002f624",$a,000000b4
"0002f6e4","|static|_FUN_002e0b3c_0002f6e4",$d,00000000
"0002f83c","|static|_DAT_0098c56c_0002f83c",$d,00000000
"0002f844","|static|_DAT_009ab068_0002f844",$d,00000000
"0002f84c","FUN_0002f84c",$a,00000098
"0002f8e4","FUN_0002f8e4",$a,00000044
"0002f928","FUN_0002f928",$a,00000104
"0002fa2c","FUN_0002fa2c",$a,0000011c
"0002fb4c","FUN_0002fb4c",$a,00000030
"0002fb7c","FUN_0002fb7c",$a,0000000c
"0002fb88","FUN_0002fb88",$a,0000010c
"0002fc94","FUN_0002fc94",$a,000000d0
"0002fd64","FUN_0002fd64",$a,00000054
"0002fdb8","FUN_0002fdb8",$a,000000b4
"0002fe6c","FUN_0002fe6c",$a,0000010c
"0002ff78","FUN_0002ff78",$a,000000a8
"00030020","|static|_DAT_008f9b04_00030020",$d,00000000
"00030024","FUN_00030024",$a,00000194
"000301d8","FUN_000301d8",$a,00000318
"00030510","FUN_00030510",$a,00000130
"00030654","|static|_FUN_002e0b3c_00030654",$d,00000000
"00030664","FUN_00030664",$a,0000010c
"00030770","FUN_00030770",$a,000001ac
"0003091c","|static|_DAT_0088069c_0003091c",$d,00000000
"00030938","|static|_DAT_009537c2_00030938",$d,00000000
"0003093c","FUN_0003093c",$a,00000078
"000309bc","FUN_000309bc",$a,00000168
"00030b24","|static|_DAT_0094f3bc_00030b24",$d,00000000
"00030b40","FUN_00030b40",$a,00000230
"00030d84","|static|_FUN_002e0b3c_00030d84",$d,00000000
"00030d94","|static|_DAT_008f0880_00030d94",$d,00000000
"00030d98","|static|_FUN_002b6ef8_00030d98",$d,00000000
"00030d9c","FUN_00030d9c",$a,00000068
"00030e1c","FUN_00030e1c",$a,000000f8
"00030f28","FUN_00030f28",$a,0000010c
"00031034","FUN_00031034",$a,00000058
"0003109c","FUN_0003109c",$a,000001dc
"00031280","FUN_00031280",$a,000000b8
"0003133c","FUN_0003133c",$a,00000238
"0003157c","FUN_0003157c",$a,00000074
"000315f0","FUN_000315f0",$a,000000dc
"000316d0","|static|_DAT_008c9f1c_000316d0",$d,00000000
"000316dc","FUN_000316dc",$a,00000068
"00031748","FUN_00031748",$a,00000018
"00031760","FUN_00031760",$a,00000040
"000317a4","FUN_000317a4",$a,0000010c
"000318b0","FUN_000318b0",$a,000000dc
"00031990","FUN_00031990",$a,00000184
"00031b24","|static|_FUN_00317dec_00031b24",$d,00000000
"00031b28","FUN_00031b28",$a,00000184
"00031cbc","|static|_FUN_00317dec_00031cbc",$d,00000000
"00031cf0","|static|_FUN_00317e2c_00031cf0",$d,00000000
"00031cf4","FUN_00031cf4",$a,000000e8
"00031de0","|static|_FUN_005673c8_00031de0",$d,00000000
"00031df4","|static|_FUN_004ee594_00031df4",$d,00000000
"00031dfc","FUN_00031dfc",$a,00000168
"00031f68","|static|_FUN_005673c8_00031f68",$d,00000000
"00031f7c","|static|_FUN_005371e0_00031f7c",$d,00000000
"00031f84","FUN_00031f84",$a,00000168
"000320f0","|static|_FUN_005673c8_000320f0",$d,00000000
"00032104","|static|_FUN_005371e0_00032104",$d,00000000
"0003210c","FUN_0003210c",$a,0000007c
"00032188","FUN_00032188",$a,000001e4
"0003236c","FUN_0003236c",$a,00000014
"00032384","FUN_00032384",$a,00000294
"00032618","FUN_00032618",$a,0000007c
"00032694","FUN_00032694",$a,00000294
"00032928","FUN_00032928",$a,000000c8
"000329f0","FUN_000329f0",$a,00000080
"00032a74","FUN_00032a74",$a,000001a0
"00032c14","|static|_DAT_00af83d4_00032c14",$d,00000000
"00032c2c","|static|_DAT_00982338_00032c2c",$d,00000000
"00032c30","|static|_DAT_00af83d4_00032c30",$d,00000000
"00032c34","|static|_DAT_008c9f1c_00032c34",$d,00000000
"00032c40","|static|_DAT_0098233c_00032c40",$d,00000000
"00032c4c","FUN_00032c4c",$a,000001a0
"00032dec","|static|_DAT_00af8400_00032dec",$d,00000000
"00032e04","|static|_DAT_00982344_00032e04",$d,00000000
"00032e08","|static|_DAT_00af8400_00032e08",$d,00000000
"00032e0c","|static|_DAT_008c9f1c_00032e0c",$d,00000000
"00032e18","|static|_DAT_00982348_00032e18",$d,00000000
"00032e20","FUN_00032e20",$a,00000164
"00032f88","FUN_00032f88",$a,00000160
"000330fc","FUN_000330fc",$a,00000180
"000332a4","FUN_000332a4",$a,000001e4
"000334a4","FUN_000334a4",$a,00000314
"000337bc","|static|_DAT_009505b0_000337bc",$d,00000000
"000337c0","FUN_000337c0",$a,00000040
"00033800","FUN_00033800",$a,00000070
"00033870","FUN_00033870",$a,000002e4
"00033b8c","|static|_DAT_0085f2bc_00033b8c",$d,00000000
"00033c24","FUN_00033c24",$a,00000038
"00033c64","FUN_00033c64",$a,000000a8
"00033d0c","|static|_DAT_008f9b04_00033d0c",$d,00000000
"00033da4","FUN_00033da4",$a,00000134
"00033edc","|static|_DAT_008f08a4_00033edc",$d,00000000
"00033ee4","|static|_FUN_003284d8_00033ee4",$d,00000000
"00033eec","|static|_FUN_002b950c_00033eec",$d,00000000
"00033ef0","FUN_00033ef0",$a,000000a0
"00033f90","|static|_DAT_008f8c14_00033f90",$d,00000000
"00033f94","|static|_DAT_008ed6a4_00033f94",$d,00000000
"00033f98","|static|_DAT_008eb16c_00033f98",$d,00000000
"00033f9c","FUN_00033f9c",$a,0000000c
"00033fa8","FUN_00033fa8",$a,00000090
"00034038","|static|_DAT_008c9f1c_00034038",$d,00000000
"0003403c","FUN_0003403c",$a,000000dc
"0003411c","|static|_DAT_008c9f1c_0003411c",$d,00000000
"00034128","FUN_00034128",$a,00000538
"00034144","switchD_0003413c::switchdataD_00034144",$d,00000000
"000346e4","FUN_000346e4",$a,000000e8
"000347cc","|static|_DAT_008c9f1c_000347cc",$d,00000000
"000347d0","FUN_000347d0",$a,00000050
"00034824","FUN_00034824",$a,00000254
"00034a7c","|static|_DAT_008c9f1c_00034a7c",$d,00000000
"00034a8c","FUN_00034a8c",$a,00000058
"00034af0","FUN_00034af0",$a,00000034
"00034b24","|static|_DAT_0085f2cc_00034b24",$d,00000000
"00034b2c","FUN_00034b2c",$a,00000088
"00034bcc","FUN_00034bcc",$a,0000008c
"00034c5c","|static|_DAT_00a84790_00034c5c",$d,00000000
"00034c60","FUN_00034c60",$a,00000114
"00034d74","|static|_DAT_00a84790_00034d74",$d,00000000
"00034d7c","FUN_00034d7c",$a,00000104
"00034e88","FUN_00034e88",$a,000000d8
"00034f60","FUN_00034f60",$a,000000e8
"00035050","FUN_00035050",$a,000000d0
"00035124","FUN_00035124",$a,000000d0
"00035204","|static|_FUN_002e0b3c_00035204",$d,00000000
"0003520c","FUN_0003520c",$a,0000010c
"00035318","FUN_00035318",$a,00000248
"00035564","|static|_DAT_008c9f1c_00035564",$d,00000000
"00035570","FUN_00035570",$a,0000013c
"000356b8","FUN_000356b8",$a,000001cc
"0003588c","FUN_0003588c",$a,00000108
"00035994","FUN_00035994",$a,0000009c
"00035a34","FUN_00035a34",$a,00000108
"00035b3c","FUN_00035b3c",$a,000000f8
"00035c48","FUN_00035c48",$a,000000a0
"00035ce8","|static|_DAT_008f8c14_00035ce8",$d,00000000
"00035cec","|static|_DAT_008ed6a4_00035cec",$d,00000000
"00035cf0","|static|_DAT_008eb16c_00035cf0",$d,00000000
"00035cf4","FUN_00035cf4",$a,0000006c
"00035d64","FUN_00035d64",$a,0000003c
"00035db4","FUN_00035db4",$a,000000b8
"00035e74","|static|_DAT_008f2c74_00035e74",$d,00000000
"00035e78","|static|_DAT_008f427c_00035e78",$d,00000000
"00035e7c","FUN_00035e7c",$a,000000b0
"00035f2c","|static|_DAT_0094ee30_00035f2c",$d,00000000
"00035f30","FUN_00035f30",$a,00000378
"000362ac","|static|_DAT_0085f2d4_000362ac",$d,00000000
"000362b8","|static|_DAT_008ae138_000362b8",$d,00000000
"000362c4","|static|_DAT_0085f2cc_000362c4",$d,00000000
"000362c8","FUN_000362c8",$a,000000cc
"00036398","FUN_00036398",$a,00000024
"000363bc","FUN_000363bc",$a,000000d0
"00036490","FUN_00036490",$a,00000248
"000366dc","|static|_DAT_008c9f1c_000366dc",$d,00000000
"000366e8","FUN_000366e8",$a,000005a4
"00036c8c","|static|_DAT_0095debc_00036c8c",$d,00000000
"00036c90","|static|_DAT_00a83aec_00036c90",$d,00000000
"00036ca8","|static|_DAT_008c9f1c_00036ca8",$d,00000000
"00036cb0","FUN_00036cb0",$a,00000154
"00036e04","|static|_DAT_00a83aec_00036e04",$d,00000000
"00036e10","|static|_DAT_008c9f1c_00036e10",$d,00000000
"00036e1c","FUN_00036e1c",$a,000004d4
"00036e84","switchD_00036e7c::switchdataD_00036e84",$d,00000000
"00037124","switchD_0003711c::switchdataD_00037124",$d,00000000
"00037328","|static|_DAT_00a84790_00037328",$d,00000000
"00037330","|static|_DAT_00a83aec_00037330",$d,00000000
"00037338","FUN_00037338",$a,00000150
"000373a8","switchD_000373a0::switchdataD_000373a8",$d,00000000
"000374ac","|static|_DAT_0088069c_000374ac",$d,00000000
"000374b0","FUN_000374b0",$a,000000bc
"0003756c","|static|_DAT_00a83aec_0003756c",$d,00000000
"00037578","FUN_00037578",$a,000000dc
"00037658","|static|_DAT_008c9f1c_00037658",$d,00000000
"00037664","FUN_00037664",$a,00000010
"00037674","|static|_DAT_0094fd32_00037674",$d,00000000
"00037678","FUN_00037678",$a,00000038
"000376b8","FUN_000376b8",$a,00000038
"000376f4","FUN_000376f4",$a,00000050
"00037744","FUN_00037744",$a,000000d4
"00037840","FUN_00037840",$a,0000006c
"00037910","FUN_00037910",$a,00000028
"00037938","FUN_00037938",$a,00000050
"00037998","FUN_00037998",$a,0000007c
"00037a1c","FUN_00037a1c",$a,000000b8
"00037ae8","FUN_00037ae8",$a,0000007c
"00037c00","|static|_DAT_009537be_00037c00",$d,00000000
"00037c04","|static|_DAT_008806a4_00037c04",$d,00000000
"00037c08","FUN_00037c08",$a,000000e8
"00037cf4","|static|_DAT_009537be_00037cf4",$d,00000000
"00037cf8","|static|_DAT_008806a4_00037cf8",$d,00000000
"00037cfc","FUN_00037cfc",$a,00000074
"00037e00","|static|_DAT_0085f2cc_00037e00",$d,00000000
"00037e08","|static|_DAT_0083fa48_00037e08",$d,00000000
"00037e0c","|static|_DAT_009537c0_00037e0c",$d,00000000
"00037e10","|static|_DAT_008806a8_00037e10",$d,00000000
"00037e40","|static|_DAT_0083fa48_00037e40",$d,00000000
"00037e44","|static|_DAT_0088069c_00037e44",$d,00000000
"00037f44","|static|_DAT_009537c0_00037f44",$d,00000000
"00037f48","|static|_DAT_008806a8_00037f48",$d,00000000
"00037fb8","FUN_00037fb8",$a,00000074
"00038074","|static|_DAT_0088069c_00038074",$d,00000000
"000380dc","|static|_DAT_0088069c_000380dc",$d,00000000
"000380e0","|static|_DAT_009537c2_000380e0",$d,00000000
"00038120","|static|_DAT_0083fa48_00038120",$d,00000000
"00038124","|static|_DAT_0088069c_00038124",$d,00000000
"0003812c","FUN_0003812c",$a,000000b0
"000381e4","FUN_000381e4",$a,00000138
"00038324","FUN_00038324",$a,000001a8
"000384e0","|static|_DAT_0095bfdc_000384e0",$d,00000000
"00038608","|static|_DAT_008f7c50_00038608",$d,00000000
"0003860c","|static|_DAT_008f7794_0003860c",$d,00000000
"00038720","|static|_DAT_008f7c50_00038720",$d,00000000
"00038724","|static|_DAT_008f7794_00038724",$d,00000000
"000387b0","FUN_000387b0",$a,0000014c
"000388fc","FUN_000388fc",$a,00000010
"00038a44","|static|_DAT_008c9f1c_00038a44",$d,00000000
"00038acc","|static|_DAT_008f2fb8_00038acc",$d,00000000
"00038aec","|static|_DAT_008f2fb8_00038aec",$d,00000000
"00038b00","FUN_00038b00",$a,00000028
"00038b28","|static|_DAT_00887236_00038b28",$d,00000000
"00038b2c","FUN_00038b2c",$a,00000020
"00038b50","FUN_00038b50",$a,0000014c
"00038c9c","FUN_00038c9c",$a,00000010
"00038dac","|static|_DAT_008c9f1c_00038dac",$d,00000000
"00038e40","|static|_DAT_008f2fb8_00038e40",$d,00000000
"00038e60","|static|_DAT_008f2fb8_00038e60",$d,00000000
"00038e64","FUN_00038e64",$a,00000064
"00038ed0","|static|_DAT_0094edd8_00038ed0",$d,00000000
"00038ed4","FUN_00038ed4",$a,00000110
"00038fe4","|static|_DAT_00ae531c_00038fe4",$d,00000000
"00038fec","FUN_00038fec",$a,00000150
"0003913c","|static|_DAT_00ae531c_0003913c",$d,00000000
"00039144","|static|_DAT_008c9f1c_00039144",$d,00000000
"000391c8","|static|_DAT_00ae531c_000391c8",$d,00000000
"000391fc","|static|_DAT_008f4f38_000391fc",$d,00000000
"0003921c","|static|_DAT_008f4f38_0003921c",$d,00000000
"00039244","FUN_00039244",$a,00000030
"000392a0","FUN_000392a0",$a,00000030
"000392d4","FUN_000392d4",$a,00000040
"00039318","FUN_00039318",$a,0000003c
"00039358","FUN_00039358",$a,00000034
"00039388","|static|_DAT_0094f708_00039388",$d,00000000
"0003938c","FUN_0003938c",$a,0000005c
"000393e8","|static|_DAT_0094fd58_000393e8",$d,00000000
"000393f0","FUN_000393f0",$a,00000044
"00039430","|static|_DAT_0094fd58_00039430",$d,00000000
"00039434","|static|_DAT_0094f708_00039434",$d,00000000
"00039438","FUN_00039438",$a,000003f0
"00039828","|static|_DAT_00ad56e0_00039828",$d,00000000
"00039830","|static|_FUN_002f635c_00039830",$d,00000000
"00039838","|static|_DAT_008906ec_00039838",$d,00000000
"00039844","|static|_DAT_0094fd2b_00039844",$d,00000000
"00039848","|static|_DAT_0094fd54_00039848",$d,00000000
"00039878","FUN_00039878",$a,000000c0
"00039938","|static|_DAT_0095deac_00039938",$d,00000000
"00039944","FUN_00039944",$a,00000060
"000399a0","|static|_DAT_009506e8_000399a0",$d,00000000
"000399a4","|static|_DAT_0095deac_000399a4",$d,00000000
"000399a8","FUN_000399a8",$a,0000003c
"000399e4","FUN_000399e4",$a,00000264
"00039c58","|static|_DAT_0094fd5c_00039c58",$d,00000000
"00039c5c","|static|_DAT_0094fd54_00039c5c",$d,00000000
"00039c60","|static|_DAT_0094fd2b_00039c60",$d,00000000
"00039c7c","FUN_00039c7c",$a,0000019c
"00039e18","|static|_DAT_0094fd58_00039e18",$d,00000000
"00039e20","|static|_FUN_002f635c_00039e20",$d,00000000
"00039e28","FUN_00039e28",$a,00000048
"00039e70","|static|_DAT_0094fd84_00039e70",$d,00000000
"00039e74","FUN_00039e74",$a,000001b8
"0003a048","|static|_FUN_002e0994_0003a048",$d,00000000
"0003a068","FUN_0003a068",$a,00000088
"0003a0f0","|static|_DAT_00994d04_0003a0f0",$d,00000000
"0003a154","|static|_DAT_008f427c_0003a154",$d,00000000
"0003a18c","|static|_DAT_008f427c_0003a18c",$d,00000000
"0003a198","FUN_0003a198",$a,00000784
"0003a384","switchD_0003a37c::switchdataD_0003a384",$d,00000000
"0003a52c","|static|_DAT_0085f2cc_0003a52c",$d,00000000
"0003a534","|static|_DAT_0088069c_0003a534",$d,00000000
"0003a538","|static|_DAT_009537c2_0003a538",$d,00000000
"0003a540","|static|_DAT_0094dfd0_0003a540",$d,00000000
"0003a8b4","|static|_DAT_0094edd8_0003a8b4",$d,00000000
"0003a974","FUN_0003a974",$a,0000005c
"0003a9e4","|static|_DAT_0095bfdc_0003a9e4",$d,00000000
"0003aa88","|static|_DAT_00a84790_0003aa88",$d,00000000
"0003aa8c","|static|_DAT_0095debc_0003aa8c",$d,00000000
"0003aaa0","|static|_DAT_00881f20_0003aaa0",$d,00000000
"0003aab4","FUN_0003aab4",$a,00000278
"0003aae0","switchD_0003aad8::switchdataD_0003aae0",$d,00000000
"0003ad44","|static|_DAT_00a84790_0003ad44",$d,00000000
"0003ad48","|static|_DAT_0095debc_0003ad48",$d,00000000
"0003ad5c","|static|_DAT_00881f20_0003ad5c",$d,00000000
"0003ad78","FUN_0003ad78",$a,0000007c
"0003adf4","FUN_0003adf4",$a,00000058
"0003ae4c","FUN_0003ae4c",$a,00000024
"0003aec4","FUN_0003aec4",$a,000000d8
"0003afbc","|static|_DAT_0085f2cc_0003afbc",$d,00000000
"0003afc8","FUN_0003afc8",$a,000000f8
"0003b0c4","|static|_DAT_0094dfd0_0003b0c4",$d,00000000
"0003b0d0","FUN_0003b0d0",$a,00000044
"0003b43c","|static|_DAT_00ae5664_0003b43c",$d,00000000
"0003b440","|static|_DAT_00975bee_0003b440",$d,00000000
"0003b45c","FUN_0003b45c",$a,00000004
"0003b464","FUN_0003b464",$a,00000114
"0003b6bc","|static|_DAT_008f7c50_0003b6bc",$d,00000000
"0003b6c0","|static|_DAT_008f7794_0003b6c0",$d,00000000
"0003b7e4","|static|_DAT_008f7c50_0003b7e4",$d,00000000
"0003b7e8","|static|_DAT_008f7794_0003b7e8",$d,00000000
"0003b808","FUN_0003b808",$a,00000080
"0003b824","switchD_0003b81c::switchdataD_0003b824",$d,00000000
"0003b928","FUN_0003b928",$a,0000009c
"0003b9c0","FUN_0003b9c0",$a,00000090
"0003ba50","FUN_0003ba50",$a,000000e4
"0003bb34","FUN_0003bb34",$a,00000070
"0003bba4","FUN_0003bba4",$a,00000038
"0003bc04","FUN_0003bc04",$a,00000070
"0003bc74","|static|_DAT_00a84790_0003bc74",$d,00000000
"0003bc78","FUN_0003bc78",$a,00000038
"0003bcf0","|static|_DAT_00a84790_0003bcf0",$d,00000000
"0003bcf4","FUN_0003bcf4",$a,00000038
"0003bd2c","FUN_0003bd2c",$a,00000034
"0003bd60","FUN_0003bd60",$a,00000010
"0003bd98","FUN_0003bd98",$a,00000064
"0003be00","FUN_0003be00",$a,0000004c
"0003be4c","|static|_DAT_0085f2d4_0003be4c",$d,00000000
"0003be50","FUN_0003be50",$a,0000002c
"0003be7c","FUN_0003be7c",$a,00000050
"0003becc","|static|_DAT_009537bc_0003becc",$d,00000000
"0003bed0","|static|_DAT_008806a0_0003bed0",$d,00000000
"0003bed4","FUN_0003bed4",$a,00000114
"0003c078","|static|_DAT_0088069c_0003c078",$d,00000000
"0003c07c","|static|_DAT_009537c2_0003c07c",$d,00000000
"0003c094","|static|_DAT_0088069c_0003c094",$d,00000000
"0003c0c4","FUN_0003c0c4",$a,000001c8
"0003c290","|static|_DAT_0085f2d4_0003c290",$d,00000000
"0003c294","FUN_0003c294",$a,00000190
"0003c42c","|static|_DAT_0085f2d4_0003c42c",$d,00000000
"0003c430","FUN_0003c430",$a,000000f4
"0003c52c","|static|_DAT_008f9b04_0003c52c",$d,00000000
"0003c530","|static|_DAT_0095bfdc_0003c530",$d,00000000
"0003c620","|static|_DAT_008f7c50_0003c620",$d,00000000
"0003c624","|static|_DAT_008f7794_0003c624",$d,00000000
"0003c708","|static|_DAT_008f7c50_0003c708",$d,00000000
"0003c70c","|static|_DAT_008f7794_0003c70c",$d,00000000
"0003c718","FUN_0003c718",$a,00000028
"0003c748","FUN_0003c748",$a,00000028
"0003c7c8","|static|_DAT_0098c56c_0003c7c8",$d,00000000
"0003c7d8","FUN_0003c7d8",$a,00000064
"0003c83c","|static|_DAT_0094fb9c_0003c83c",$d,00000000
"0003c840","|static|_DAT_0094fd2b_0003c840",$d,00000000
"0003c8a4","FUN_0003c8a4",$a,0000004c
"0003c8f4","|static|_DAT_0094fd32_0003c8f4",$d,00000000
"0003c8f8","|static|_DAT_0094fd7c_0003c8f8",$d,00000000
"0003c904","FUN_0003c904",$a,00000028
"0003c958","|static|_DAT_0094fb9c_0003c958",$d,00000000
"0003c960","FUN_0003c960",$a,00000004
"0003c9a4","FUN_0003c9a4",$a,00000084
"0003cb00","FUN_0003cb00",$a,000000f8
"0003cbf8","|static|_DAT_0094fd25_0003cbf8",$d,00000000
"0003cbfc","|static|_DAT_0095bfdc_0003cbfc",$d,00000000
"0003cc00","FUN_0003cc00",$a,00000048
"0003cc64","FUN_0003cc64",$a,000000ec
"0003cd50","FUN_0003cd50",$a,0000001c
"0003cd70","FUN_0003cd70",$a,00000144
"0003ceb4","FUN_0003ceb4",$a,00000154
"0003d00c","FUN_0003d00c",$a,00000004
"0003d010","FUN_0003d010",$a,0000016c
"0003d1d4","FUN_0003d1d4",$a,0000004c
"0003d224","FUN_0003d224",$a,00000124
"0003d34c","FUN_0003d34c",$a,00000330
"0003d600","|static|_DAT_00950020_0003d600",$d,00000000
"0003d604","FUN_0003d604",$a,0000010c
"0003d718","FUN_0003d718",$a,000000c0
"0003d7dc","ModuleFtr_DAT_00047b94_0003d7dc",$d,00000000
"0003d7e0","FUN_0003d7e0",$a,00000050
"0003d834","FUN_0003d834",$a,0000003c
"0003d870","FUN_0003d870",$a,000000a4
"0003d918","FUN_0003d918",$a,00000054
"0003d96c","|static|_DAT_0094fd3c_0003d96c",$d,00000000
"0003d970","|static|_DAT_0094fd19_0003d970",$d,00000000
"0003d974","FUN_0003d974",$a,00000378
"0003d9e8","switchD_0003d9e0::switchdataD_0003d9e8",$d,00000000
"0003dbb8","|static|_DAT_0094fd19_0003dbb8",$d,00000000
"0003dbbc","|static|_DAT_0094fd2b_0003dbbc",$d,00000000
"0003dbc4","|static|_DAT_00a84790_0003dbc4",$d,00000000
"0003dbcc","FUN_0003dbcc",$a,00000074
"0003dc40","|static|_DAT_0094fd3c_0003dc40",$d,00000000
"0003dc44","|static|_DAT_0094fd19_0003dc44",$d,00000000
"0003dc48","|static|_DAT_00a84790_0003dc48",$d,00000000
"0003dc4c","FUN_0003dc4c",$a,0000013c
"0003ddb0","FUN_0003ddb0",$a,00000048
"0003de08","FUN_0003de08",$a,00000048
"0003de78","FUN_0003de78",$a,0000005c
"0003ded4","FUN_0003ded4",$a,00000218
"0003e120","FUN_0003e120",$a,00000090
"0003e1b0","FUN_0003e1b0",$a,000000ac
"0003e260","FUN_0003e260",$a,0000019c
"0003e414","|static|_FUN_002e0994_0003e414",$d,00000000
"0003e4f0","FUN_0003e4f0",$a,00000140
"0003e634","|static|_DAT_008c9f1c_0003e634",$d,00000000
"0003e6a0","|static|_FUN_00317e2c_0003e6a0",$d,00000000
"0003e6a4","FUN_0003e6a4",$a,00000070
"0003e714","FUN_0003e714",$a,00000138
"0003e850","FUN_0003e850",$a,000000b0
"0003e900","|static|_DAT_008c9f1c_0003e900",$d,00000000
"0003e958","|static|_DAT_008eec9c_0003e958",$d,00000000
"0003e978","|static|_DAT_008eec9c_0003e978",$d,00000000
"0003e97c","FUN_0003e97c",$a,00000134
"0003eab8","FUN_0003eab8",$a,000000b0
"0003eb68","|static|_DAT_008c9f1c_0003eb68",$d,00000000
"0003ebcc","|static|_DAT_008eec9c_0003ebcc",$d,00000000
"0003ebec","|static|_DAT_008eec9c_0003ebec",$d,00000000
"0003ebf0","FUN_0003ebf0",$a,00000164
"0003edb0","|static|_DAT_00952c3c_0003edb0",$d,00000000
"0003edd0","FUN_0003edd0",$a,00000020
"0003edf0","FUN_0003edf0",$a,0000004c
"0003ee58","FUN_0003ee58",$a,00000034
"0003ee8c","FUN_0003ee8c",$a,00000038
"0003eec8","FUN_0003eec8",$a,00000034
"0003eefc","FUN_0003eefc",$a,00000030
"0003ef2c","FUN_0003ef2c",$a,0000001c
"0003ef54","FUN_0003ef54",$a,000000a8
"0003f010","FUN_0003f010",$a,0000001c
"0003f02c","FUN_0003f02c",$a,00000044
"0003f074","|static|_FUN_004ecb80_0003f074",$d,00000000
"0003f0bc","|static|_FUN_004ecbe0_0003f0bc",$d,00000000
"0003f104","|static|_FUN_004ecbe0_0003f104",$d,00000000
"0003f198","FUN_0003f198",$a,00000638
"0003f7d0","|static|_DAT_0085f2d4_0003f7d0",$d,00000000
"0003f7d4","|static|_DAT_0088069c_0003f7d4",$d,00000000
"0003f7d8","|static|_DAT_008806a0_0003f7d8",$d,00000000
"0003f7e0","|static|_DAT_009537c2_0003f7e0",$d,00000000
"0003f7e4","|static|_DAT_009537bc_0003f7e4",$d,00000000
"0003f7e8","|static|_DAT_0085f2d8_0003f7e8",$d,00000000
"0003f7ec","|static|_DAT_0085f2cc_0003f7ec",$d,00000000
"0003f7f4","FUN_0003f7f4",$a,000000d8
"0003f97c","FUN_0003f97c",$a,00000060
"0003f9e0","FUN_0003f9e0",$a,000000c0
"0003fad4","FUN_0003fad4",$a,000000a4
"0003fb90","FUN_0003fb90",$a,00000040
"0003fbd0","|static|_DAT_0088069c_0003fbd0",$d,00000000
"0003fbd8","FUN_0003fbd8",$a,0000002c
"0003fc54","FUN_0003fc54",$a,00000058
"0003fcb4","FUN_0003fcb4",$a,0000003c
"0003fcf0","FUN_0003fcf0",$a,0000003c
"0003fd2c","FUN_0003fd2c",$a,00000234
"0003ff68","|static|_DAT_0094fd88_0003ff68",$d,00000000
"0003ff6c","|static|_DAT_0094fd8c_0003ff6c",$d,00000000
"0003ff74","|static|_DAT_0094fd32_0003ff74",$d,00000000
"0003ff78","|static|_DAT_0094f310_0003ff78",$d,00000000
"0003ff7c","|static|_DAT_0094fd58_0003ff7c",$d,00000000
"0003ff80","FUN_0003ff80",$a,0000003c
"0003ffbc","FUN_0003ffbc",$a,0000002c
"0003ffec","|static|_DAT_0094fd88_0003ffec",$d,00000000
"0003fff0","FUN_0003fff0",$a,0000002c
"00040020","|static|_DAT_0094fd8c_00040020",$d,00000000
"00040024","FUN_00040024",$a,00000034
"00040058","FUN_00040058",$a,00000030
"00040088","|static|_DAT_0088069c_00040088",$d,00000000
"0004008c","FUN_0004008c",$a,0000006c
"00040100","FUN_00040100",$a,00000134
"00040340","|static|_DAT_008f7c50_00040340",$d,00000000
"00040344","|static|_DAT_008f7794_00040344",$d,00000000
"0004042c","|static|_DAT_008f7c50_0004042c",$d,00000000
"00040430","|static|_DAT_008f7794_00040430",$d,00000000
"000404a0","switchD_00040498::switchdataD_000404a0",$d,00000000
"00040cb4","switchD_00040cac::switchdataD_00040cb4",$d,00000000
"00040e70","FUN_00040e70",$a,00000010
"00040e98","|static|_DAT_0088069c_00040e98",$d,00000000
"00040efc","FUN_00040efc",$a,00000038
"00040f3c","FUN_00040f3c",$a,00000030
"00040f6c","FUN_00040f6c",$a,00000050
"00040fd8","|static|_DAT_0088069c_00040fd8",$d,00000000
"00040fe0","FUN_00040fe0",$a,000000b0
"0004109c","|static|_DAT_00950148_0004109c",$d,00000000
"00041188","|static|_DAT_008f7c50_00041188",$d,00000000
"0004118c","|static|_DAT_008f7794_0004118c",$d,00000000
"00041270","|static|_DAT_008f7c50_00041270",$d,00000000
"00041274","|static|_DAT_008f7794_00041274",$d,00000000
"000412a8","|static|_DAT_008f4f38_000412a8",$d,00000000
"000412c8","|static|_DAT_008f4f38_000412c8",$d,00000000
"000412cc","FUN_000412cc",$a,00000064
"00041338","|static|_DAT_0094edd8_00041338",$d,00000000
"0004133c","FUN_0004133c",$a,000000c8
"00041404","FUN_00041404",$a,00000098
"0004149c","|static|_DAT_008c9f1c_0004149c",$d,00000000
"00041500","|static|_DAT_008f4f38_00041500",$d,00000000
"00041520","|static|_DAT_008f4f38_00041520",$d,00000000
"00041524","FUN_00041524",$a,00000058
"0004157c","FUN_0004157c",$a,00000034
"00041a68","|static|_DAT_0088069c_00041a68",$d,00000000
"00041a6c","|static|_DAT_008806a0_00041a6c",$d,00000000
"00041a70","|static|_DAT_0085f2d4_00041a70",$d,00000000
"00041a74","|static|_DAT_009537c2_00041a74",$d,00000000
"00041a78","|static|_DAT_009537bc_00041a78",$d,00000000
"00041b38","FUN_00041b38",$a,0000017c
"00041cb8","|static|_DAT_0085f2d4_00041cb8",$d,00000000
"00041cc0","FUN_00041cc0",$a,00000038
"00041cf8","|static|_DAT_0088069c_00041cf8",$d,00000000
"00041d5c","FUN_00041d5c",$a,00000030
"00041d8c","FUN_00041d8c",$a,000000c8
"00041e8c","|static|_DAT_0088069c_00041e8c",$d,00000000
"00041e94","FUN_00041e94",$a,00000088
"00042014","|static|_DAT_008f7c50_00042014",$d,00000000
"00042018","|static|_DAT_008f7794_00042018",$d,00000000
"00042100","|static|_DAT_008f7c50_00042100",$d,00000000
"00042104","|static|_DAT_008f7794_00042104",$d,00000000
"000421ec","FUN_000421ec",$a,00000040
"0004222c","FUN_0004222c",$a,0000012c
"00042360","|static|_DAT_00af76f8_00042360",$d,00000000
"00042384","FUN_00042384",$a,000000a0
"0004242c","FUN_0004242c",$a,00000178
"000425a8","ModuleFtr_DAT_00047b94_000425a8",$d,00000000
"000425b8","FUN_000425b8",$a,000000a4
"00042668","FUN_00042668",$a,00000060
"00042718","FUN_00042718",$a,00000004
"0004271c","FUN_0004271c",$a,0000009c
"000427bc","FUN_000427bc",$a,00000080
"00042840","FUN_00042840",$a,0000011c
"00042960","ModuleFtr_DAT_00047b94_00042960",$d,00000000
"00042968","|static|_DAT_008656e8_00042968",$d,00000000
"0004296c","FUN_0004296c",$a,00000118
"00042b24","FUN_00042b24",$a,00000248
"00042d78","ModuleFtr_DAT_00047b94_00042d78",$d,00000000
"00042d80","FUN_00042d80",$a,00000058
"00042e04","FUN_00042e04",$a,00000188
"00042f90","FUN_00042f90",$a,000001b0
"0004316c","FUN_0004316c",$a,0000003c
"000431b4","FUN_000431b4",$a,0000008c
"00043258","FUN_00043258",$a,00000070
"000432c8","FUN_000432c8",$a,0000011c
"000433fc","FUN_000433fc",$a,00000044
"00043444","FUN_00043444",$a,00000050
"00043498","FUN_00043498",$a,000000b0
"00043548","ModuleFtr_DAT_00047b94_00043548",$d,00000000
"00043670","|static|_FUN_00125aec_00043670",$d,00000000
"00043674","|static|_DAT_00975c70_00043674",$d,00000000
"000436c0","|static|_FUN_0056988c_000436c0",$d,00000000
"00043704","|static|_FUN_0056988c_00043704",$d,00000000
"00043784","FUN_00043784",$a,00000024
"00043988","|static|_thunk_FUN_00317e2c_00043988",$d,00000000
"000439bc","|static|_thunk_FUN_00317e2c_000439bc",$d,00000000
"000439f4","|static|_thunk_FUN_00317e2c_000439f4",$d,00000000
"00043a28","|static|_thunk_FUN_00317e2c_00043a28",$d,00000000
"00043a2c","FUN_00043a2c",$a,00000004
"00043a38","FUN_00043a38",$a,000000e4
"00043b20","FUN_00043b20",$a,00000058
"00043b78","FUN_00043b78",$a,000000c8
"00043c4c","FUN_00043c4c",$a,000000e4
"00043d34","FUN_00043d34",$a,000000cc
"00043e14","FUN_00043e14",$a,00000158
"000446f0","|static|_DAT_00a84790_000446f0",$d,00000000
"00044704","FUN_00044704",$a,000001ac
"000448c4","|static|_DAT_008c9f1c_000448c4",$d,00000000
"000448cc","FUN_000448cc",$a,00000148
"00044a20","FUN_00044a20",$a,000001b8
"00044bdc","FUN_00044bdc",$a,00000184
"00044d60","|static|_DAT_00a84790_00044d60",$d,00000000
"00044d64","FUN_00044d64",$a,000003c8
"00044de0","switchD_00044dd8::switchdataD_00044de0",$d,00000000
"00045160","|static|_DAT_00a84790_00045160",$d,00000000
"00045164","FUN_00045164",$a,0000006c
"000451d0","FUN_000451d0",$a,000002e8
"000452d8","switchD_000452d0::switchdataD_000452d8",$d,00000000
"000454d4","FUN_000454d4",$a,00000118
"000455ec","FUN_000455ec",$a,000003b8
"000459a8","|static|_DAT_009537c2_000459a8",$d,00000000
"000459ac","|static|_DAT_008806a0_000459ac",$d,00000000
"000459b4","|static|_DAT_0085f2d4_000459b4",$d,00000000
"000459b8","|static|_DAT_0085f2cc_000459b8",$d,00000000
"000459bc","|static|_DAT_009537bc_000459bc",$d,00000000
"000459c4","FUN_000459c4",$a,000000a8
"00045a6c","FUN_00045a6c",$a,000001a8
"00045c24","FUN_00045c24",$a,000000a0
"00045cc4","FUN_00045cc4",$a,00000074
"00045d38","FUN_00045d38",$a,000001fc
"00045f34","|static|_DAT_00a84790_00045f34",$d,00000000
"00045f38","FUN_00045f38",$a,00000174
"000460ac","FUN_000460ac",$a,00000204
"000462b0","|static|_DAT_00a84790_000462b0",$d,00000000
"000462b8","FUN_000462b8",$a,0000009c
"00046354","FUN_00046354",$a,000001b8
"00046514","FUN_00046514",$a,000006a0
"000468fc","switchD_000468f4::switchdataD_000468fc",$d,00000000
"00046bd4","|static|_DAT_0095bfe0_00046bd4",$d,00000000
"00046bdc","FUN_00046bdc",$a,00000174
"00046d50","FUN_00046d50",$a,00000414
"0004717c","FUN_0004717c",$a,00000570
"000471d8","switchD_000471d0::switchdataD_000471d8",$d,00000000
"00047708","|static|_DAT_00a84790_00047708",$d,00000000
"0004770c","|static|_DAT_0095bfdc_0004770c",$d,00000000
"00047718","FUN_00047718",$a,00000220
"00047938","FUN_00047938",$a,000001a0
"00047ae4","|static|_DAT_0094ee30_00047ae4",$d,00000000
"00047ae8","FUN_00047ae8",$a,00000130
"00047c20","FUN_00047c20",$a,00000530
"00048164","FUN_00048164",$a,00000548
"00048244","switchD_0004823c::switchdataD_00048244",$d,00000000
"000486c8","|static|_DAT_0088069c_000486c8",$d,00000000
"000486cc","|static|_DAT_009537c2_000486cc",$d,00000000
"000486d4","|static|_DAT_0085f2cc_000486d4",$d,00000000
"000486e4","|static|_DAT_0095bfdc_000486e4",$d,00000000
"000486e8","FUN_000486e8",$a,00000108
"000487f0","FUN_000487f0",$a,000000d4
"000488c4","FUN_000488c4",$a,0000036c
"00048c30","|static|_DAT_00950148_00048c30",$d,00000000
"00048c4c","FUN_00048c4c",$a,000001a4
"00048df4","|static|_DAT_0094ee30_00048df4",$d,00000000
"00048df8","FUN_00048df8",$a,00000318
"00049110","|static|_DAT_00a83aec_00049110",$d,00000000
"00049138","|static|_DAT_00a84790_00049138",$d,00000000
"0004913c","FUN_0004913c",$a,00000118
"00049258","FUN_00049258",$a,0000006c
"000492c4","FUN_000492c4",$a,000000d4
"0004939c","FUN_0004939c",$a,00000300
"000493e4","switchD_000493dc::switchdataD_000493e4",$d,00000000
"000496c8","|static|_DAT_00a84790_000496c8",$d,00000000
"000496cc","FUN_000496cc",$a,00000438
"00049b04","|static|_DAT_0090aad4_00049b04",$d,00000000
"00049b08","|static|_DAT_0094fd2b_00049b08",$d,00000000
"00049b0c","|static|_DAT_00950148_00049b0c",$d,00000000
"00049b14","|static|_DAT_00886ad8_00049b14",$d,00000000
"00049b18","FUN_00049b18",$a,00000100
"00049c18","FUN_00049c18",$a,00000090
"00049ca8","FUN_00049ca8",$a,000000dc
"00049d8c","FUN_00049d8c",$a,00000080
"00049e24","FUN_00049e24",$a,000001a0
"00049fc4","|static|_DAT_0095bfdc_00049fc4",$d,00000000
"00049fd4","FUN_00049fd4",$a,00000128
"0004a100","|static|_DAT_0095386c_0004a100",$d,00000000
"0004a104","FUN_0004a104",$a,00000284
"0004a164","switchD_0004a15c::switchdataD_0004a164",$d,00000000
"0004a3a8","|static|_DAT_00a84790_0004a3a8",$d,00000000
"0004a3ac","FUN_0004a3ac",$a,0000010c
"0004a4b8","|static|_DAT_00a84790_0004a4b8",$d,00000000
"0004a4bc","|static|_DAT_00908b94_0004a4bc",$d,00000000
"0004a4c0","FUN_0004a4c0",$a,000000fc
"0004a5c4","FUN_0004a5c4",$a,00000148
"0004a608","switchD_0004a600::switchdataD_0004a608",$d,00000000
"0004a748","FUN_0004a748",$a,000002fc
"0004a798","switchD_0004a790::switchdataD_0004a798",$d,00000000
"0004aa6c","FUN_0004aa6c",$a,000000ac
"0004ab1c","FUN_0004ab1c",$a,00000070
"0004ab90","FUN_0004ab90",$a,00000068
"0004abf8","FUN_0004abf8",$a,000000ac
"0004aca0","|static|_DAT_00a84790_0004aca0",$d,00000000
"0004accc","FUN_0004accc",$a,00000070
"0004ad3c","FUN_0004ad3c",$a,00000024
"0004ae00","|static|_DAT_0090ac7c_0004ae00",$d,00000000
"0004ae58","|static|_DAT_0090ac7c_0004ae58",$d,00000000
"0004ae60","FUN_0004ae60",$a,00000488
"0004b2ec","|static|_DAT_00950150_0004b2ec",$d,00000000
"0004b2f0","|static|_DAT_00a84790_0004b2f0",$d,00000000
"0004b2f8","|static|_DAT_00950147_0004b2f8",$d,00000000
"0004b300","|static|_DAT_008806c4_0004b300",$d,00000000
"0004b304","|static|_DAT_00950141_0004b304",$d,00000000
"0004b308","FUN_0004b308",$a,000000e0
"0004b3ec","|static|_DAT_00950148_0004b3ec",$d,00000000
"0004b3f4","FUN_0004b3f4",$a,000001a4
"0004b5a4","FUN_0004b5a4",$a,00000028
"0004b5d0","FUN_0004b5d0",$a,0000007c
"0004b648","FUN_0004b648",$a,0000006c
"0004b6b4","FUN_0004b6b4",$a,00000214
"0004b8d0","|static|_DAT_0085f2d4_0004b8d0",$d,00000000
"0004b8d8","FUN_0004b8d8",$a,00000094
"0004b970","|static|_DAT_0083f9d4_0004b970",$d,00000000
"0004b974","|static|_DAT_0083f9d6_0004b974",$d,00000000
"0004b978","FUN_0004b978",$a,000000e8
"0004bad8","FUN_0004bad8",$a,00000048
"0004bb28","FUN_0004bb28",$a,0000016c
"0004bca0","FUN_0004bca0",$a,0000004c
"0004bcec","FUN_0004bcec",$a,00000060
"0004bda4","FUN_0004bda4",$a,00000090
"0004be30","FUN_0004be30",$a,00000010
"0004be44","FUN_0004be44",$a,00000074
"0004bee8","FUN_0004bee8",$a,0000004c
"0004bf34","FUN_0004bf34",$a,00000010
"0004bfac","FUN_0004bfac",$a,000002cc
"0004c278","|static|_DAT_00950148_0004c278",$d,00000000
"0004c288","|static|_DAT_0085f2cc_0004c288",$d,00000000
"0004c2d0","FUN_0004c2d0",$a,00000084
"0004c358","FUN_0004c358",$a,00000094
"0004c3f0","|static|_DAT_0083f9d4_0004c3f0",$d,00000000
"0004c3f4","|static|_DAT_0083f9d6_0004c3f4",$d,00000000
"0004c3f8","FUN_0004c3f8",$a,000000b0
"0004c4a4","|static|_DAT_00950148_0004c4a4",$d,00000000
"0004c4a8","FUN_0004c4a8",$a,0000004c
"0004c4f4","FUN_0004c4f4",$a,0000003c
"0004c530","FUN_0004c530",$a,000000a4
"0004c5d4","|static|_DAT_0088069c_0004c5d4",$d,00000000
"0004c5d8","FUN_0004c5d8",$a,0000017c
"0004c758","FUN_0004c758",$a,0000007c
"0004c7d4","FUN_0004c7d4",$a,00000098
"0004c86c","|static|_DAT_0088069c_0004c86c",$d,00000000
"0004c870","FUN_0004c870",$a,0000009c
"0004c910","FUN_0004c910",$a,00000098
"0004c9a8","|static|_DAT_0088069c_0004c9a8",$d,00000000
"0004c9ac","FUN_0004c9ac",$a,000000e4
"0004ca90","|static|_DAT_00950148_0004ca90",$d,00000000
"0004cd24","|static|_DAT_008810f0_0004cd24",$d,00000000
"0004cd2c","|static|_DAT_008810ec_0004cd2c",$d,00000000
"0004ce04","|static|_DAT_00868474_0004ce04",$d,00000000
"0004cf10","|static|_DAT_0088069c_0004cf10",$d,00000000
"0004cf14","|static|_DAT_009537c2_0004cf14",$d,00000000
"0004cf58","FUN_0004cf58",$a,00000088
"0004d080","FUN_0004d080",$a,00000114
"0004d194","|static|_DAT_0088069c_0004d194",$d,00000000
"0004d198","|static|_DAT_009537c2_0004d198",$d,00000000
"0004d1a0","|static|_DAT_0085f2cc_0004d1a0",$d,00000000
"0004d1a4","FUN_0004d1a4",$a,000001bc
"0004d7b4","|static|_DAT_0085f2cc_0004d7b4",$d,00000000
"0004d7b8","|static|_DAT_0083fa48_0004d7b8",$d,00000000
"0004d7cc","|static|_DAT_009537bc_0004d7cc",$d,00000000
"0004d7d0","|static|_DAT_008806a0_0004d7d0",$d,00000000
"0004d8c8","|static|_DAT_0085f2d4_0004d8c8",$d,00000000
"0004d8cc","FUN_0004d8cc",$a,000001ac
"0004da7c","FUN_0004da7c",$a,00000044
"0004dac0","|static|_DAT_0088069c_0004dac0",$d,00000000
"0004dac4","FUN_0004dac4",$a,00000154
"0004dc1c","|static|_DAT_0088069c_0004dc1c",$d,00000000
"0004dc30","FUN_0004dc30",$a,00000098
"0004dcd0","FUN_0004dcd0",$a,00000224
"0004def4","|static|_DAT_00a84790_0004def4",$d,00000000
"0004defc","|static|_DAT_0085f2d4_0004defc",$d,00000000
"0004df00","|static|_DAT_009537bc_0004df00",$d,00000000
"0004df04","|static|_DAT_008806a0_0004df04",$d,00000000
"0004df08","FUN_0004df08",$a,0000004c
"0004df58","FUN_0004df58",$a,00000058
"0004dfb0","FUN_0004dfb0",$a,00000128
"0004e0d8","|static|_DAT_0083fa48_0004e0d8",$d,00000000
"0004e0ec","FUN_0004e0ec",$a,00000154
"0004e248","|static|_DAT_00a833e4_0004e248",$d,00000000
"0004e24c","|static|_DAT_00880b38_0004e24c",$d,00000000
"0004e250","|static|_DAT_00880b3c_0004e250",$d,00000000
"0004e254","|static|_DAT_0083f9d4_0004e254",$d,00000000
"0004e258","|static|_DAT_0083f9d6_0004e258",$d,00000000
"0004e25c","|static|_DAT_0088069c_0004e25c",$d,00000000
"0004e260","FUN_0004e260",$a,000002f8
"0004e558","|static|_DAT_0088069c_0004e558",$d,00000000
"0004e560","|static|_DAT_00ae5664_0004e560",$d,00000000
"0004e564","|static|_DAT_00975bee_0004e564",$d,00000000
"0004e56c","FUN_0004e56c",$a,00000144
"0004e6b8","|static|_DAT_0088069c_0004e6b8",$d,00000000
"0004e6bc","|static|_DAT_00868474_0004e6bc",$d,00000000
"0004e6c4","FUN_0004e6c4",$a,00000238
"0004e8fc","|static|_DAT_0085f2cc_0004e8fc",$d,00000000
"0004e904","|static|_DAT_00950148_0004e904",$d,00000000
"0004e914","|static|_DAT_009537bc_0004e914",$d,00000000
"0004e918","|static|_DAT_008806a0_0004e918",$d,00000000
"0004e91c","FUN_0004e91c",$a,00000110
"0004ea2c","|static|_DAT_0088069c_0004ea2c",$d,00000000
"0004ea30","|static|_DAT_009537c2_0004ea30",$d,00000000
"0004ea38","|static|_DAT_0085f2cc_0004ea38",$d,00000000
"0004ea3c","FUN_0004ea3c",$a,000000f4
"0004eb30","|static|_DAT_0088069c_0004eb30",$d,00000000
"0004eb38","FUN_0004eb38",$a,00000234
"0004ed74","FUN_0004ed74",$a,000000ac
"0004ee20","FUN_0004ee20",$a,0000003c
"0004ee5c","|static|_DAT_0095bfdc_0004ee5c",$d,00000000
"0004ee60","FUN_0004ee60",$a,000000ec
"0004ef4c","|static|_DAT_00868474_0004ef4c",$d,00000000
"0004ef50","FUN_0004ef50",$a,00000058
"0004efac","FUN_0004efac",$a,000000c8
"0004f074","|static|_DAT_009537c2_0004f074",$d,00000000
"0004f078","|static|_DAT_008806a4_0004f078",$d,00000000
"0004f0a8","FUN_0004f0a8",$a,0000016c
"0004f214","|static|_DAT_0085f2d4_0004f214",$d,00000000
"0004f218","|static|_DAT_009537bc_0004f218",$d,00000000
"0004f21c","|static|_DAT_008806a0_0004f21c",$d,00000000
"0004f220","|static|_DAT_00a84790_0004f220",$d,00000000
"0004f224","FUN_0004f224",$a,000000d4
"0004f2f8","FUN_0004f2f8",$a,00000058
"0004f350","FUN_0004f350",$a,000000d4
"0004f424","|static|_DAT_0088069c_0004f424",$d,00000000
"0004f428","FUN_0004f428",$a,000000cc
"0004f4f8","FUN_0004f4f8",$a,000000e4
"0004f614","FUN_0004f614",$a,00000158
"0004f76c","|static|_DAT_00a84790_0004f76c",$d,00000000
"0004f780","FUN_0004f780",$a,000000a4
"0004f82c","FUN_0004f82c",$a,000002a0
"0004f858","switchD_0004f850::switchdataD_0004f858",$d,00000000
"0004fadc","|static|_DAT_0088069c_0004fadc",$d,00000000
"0004fae0","|static|_DAT_009537c2_0004fae0",$d,00000000
"0004faec","|static|_DAT_0095bfdc_0004faec",$d,00000000
"0004faf4","|static|_DAT_0088110c_0004faf4",$d,00000000
"0004faf8","FUN_0004faf8",$a,0000009c
"0004fb94","FUN_0004fb94",$a,00000294
"0004fe2c","|static|_DAT_00950148_0004fe2c",$d,00000000
"0004fe30","|static|_DAT_0090af40_0004fe30",$d,00000000
"0004fe38","|static|_DAT_0088069c_0004fe38",$d,00000000
"0004fe7c","FUN_0004fe7c",$a,0000019c
"00050020","|static|_DAT_0088069c_00050020",$d,00000000
"0005028c","|static|_DAT_00a84790_0005028c",$d,00000000
"00050290","FUN_00050290",$a,0000021c
"000504b0","|static|_DAT_009062dc_000504b0",$d,00000000
"000504b4","FUN_000504b4",$a,00000204
"000506bc","FUN_000506bc",$a,000000cc
"0005078c","|static|_DAT_00a84790_0005078c",$d,00000000
"00050790","FUN_00050790",$a,00000248
"000509f4","FUN_000509f4",$a,00000098
"00050a8c","|static|_DAT_00950148_00050a8c",$d,00000000
"00050a90","FUN_00050a90",$a,000000e4
"00050b74","|static|_DAT_0085f2cc_00050b74",$d,00000000
"00050b7c","|static|_DAT_0088069c_00050b7c",$d,00000000
"00050b80","|static|_DAT_009537c2_00050b80",$d,00000000
"00050b84","FUN_00050b84",$a,000000f8
"00050c7c","|static|_DAT_00868474_00050c7c",$d,00000000
"00050c80","|static|_DAT_0088069c_00050c80",$d,00000000
"00050c84","|static|_DAT_009537c2_00050c84",$d,00000000
"00050c88","FUN_00050c88",$a,00000090
"00050d20","|static|_DAT_0088069c_00050d20",$d,00000000
"00050d28","FUN_00050d28",$a,000000bc
"00050de4","|static|_DAT_00868474_00050de4",$d,00000000
"00050de8","FUN_00050de8",$a,000000a4
"00050e8c","|static|_DAT_00868474_00050e8c",$d,00000000
"00050e90","|static|_DAT_0088069c_00050e90",$d,00000000
"00050e94","|static|_DAT_009537c2_00050e94",$d,00000000
"00050e98","FUN_00050e98",$a,00000080
"00050f18","|static|_DAT_0088069c_00050f18",$d,00000000
"00050f1c","FUN_00050f1c",$a,0000008c
"00050fa8","FUN_00050fa8",$a,00000054
"00051000","FUN_00051000",$a,0000017c
"00051180","|static|_FUN_006149e8_00051180",$d,00000000
"000512ec","|static|_DAT_00a84790_000512ec",$d,00000000
"000512f4","|static|_DAT_0090ac7c_000512f4",$d,00000000
"000512fc","|static|_FUN_00317d8c_000512fc",$d,00000000
"00051310","FUN_00051310",$a,00000014
"00051354","FUN_00051354",$a,000002a4
"00051608","FUN_00051608",$a,00000090
"00051698","FUN_00051698",$a,0000008c
"00051724","FUN_00051724",$a,00000174
"00051898","|static|_DAT_00a14b5c_00051898",$d,00000000
"000518ac","FUN_000518ac",$a,00000004
"000518b0","FUN_000518b0",$a,00000018
"000518c8","FUN_000518c8",$a,00000048
"00051910","FUN_00051910",$a,00000048
"00051958","FUN_00051958",$a,000000b4
"00051a0c","FUN_00051a0c",$a,000001dc
"00051bf0","|static|_DAT_00ae5658_00051bf0",$d,00000000
"00051c04","FUN_00051c04",$a,000000a4
"00051cb0","FUN_00051cb0",$a,000000e0
"00051d90","|static|_DAT_0085f2cc_00051d90",$d,00000000
"00051d9c","FUN_00051d9c",$a,00000078
"00051e14","FUN_00051e14",$a,0000005c
"00051e70","FUN_00051e70",$a,00000004
"00051e74","FUN_00051e74",$a,00000068
"00051ed8","FUN_00051ed8",$a,00000004
"00051edc","FUN_00051edc",$a,00000004
"00051ee0","FUN_00051ee0",$a,00000004
"00051ee4","FUN_00051ee4",$a,00000004
"00051ee8","FUN_00051ee8",$a,00000024
"00051f0c","FUN_00051f0c",$a,00000004
"00051f10","FUN_00051f10",$a,0000015c
"0005206c","|static|_DAT_0085f2cc_0005206c",$d,00000000
"00052070","|static|_DAT_00844fec_00052070",$d,00000000
"00052074","|static|_DAT_00844fee_00052074",$d,00000000
"00052078","|static|_caseD_4_00052078",$d,00000000
"00052084","|static|_DAT_009c8fd4_00052084",$d,00000000
"00052088","FUN_00052088",$a,000000f8
"0005217c","|static|_DAT_0085f2d0_0005217c",$d,00000000
"00052180","|static|_DAT_00844ff8_00052180",$d,00000000
"00052190","FUN_00052190",$a,000000f4
"00052280","|static|_DAT_0085f2d0_00052280",$d,00000000
"00052284","|static|_DAT_00844ff8_00052284",$d,00000000
"00052294","FUN_00052294",$a,00000170
"00052404","|static|_DAT_00845010_00052404",$d,00000000
"0005240c","ModuleFtr_DAT_00047b94_0005240c",$d,00000000
"00052410","FUN_00052410",$a,000004c8
"00052748","|static|_DAT_0095bfdc_00052748",$d,00000000
"000528f4","FUN_000528f4",$a,00000004
"000528f8","FUN_000528f8",$a,00000018
"00052910","FUN_00052910",$a,00000130
"00052a40","|static|_caseD_4_00052a40",$d,00000000
"00052a50","FUN_00052a50",$a,000000c4
"00052b20","FUN_00052b20",$a,0000014c
"00052c6c","|static|_DAT_00844ffc_00052c6c",$d,00000000
"00052c78","FUN_00052c78",$a,00000120
"00052d98","|static|_DAT_00844ffc_00052d98",$d,00000000
"00052da4","FUN_00052da4",$a,00000074
"00052e18","|static|_DAT_0085f2d0_00052e18",$d,00000000
"00052e24","FUN_00052e24",$a,00000004
"00052e28","FUN_00052e28",$a,00000018
"00052e40","FUN_00052e40",$a,000000b0
"00052f00","|static|_DAT_00a14b5c_00052f00",$d,00000000
"00052f08","FUN_00052f08",$a,00000110
"00053028","FUN_00053028",$a,000000e8
"00053110","|static|_DAT_00844ff0_00053110",$d,00000000
"0005311c","FUN_0005311c",$a,00000024
"00053140","FUN_00053140",$a,00000060
"000531b0","FUN_000531b0",$a,0000003c
"000531f0","FUN_000531f0",$a,00000004
"000531f4","FUN_000531f4",$a,000000a4
"0005329c","|static|_DAT_00845010_0005329c",$d,00000000
"000532a4","FUN_000532a4",$a,00000004
"000532a8","FUN_000532a8",$a,00000004
"000532ac","FUN_000532ac",$a,00000024
"000532d0","FUN_000532d0",$a,00000130
"0005340c","FUN_0005340c",$a,00000004
"00053410","FUN_00053410",$a,00000004
"00053414","FUN_00053414",$a,00000004
"00053418","FUN_00053418",$a,0000008c
"000534a8","FUN_000534a8",$a,00000078
"0005352c","|static|_DAT_00ae5664_0005352c",$d,00000000
"00053530","|static|_DAT_00975bee_00053530",$d,00000000
"00053534","FUN_00053534",$a,00000128
"0005365c","|static|_DAT_0085f2cc_0005365c",$d,00000000
"00053660","|static|_DAT_00844fec_00053660",$d,00000000
"00053664","|static|_DAT_00844fee_00053664",$d,00000000
"00053668","|static|_caseD_4_00053668",$d,00000000
"00053674","FUN_00053674",$a,00000134
"000537b8","FUN_000537b8",$a,000000a0
"00053858","|static|_DAT_00844ff8_00053858",$d,00000000
"00053864","|static|_DAT_00844fec_00053864",$d,00000000
"00053868","|static|_DAT_00844fee_00053868",$d,00000000
"0005386c","FUN_0005386c",$a,000000a0
"0005390c","|static|_DAT_00844ff8_0005390c",$d,00000000
"00053918","|static|_DAT_00844fec_00053918",$d,00000000
"0005391c","|static|_DAT_00844fee_0005391c",$d,00000000
"00053920","FUN_00053920",$a,00000024
"00053944","FUN_00053944",$a,0000011c
"00053a68","FUN_00053a68",$a,00000004
"00053a6c","FUN_00053a6c",$a,000000b4
"00053b20","FUN_00053b20",$a,00000034
"00053b60","FUN_00053b60",$a,00000108
"00053c68","ModuleFtr_DAT_00047b94_00053c68",$d,00000000
"00053c6c","|static|_DAT_0085f2d8_00053c6c",$d,00000000
"00053c70","|static|_DAT_00ae5664_00053c70",$d,00000000
"00053c74","|static|_DAT_00975bee_00053c74",$d,00000000
"00053c84","FUN_00053c84",$a,00000120
"00053da4","|static|_DAT_00845000_00053da4",$d,00000000
"00053da8","FUN_00053da8",$a,00000004
"00053dac","FUN_00053dac",$a,00000048
"00053df4","FUN_00053df4",$a,00000164
"00053e3c","FUN_00053e3c",$a,00000004
"00053e40","FUN_00053e40",$a,0000003c
"00053e7c","FUN_00053e7c",$a,00000024
"00053ea0","FUN_00053ea0",$a,00000034
"00053ed4","FUN_00053ed4",$a,000000b4
"00053f84","|static|_caseD_4_00053f84",$d,00000000
"00053f94","|static|_DAT_00844fec_00053f94",$d,00000000
"00053f98","|static|_DAT_00844fee_00053f98",$d,00000000
"00053fa0","FUN_00053fa0",$a,00000094
"00054034","FUN_00054034",$a,000000b8
"000540f0","FUN_000540f0",$a,000000a4
"000541a0","|static|_DAT_00845000_000541a0",$d,00000000
"000541a4","FUN_000541a4",$a,00000004
"000541a8","FUN_000541a8",$a,00000030
"000541d4","FUN_000541d4",$a,00000078
"00054250","FUN_00054250",$a,0000001c
"00054270","FUN_00054270",$a,000001ac
"00054418","|static|_caseD_5_00054418",$d,00000000
"0005441c","|static|_DAT_0084500c_0005441c",$d,00000000
"00054420","|static|_DAT_00886c24_00054420",$d,00000000
"0005442c","FUN_0005442c",$a,0000004c
"00054488","FUN_00054488",$a,000000cc
"00054550","|static|_caseD_4_00054550",$d,00000000
"0005455c","|static|_DAT_00844fec_0005455c",$d,00000000
"00054560","|static|_DAT_00844fee_00054560",$d,00000000
"00054564","|static|_DAT_00953560_00054564",$d,00000000
"00054568","FUN_00054568",$a,00000070
"000545d8","FUN_000545d8",$a,00000190
"00054768","|static|_DAT_00950148_00054768",$d,00000000
"00054774","|static|_DAT_0085f2d0_00054774",$d,00000000
"00054778","|static|_DAT_00a84790_00054778",$d,00000000
"0005477c","FUN_0005477c",$a,00000120
"0005489c","|static|_DAT_00844fe8_0005489c",$d,00000000
"000548a8","FUN_000548a8",$a,0000052c
"00054bbc","|static|_DAT_00953864_00054bbc",$d,00000000
"00054bc0","|static|_DAT_00952c3c_00054bc0",$d,00000000
"00054bc8","|static|_DAT_008c9f1c_00054bc8",$d,00000000
"00054bd0","|static|_DAT_00887306_00054bd0",$d,00000000
"00054df8","FUN_00054df8",$a,0000010c
"00054f04","|static|_DAT_00952c3c_00054f04",$d,00000000
"00054f08","|static|_DAT_00887234_00054f08",$d,00000000
"00054f10","FUN_00054f10",$a,000000dc
"00054fec","|static|_DAT_00952c3c_00054fec",$d,00000000
"00054ffc","|static|_DAT_00887304_00054ffc",$d,00000000
"00055000","FUN_00055000",$a,00000340
"00055340","|static|_DAT_00952c3c_00055340",$d,00000000
"00055354","|static|_DAT_00950147_00055354",$d,00000000
"00055358","|static|_DAT_00887236_00055358",$d,00000000
"0005535c","|static|_DAT_00950141_0005535c",$d,00000000
"00055360","|static|_DAT_0088722e_00055360",$d,00000000
"00055364","FUN_00055364",$a,00000250
"000555b4","|static|_DAT_00952c3c_000555b4",$d,00000000
"000555b8","|static|_DAT_00887234_000555b8",$d,00000000
"000555c0","|static|_DAT_00a84790_000555c0",$d,00000000
"000555c4","|static|_DAT_0085f2d4_000555c4",$d,00000000
"000555c8","FUN_000555c8",$a,00000288
"00055850","|static|_DAT_00a84790_00055850",$d,00000000
"00055854","|static|_DAT_0095014c_00055854",$d,00000000
"00055858","|static|_DAT_00952c3c_00055858",$d,00000000
"0005585c","|static|_DAT_00950130_0005585c",$d,00000000
"00055868","|static|_DAT_0085f2d4_00055868",$d,00000000
"0005586c","|static|_DAT_0085f2d8_0005586c",$d,00000000
"00055870","|static|_DAT_008c9f1c_00055870",$d,00000000
"00055874","|static|_DAT_008872a4_00055874",$d,00000000
"00055878","|static|_DAT_008872a6_00055878",$d,00000000
"0005587c","FUN_0005587c",$a,000000d4
"00055950","|static|_DAT_00952c3c_00055950",$d,00000000
"00055964","|static|_DAT_008c9f1c_00055964",$d,00000000
"00055968","|static|_DAT_008872fc_00055968",$d,00000000
"0005596c","FUN_0005596c",$a,0000010c
"00055a78","|static|_DAT_00a84790_00055a78",$d,00000000
"00055a7c","|static|_DAT_00952c3c_00055a7c",$d,00000000
"00055a80","|static|_DAT_008c9f1c_00055a80",$d,00000000
"00055a84","|static|_DAT_008872ee_00055a84",$d,00000000
"00055a88","FUN_00055a88",$a,000000e0
"00055b68","|static|_DAT_00952c3c_00055b68",$d,00000000
"00055b78","|static|_DAT_0088722e_00055b78",$d,00000000
"00055ca0","FUN_00055ca0",$a,00000038
"00055cd8","FUN_00055cd8",$a,0000000c
"00055ce4","FUN_00055ce4",$a,00000294
"00055f98","FUN_00055f98",$a,000000ec
"0005608c","FUN_0005608c",$a,00000024
"000560b0","FUN_000560b0",$a,00000038
"000560ec","FUN_000560ec",$a,00000024
"00056190","FUN_00056190",$a,0000020c
"000563a0","|static|_DAT_00a8349c_000563a0",$d,00000000
"000563bc","FUN_000563bc",$a,000000e4
"000564a4","FUN_000564a4",$a,00000058
"000564fc","FUN_000564fc",$a,000000f4
"00056624","FUN_00056624",$a,0000006c
"00056694","|static|_DAT_00908b94_00056694",$d,00000000
"00056698","FUN_00056698",$a,00000054
"000566ec","|static|_DAT_00a83aec_000566ec",$d,00000000
"00056700","|static|_DAT_0095debc_00056700",$d,00000000
"00056704","FUN_00056704",$a,0000003c
"00056744","FUN_00056744",$a,00000074
"000567bc","FUN_000567bc",$a,00000398
"00056b60","|static|_DAT_0095bfdc_00056b60",$d,00000000
"00056b64","|static|_DAT_00a84790_00056b64",$d,00000000
"00056bac","FUN_00056bac",$a,00000120
"00056e00","|static|_DAT_00a84790_00056e00",$d,00000000
"00056e08","|static|_DAT_008906ec_00056e08",$d,00000000
"00056e0c","FUN_00056e0c",$a,00000510
"0005719c","|static|_DAT_0095bfdc_0005719c",$d,00000000
"00057360","FUN_00057360",$a,00000070
"000573d4","FUN_000573d4",$a,0000004c
"00057420","FUN_00057420",$a,000003fc
"0005783c","|static|_DAT_00a84790_0005783c",$d,00000000
"00057860","FUN_00057860",$a,00000068
"000578dc","FUN_000578dc",$a,00000038
"00057918","FUN_00057918",$a,00000248
"00057b98","|static|_DAT_00a84790_00057b98",$d,00000000
"00057bac","FUN_00057bac",$a,00000068
"00057c10","|static|_DAT_00a83aec_00057c10",$d,00000000
"00057c2c","|static|_DAT_0095debc_00057c2c",$d,00000000
"00057c30","FUN_00057c30",$a,00000160
"00057c4c","switchD_00057c44::switchdataD_00057c4c",$d,00000000
"00057e94","FUN_00057e94",$a,000001dc
"00057eb8","switchD_00057eb0::switchdataD_00057eb8",$d,00000000
"00058088","|static|_DAT_0095bfdc_00058088",$d,00000000
"000580a8","FUN_000580a8",$a,0000020c
"000582e4","FUN_000582e4",$a,0000009c
"00058398","FUN_00058398",$a,00000098
"00058448","FUN_00058448",$a,00000154
"000585a4","|static|_DAT_0095bfdc_000585a4",$d,00000000
"000585a8","|static|_DAT_00a84790_000585a8",$d,00000000
"000585ac","FUN_000585ac",$a,0000007c
"0005862c","FUN_0005862c",$a,000001a0
"000587e4","|static|_DAT_0095bfdc_000587e4",$d,00000000
"0005882c","FUN_0005882c",$a,00000088
"00058970","FUN_00058970",$a,0000004c
"000589bc","FUN_000589bc",$a,00000228
"00058bec","|static|_DAT_0088069c_00058bec",$d,00000000
"00058bf0","|static|_DAT_009537bc_00058bf0",$d,00000000
"00058bf4","|static|_DAT_008806a0_00058bf4",$d,00000000
"00058bf8","FUN_00058bf8",$a,00000190
"00058d8c","|static|_DAT_008f5b8c_00058d8c",$d,00000000
"00058d90","|static|_DAT_009062dc_00058d90",$d,00000000
"00058d94","FUN_00058d94",$a,0000007c
"00058e18","FUN_00058e18",$a,00000154
"000590d0","|static|_DAT_008f8c14_000590d0",$d,00000000
"000590d4","|static|_DAT_008ed6a4_000590d4",$d,00000000
"000590d8","|static|_DAT_008eb16c_000590d8",$d,00000000
"000590dc","|static|_DAT_008f7794_000590dc",$d,00000000
"000591cc","|static|_DAT_008906ec_000591cc",$d,00000000
"000591d4","FUN_000591d4",$a,00000074
"00059244","|static|_DAT_00a8413c_00059244",$d,00000000
"00059254","FUN_00059254",$a,00000130
"00059384","|static|_DAT_00a84790_00059384",$d,00000000
"000593a4","FUN_000593a4",$a,00000164
"000598cc","|static|_DAT_008906ec_000598cc",$d,00000000
"000598d8","|static|_DAT_008c9f1c_000598d8",$d,00000000
"000598e0","|static|_DAT_00a8413c_000598e0",$d,00000000
"000598f4","|static|_DAT_0095debc_000598f4",$d,00000000
"00059900","FUN_00059900",$a,0000081c
"00059dd0","|static|_DAT_008c9f1c_00059dd0",$d,00000000
"00059de8","|static|_DAT_0095deb4_00059de8",$d,00000000
"0005a164","|static|_DAT_00881168_0005a164",$d,00000000
"0005a168","FUN_0005a168",$a,00000090
"0005a1fc","|static|_DAT_00a8413c_0005a1fc",$d,00000000
"0005a218","FUN_0005a218",$a,0000002c
"0005a250","FUN_0005a250",$a,00000140
"0005a398","|static|_DAT_008c9f1c_0005a398",$d,00000000
"0005a43c","FUN_0005a43c",$a,00000038
"0005a498","FUN_0005a498",$a,0000004c
"0005a518","FUN_0005a518",$a,000000d0
"0005a5e8","|static|_DAT_0085f2d0_0005a5e8",$d,00000000
"0005a5f0","|static|_DAT_0085f2cc_0005a5f0",$d,00000000
"0005a5fc","FUN_0005a5fc",$a,000000fc
"0005a79c","FUN_0005a79c",$a,00000040
"0005a7dc","FUN_0005a7dc",$a,00000028
"0005a840","FUN_0005a840",$a,00000034
"0005a874","FUN_0005a874",$a,0000018c
"0005a8a4","switchD_0005a89c::switchdataD_0005a8a4",$d,00000000
"0005aaa8","|static|_DAT_0095debc_0005aaa8",$d,00000000
"0005aaac","FUN_0005aaac",$a,00000090
"0005abb4","|static|_DAT_0095bfdc_0005abb4",$d,00000000
"0005ac14","FUN_0005ac14",$a,00000090
"0005aca8","FUN_0005aca8",$a,00000304
"0005afac","|static|_DAT_00a84790_0005afac",$d,00000000
"0005afc4","FUN_0005afc4",$a,0000010c
"0005b068","switchD_0005b060::switchdataD_0005b068",$d,00000000
"0005b0f4","|static|_DAT_008906ec_0005b0f4",$d,00000000
"0005b100","FUN_0005b100",$a,00000484
"0005b42c","|static|_DAT_008c9f1c_0005b42c",$d,00000000
"0005b5b8","|static|_DAT_00881168_0005b5b8",$d,00000000
"0005b5bc","FUN_0005b5bc",$a,00000018
"0005b5d8","FUN_0005b5d8",$a,0000002c
"0005b610","FUN_0005b610",$a,00000048
"0005b6c8","|static|_DAT_0090ac7c_0005b6c8",$d,00000000
"0005b71c","|static|_DAT_0090ac7c_0005b71c",$d,00000000
"0005bac8","FUN_0005bac8",$a,000000cc
"0005bbe8","|static|_DAT_0090ac7c_0005bbe8",$d,00000000
"0005bc3c","|static|_DAT_0090ac7c_0005bc3c",$d,00000000
"0005bd98","|static|_FUN_002e0b3c_0005bd98",$d,00000000
"0005bdd8","|static|_FUN_002e0b3c_0005bdd8",$d,00000000
"0005be1c","|static|_FUN_002e0b3c_0005be1c",$d,00000000
"0005be5c","|static|_FUN_002e0b3c_0005be5c",$d,00000000
"0005c024","|static|_DAT_008f2c74_0005c024",$d,00000000
"0005c084","|static|_DAT_008f2c74_0005c084",$d,00000000
"0005c088","FUN_0005c088",$a,00000044
"0005c0cc","|static|_DAT_008f427c_0005c0cc",$d,00000000
"0005c0d0","FUN_0005c0d0",$a,00000040
"0005c110","|static|_DAT_008f427c_0005c110",$d,00000000
"0005c140","FUN_0005c140",$a,00000034
"0005c174","|static|_DAT_0094ee30_0005c174",$d,00000000
"0005c18c","FUN_0005c18c",$a,00000070
"0005c1fc","|static|_DAT_00952c3c_0005c1fc",$d,00000000
"0005c234","FUN_0005c234",$a,000008d0
"0005c614","|static|_DAT_0085f2cc_0005c614",$d,00000000
"0005cea8","|static|_DAT_0085f2cc_0005cea8",$d,00000000
"0005ceb4","|static|_DAT_00982080_0005ceb4",$d,00000000
"0005ceb8","|static|_DAT_00af76f8_0005ceb8",$d,00000000
"0005cec0","|static|_DAT_008c9f1c_0005cec0",$d,00000000
"0005cf80","|static|_DAT_0085f2cc_0005cf80",$d,00000000
"0005cfe4","|static|_DAT_0085f2cc_0005cfe4",$d,00000000
"0005d084","|static|_DAT_0085f2cc_0005d084",$d,00000000
"0005d0f4","|static|_DAT_0085f2cc_0005d0f4",$d,00000000
"0005d1e8","|static|_DAT_0085f2cc_0005d1e8",$d,00000000
"0005d2ac","|static|_DAT_0085f2cc_0005d2ac",$d,00000000
"0005d2b8","|static|_DAT_00982080_0005d2b8",$d,00000000
"0005d2bc","|static|_DAT_00af76f8_0005d2bc",$d,00000000
"0005d2c4","|static|_DAT_008c9f1c_0005d2c4",$d,00000000
"0005d678","|static|_DAT_0085f2cc_0005d678",$d,00000000
"0005db48","|static|_DAT_0085f2cc_0005db48",$d,00000000
"0005db88","|static|_DAT_0085f2cc_0005db88",$d,00000000
"0005dbe4","|static|_DAT_0085f2cc_0005dbe4",$d,00000000
"0005dc40","|static|_DAT_0085f2cc_0005dc40",$d,00000000
"0005dc7c","|static|_DAT_0085f2cc_0005dc7c",$d,00000000
"0005dd0c","|static|_DAT_00982038_0005dd0c",$d,00000000
"0005dd10","|static|_DAT_00af7688_0005dd10",$d,00000000
"0005dd18","|static|_FUN_00304ce4_0005dd18",$d,00000000
"0005ddd4","|static|_DAT_0085f2cc_0005ddd4",$d,00000000
"0005dde0","|static|_DAT_00982080_0005dde0",$d,00000000
"0005dde4","|static|_DAT_00af76f8_0005dde4",$d,00000000
"0005ddec","|static|_DAT_008c9f1c_0005ddec",$d,00000000
"0005de00","FUN_0005de00",$a,000003d0
"0005e1b0","|static|_DAT_0085f2cc_0005e1b0",$d,00000000
"0005e20c","|static|_DAT_008c9f1c_0005e20c",$d,00000000
"0005e35c","|static|_DAT_0085f2cc_0005e35c",$d,00000000
"0005e398","|static|_DAT_0085f2cc_0005e398",$d,00000000
"0005e3ec","|static|_DAT_0085f2d4_0005e3ec",$d,00000000
"0005e45c","|static|_DAT_0085f2cc_0005e45c",$d,00000000
"0005e4a4","|static|_DAT_0085f2cc_0005e4a4",$d,00000000
"0005e568","|static|_DAT_0085f2cc_0005e568",$d,00000000
"0005e574","|static|_DAT_00982080_0005e574",$d,00000000
"0005e578","|static|_DAT_00af76f8_0005e578",$d,00000000
"0005e580","|static|_DAT_008c9f1c_0005e580",$d,00000000
"0005e5c4","|static|_DAT_0085f2cc_0005e5c4",$d,00000000
"0005e600","|static|_DAT_0085f2cc_0005e600",$d,00000000
"0005e6d0","|static|_DAT_0085f2cc_0005e6d0",$d,00000000
"0005e74c","|static|_DAT_0085f2cc_0005e74c",$d,00000000
"0005e794","|static|_DAT_0085f2cc_0005e794",$d,00000000
"0005e7a4","nnroControlObject__0005e7a4",$a,00000074
"0005e7b8","switchD_0005e7b0::switchdataD_0005e7b8",$d,00000000
"0005e850","OnExit_0005e850",$d,00000001
"0005e854","OnLoad_0005e854",$d,00000001
"0005e858","OnUnresolved_0005e858",$d,00000001
"0005e88c","FUN_0005e88c",$a,00000084
"0005e910","FUN_0005e910",$a,00000010
"0005e944","FUN_0005e944",$a,00000078
"0005e9bc","FUN_0005e9bc",$a,00000010
"0005e9f0","FUN_0005e9f0",$a,00000078
"0005ea68","FUN_0005ea68",$a,00000010
"0005eacc","|static|_FUN_00317e2c_0005eacc",$d,00000000
"0005ead0","FUN_0005ead0",$a,00000030
"0005eb04","|static|_FUN_00317e2c_0005eb04",$d,00000000
"0005eb3c","|static|_thunk_FUN_00317e2c_0005eb3c",$d,00000000
"0005eb40","FUN_0005eb40",$a,00000030
"0005eb74","|static|_thunk_FUN_00317e2c_0005eb74",$d,00000000
"0005ebac","|static|_thunk_FUN_00317e2c_0005ebac",$d,00000000
"0005ebb0","FUN_0005ebb0",$a,00000030
"0005ebe4","|static|_thunk_FUN_00317e2c_0005ebe4",$d,00000000
"0005ec20","FUN_0005ec20",$a,000000a4
"0005ecc8","|static|_FUN_00317dec_0005ecc8",$d,00000000
"0005eccc","FUN_0005eccc",$a,000000a0
"0005ed70","|static|_FUN_00317dec_0005ed70",$d,00000000
"0005ed7c","FUN_0005ed7c",$a,000000a4
"0005ee24","|static|_FUN_00317dec_0005ee24",$d,00000000
"0005ee28","FUN_0005ee28",$a,000000a0
"0005eecc","|static|_FUN_00317dec_0005eecc",$d,00000000
"0005eed8","FUN_0005eed8",$a,000000a4
"0005ef80","|static|_FUN_00317dec_0005ef80",$d,00000000
"0005ef84","FUN_0005ef84",$a,000000a0
"0005f028","|static|_FUN_00317dec_0005f028",$d,00000000
"0005f2f8","FUN_0005f2f8",$a,00000094
"0005f478","FUN_0005f478",$a,00000094
"0005f514","FUN_0005f514",$a,00000044
"0005f550","FUN_0005f550",$a,00000018
"0005f5b4","FUN_0005f5b4",$a,0000003c
"0005f5f0","FUN_0005f5f0",$a,00000018
"0005f654","FUN_0005f654",$a,0000003c
"0005f690","FUN_0005f690",$a,00000018
"0005f6f4","FUN_0005f6f4",$a,0000003c
"0005f730","FUN_0005f730",$a,00000018
"0005f794","FUN_0005f794",$a,0000003c
"0005f7d0","FUN_0005f7d0",$a,00000018
"0005f834","FUN_0005f834",$a,0000003c
"0005f870","FUN_0005f870",$a,00000018
"0005f968","FUN_0005f968",$a,000000f8
"0005fa60","FUN_0005fa60",$a,0000009c
"0005fafc","FUN_0005fafc",$a,000000f8
"0005fbf4","FUN_0005fbf4",$a,0000009c
"0005fc90","FUN_0005fc90",$a,000000f8
"0005fd98","FUN_0005fd98",$a,00000004
"0005fd9c","FUN_0005fd9c",$a,00000018
"0005fdb4","|static|_DAT_008c9f1c_0005fdb4",$d,00000000
"0005fdb8","FUN_0005fdb8",$a,00000040
"0005fe00","FUN_0005fe00",$a,00000040
"0005fe48","FUN_0005fe48",$a,00000040
"0005fe90","FUN_0005fe90",$a,00000040
"0005fed8","FUN_0005fed8",$a,00000040
"00061008","|static|_DAT_008cb6bc_00061008",$d,00000000
"00061014","|static|_FUN_002d0e18_00061014",$d,00000000
"00061018","|static|_FUN_002d1004_00061018",$d,00000000
"0006101c","|static|_FUN_002fbe58_0006101c",$d,00000000
"00061038","|static|_DAT_008cba60_00061038",$d,00000000
"00061044","|static|_FUN_002fc024_00061044",$d,00000000
"00061048","|static|_FUN_002fcb58_00061048",$d,00000000
"0006104c","|static|_FUN_002fbe58_0006104c",$d,00000000
"0006108c","|static|_DAT_008cba60_0006108c",$d,00000000
"00061098","|static|_FUN_002fc014_00061098",$d,00000000
"0006109c","|static|_FUN_00778f8c_0006109c",$d,00000000
"000610a0","|static|_FUN_00779114_000610a0",$d,00000000
"000610ac","|static|_INVALID_|static|_TEXT:0001c117_000610ac",$d,00000000
"000610b4","|static|_FUN_002705fc_000610b4",$d,00000000
"000610b8","|static|_FUN_0027066c_000610b8",$d,00000000
"000610e8","|static|_DAT_008cb6bc_000610e8",$d,00000000
"000610f4","|static|_FUN_002d0e08_000610f4",$d,00000000
"000610f8","|static|_FUN_00778f00_000610f8",$d,00000000
"000610fc","|static|_FUN_00779114_000610fc",$d,00000000
"00061108","|static|_INVALID_|static|_TEXT:0001c117_00061108",$d,00000000
"00061110","|static|_FUN_002705fc_00061110",$d,00000000
"00061114","|static|_FUN_0027066c_00061114",$d,00000000
"00061460","|static|_FUN_006433bc_00061460",$d,00000000
"00061c9c","|static|_FUN_006fb378_00061c9c",$d,00000000
"00061ca0","|static|_FUN_006fb2c4_00061ca0",$d,00000000
"00061ca4","|static|_FUN_006fb0dc_00061ca4",$d,00000000
"00061ca8","|static|_FUN_006fb1ac_00061ca8",$d,00000000
"00061ea4","|static|_FUN_0051c248_00061ea4",$d,00000000
"00061eac","|static|_FUN_0051c30c_00061eac",$d,00000000
"00061efc","DAT_00061efc",$d,00000000
"00061f04","|static|_FUN_001a025c_00061f04",$d,00000000
"0006253c","|static|_FUN_002ccbcc_0006253c",$d,00000000
"00062be0","|static|_DAT_008f9a3c_00062be0",$d,00000000
"00062be8","|static|_DAT_008cc42c_00062be8",$d,00000000
"00062bec","|static|_DAT_008f9a3c_00062bec",$d,00000000
"00062bf8","|static|_DAT_008f9a3c_00062bf8",$d,00000000
"00062c04","|static|_DAT_008f9a3c_00062c04",$d,00000000
"00062c10","|static|_DAT_008f9a3c_00062c10",$d,00000000
"00062c1c","|static|_DAT_008f9a3c_00062c1c",$d,00000000
"00062c28","|static|_DAT_008f9a4c_00062c28",$d,00000000
"00062c38","|static|_DAT_008cc29c_00062c38",$d,00000000
"00062c40","|static|_DAT_008cb6bc_00062c40",$d,00000000
"00062c50","|static|_DAT_008f9a3c_00062c50",$d,00000000
"00062c58","|static|_DAT_008cc340_00062c58",$d,00000000
"00062c5c","|static|_DAT_008f9a3c_00062c5c",$d,00000000
"00062c68","|static|_DAT_008f9a3c_00062c68",$d,00000000
"00062c74","|static|_DAT_008f9a3c_00062c74",$d,00000000
"00062c80","|static|_DAT_008f9a3c_00062c80",$d,00000000
"00062c8c","|static|_DAT_008f9a2c_00062c8c",$d,00000000
"00062c94","|static|_DAT_008f9a3c_00062c94",$d,00000000
"00062c9c","|static|_DAT_008cbe3c_00062c9c",$d,00000000
"00062ca0","|static|_DAT_008f9a3c_00062ca0",$d,00000000
"00062cac","|static|_DAT_008f9a4c_00062cac",$d,00000000
"00062cbc","|static|_DAT_008cc50c_00062cbc",$d,00000000
"00062ccc","|static|_DAT_008f9a4c_00062ccc",$d,00000000
"00062cec","|static|_DAT_008f9a4c_00062cec",$d,00000000
"00062d0c","|static|_DAT_008f9a4c_00062d0c",$d,00000000
"00062d2c","|static|_DAT_008f9a3c_00062d2c",$d,00000000
"00062d38","|static|_DAT_008f9a3c_00062d38",$d,00000000
"00062d44","|static|_DAT_008f9a3c_00062d44",$d,00000000
"00062d4c","|static|_DAT_008cbe3c_00062d4c",$d,00000000
"00062d50","|static|_DAT_008f9a3c_00062d50",$d,00000000
"00062d58","|static|_DAT_008cc290_00062d58",$d,00000000
"00062d5c","|static|_DAT_008f9a3c_00062d5c",$d,00000000
"00062d68","|static|_DAT_008f9a3c_00062d68",$d,00000000
"00062d74","|static|_DAT_008f9a3c_00062d74",$d,00000000
"00062d80","|static|_DAT_008f9a3c_00062d80",$d,00000000
"00062d8c","|static|_DAT_008f9a3c_00062d8c",$d,00000000
"00062d98","|static|_DAT_008f9a3c_00062d98",$d,00000000
"00062da4","|static|_DAT_008f9a4c_00062da4",$d,00000000
"00062dc4","|static|_DAT_008f9a3c_00062dc4",$d,00000000
"00062dd0","|static|_DAT_008f9a3c_00062dd0",$d,00000000
"00062ddc","|static|_DAT_008f9a3c_00062ddc",$d,00000000
"00062de4","|static|_DAT_008cc340_00062de4",$d,00000000
"00062de8","|static|_DAT_008f9a3c_00062de8",$d,00000000
"00062df0","|static|_DAT_008cb52c_00062df0",$d,00000000
"00062df4","|static|_DAT_008f9a3c_00062df4",$d,00000000
"00062dfc","|static|_DAT_008cb52c_00062dfc",$d,00000000
"00062e00","|static|_DAT_008f9a2c_00062e00",$d,00000000
"00062e08","|static|_DAT_008f9a3c_00062e08",$d,00000000
"00062e14","|static|_DAT_008f9a3c_00062e14",$d,00000000
"00062e1c","|static|_DAT_008cc520_00062e1c",$d,00000000
"00062e20","|static|_DAT_008f9a2c_00062e20",$d,00000000
"00062e28","|static|_DAT_008f9a3c_00062e28",$d,00000000
"00062e34","|static|_DAT_008f9a3c_00062e34",$d,00000000
"00062e3c","|static|_DAT_008ca230_00062e3c",$d,00000000
"00062e40","|static|_DAT_008f9a3c_00062e40",$d,00000000
"00062e4c","|static|_DAT_008f9a4c_00062e4c",$d,00000000
"00062e64","|static|_DAT_008caa5c_00062e64",$d,00000000
"00062e6c","|static|_DAT_008f9a3c_00062e6c",$d,00000000
"00062e78","|static|_DAT_008f9a4c_00062e78",$d,00000000
"00062e88","|static|_DAT_008cc50c_00062e88",$d,00000000
"00062e98","|static|_DAT_008f9a3c_00062e98",$d,00000000
"00062ea4","|static|_DAT_008f9a3c_00062ea4",$d,00000000
"00062eb0","|static|_DAT_008f9a3c_00062eb0",$d,00000000
"00062ebc","|static|_DAT_008f9a3c_00062ebc",$d,00000000
"00062ec8","|static|_DAT_008f9a3c_00062ec8",$d,00000000
"00062ed4","|static|_DAT_008f9a2c_00062ed4",$d,00000000
"00062edc","|static|_DAT_008f9a2c_00062edc",$d,00000000
"00062ee4","|static|_DAT_008f9a3c_00062ee4",$d,00000000
"00062eec","|static|_DAT_008ca2f0_00062eec",$d,00000000
"00062ef0","|static|_DAT_008f9a3c_00062ef0",$d,00000000
"00062efc","|static|_DAT_008f9a3c_00062efc",$d,00000000
"00062f08","|static|_DAT_008f9a3c_00062f08",$d,00000000
"00062f10","|static|_DAT_008cc340_00062f10",$d,00000000
"00062f14","|static|_DAT_008f9a3c_00062f14",$d,00000000
"00062f20","|static|_DAT_008f9a4c_00062f20",$d,00000000
"00062f30","|static|_DAT_008cc50c_00062f30",$d,00000000
"00062f40","|static|_DAT_008f9a3c_00062f40",$d,00000000
"00062f4c","|static|_DAT_008f9a3c_00062f4c",$d,00000000
"00062f58","|static|_DAT_008f9a3c_00062f58",$d,00000000
"00062f64","|static|_DAT_008f9a3c_00062f64",$d,00000000
"00062f70","|static|_DAT_008f9a3c_00062f70",$d,00000000
"00062f78","|static|_DAT_008cc340_00062f78",$d,00000000
"00062f7c","|static|_DAT_008f9a2c_00062f7c",$d,00000000
"00062f84","|static|_DAT_008f9a3c_00062f84",$d,00000000
"00062f8c","|static|_DAT_008cb744_00062f8c",$d,00000000
"00062f90","|static|_DAT_008f9a3c_00062f90",$d,00000000
"00062f98","|static|_DAT_008cc520_00062f98",$d,00000000
"00062f9c","|static|_DAT_008f9a3c_00062f9c",$d,00000000
"00062fa8","|static|_DAT_008f9a3c_00062fa8",$d,00000000
"00062fb0","|static|_DAT_008cb744_00062fb0",$d,00000000
"00062fb4","|static|_DAT_008f9a3c_00062fb4",$d,00000000
"00062fbc","|static|_DAT_008cbc78_00062fbc",$d,00000000
"00062fc0","|static|_DAT_008f9a4c_00062fc0",$d,00000000
"00062fd0","|static|_DAT_008cc50c_00062fd0",$d,00000000
"00062fd8","|static|_DAT_008d27d4_00062fd8",$d,00000000
"00062fe8","|static|_DAT_008f9a3c_00062fe8",$d,00000000
"00062ff4","|static|_DAT_008f9a3c_00062ff4",$d,00000000
"00062ffc","|static|_DAT_008cc340_00062ffc",$d,00000000
"00063000","|static|_DAT_008f9a3c_00063000",$d,00000000
"00063008","|static|_DAT_008ca230_00063008",$d,00000000
"0006300c","|static|_DAT_008f9a4c_0006300c",$d,00000000
"0006301c","|static|_DAT_008cc50c_0006301c",$d,00000000
"0006302c","|static|_DAT_008f9a4c_0006302c",$d,00000000
"0006303c","|static|_DAT_008cc50c_0006303c",$d,00000000
"0006304c","|static|_DAT_008f9a3c_0006304c",$d,00000000
"00063058","|static|_DAT_008f9a3c_00063058",$d,00000000
"00063064","|static|_DAT_008f9a3c_00063064",$d,00000000
"00063070","|static|_DAT_008f9a2c_00063070",$d,00000000
"00063078","|static|_DAT_008f9a3c_00063078",$d,00000000
"00063080","|static|_DAT_008caba8_00063080",$d,00000000
"00063084","|static|_DAT_008f9a3c_00063084",$d,00000000
"0006308c","|static|_DAT_008caba8_0006308c",$d,00000000
"00063090","|static|_DAT_008f9a3c_00063090",$d,00000000
"0006309c","|static|_DAT_008f9a2c_0006309c",$d,00000000
"000630a4","|static|_DAT_008f9a3c_000630a4",$d,00000000
"000630ac","|static|_DAT_008cc340_000630ac",$d,00000000
"000630b0","|static|_DAT_008f9a3c_000630b0",$d,00000000
"000630b8","|static|_DAT_008cc340_000630b8",$d,00000000
"000630bc","|static|_DAT_008f9a3c_000630bc",$d,00000000
"000630c8","|static|_DAT_008f9a3c_000630c8",$d,00000000
"000630d0","|static|_DAT_008cbc78_000630d0",$d,00000000
"000630d4","|static|_DAT_008f9a3c_000630d4",$d,00000000
"000630e0","|static|_DAT_008f9a3c_000630e0",$d,00000000
"000630e8","|static|_DAT_008cc340_000630e8",$d,00000000
"000630ec","|static|_DAT_008f9a3c_000630ec",$d,00000000
"000630f8","|static|_DAT_008f9a2c_000630f8",$d,00000000
"00063100","|static|_DAT_008f9a2c_00063100",$d,00000000
"00063108","|static|_DAT_008f9a2c_00063108",$d,00000000
"00063110","|static|_DAT_008f9a2c_00063110",$d,00000000
"00063118","|static|_DAT_008f9a3c_00063118",$d,00000000
"00063124","|static|_DAT_008f9a3c_00063124",$d,00000000
"0006312c","|static|_DAT_008cc42c_0006312c",$d,00000000
"00063130","|static|_DAT_008f9a3c_00063130",$d,00000000
"00063138","|static|_DAT_008cc244_00063138",$d,00000000
"0006313c","|static|_DAT_008f9a3c_0006313c",$d,00000000
"00063144","|static|_DAT_008cc29c_00063144",$d,00000000
"00063148","|static|_DAT_008f9a3c_00063148",$d,00000000
"00063150","|static|_DAT_008cc77c_00063150",$d,00000000
"00063154","|static|_DAT_008f9a3c_00063154",$d,00000000
"00063160","|static|_DAT_008f9a3c_00063160",$d,00000000
"00063168","|static|_DAT_008cc290_00063168",$d,00000000
"0006316c","|static|_DAT_008f9a3c_0006316c",$d,00000000
"00063174","|static|_DAT_008d2fa4_00063174",$d,00000000
"00063178","|static|_DAT_008f9a3c_00063178",$d,00000000
"00063184","|static|_DAT_008f9a3c_00063184",$d,00000000
"00063190","|static|_DAT_008f9a3c_00063190",$d,00000000
"00063198","|static|_DAT_008cb108_00063198",$d,00000000
"0006319c","|static|_DAT_008f9a3c_0006319c",$d,00000000
"000631a8","|static|_DAT_008f9a3c_000631a8",$d,00000000
"000631b4","|static|_DAT_008f9a3c_000631b4",$d,00000000
"000631c0","|static|_DAT_008f9a3c_000631c0",$d,00000000
"000631c8","|static|_DAT_008caa3c_000631c8",$d,00000000
"000631cc","|static|_DAT_008f9a3c_000631cc",$d,00000000
"000631d8","|static|_DAT_008f9a3c_000631d8",$d,00000000
"000631e4","|static|_DAT_008f9a3c_000631e4",$d,00000000
"000631f0","|static|_DAT_008f9a2c_000631f0",$d,00000000
"000631f8","|static|_DAT_008f9a3c_000631f8",$d,00000000
"00063204","|static|_DAT_008f9a3c_00063204",$d,00000000
"0006320c","|static|_DAT_008cb108_0006320c",$d,00000000
"00063210","|static|_DAT_008f9a3c_00063210",$d,00000000
"00063218","|static|_DAT_008cb8b4_00063218",$d,00000000
"0006321c","|static|_DAT_008f9a3c_0006321c",$d,00000000
"00063224","|static|_DAT_008cb8b4_00063224",$d,00000000
"00063228","|static|_DAT_008f9a3c_00063228",$d,00000000
"00063230","|static|_DAT_008cb8b4_00063230",$d,00000000
"00063234","|static|_DAT_008f9a3c_00063234",$d,00000000
"0006323c","|static|_DAT_008cc8bc_0006323c",$d,00000000
"00063240","|static|_DAT_008f9a3c_00063240",$d,00000000
"0006324c","|static|_DAT_008f9a3c_0006324c",$d,00000000
"00063258","|static|_DAT_008f9a3c_00063258",$d,00000000
"00063264","|static|_DAT_008f9a3c_00063264",$d,00000000
"00063270","|static|_DAT_008f9a3c_00063270",$d,00000000
"00063278","|static|_DAT_008cb108_00063278",$d,00000000
"0006327c","|static|_DAT_008f9a3c_0006327c",$d,00000000
"00063284","|static|_DAT_008cb108_00063284",$d,00000000
"00063288","|static|_DAT_008f9a3c_00063288",$d,00000000
"00063290","|static|_DAT_008cb108_00063290",$d,00000000
"00063294","|static|_DAT_008f9a3c_00063294",$d,00000000
"0006329c","|static|_DAT_008cc8bc_0006329c",$d,00000000
"000632a0","|static|_DAT_008f9a3c_000632a0",$d,00000000
"000632a8","|static|_DAT_008cb108_000632a8",$d,00000000
"000632ac","|static|_DAT_008f9a3c_000632ac",$d,00000000
"000632b4","|static|_DAT_008cb108_000632b4",$d,00000000
"000632b8","|static|_DAT_008f9a3c_000632b8",$d,00000000
"000632c0","|static|_DAT_008cb108_000632c0",$d,00000000
"000632c4","|static|_DAT_008f9a3c_000632c4",$d,00000000
"000632d0","|static|_DAT_008f9a2c_000632d0",$d,00000000
"000632d8","|static|_DAT_008f9a2c_000632d8",$d,00000000
"000632e0","|static|_DAT_008f9a3c_000632e0",$d,00000000
"000632ec","|static|_DAT_008f9a3c_000632ec",$d,00000000
"000632f8","|static|_DAT_008f9a3c_000632f8",$d,00000000
"00063304","|static|_DAT_008f9a3c_00063304",$d,00000000
"00063310","|static|_DAT_008f9a3c_00063310",$d,00000000
"0006331c","|static|_DAT_008f9a2c_0006331c",$d,00000000
"00063324","|static|_DAT_008f9a3c_00063324",$d,00000000
"00063330","|static|_DAT_008f9a3c_00063330",$d,00000000
"0006333c","|static|_DAT_008f9a3c_0006333c",$d,00000000
"00063348","|static|_DAT_008f9a3c_00063348",$d,00000000
"00063354","|static|_DAT_008f9a3c_00063354",$d,00000000
"00063360","|static|_DAT_008f9a3c_00063360",$d,00000000
"0006336c","|static|_DAT_008f9a3c_0006336c",$d,00000000
"00063378","|static|_DAT_008f9a3c_00063378",$d,00000000
"00063384","|static|_DAT_008f9a3c_00063384",$d,00000000
"00063390","|static|_DAT_008f9a3c_00063390",$d,00000000
"0006339c","|static|_DAT_008f9a3c_0006339c",$d,00000000
"000633a8","|static|_DAT_008f9a3c_000633a8",$d,00000000
"000633b4","|static|_DAT_008f9a3c_000633b4",$d,00000000
"000633c0","|static|_DAT_008f9a3c_000633c0",$d,00000000
"000633cc","|static|_DAT_008f9a3c_000633cc",$d,00000000
"000633d8","|static|_DAT_008f9a3c_000633d8",$d,00000000
"000633e4","|static|_DAT_008f9a3c_000633e4",$d,00000000
"000633f0","|static|_DAT_008f9a3c_000633f0",$d,00000000
"000633fc","|static|_DAT_008f9a2c_000633fc",$d,00000000
"00063404","|static|_DAT_008f9a3c_00063404",$d,00000000
"00063410","|static|_DAT_008f9a3c_00063410",$d,00000000
"0006341c","|static|_DAT_008f9a3c_0006341c",$d,00000000
"00063428","|static|_DAT_008f9a3c_00063428",$d,00000000
"00063434","|static|_DAT_008f9a3c_00063434",$d,00000000
"00063440","|static|_DAT_008f9a3c_00063440",$d,00000000
"0006344c","|static|_DAT_008f9a3c_0006344c",$d,00000000
"00063458","|static|_DAT_008f9a3c_00063458",$d,00000000
"00063464","|static|_DAT_008f9a2c_00063464",$d,00000000
"0006346c","|static|_DAT_008f9a2c_0006346c",$d,00000000
"00063474","|static|_DAT_008f9a2c_00063474",$d,00000000
"0006347c","|static|_DAT_008f9a3c_0006347c",$d,00000000
"00063488","|static|_DAT_008f9a3c_00063488",$d,00000000
"00063494","|static|_DAT_008f9a3c_00063494",$d,00000000
"000634a0","|static|_DAT_008f9a3c_000634a0",$d,00000000
"000634ac","|static|_DAT_008f9a2c_000634ac",$d,00000000
"000634b4","|static|_DAT_008f9a2c_000634b4",$d,00000000
"000634bc","|static|_DAT_008f9a2c_000634bc",$d,00000000
"000634c4","|static|_DAT_008f9a2c_000634c4",$d,00000000
"000634cc","|static|_DAT_008f9a2c_000634cc",$d,00000000
"000634d4","|static|_DAT_008f9a2c_000634d4",$d,00000000
"000634dc","|static|_DAT_008f9a2c_000634dc",$d,00000000
"000634e4","|static|_DAT_008f9a2c_000634e4",$d,00000000
"000634ec","|static|_DAT_008f9a2c_000634ec",$d,00000000
"000634f4","|static|_DAT_008f9a2c_000634f4",$d,00000000
"000634fc","|static|_DAT_008f9a2c_000634fc",$d,00000000
"00063504","|static|_DAT_008f9a2c_00063504",$d,00000000
"0006350c","|static|_DAT_008f9a3c_0006350c",$d,00000000
"00063518","|static|_DAT_008f9a3c_00063518",$d,00000000
"00063524","|static|_DAT_008f9a3c_00063524",$d,00000000
"00063530","|static|_DAT_008f9a3c_00063530",$d,00000000
"0006353c","|static|_DAT_008f9a3c_0006353c",$d,00000000
"00063548","|static|_DAT_008f9a3c_00063548",$d,00000000
"00063554","|static|_DAT_008f9a3c_00063554",$d,00000000
"00063560","|static|_DAT_008f9a3c_00063560",$d,00000000
"0006356c","|static|_DAT_008f9a3c_0006356c",$d,00000000
"00063578","|static|_DAT_008f9a3c_00063578",$d,00000000
"00063584","|static|_DAT_008f9a3c_00063584",$d,00000000
"00063590","|static|_DAT_008f9a3c_00063590",$d,00000000
"0006359c","|static|_DAT_008f9a3c_0006359c",$d,00000000
"000635a8","|static|_DAT_008f9a3c_000635a8",$d,00000000
"000635b4","|static|_DAT_008f9a3c_000635b4",$d,00000000
"000635bc","|static|_DAT_008d2dc8_000635bc",$d,00000000
"000635c0","|static|_DAT_008f9a3c_000635c0",$d,00000000
"000635c8","|static|_DAT_008d2dc8_000635c8",$d,00000000
"000635cc","|static|_DAT_008f9a3c_000635cc",$d,00000000
"000635d4","|static|_DAT_008d2dc8_000635d4",$d,00000000
"000635d8","|static|_DAT_008f9a3c_000635d8",$d,00000000
"000635e0","|static|_DAT_008d2dc8_000635e0",$d,00000000
"000635e4","|static|_DAT_008f9a3c_000635e4",$d,00000000
"000635ec","|static|_DAT_008d2dc8_000635ec",$d,00000000
"000635f0","|static|_DAT_008f9a3c_000635f0",$d,00000000
"000635f8","|static|_DAT_008d2dc8_000635f8",$d,00000000
"000635fc","|static|_DAT_008f9a3c_000635fc",$d,00000000
"00063604","|static|_DAT_008d2fa4_00063604",$d,00000000
"00063608","|static|_DAT_008f9a3c_00063608",$d,00000000
"00063614","|static|_DAT_008f9a2c_00063614",$d,00000000
"0006361c","|static|_DAT_008f9a2c_0006361c",$d,00000000
"00063624","|static|_DAT_008f9a2c_00063624",$d,00000000
"0006362c","|static|_DAT_008f9a3c_0006362c",$d,00000000
"00063638","|static|_DAT_008f9a3c_00063638",$d,00000000
"00063640","|static|_DAT_008caa3c_00063640",$d,00000000
"00065228","|static|_FUN_006e46f4_00065228",$d,00000000
"00065230","|static|_INVALID_|static|_TEXT:0000c66d_00065230",$d,00000000
"00065234","|static|_FUN_006e473c_00065234",$d,00000000
"0006523c","|static|_FUN_0057b98c_0006523c",$d,00000000
"00065240","|static|_FUN_0057b990_00065240",$d,00000000
"00065244","|static|_FUN_0057a474_00065244",$d,00000000
"00065248","|static|_LAB_0057ba24_00065248",$d,00000000
"0006524c","|static|_FUN_0057ba2c_0006524c",$d,00000000
"00065250","|static|_FUN_00631c6c_00065250",$d,00000000
"00065254","|static|_FUN_00521a38_00065254",$d,00000000
"00065258","|static|_FUN_00521064_00065258",$d,00000000
"00065268","|static|_FUN_00761fdc_00065268",$d,00000000
"0006526c","|static|_FUN_0076f55c_0006526c",$d,00000000
"00065274","|static|_FUN_0076f7dc_00065274",$d,00000000
"00065278","|static|_LAB_00751d9c_00065278",$d,00000000
"0006527c","|static|_LAB_00751d90_0006527c",$d,00000000
"00065280","|static|_LAB_0075221c_00065280",$d,00000000
"00065284","|static|_FUN_006e46e8_00065284",$d,00000000
"00065288","|static|_FUN_00577f90_00065288",$d,00000000
"0006528c","|static|_FUN_0057813c_0006528c",$d,00000000
"00065290","|static|_FUN_00751dbc_00065290",$d,00000000
"00065294","|static|_FUN_0076f548_00065294",$d,00000000
"000652a4","|static|_INVALID_|static|_TEXT:0000c6e5_000652a4",$d,00000000
"000652ac","|static|_INVALID_|static|_TEXT:0000c6b1_000652ac",$d,00000000
"000652b0","|static|_FUN_00577998_000652b0",$d,00000000
"000652b4","|static|_FUN_00577f34_000652b4",$d,00000000
"000652b8","|static|_FUN_00752260_000652b8",$d,00000000
"000652bc","|static|_FUN_0057906c_000652bc",$d,00000000
"000652c0","|static|_FUN_00579a2c_000652c0",$d,00000000
"000652c4","|static|_FUN_005793d0_000652c4",$d,00000000
"000652cc","|static|_FUN_007521d0_000652cc",$d,00000000
"000652d8","|static|_FUN_0057af1c_000652d8",$d,00000000
"000652dc","|static|_FUN_00577a4c_000652dc",$d,00000000
"000652e0","|static|_FUN_006315dc_000652e0",$d,00000000
"000652e4","|static|_FUN_00631934_000652e4",$d,00000000
"000652e8","|static|_FUN_00578850_000652e8",$d,00000000
"000652ec","|static|_FUN_00579224_000652ec",$d,00000000
"000652f0","|static|_FUN_00579554_000652f0",$d,00000000
"000652f4","|static|_FUN_005793e0_000652f4",$d,00000000
"000652f8","|static|_FUN_00631c2c_000652f8",$d,00000000
"000652fc","|static|_FUN_00579b64_000652fc",$d,00000000
"00065300","|static|_FUN_005780a8_00065300",$d,00000000
"00065304","|static|_FUN_005782f8_00065304",$d,00000000
"00065308","|static|_FUN_0057b48c_00065308",$d,00000000
"0006530c","|static|_FUN_00578258_0006530c",$d,00000000
"00065310","|static|_FUN_0057957c_00065310",$d,00000000
"00065334","|static|_FUN_005791bc_00065334",$d,00000000
"00065338","|static|_FUN_0057b494_00065338",$d,00000000
"00065344","|static|_FUN_00578158_00065344",$d,00000000
"00065348","|static|_FUN_006316b0_00065348",$d,00000000
"0006534c","|static|_LAB_005791b8_0006534c",$d,00000000
"00065350","|static|_FUN_005791c0_00065350",$d,00000000
"00065354","|static|_FUN_005799d4_00065354",$d,00000000
"00065358","|static|_FUN_0057884c_00065358",$d,00000000
"0006535c","|static|_FUN_0057799c_0006535c",$d,00000000
"00065368","|static|_FUN_00578c6c_00065368",$d,00000000
"0006536c","|static|_FUN_005791fc_0006536c",$d,00000000
"00065370","|static|_FUN_0063167c_00065370",$d,00000000
"00065374","|static|_FUN_006319a0_00065374",$d,00000000
"00065378","|static|_FUN_00631b30_00065378",$d,00000000
"0006537c","|static|_FUN_00631564_0006537c",$d,00000000
"00065380","|static|_FUN_006315a0_00065380",$d,00000000
"0006538c","|static|_FUN_00631a3c_0006538c",$d,00000000
"000653b8","|static|_FUN_00631668_000653b8",$d,00000000
"000653bc","|static|_FUN_006314dc_000653bc",$d,00000000
"000653d4","|static|_FUN_0057ba40_000653d4",$d,00000000
"000653dc","|static|_LAB_0057b988_000653dc",$d,00000000
"000653e0","|static|_FUN_0057ba54_000653e0",$d,00000000
"000653e8","|static|_FUN_0057b98c_000653e8",$d,00000000
"000653ec","|static|_FUN_0057b990_000653ec",$d,00000000
"000653f4","|static|_LAB_0057ba24_000653f4",$d,00000000
"000653f8","|static|_FUN_0057ba2c_000653f8",$d,00000000
"00065400","|static|_FUN_00521a38_00065400",$d,00000000
"00065404","|static|_FUN_00521064_00065404",$d,00000000
"00065448","|static|_FUN_0057ba40_00065448",$d,00000000
"00065450","|static|_LAB_0057b988_00065450",$d,00000000
"00065454","|static|_FUN_0057ba54_00065454",$d,00000000
"0006545c","|static|_FUN_0057b98c_0006545c",$d,00000000
"0006546c","|static|_FUN_0057ba2c_0006546c",$d,00000000
"00065474","|static|_FUN_00521a38_00065474",$d,00000000
"00065478","|static|_FUN_00521064_00065478",$d,00000000
"000654a4","|static|_FUN_002d0e18_000654a4",$d,00000000
"000654a8","|static|_FUN_002d1004_000654a8",$d,00000000
"000654ac","|static|_FUN_002fbe58_000654ac",$d,00000000
"00065508","|static|_FUN_002d0e08_00065508",$d,00000000
"0006550c","|static|_FUN_00778f00_0006550c",$d,00000000
"00065510","|static|_FUN_00779114_00065510",$d,00000000
"00065558","|static|_FUN_006e46f4_00065558",$d,00000000
"00065560","|static|_INVALID_|static|_TEXT:0000c66d_00065560",$d,00000000
"00065564","|static|_FUN_006e473c_00065564",$d,00000000
"0006556c","|static|_FUN_0057b98c_0006556c",$d,00000000
"00065570","|static|_FUN_0057b990_00065570",$d,00000000
"00065574","|static|_FUN_00605160_00065574",$d,00000000
"00065578","|static|_LAB_0057ba24_00065578",$d,00000000
"0006557c","|static|_FUN_0057ba2c_0006557c",$d,00000000
"00065580","|static|_FUN_0057a2e4_00065580",$d,00000000
"00065584","|static|_FUN_00521a38_00065584",$d,00000000
"00065588","|static|_FUN_00521064_00065588",$d,00000000
"00065598","|static|_FUN_00752690_00065598",$d,00000000
"0006559c","|static|_FUN_0076f55c_0006559c",$d,00000000
"000655a0","|static|_FUN_0057b0d4_000655a0",$d,00000000
"000655a4","|static|_FUN_0076f7dc_000655a4",$d,00000000
"000655a8","|static|_LAB_00751d9c_000655a8",$d,00000000
"000655ac","|static|_LAB_00751d90_000655ac",$d,00000000
"000655b0","|static|_LAB_0075221c_000655b0",$d,00000000
"000655b4","|static|_FUN_006e46e8_000655b4",$d,00000000
"000655b8","|static|_FUN_00577f90_000655b8",$d,00000000
"000655bc","|static|_FUN_0057813c_000655bc",$d,00000000
"000655c0","|static|_FUN_00751dbc_000655c0",$d,00000000
"000655c4","|static|_FUN_0076f548_000655c4",$d,00000000
"000655d4","|static|_INVALID_|static|_TEXT:0000c6e5_000655d4",$d,00000000
"000655dc","|static|_INVALID_|static|_TEXT:0000c6b1_000655dc",$d,00000000
"000655e0","|static|_FUN_00577998_000655e0",$d,00000000
"000655e4","|static|_FUN_00577f34_000655e4",$d,00000000
"000655e8","|static|_FUN_00752260_000655e8",$d,00000000
"000655ec","|static|_FUN_0057906c_000655ec",$d,00000000
"000655f0","|static|_FUN_00579a2c_000655f0",$d,00000000
"000655f4","|static|_FUN_005793d0_000655f4",$d,00000000
"000655fc","|static|_FUN_007521d0_000655fc",$d,00000000
"00065608","|static|_FUN_0057af1c_00065608",$d,00000000
"0006560c","|static|_FUN_00577a4c_0006560c",$d,00000000
"00065610","|static|_FUN_005782c4_00065610",$d,00000000
"00065614","|static|_FUN_00578b04_00065614",$d,00000000
"00065618","|static|_FUN_00578850_00065618",$d,00000000
"0006561c","|static|_FUN_00579224_0006561c",$d,00000000
"00065620","|static|_FUN_00579554_00065620",$d,00000000
"00065624","|static|_FUN_005793e0_00065624",$d,00000000
"00065628","|static|_FUN_00579b98_00065628",$d,00000000
"0006562c","|static|_FUN_00579b64_0006562c",$d,00000000
"00065638","|static|_FUN_0057b48c_00065638",$d,00000000
"0006563c","|static|_FUN_00578258_0006563c",$d,00000000
"00065640","|static|_FUN_0057957c_00065640",$d,00000000
"00065664","|static|_FUN_005791bc_00065664",$d,00000000
"00065668","|static|_FUN_00605334_00065668",$d,00000000
"00065674","|static|_FUN_00578158_00065674",$d,00000000
"00065678","|static|_LAB_00578948_00065678",$d,00000000
"0006567c","|static|_LAB_005791b8_0006567c",$d,00000000
"00065680","|static|_FUN_005791c0_00065680",$d,00000000
"00065684","|static|_FUN_005799d4_00065684",$d,00000000
"00065688","|static|_FUN_0057884c_00065688",$d,00000000
"0006568c","|static|_FUN_0057799c_0006568c",$d,00000000
"0006569c","|static|_FUN_005791fc_0006569c",$d,00000000
"000656a0","|static|_FUN_00604914_000656a0",$d,00000000
"000656c4","|static|_FUN_0057ba40_000656c4",$d,00000000
"000656cc","|static|_LAB_0057b988_000656cc",$d,00000000
"000656d0","|static|_FUN_0057ba54_000656d0",$d,00000000
"000656d8","|static|_FUN_0057b98c_000656d8",$d,00000000
"000656dc","|static|_FUN_0057b990_000656dc",$d,00000000
"000656e4","|static|_LAB_0057ba24_000656e4",$d,00000000
"000656e8","|static|_FUN_0057ba2c_000656e8",$d,00000000
"000656f0","|static|_FUN_00521a38_000656f0",$d,00000000
"000656f4","|static|_FUN_00521064_000656f4",$d,00000000
"00065758","|static|_INVALID_|static|_TEXT:0001c117_00065758",$d,00000000
"0006575c","|static|_INVALID_|static|_TEXT:0001c117_0006575c",$d,00000000
"0006576c","|static|_FUN_007255d4_0006576c",$d,00000000
"00065780","|static|_FUN_0057ba40_00065780",$d,00000000
"00065788","|static|_LAB_0057b988_00065788",$d,00000000
"0006578c","|static|_FUN_0057ba54_0006578c",$d,00000000
"00065794","|static|_FUN_0057b98c_00065794",$d,00000000
"00065798","|static|_FUN_0057b990_00065798",$d,00000000
"000657a0","|static|_LAB_0057ba24_000657a0",$d,00000000
"000657a4","|static|_FUN_0057ba2c_000657a4",$d,00000000
"000657ac","|static|_FUN_00521a38_000657ac",$d,00000000
"000657b0","|static|_FUN_00521064_000657b0",$d,00000000
"000657d4","DAT_000657d4",$d,00000000
"000657e4","|static|_FUN_006aa988_000657e4",$d,00000000
"000657ec","|static|_FUN_006aa8c4_000657ec",$d,00000000
"000657f0","|static|_FUN_006aa9bc_000657f0",$d,00000000
"000657f8","|static|_FUN_006aa8c8_000657f8",$d,00000000
"000657fc","|static|_FUN_006aa8ec_000657fc",$d,00000000
"00065804","|static|_FUN_006aa904_00065804",$d,00000000
"00065808","|static|_FUN_00529d78_00065808",$d,00000000
"00065810","|static|_FUN_00521a3c_00065810",$d,00000000
"00065814","|static|_FUN_00521064_00065814",$d,00000000
"000658f8","|static|_FUN_007255d4_000658f8",$d,00000000
"0006590c","|static|_FUN_006e46f4_0006590c",$d,00000000
"00065914","|static|_INVALID_|static|_TEXT:0000c66d_00065914",$d,00000000
"00065918","|static|_FUN_006e473c_00065918",$d,00000000
"00065920","|static|_FUN_0057b98c_00065920",$d,00000000
"00065924","|static|_FUN_0057b990_00065924",$d,00000000
"0006592c","|static|_LAB_0057ba24_0006592c",$d,00000000
"00065930","|static|_FUN_0057ba2c_00065930",$d,00000000
"00065934","|static|_FUN_0057a2e4_00065934",$d,00000000
"00065938","|static|_FUN_00521a38_00065938",$d,00000000
"0006593c","|static|_FUN_00521064_0006593c",$d,00000000
"00065950","|static|_FUN_0076f55c_00065950",$d,00000000
"00065958","|static|_FUN_0076f7dc_00065958",$d,00000000
"0006595c","|static|_LAB_00751d9c_0006595c",$d,00000000
"00065960","|static|_LAB_00751d90_00065960",$d,00000000
"00065964","|static|_LAB_0075221c_00065964",$d,00000000
"00065968","|static|_FUN_006e46e8_00065968",$d,00000000
"0006596c","|static|_FUN_00577f90_0006596c",$d,00000000
"00065970","|static|_FUN_0057813c_00065970",$d,00000000
"00065974","|static|_FUN_00751dbc_00065974",$d,00000000
"00065978","|static|_FUN_0076f548_00065978",$d,00000000
"00065988","|static|_INVALID_|static|_TEXT:0000c6e5_00065988",$d,00000000
"00065990","|static|_INVALID_|static|_TEXT:0000c6b1_00065990",$d,00000000
"00065994","|static|_FUN_00577998_00065994",$d,00000000
"00065998","|static|_FUN_00577f34_00065998",$d,00000000
"0006599c","|static|_FUN_00752260_0006599c",$d,00000000
"000659a0","|static|_FUN_0057906c_000659a0",$d,00000000
"000659a4","|static|_FUN_00579a2c_000659a4",$d,00000000
"000659a8","|static|_FUN_005793d0_000659a8",$d,00000000
"000659b0","|static|_FUN_007521d0_000659b0",$d,00000000
"000659bc","|static|_FUN_0057af1c_000659bc",$d,00000000
"000659c0","|static|_FUN_00577a4c_000659c0",$d,00000000
"000659c4","|static|_FUN_005782c4_000659c4",$d,00000000
"000659c8","|static|_FUN_00578b04_000659c8",$d,00000000
"000659cc","|static|_FUN_00578850_000659cc",$d,00000000
"000659d0","|static|_FUN_00579224_000659d0",$d,00000000
"000659d4","|static|_FUN_00579554_000659d4",$d,00000000
"000659d8","|static|_FUN_005793e0_000659d8",$d,00000000
"000659dc","|static|_FUN_00579b98_000659dc",$d,00000000
"000659e0","|static|_FUN_00579b64_000659e0",$d,00000000
"000659e4","|static|_FUN_005780a8_000659e4",$d,00000000
"000659e8","|static|_FUN_005782f8_000659e8",$d,00000000
"000659ec","|static|_FUN_0057b48c_000659ec",$d,00000000
"000659f0","|static|_FUN_00578258_000659f0",$d,00000000
"000659f4","|static|_FUN_0057957c_000659f4",$d,00000000
"00065a18","|static|_FUN_005791bc_00065a18",$d,00000000
"00065a1c","|static|_FUN_0057b494_00065a1c",$d,00000000
"00065a24","|static|_FUN_005779a4_00065a24",$d,00000000
"00065a28","|static|_FUN_00578158_00065a28",$d,00000000
"00065a2c","|static|_LAB_00578948_00065a2c",$d,00000000
"00065a30","|static|_LAB_005791b8_00065a30",$d,00000000
"00065a34","|static|_FUN_005791c0_00065a34",$d,00000000
"00065a38","|static|_FUN_005799d4_00065a38",$d,00000000
"00065a3c","|static|_FUN_0057884c_00065a3c",$d,00000000
"00065a40","|static|_FUN_0057799c_00065a40",$d,00000000
"00065a50","|static|_FUN_005791fc_00065a50",$d,00000000
"00065a78","|static|_FUN_006e46f4_00065a78",$d,00000000
"00065a80","|static|_INVALID_|static|_TEXT:0000c66d_00065a80",$d,00000000
"00065a84","|static|_FUN_006e473c_00065a84",$d,00000000
"00065a8c","|static|_FUN_0057b98c_00065a8c",$d,00000000
"00065a90","|static|_FUN_0057b990_00065a90",$d,00000000
"00065a94","|static|_FUN_00605160_00065a94",$d,00000000
"00065a98","|static|_LAB_0057ba24_00065a98",$d,00000000
"00065a9c","|static|_FUN_0057ba2c_00065a9c",$d,00000000
"00065aa0","|static|_FUN_0057a2e4_00065aa0",$d,00000000
"00065aa4","|static|_FUN_00521a38_00065aa4",$d,00000000
"00065aa8","|static|_FUN_00521064_00065aa8",$d,00000000
"00065ab8","|static|_FUN_00752690_00065ab8",$d,00000000
"00065ac0","|static|_FUN_0057b0d4_00065ac0",$d,00000000
"00065ac4","|static|_FUN_0076f7dc_00065ac4",$d,00000000
"00065ac8","|static|_LAB_00751d9c_00065ac8",$d,00000000
"00065acc","|static|_LAB_00751d90_00065acc",$d,00000000
"00065ad0","|static|_LAB_0075221c_00065ad0",$d,00000000
"00065ad4","|static|_FUN_006e46e8_00065ad4",$d,00000000
"00065ad8","|static|_FUN_00577f90_00065ad8",$d,00000000
"00065adc","|static|_FUN_0057813c_00065adc",$d,00000000
"00065ae0","|static|_FUN_00751dbc_00065ae0",$d,00000000
"00065ae4","|static|_FUN_0076f548_00065ae4",$d,00000000
"00065af4","|static|_INVALID_|static|_TEXT:0000c6e5_00065af4",$d,00000000
"00065afc","|static|_INVALID_|static|_TEXT:0000c6b1_00065afc",$d,00000000
"00065b00","|static|_FUN_00577998_00065b00",$d,00000000
"00065b04","|static|_FUN_00577f34_00065b04",$d,00000000
"00065b08","|static|_FUN_00752260_00065b08",$d,00000000
"00065b0c","|static|_FUN_0057906c_00065b0c",$d,00000000
"00065b10","|static|_FUN_00579a2c_00065b10",$d,00000000
"00065b14","|static|_FUN_005793d0_00065b14",$d,00000000
"00065b1c","|static|_FUN_007521d0_00065b1c",$d,00000000
"00065b28","|static|_FUN_0057af1c_00065b28",$d,00000000
"00065b2c","|static|_FUN_00577a4c_00065b2c",$d,00000000
"00065b30","|static|_FUN_005782c4_00065b30",$d,00000000
"00065b34","|static|_FUN_00578b04_00065b34",$d,00000000
"00065b38","|static|_FUN_00578850_00065b38",$d,00000000
"00065b3c","|static|_FUN_00579224_00065b3c",$d,00000000
"00065b40","|static|_FUN_00579554_00065b40",$d,00000000
"00065b44","|static|_FUN_005793e0_00065b44",$d,00000000
"00065b48","|static|_FUN_00579b98_00065b48",$d,00000000
"00065b4c","|static|_FUN_00579b64_00065b4c",$d,00000000
"00065b50","|static|_FUN_005780a8_00065b50",$d,00000000
"00065b54","|static|_FUN_005782f8_00065b54",$d,00000000
"00065b58","|static|_FUN_0057b48c_00065b58",$d,00000000
"00065b5c","|static|_FUN_00578258_00065b5c",$d,00000000
"00065b60","|static|_FUN_0057957c_00065b60",$d,00000000
"00065b84","|static|_FUN_005791bc_00065b84",$d,00000000
"00065b88","|static|_FUN_00605334_00065b88",$d,00000000
"00065b94","|static|_FUN_00578158_00065b94",$d,00000000
"00065b98","|static|_LAB_00578948_00065b98",$d,00000000
"00065b9c","|static|_LAB_005791b8_00065b9c",$d,00000000
"00065ba0","|static|_FUN_005791c0_00065ba0",$d,00000000
"00065ba4","|static|_FUN_005799d4_00065ba4",$d,00000000
"00065ba8","|static|_FUN_0057884c_00065ba8",$d,00000000
"00065bac","|static|_FUN_0057799c_00065bac",$d,00000000
"00065bbc","|static|_FUN_005791fc_00065bbc",$d,00000000
"00065bc0","|static|_FUN_00604914_00065bc0",$d,00000000
"00065be4","|static|_FUN_006e46f4_00065be4",$d,00000000
"00065bec","|static|_INVALID_|static|_TEXT:0000c66d_00065bec",$d,00000000
"00065bf0","|static|_FUN_006e473c_00065bf0",$d,00000000
"00065bf8","|static|_FUN_0057b98c_00065bf8",$d,00000000
"00065bfc","|static|_FUN_0057b990_00065bfc",$d,00000000
"00065c00","|static|_FUN_00605160_00065c00",$d,00000000
"00065c04","|static|_LAB_0057ba24_00065c04",$d,00000000
"00065c08","|static|_FUN_0057ba2c_00065c08",$d,00000000
"00065c0c","|static|_FUN_0057a2e4_00065c0c",$d,00000000
"00065c10","|static|_FUN_00521a38_00065c10",$d,00000000
"00065c14","|static|_FUN_00521064_00065c14",$d,00000000
"00065c24","|static|_FUN_00752690_00065c24",$d,00000000
"00065c2c","|static|_FUN_0057b0d4_00065c2c",$d,00000000
"00065c30","|static|_FUN_0076f7dc_00065c30",$d,00000000
"00065c34","|static|_LAB_00751d9c_00065c34",$d,00000000
"00065c38","|static|_LAB_00751d90_00065c38",$d,00000000
"00065c3c","|static|_LAB_0075221c_00065c3c",$d,00000000
"00065c40","|static|_FUN_006e46e8_00065c40",$d,00000000
"00065c44","|static|_FUN_00577f90_00065c44",$d,00000000
"00065c48","|static|_FUN_0057813c_00065c48",$d,00000000
"00065c4c","|static|_FUN_00751dbc_00065c4c",$d,00000000
"00065c50","|static|_FUN_0076f548_00065c50",$d,00000000
"00065c60","|static|_INVALID_|static|_TEXT:0000c6e5_00065c60",$d,00000000
"00065c68","|static|_INVALID_|static|_TEXT:0000c6b1_00065c68",$d,00000000
"00065c6c","|static|_FUN_00577998_00065c6c",$d,00000000
"00065c70","|static|_FUN_00577f34_00065c70",$d,00000000
"00065c74","|static|_FUN_00752260_00065c74",$d,00000000
"00065c78","|static|_FUN_0057906c_00065c78",$d,00000000
"00065c7c","|static|_FUN_00579a2c_00065c7c",$d,00000000
"00065c80","|static|_FUN_005793d0_00065c80",$d,00000000
"00065c88","|static|_FUN_007521d0_00065c88",$d,00000000
"00065c94","|static|_FUN_0057af1c_00065c94",$d,00000000
"00065c98","|static|_FUN_00577a4c_00065c98",$d,00000000
"00065c9c","|static|_FUN_005782c4_00065c9c",$d,00000000
"00065ca0","|static|_FUN_00578b04_00065ca0",$d,00000000
"00065ca4","|static|_FUN_00578850_00065ca4",$d,00000000
"00065ca8","|static|_FUN_00579224_00065ca8",$d,00000000
"00065cac","|static|_FUN_00579554_00065cac",$d,00000000
"00065cb0","|static|_FUN_005793e0_00065cb0",$d,00000000
"00065cb4","|static|_FUN_00579b98_00065cb4",$d,00000000
"00065cb8","|static|_FUN_00579b64_00065cb8",$d,00000000
"00065cbc","|static|_FUN_005780a8_00065cbc",$d,00000000
"00065cc0","|static|_FUN_005782f8_00065cc0",$d,00000000
"00065cc4","|static|_FUN_0057b48c_00065cc4",$d,00000000
"00065cc8","|static|_FUN_00578258_00065cc8",$d,00000000
"00065ccc","|static|_FUN_0057957c_00065ccc",$d,00000000
"00065cf0","|static|_FUN_005791bc_00065cf0",$d,00000000
"00065cf4","|static|_FUN_00605334_00065cf4",$d,00000000
"00065d00","|static|_FUN_00578158_00065d00",$d,00000000
"00065d04","|static|_LAB_00578948_00065d04",$d,00000000
"00065d08","|static|_LAB_005791b8_00065d08",$d,00000000
"00065d0c","|static|_FUN_005791c0_00065d0c",$d,00000000
"00065d10","|static|_FUN_005799d4_00065d10",$d,00000000
"00065d14","|static|_FUN_0057884c_00065d14",$d,00000000
"00065d18","|static|_FUN_0057799c_00065d18",$d,00000000
"00065d28","|static|_FUN_005791fc_00065d28",$d,00000000
"00065d2c","|static|_FUN_00604914_00065d2c",$d,00000000
"00065d50","|static|_FUN_0057ba40_00065d50",$d,00000000
"00065d58","|static|_LAB_0057b988_00065d58",$d,00000000
"00065d5c","|static|_FUN_0057ba54_00065d5c",$d,00000000
"00065d64","|static|_FUN_0057b98c_00065d64",$d,00000000
"00065d68","|static|_FUN_0057b990_00065d68",$d,00000000
"00065d70","|static|_LAB_0057ba24_00065d70",$d,00000000
"00065d74","|static|_FUN_0057ba2c_00065d74",$d,00000000
"00065d7c","|static|_FUN_00521a38_00065d7c",$d,00000000
"00065d80","|static|_FUN_00521064_00065d80",$d,00000000
"00065e1c","|static|_FUN_006e46f4_00065e1c",$d,00000000
"00065e24","|static|_INVALID_|static|_TEXT:0000c66d_00065e24",$d,00000000
"00065e28","|static|_FUN_006e473c_00065e28",$d,00000000
"00065e30","|static|_FUN_0057b98c_00065e30",$d,00000000
"00065e34","|static|_FUN_0057b990_00065e34",$d,00000000
"00065e3c","|static|_LAB_0057ba24_00065e3c",$d,00000000
"00065e44","|static|_FUN_0057a2e4_00065e44",$d,00000000
"00065e48","|static|_FUN_00521a38_00065e48",$d,00000000
"00065e4c","|static|_FUN_00521064_00065e4c",$d,00000000
"00065e5c","|static|_FUN_00752690_00065e5c",$d,00000000
"00065e60","|static|_FUN_0076f55c_00065e60",$d,00000000
"00065e64","|static|_FUN_0057b0d4_00065e64",$d,00000000
"00065e78","|static|_FUN_006e46e8_00065e78",$d,00000000
"00065e7c","|static|_FUN_00577f90_00065e7c",$d,00000000
"00065e80","|static|_FUN_0057813c_00065e80",$d,00000000
"00065e84","|static|_FUN_00751dbc_00065e84",$d,00000000
"00065e88","|static|_FUN_0076f548_00065e88",$d,00000000
"00065e98","|static|_INVALID_|static|_TEXT:0000c6e5_00065e98",$d,00000000
"00065ea0","|static|_INVALID_|static|_TEXT:0000c6b1_00065ea0",$d,00000000
"00065ea4","|static|_FUN_00577998_00065ea4",$d,00000000
"00065ea8","|static|_FUN_00577f34_00065ea8",$d,00000000
"00065eac","|static|_FUN_00752260_00065eac",$d,00000000
"00065eb0","|static|_FUN_0057906c_00065eb0",$d,00000000
"00065eb4","|static|_FUN_00579a2c_00065eb4",$d,00000000
"00065eb8","|static|_FUN_005793d0_00065eb8",$d,00000000
"00065ec0","|static|_FUN_007521d0_00065ec0",$d,00000000
"00065ecc","|static|_FUN_0057af1c_00065ecc",$d,00000000
"00065ed0","|static|_FUN_00577a4c_00065ed0",$d,00000000
"00065ed4","|static|_FUN_005782c4_00065ed4",$d,00000000
"00065ed8","|static|_FUN_00578b04_00065ed8",$d,00000000
"00065edc","|static|_FUN_00578850_00065edc",$d,00000000
"00065ee0","|static|_FUN_00579224_00065ee0",$d,00000000
"00065ee4","|static|_FUN_00579554_00065ee4",$d,00000000
"00065ee8","|static|_FUN_005793e0_00065ee8",$d,00000000
"00065eec","|static|_FUN_00579b98_00065eec",$d,00000000
"00065ef0","|static|_FUN_00579b64_00065ef0",$d,00000000
"00065ef4","|static|_FUN_005780a8_00065ef4",$d,00000000
"00065ef8","|static|_FUN_005782f8_00065ef8",$d,00000000
"00065efc","|static|_FUN_0057b48c_00065efc",$d,00000000
"00065f00","|static|_FUN_00578258_00065f00",$d,00000000
"00065f04","|static|_FUN_0057957c_00065f04",$d,00000000
"00065f28","|static|_FUN_005791bc_00065f28",$d,00000000
"00065f2c","|static|_FUN_00605334_00065f2c",$d,00000000
"00065f38","|static|_FUN_00578158_00065f38",$d,00000000
"00065f3c","|static|_LAB_00578948_00065f3c",$d,00000000
"00065f40","|static|_LAB_005791b8_00065f40",$d,00000000
"00065f44","|static|_FUN_005791c0_00065f44",$d,00000000
"00065f48","|static|_FUN_005799d4_00065f48",$d,00000000
"00065f4c","|static|_FUN_0057884c_00065f4c",$d,00000000
"00065f50","|static|_FUN_0057799c_00065f50",$d,00000000
"00065f5c","|static|_FUN_00578c6c_00065f5c",$d,00000000
"00065f60","|static|_FUN_005791fc_00065f60",$d,00000000
"00065f64","|static|_FUN_00604914_00065f64",$d,00000000
"00065f88","|static|_FUN_002cd17c_00065f88",$d,00000000
"00065f8c","|static|_FUN_002f6e14_00065f8c",$d,00000000
"00065f90","|static|_FUN_002f5bbc_00065f90",$d,00000000
"00065f94","|static|_FUN_002f7208_00065f94",$d,00000000
"00065f98","|static|_FUN_002f67e4_00065f98",$d,00000000
"00065f9c","|static|_FUN_002f5930_00065f9c",$d,00000000
"00065fa0","|static|_FUN_002f5f90_00065fa0",$d,00000000
"00065fa4","|static|_FUN_002f5ecc_00065fa4",$d,00000000
"00065fa8","|static|_FUN_002f6ba8_00065fa8",$d,00000000
"00065fac","|static|_FUN_002f68f0_00065fac",$d,00000000
"00065fe0","|static|_FUN_002cd17c_00065fe0",$d,00000000
"00065fe4","|static|_FUN_002f6e14_00065fe4",$d,00000000
"00065fe8","|static|_FUN_002f5bbc_00065fe8",$d,00000000
"00065fec","|static|_FUN_002f7208_00065fec",$d,00000000
"00065ff0","|static|_FUN_002f67e4_00065ff0",$d,00000000
"00065ff4","|static|_FUN_002f5930_00065ff4",$d,00000000
"00065ff8","|static|_FUN_002f5f90_00065ff8",$d,00000000
"00065ffc","|static|_FUN_002f5ecc_00065ffc",$d,00000000
"00066000","|static|_FUN_002f6ba8_00066000",$d,00000000
"00066004","|static|_FUN_002f68f0_00066004",$d,00000000
"00066044","|static|_FUN_006ac424_00066044",$d,00000000
"00066048","|static|_FUN_006ac270_00066048",$d,00000000
"0006604c","|static|_FUN_006ac298_0006604c",$d,00000000
"00066050","|static|_FUN_006ac50c_00066050",$d,00000000
"00066054","|static|_FUN_006ac700_00066054",$d,00000000
"00066058","|static|_FUN_006ac2f8_00066058",$d,00000000
"00066068","|static|_FUN_00203c6c_00066068",$d,00000000
"00066070","|static|_FUN_003041bc_00066070",$d,00000000
"00066074","|static|_FUN_006ac35c_00066074",$d,00000000
"00066078","|static|_FUN_006ac570_00066078",$d,00000000
"0006607c","|static|_FUN_006ab4f8_0006607c",$d,00000000
"00066080","|static|_FUN_006ac10c_00066080",$d,00000000
"00066084","|static|_FUN_006ac0b4_00066084",$d,00000000
"00066088","|static|_FUN_006ac214_00066088",$d,00000000
"0006608c","|static|_FUN_002133ac_0006608c",$d,00000000
"00066090","|static|_FUN_006ab978_00066090",$d,00000000
"000660b0","|static|_FUN_006e46f4_000660b0",$d,00000000
"000660b8","|static|_INVALID_|static|_TEXT:0000c66d_000660b8",$d,00000000
"000660bc","|static|_FUN_006e473c_000660bc",$d,00000000
"000660c4","|static|_FUN_0057b98c_000660c4",$d,00000000
"000660c8","|static|_FUN_0057b990_000660c8",$d,00000000
"000660cc","|static|_FUN_0060515c_000660cc",$d,00000000
"000660d0","|static|_LAB_0057ba24_000660d0",$d,00000000
"000660d4","|static|_FUN_0057ba2c_000660d4",$d,00000000
"000660d8","|static|_FUN_0057a2e4_000660d8",$d,00000000
"000660dc","|static|_FUN_00521a38_000660dc",$d,00000000
"000660e0","|static|_FUN_00521064_000660e0",$d,00000000
"000660f0","|static|_FUN_0070d788_000660f0",$d,00000000
"000660f4","|static|_FUN_0076f55c_000660f4",$d,00000000
"000660f8","|static|_FUN_0057b01c_000660f8",$d,00000000
"000660fc","|static|_FUN_0070d1c0_000660fc",$d,00000000
"00066100","|static|_FUN_00751d98_00066100",$d,00000000
"00066104","|static|_FUN_0070ce9c_00066104",$d,00000000
"00066108","|static|_FUN_0070d110_00066108",$d,00000000
"0006610c","|static|_FUN_006e46e8_0006610c",$d,00000000
"00066110","|static|_FUN_00577f90_00066110",$d,00000000
"00066114","|static|_FUN_0057813c_00066114",$d,00000000
"00066118","|static|_FUN_00751dbc_00066118",$d,00000000
"0006611c","|static|_FUN_0076f548_0006611c",$d,00000000
"0006612c","|static|_INVALID_|static|_TEXT:0000c6e5_0006612c",$d,00000000
"00066134","|static|_FUN_001bed54_00066134",$d,00000000
"00066138","|static|_FUN_00577858_00066138",$d,00000000
"0006613c","|static|_FUN_00577f34_0006613c",$d,00000000
"00066140","|static|_FUN_00752260_00066140",$d,00000000
"00066144","|static|_FUN_0057906c_00066144",$d,00000000
"00066148","|static|_FUN_00579a2c_00066148",$d,00000000
"0006614c","|static|_FUN_005793d0_0006614c",$d,00000000
"00066154","|static|_FUN_007521d0_00066154",$d,00000000
"00066160","|static|_FUN_0057af1c_00066160",$d,00000000
"00066164","|static|_FUN_00577a4c_00066164",$d,00000000
"00066168","|static|_FUN_005782c4_00066168",$d,00000000
"0006616c","|static|_FUN_00578b04_0006616c",$d,00000000
"00066170","|static|_FUN_00578850_00066170",$d,00000000
"00066174","|static|_FUN_00579224_00066174",$d,00000000
"00066178","|static|_FUN_00579554_00066178",$d,00000000
"0006617c","|static|_FUN_005793e0_0006617c",$d,00000000
"00066180","|static|_FUN_00579b98_00066180",$d,00000000
"00066184","|static|_FUN_00579b64_00066184",$d,00000000
"00066190","|static|_FUN_0057b48c_00066190",$d,00000000
"00066194","|static|_FUN_00578258_00066194",$d,00000000
"00066198","|static|_FUN_0057957c_00066198",$d,00000000
"000661bc","|static|_FUN_005791bc_000661bc",$d,00000000
"000661c0","|static|_FUN_00605334_000661c0",$d,00000000
"000661c8","|static|_FUN_005779a4_000661c8",$d,00000000
"000661cc","|static|_FUN_00578158_000661cc",$d,00000000
"000661d0","|static|_LAB_00578948_000661d0",$d,00000000
"000661d4","|static|_LAB_005791b8_000661d4",$d,00000000
"000661d8","|static|_FUN_005791c0_000661d8",$d,00000000
"000661dc","|static|_FUN_005799d4_000661dc",$d,00000000
"000661e0","|static|_FUN_0057884c_000661e0",$d,00000000
"000661e4","|static|_FUN_0057799c_000661e4",$d,00000000
"000661f4","|static|_FUN_005791fc_000661f4",$d,00000000
"000661f8","|static|_FUN_00604914_000661f8",$d,00000000
"00066214","|static|_FUN_0070d108_00066214",$d,00000000
"00066218","|static|_FUN_001bee4c_00066218",$d,00000000
"0006621c","|static|_FUN_0070d2b8_0006621c",$d,00000000
"00066220","|static|_FUN_001c02b8_00066220",$d,00000000
"00066224","|static|_FUN_0070d270_00066224",$d,00000000
"00066230","|static|_FUN_0070d100_00066230",$d,00000000
"00066234","|static|_FUN_0070cf78_00066234",$d,00000000
"00066248","|static|_FUN_0057ba40_00066248",$d,00000000
"00066250","|static|_LAB_0057b988_00066250",$d,00000000
"00066254","|static|_FUN_0057ba54_00066254",$d,00000000
"0006625c","|static|_FUN_0057b98c_0006625c",$d,00000000
"00066260","|static|_FUN_0057b990_00066260",$d,00000000
"00066268","|static|_LAB_0057ba24_00066268",$d,00000000
"0006626c","|static|_FUN_0057ba2c_0006626c",$d,00000000
"00066274","|static|_FUN_00521a38_00066274",$d,00000000
"00066278","|static|_FUN_00521064_00066278",$d,00000000
"000662ac","|static|_FUN_006e46f4_000662ac",$d,00000000
"000662b4","|static|_FUN_00307c54_000662b4",$d,00000000
"000662b8","|static|_FUN_006e473c_000662b8",$d,00000000
"000662c0","|static|_FUN_0057b98c_000662c0",$d,00000000
"000662c4","|static|_FUN_0057b990_000662c4",$d,00000000
"000662cc","|static|_LAB_0057ba24_000662cc",$d,00000000
"000662d0","|static|_FUN_0057ba2c_000662d0",$d,00000000
"000662d8","|static|_FUN_00521a38_000662d8",$d,00000000
"000662dc","|static|_FUN_00521064_000662dc",$d,00000000
"000662f0","|static|_FUN_0076f55c_000662f0",$d,00000000
"000662f8","|static|_FUN_0076f7dc_000662f8",$d,00000000
"000662fc","|static|_LAB_0076f550_000662fc",$d,00000000
"00066300","|static|_FUN_0076f540_00066300",$d,00000000
"00066304","|static|_FUN_0076f7d4_00066304",$d,00000000
"00066308","|static|_FUN_006e46e8_00066308",$d,00000000
"0006630c","|static|_FUN_006e4500_0006630c",$d,00000000
"00066310","|static|_FUN_006e4518_00066310",$d,00000000
"00066314","|static|_FUN_0076f538_00066314",$d,00000000
"00066318","|static|_FUN_0076f548_00066318",$d,00000000
"0006634c","|static|_FUN_005f4b04_0006634c",$d,00000000
"00066350","|static|_FUN_005f4b24_00066350",$d,00000000
"00066354","|static|_FUN_005f4b34_00066354",$d,00000000
"00066358","|static|_FUN_005f4b18_00066358",$d,00000000
"0006635c","|static|_FUN_005f4b14_0006635c",$d,00000000
"00066360","|static|_FUN_005f4b20_00066360",$d,00000000
"00066364","|static|_FUN_005f4b44_00066364",$d,00000000
"00066368","|static|_FUN_005f4b40_00066368",$d,00000000
"0006636c","|static|_FUN_005f4b3c_0006636c",$d,00000000
"00066370","|static|_FUN_005f4b50_00066370",$d,00000000
"00066374","|static|_FUN_005f4b08_00066374",$d,00000000
"00066378","|static|_FUN_005f4b28_00066378",$d,00000000
"0006637c","|static|_FUN_005f4b6c_0006637c",$d,00000000
"00066380","|static|_FUN_005f4b0c_00066380",$d,00000000
"00066384","|static|_FUN_005f4b38_00066384",$d,00000000
"00066388","|static|_FUN_005f4b54_00066388",$d,00000000
"0006638c","|static|_FUN_005f4b1c_0006638c",$d,00000000
"00066390","|static|_FUN_005f4b10_00066390",$d,00000000
"00066394","|static|_FUN_005f4b4c_00066394",$d,00000000
"00066398","|static|_FUN_005f4b48_00066398",$d,00000000
"0006639c","|static|_FUN_005f4b68_0006639c",$d,00000000
"000663a0","|static|_FUN_005f4b64_000663a0",$d,00000000
"000663a4","|static|_FUN_005f4b70_000663a4",$d,00000000
"000663a8","|static|_FUN_005f4b78_000663a8",$d,00000000
"000663ac","|static|_FUN_005f4b60_000663ac",$d,00000000
"000663b0","|static|_FUN_005f4b58_000663b0",$d,00000000
"000663b4","|static|_FUN_005f4b5c_000663b4",$d,00000000
"000663b8","|static|_FUN_005f4b74_000663b8",$d,00000000
"000663bc","|static|_FUN_005f4b80_000663bc",$d,00000000
"000663c0","|static|_FUN_005f4b88_000663c0",$d,00000000
"000663c4","|static|_FUN_005f4b7c_000663c4",$d,00000000
"000663c8","|static|_FUN_005f4b84_000663c8",$d,00000000
"000663cc","|static|_FUN_005f4b2c_000663cc",$d,00000000
"000663d0","|static|_FUN_0075ab68_000663d0",$d,00000000
"000663d4","|static|_FUN_0075ab8c_000663d4",$d,00000000
"000663d8","|static|_FUN_0023bbe0_000663d8",$d,00000000
"000663dc","|static|_FUN_0023b508_000663dc",$d,00000000
"000663e0","|static|_FUN_0023b2b8_000663e0",$d,00000000
"000663e4","|static|_FUN_0023b1b0_000663e4",$d,00000000
"000663e8","|static|_FUN_0023b2b0_000663e8",$d,00000000
"000663ec","|static|_FUN_005dd630_000663ec",$d,00000000
"000663f0","|static|_FUN_0023b504_000663f0",$d,00000000
"000663f4","|static|_LAB_005dd598_000663f4",$d,00000000
"000663f8","|static|_FUN_005dd550_000663f8",$d,00000000
"000663fc","|static|_FUN_005dd648_000663fc",$d,00000000
"00066400","|static|_FUN_005dd670_00066400",$d,00000000
"00066404","|static|_FUN_005dd67c_00066404",$d,00000000
"00066408","|static|_FUN_005dd65c_00066408",$d,00000000
"0006640c","|static|_FUN_005dd560_0006640c",$d,00000000
"00066410","|static|_FUN_005dd64c_00066410",$d,00000000
"00066414","|static|_FUN_005dd5a0_00066414",$d,00000000
"00066418","|static|_FUN_005dd638_00066418",$d,00000000
"0006641c","|static|_FUN_005dd694_0006641c",$d,00000000
"00066420","|static|_FUN_005dd698_00066420",$d,00000000
"00066424","|static|_FUN_005dd55c_00066424",$d,00000000
"00066428","|static|_FUN_005dd5b4_00066428",$d,00000000
"0006642c","|static|_FUN_005dd674_0006642c",$d,00000000
"00066430","|static|_FUN_005dd680_00066430",$d,00000000
"00066434","|static|_FUN_005dd684_00066434",$d,00000000
"00066438","|static|_LAB_0075ab5c_00066438",$d,00000000
"0006643c","|static|_FUN_00713b0c_0006643c",$d,00000000
"00066440","|static|_FUN_0023adb8_00066440",$d,00000000
"00066444","|static|_FUN_0023b2b4_00066444",$d,00000000
"00066450","|static|_FUN_0023adbc_00066450",$d,00000000
"00066454","|static|_FUN_005d97a0_00066454",$d,00000000
"00066458","|static|_FUN_0023b1ac_00066458",$d,00000000
"0006645c","|static|_FUN_0023af1c_0006645c",$d,00000000
"00066460","|static|_FUN_0023b214_00066460",$d,00000000
"00066474","|static|_FUN_005db288_00066474",$d,00000000
"00066478","|static|_thunk_FUN_005d97a8_00066478",$d,00000000
"0006647c","|static|_FUN_00772630_0006647c",$d,00000000
"00066480","|static|_FUN_005d9084_00066480",$d,00000000
"00066484","|static|_FUN_005da414_00066484",$d,00000000
"00066488","|static|_FUN_005dd22c_00066488",$d,00000000
"0006648c","|static|_FUN_0075ab50_0006648c",$d,00000000
"00066490","|static|_FUN_007726d4_00066490",$d,00000000
"00066494","|static|_FUN_005dc4d8_00066494",$d,00000000
"00066498","|static|_FUN_0075ab40_00066498",$d,00000000
"0006649c","|static|_FUN_0075ab54_0006649c",$d,00000000
"000664a0","|static|_FUN_0075ab48_000664a0",$d,00000000
"000664b4","|static|_FUN_00529d8c_000664b4",$d,00000000
"000664bc","|static|_LAB_00520f64_000664bc",$d,00000000
"000664c0","|static|_FUN_00529da0_000664c0",$d,00000000
"000664c8","|static|_LAB_00520f6c_000664c8",$d,00000000
"000664cc","|static|_FUN_00529cf4_000664cc",$d,00000000
"000664d4","|static|_LAB_00521068_000664d4",$d,00000000
"000664d8","|static|_FUN_00529d78_000664d8",$d,00000000
"000664e0","|static|_FUN_00521a3c_000664e0",$d,00000000
"000664e4","|static|_FUN_00521064_000664e4",$d,00000000
"00066514","|static|_FUN_006aa988_00066514",$d,00000000
"0006651c","|static|_FUN_006aa8c4_0006651c",$d,00000000
"00066520","|static|_FUN_006aa9bc_00066520",$d,00000000
"00066528","|static|_FUN_006aa8c8_00066528",$d,00000000
"0006652c","|static|_FUN_006aa8ec_0006652c",$d,00000000
"00066534","|static|_FUN_006aa904_00066534",$d,00000000
"00066538","|static|_FUN_00529d78_00066538",$d,00000000
"00066540","|static|_FUN_00521a3c_00066540",$d,00000000
"00066544","|static|_FUN_00521064_00066544",$d,00000000
"00066604","|static|_FUN_006ac424_00066604",$d,00000000
"00066608","|static|_FUN_006ac270_00066608",$d,00000000
"0006660c","|static|_FUN_006ac298_0006660c",$d,00000000
"00066610","|static|_FUN_006ac50c_00066610",$d,00000000
"00066614","|static|_FUN_006ac700_00066614",$d,00000000
"00066618","|static|_FUN_006ac2f8_00066618",$d,00000000
"00066628","|static|_FUN_00203c6c_00066628",$d,00000000
"00066630","|static|_FUN_003041bc_00066630",$d,00000000
"00066634","|static|_FUN_006ac35c_00066634",$d,00000000
"00066638","|static|_FUN_006ac570_00066638",$d,00000000
"0006663c","|static|_FUN_006ab4f8_0006663c",$d,00000000
"00066640","|static|_FUN_006ac10c_00066640",$d,00000000
"00066644","|static|_FUN_006ac0b4_00066644",$d,00000000
"00066648","|static|_FUN_006ac214_00066648",$d,00000000
"0006664c","|static|_FUN_002133ac_0006664c",$d,00000000
"00066664","|static|_FUN_00529d8c_00066664",$d,00000000
"0006666c","|static|_LAB_00520f64_0006666c",$d,00000000
"00066670","|static|_FUN_00529da0_00066670",$d,00000000
"00066678","|static|_LAB_00520f6c_00066678",$d,00000000
"0006667c","|static|_FUN_00529cf4_0006667c",$d,00000000
"00066684","|static|_LAB_00521068_00066684",$d,00000000
"00066688","|static|_FUN_00529d78_00066688",$d,00000000
"00066690","|static|_FUN_00521a3c_00066690",$d,00000000
"00066694","|static|_FUN_00521064_00066694",$d,00000000
"000666d8","|static|_FUN_001cb6d0_000666d8",$d,00000000
"000666e0","|static|_FUN_001cb690_000666e0",$d,00000000
"000666e4","|static|_FUN_001cb78c_000666e4",$d,00000000
"00066720","|static|_FUN_006e46f4_00066720",$d,00000000
"00066728","|static|_INVALID_|static|_TEXT:0000c66d_00066728",$d,00000000
"0006672c","|static|_FUN_006e473c_0006672c",$d,00000000
"00066734","|static|_FUN_0057b98c_00066734",$d,00000000
"00066738","|static|_FUN_0057b990_00066738",$d,00000000
"0006673c","|static|_FUN_00605160_0006673c",$d,00000000
"00066740","|static|_LAB_0057ba24_00066740",$d,00000000
"00066744","|static|_FUN_0057ba2c_00066744",$d,00000000
"00066748","|static|_FUN_0057a2e4_00066748",$d,00000000
"0006674c","|static|_FUN_00521a38_0006674c",$d,00000000
"00066750","|static|_FUN_00521064_00066750",$d,00000000
"00066760","|static|_FUN_00752690_00066760",$d,00000000
"00066768","|static|_FUN_0057b0d4_00066768",$d,00000000
"0006676c","|static|_FUN_0076f7dc_0006676c",$d,00000000
"00066770","|static|_LAB_00751d9c_00066770",$d,00000000
"00066774","|static|_LAB_00751d90_00066774",$d,00000000
"00066778","|static|_LAB_0075221c_00066778",$d,00000000
"0006677c","|static|_FUN_006e46e8_0006677c",$d,00000000
"00066780","|static|_FUN_00577f90_00066780",$d,00000000
"00066784","|static|_FUN_0057813c_00066784",$d,00000000
"00066788","|static|_FUN_00751dbc_00066788",$d,00000000
"0006678c","|static|_FUN_0076f548_0006678c",$d,00000000
"0006679c","|static|_INVALID_|static|_TEXT:0000c6e5_0006679c",$d,00000000
"000667a4","|static|_INVALID_|static|_TEXT:0000c6b1_000667a4",$d,00000000
"000667a8","|static|_FUN_00577998_000667a8",$d,00000000
"000667ac","|static|_FUN_00577f34_000667ac",$d,00000000
"000667b0","|static|_FUN_00752260_000667b0",$d,00000000
"000667b4","|static|_FUN_0057906c_000667b4",$d,00000000
"000667b8","|static|_FUN_00579a2c_000667b8",$d,00000000
"000667bc","|static|_FUN_005793d0_000667bc",$d,00000000
"000667c4","|static|_FUN_007521d0_000667c4",$d,00000000
"000667d0","|static|_FUN_0057af1c_000667d0",$d,00000000
"000667d4","|static|_FUN_00577a4c_000667d4",$d,00000000
"000667d8","|static|_FUN_005782c4_000667d8",$d,00000000
"000667dc","|static|_FUN_00578b04_000667dc",$d,00000000
"000667e0","|static|_FUN_00578850_000667e0",$d,00000000
"000667e4","|static|_FUN_00579224_000667e4",$d,00000000
"000667e8","|static|_FUN_00579554_000667e8",$d,00000000
"000667ec","|static|_FUN_005793e0_000667ec",$d,00000000
"000667f0","|static|_FUN_00579b98_000667f0",$d,00000000
"000667f4","|static|_FUN_00579b64_000667f4",$d,00000000
"000667f8","|static|_FUN_005780a8_000667f8",$d,00000000
"000667fc","|static|_FUN_005782f8_000667fc",$d,00000000
"00066800","|static|_FUN_0057b48c_00066800",$d,00000000
"00066804","|static|_FUN_00578258_00066804",$d,00000000
"00066808","|static|_FUN_0057957c_00066808",$d,00000000
"0006682c","|static|_FUN_005791bc_0006682c",$d,00000000
"00066830","|static|_FUN_00605334_00066830",$d,00000000
"0006683c","|static|_FUN_00578158_0006683c",$d,00000000
"00066840","|static|_LAB_00578948_00066840",$d,00000000
"00066844","|static|_LAB_005791b8_00066844",$d,00000000
"00066848","|static|_FUN_005791c0_00066848",$d,00000000
"0006684c","|static|_FUN_005799d4_0006684c",$d,00000000
"00066850","|static|_FUN_0057884c_00066850",$d,00000000
"00066854","|static|_FUN_0057799c_00066854",$d,00000000
"00066864","|static|_FUN_005791fc_00066864",$d,00000000
"00066868","|static|_FUN_00604914_00066868",$d,00000000
"0006688c","|static|_FUN_0057ba40_0006688c",$d,00000000
"00066894","|static|_LAB_0057b988_00066894",$d,00000000
"00066898","|static|_FUN_0057ba54_00066898",$d,00000000
"000668a0","|static|_FUN_0057b98c_000668a0",$d,00000000
"000668a4","|static|_FUN_0057b990_000668a4",$d,00000000
"000668ac","|static|_LAB_0057ba24_000668ac",$d,00000000
"000668b0","|static|_FUN_0057ba2c_000668b0",$d,00000000
"000668b8","|static|_FUN_00521a38_000668b8",$d,00000000
"000668bc","|static|_FUN_00521064_000668bc",$d,00000000
"000668f0","|static|_FUN_006aa988_000668f0",$d,00000000
"000668f8","|static|_FUN_006aa8c4_000668f8",$d,00000000
"000668fc","|static|_FUN_006aa9bc_000668fc",$d,00000000
"00066904","|static|_FUN_006aa8c8_00066904",$d,00000000
"00066908","|static|_FUN_006aa8ec_00066908",$d,00000000
"00066910","|static|_FUN_006aa904_00066910",$d,00000000
"00066914","|static|_FUN_00529d78_00066914",$d,00000000
"0006691c","|static|_FUN_00521a3c_0006691c",$d,00000000
"00066920","|static|_FUN_00521064_00066920",$d,00000000
"000669bc","|static|_FUN_006e46f4_000669bc",$d,00000000
"000669c4","|static|_INVALID_|static|_TEXT:0000c66d_000669c4",$d,00000000
"000669c8","|static|_FUN_006e473c_000669c8",$d,00000000
"000669d0","|static|_FUN_0057b98c_000669d0",$d,00000000
"000669d4","|static|_FUN_0057b990_000669d4",$d,00000000
"000669d8","|static|_FUN_00605160_000669d8",$d,00000000
"000669dc","|static|_LAB_0057ba24_000669dc",$d,00000000
"000669e0","|static|_FUN_0057ba2c_000669e0",$d,00000000
"000669e4","|static|_FUN_0057a2e4_000669e4",$d,00000000
"000669e8","|static|_FUN_00521a38_000669e8",$d,00000000
"000669ec","|static|_FUN_00521064_000669ec",$d,00000000
"000669fc","|static|_FUN_00752690_000669fc",$d,00000000
"00066a04","|static|_FUN_0057b0d4_00066a04",$d,00000000
"00066a08","|static|_FUN_0076f7dc_00066a08",$d,00000000
"00066a0c","|static|_LAB_00751d9c_00066a0c",$d,00000000
"00066a10","|static|_LAB_00751d90_00066a10",$d,00000000
"00066a14","|static|_LAB_0075221c_00066a14",$d,00000000
"00066a18","|static|_FUN_006e46e8_00066a18",$d,00000000
"00066a1c","|static|_FUN_00577f90_00066a1c",$d,00000000
"00066a20","|static|_FUN_0057813c_00066a20",$d,00000000
"00066a24","|static|_FUN_00751dbc_00066a24",$d,00000000
"00066a28","|static|_FUN_0076f548_00066a28",$d,00000000
"00066a38","|static|_INVALID_|static|_TEXT:0000c6e5_00066a38",$d,00000000
"00066a40","|static|_INVALID_|static|_TEXT:0000c6b1_00066a40",$d,00000000
"00066a48","|static|_FUN_00577f34_00066a48",$d,00000000
"00066a4c","|static|_FUN_00752260_00066a4c",$d,00000000
"00066a50","|static|_FUN_0057906c_00066a50",$d,00000000
"00066a54","|static|_FUN_00579a2c_00066a54",$d,00000000
"00066a58","|static|_FUN_005793d0_00066a58",$d,00000000
"00066a6c","|static|_FUN_0057af1c_00066a6c",$d,00000000
"00066a70","|static|_FUN_00577a4c_00066a70",$d,00000000
"00066a74","|static|_FUN_005782c4_00066a74",$d,00000000
"00066a78","|static|_FUN_00578b04_00066a78",$d,00000000
"00066a7c","|static|_FUN_00578850_00066a7c",$d,00000000
"00066a80","|static|_FUN_00579224_00066a80",$d,00000000
"00066a84","|static|_FUN_00579554_00066a84",$d,00000000
"00066a88","|static|_FUN_005793e0_00066a88",$d,00000000
"00066a90","|static|_FUN_00579b64_00066a90",$d,00000000
"00066a94","|static|_FUN_005780a8_00066a94",$d,00000000
"00066a98","|static|_FUN_005782f8_00066a98",$d,00000000
"00066a9c","|static|_FUN_0057b48c_00066a9c",$d,00000000
"00066aa0","|static|_FUN_00578258_00066aa0",$d,00000000
"00066aa4","|static|_FUN_0057957c_00066aa4",$d,00000000
"00066ac8","|static|_FUN_005791bc_00066ac8",$d,00000000
"00066acc","|static|_FUN_00605334_00066acc",$d,00000000
"00066ad4","|static|_FUN_005779a4_00066ad4",$d,00000000
"00066adc","|static|_LAB_00578948_00066adc",$d,00000000
"00066ae0","|static|_LAB_005791b8_00066ae0",$d,00000000
"00066ae4","|static|_FUN_005791c0_00066ae4",$d,00000000
"00066ae8","|static|_FUN_005799d4_00066ae8",$d,00000000
"00066aec","|static|_FUN_0057884c_00066aec",$d,00000000
"00066af0","|static|_FUN_0057799c_00066af0",$d,00000000
"00066afc","|static|_FUN_00578c6c_00066afc",$d,00000000
"00066b00","|static|_FUN_005791fc_00066b00",$d,00000000
"00066b04","|static|_FUN_00604914_00066b04",$d,00000000
"00066b28","DAT_00066b28",$d,00000000
"00066b38","|static|_FUN_00529d8c_00066b38",$d,00000000
"00066b40","|static|_LAB_00520f64_00066b40",$d,00000000
"00066b44","|static|_FUN_00529da0_00066b44",$d,00000000
"00066b4c","|static|_LAB_00520f6c_00066b4c",$d,00000000
"00066b50","|static|_FUN_00529cf4_00066b50",$d,00000000
"00066b58","|static|_LAB_00521068_00066b58",$d,00000000
"00066b5c","|static|_FUN_00529d78_00066b5c",$d,00000000
"00066b64","|static|_FUN_00521a3c_00066b64",$d,00000000
"00066b68","|static|_FUN_00521064_00066b68",$d,00000000
"00066b84","|static|_FUN_002d6cc0_00066b84",$d,00000000
"00066b88","|static|_FUN_002d6fe0_00066b88",$d,00000000
"00066b94","|static|_FUN_002d6bc8_00066b94",$d,00000000
"00066ba0","|static|_FUN_006ac424_00066ba0",$d,00000000
"00066ba4","|static|_FUN_006ac270_00066ba4",$d,00000000
"00066ba8","|static|_FUN_006ac298_00066ba8",$d,00000000
"00066bac","|static|_FUN_006ac50c_00066bac",$d,00000000
"00066bb0","|static|_FUN_006ac700_00066bb0",$d,00000000
"00066bb4","|static|_FUN_006ac2f8_00066bb4",$d,00000000
"00066bc4","|static|_FUN_00203c6c_00066bc4",$d,00000000
"00066bcc","|static|_FUN_003041bc_00066bcc",$d,00000000
"00066bd0","|static|_FUN_006ac35c_00066bd0",$d,00000000
"00066bd4","|static|_FUN_006ac570_00066bd4",$d,00000000
"00066bd8","|static|_FUN_006ab4f8_00066bd8",$d,00000000
"00066bdc","|static|_FUN_006ac10c_00066bdc",$d,00000000
"00066be0","|static|_FUN_006ac0b4_00066be0",$d,00000000
"00066be4","|static|_FUN_006ac214_00066be4",$d,00000000
"00066be8","|static|_FUN_002133ac_00066be8",$d,00000000
"00066bec","|static|_FUN_006ab978_00066bec",$d,00000000
"00066bfc","DAT_00066bfc",$d,00000000
"00066c0c","|static|_FUN_00529d8c_00066c0c",$d,00000000
"00066c14","|static|_LAB_00520f64_00066c14",$d,00000000
"00066c18","|static|_FUN_00529da0_00066c18",$d,00000000
"00066c20","|static|_LAB_00520f6c_00066c20",$d,00000000
"00066c24","|static|_FUN_00529cf4_00066c24",$d,00000000
"00066c2c","|static|_LAB_00521068_00066c2c",$d,00000000
"00066c30","|static|_FUN_00529d78_00066c30",$d,00000000
"00066c38","|static|_FUN_00521a3c_00066c38",$d,00000000
"00066c3c","|static|_FUN_00521064_00066c3c",$d,00000000
"00066c58","|static|_FUN_002d6cc0_00066c58",$d,00000000
"00066c5c","|static|_FUN_002d6fe0_00066c5c",$d,00000000
"00066c6c","DAT_00066c6c",$d,00000000
"00066c7c","|static|_FUN_00529d8c_00066c7c",$d,00000000
"00066c84","|static|_LAB_00520f64_00066c84",$d,00000000
"00066c88","|static|_FUN_00529da0_00066c88",$d,00000000
"00066c8c","|static|_FUN_00325578_00066c8c",$d,00000000
"00066c90","|static|_LAB_00520f6c_00066c90",$d,00000000
"00066c94","|static|_FUN_00529cf4_00066c94",$d,00000000
"00066c9c","|static|_LAB_00521068_00066c9c",$d,00000000
"00066ca0","|static|_FUN_00529d78_00066ca0",$d,00000000
"00066ca4","|static|_LAB_00325444_00066ca4",$d,00000000
"00066ca8","|static|_FUN_00521a3c_00066ca8",$d,00000000
"00066cac","|static|_FUN_00521064_00066cac",$d,00000000
"00066cd8","|static|_FUN_006aa988_00066cd8",$d,00000000
"00066ce0","|static|_FUN_006aa8c4_00066ce0",$d,00000000
"00066ce4","|static|_FUN_006aa9bc_00066ce4",$d,00000000
"00066cec","|static|_FUN_006aa8c8_00066cec",$d,00000000
"00066cf0","|static|_FUN_006aa8ec_00066cf0",$d,00000000
"00066cf8","|static|_FUN_006aa904_00066cf8",$d,00000000
"00066cfc","|static|_FUN_00529d78_00066cfc",$d,00000000
"00066d04","|static|_FUN_00521a3c_00066d04",$d,00000000
"00066d08","|static|_FUN_00521064_00066d08",$d,00000000
"00066d44","|static|_FUN_005f4b04_00066d44",$d,00000000
"00066d48","|static|_FUN_005f4b24_00066d48",$d,00000000
"00066d4c","|static|_FUN_005f4b34_00066d4c",$d,00000000
"00066d50","|static|_FUN_005f4b18_00066d50",$d,00000000
"00066d54","|static|_FUN_005f4b14_00066d54",$d,00000000
"00066d58","|static|_FUN_005f4b20_00066d58",$d,00000000
"00066d5c","|static|_FUN_005f4b44_00066d5c",$d,00000000
"00066d60","|static|_FUN_005f4b40_00066d60",$d,00000000
"00066d64","|static|_FUN_005f4b3c_00066d64",$d,00000000
"00066d68","|static|_FUN_005f4b50_00066d68",$d,00000000
"00066d6c","|static|_FUN_005f4b08_00066d6c",$d,00000000
"00066d70","|static|_FUN_005f4b28_00066d70",$d,00000000
"00066d74","|static|_FUN_005f4b6c_00066d74",$d,00000000
"00066d78","|static|_FUN_005f4b0c_00066d78",$d,00000000
"00066d7c","|static|_FUN_005f4b38_00066d7c",$d,00000000
"00066d80","|static|_FUN_005f4b54_00066d80",$d,00000000
"00066d84","|static|_FUN_005f4b1c_00066d84",$d,00000000
"00066d88","|static|_FUN_005f4b10_00066d88",$d,00000000
"00066d8c","|static|_FUN_005f4b4c_00066d8c",$d,00000000
"00066d90","|static|_FUN_005f4b48_00066d90",$d,00000000
"00066d94","|static|_FUN_005f4b68_00066d94",$d,00000000
"00066d98","|static|_FUN_005f4b64_00066d98",$d,00000000
"00066d9c","|static|_FUN_005f4b70_00066d9c",$d,00000000
"00066da0","|static|_FUN_005f4b78_00066da0",$d,00000000
"00066da4","|static|_FUN_005f4b60_00066da4",$d,00000000
"00066da8","|static|_FUN_005f4b58_00066da8",$d,00000000
"00066dac","|static|_FUN_005f4b5c_00066dac",$d,00000000
"00066db0","|static|_FUN_005f4b74_00066db0",$d,00000000
"00066db4","|static|_FUN_005f4b80_00066db4",$d,00000000
"00066db8","|static|_FUN_005f4b88_00066db8",$d,00000000
"00066dbc","|static|_FUN_005f4b7c_00066dbc",$d,00000000
"00066dc0","|static|_FUN_005f4b84_00066dc0",$d,00000000
"00066dc4","|static|_FUN_005f4b2c_00066dc4",$d,00000000
"00066dc8","|static|_FUN_0075ab68_00066dc8",$d,00000000
"00066dcc","|static|_FUN_0075ab8c_00066dcc",$d,00000000
"00066dd0","|static|_FUN_005dd690_00066dd0",$d,00000000
"00066dd4","|static|_FUN_005dd66c_00066dd4",$d,00000000
"00066dd8","|static|_FUN_005dd5b0_00066dd8",$d,00000000
"00066ddc","|static|_FUN_005dd558_00066ddc",$d,00000000
"00066de0","|static|_FUN_005dd594_00066de0",$d,00000000
"00066de4","|static|_FUN_005dd630_00066de4",$d,00000000
"00066de8","|static|_FUN_005dd634_00066de8",$d,00000000
"00066dec","|static|_LAB_005dd598_00066dec",$d,00000000
"00066df0","|static|_FUN_005dd550_00066df0",$d,00000000
"00066df4","|static|_FUN_005dd648_00066df4",$d,00000000
"00066df8","|static|_FUN_005dd670_00066df8",$d,00000000
"00066dfc","|static|_FUN_005dd67c_00066dfc",$d,00000000
"00066e00","|static|_FUN_005dd65c_00066e00",$d,00000000
"00066e04","|static|_FUN_005dd560_00066e04",$d,00000000
"00066e08","|static|_FUN_005dd64c_00066e08",$d,00000000
"00066e0c","|static|_FUN_005dd5a0_00066e0c",$d,00000000
"00066e10","|static|_FUN_005dd638_00066e10",$d,00000000
"00066e14","|static|_FUN_005dd694_00066e14",$d,00000000
"00066e18","|static|_FUN_005dd698_00066e18",$d,00000000
"00066e1c","|static|_FUN_005dd55c_00066e1c",$d,00000000
"00066e20","|static|_FUN_005dd5b4_00066e20",$d,00000000
"00066e24","|static|_FUN_005dd674_00066e24",$d,00000000
"00066e28","|static|_FUN_005dd680_00066e28",$d,00000000
"00066e2c","|static|_FUN_005dd684_00066e2c",$d,00000000
"00066e30","|static|_LAB_0075ab5c_00066e30",$d,00000000
"00066e34","|static|_FUN_0075ab64_00066e34",$d,00000000
"00066e68","|static|_FUN_006e46f4_00066e68",$d,00000000
"00066e70","|static|_INVALID_|static|_TEXT:0000c66d_00066e70",$d,00000000
"00066e74","|static|_FUN_006e473c_00066e74",$d,00000000
"00066e7c","|static|_FUN_0057b98c_00066e7c",$d,00000000
"00066e80","|static|_FUN_0057b990_00066e80",$d,00000000
"00066e88","|static|_LAB_0057ba24_00066e88",$d,00000000
"00066e8c","|static|_FUN_0057ba2c_00066e8c",$d,00000000
"00066e94","|static|_FUN_00521a38_00066e94",$d,00000000
"00066e98","|static|_FUN_00521064_00066e98",$d,00000000
"00066ea8","|static|_FUN_00752690_00066ea8",$d,00000000
"00066eb0","|static|_FUN_0057b0d4_00066eb0",$d,00000000
"00066eb4","|static|_FUN_0076f7dc_00066eb4",$d,00000000
"00066eb8","|static|_LAB_00751d9c_00066eb8",$d,00000000
"00066ebc","|static|_LAB_00751d90_00066ebc",$d,00000000
"00066ec0","|static|_LAB_0075221c_00066ec0",$d,00000000
"00066ec4","|static|_FUN_006e46e8_00066ec4",$d,00000000
"00066ec8","|static|_FUN_00577f90_00066ec8",$d,00000000
"00066ecc","|static|_FUN_0057813c_00066ecc",$d,00000000
"00066ed0","|static|_FUN_00751dbc_00066ed0",$d,00000000
"00066ed4","|static|_FUN_0076f548_00066ed4",$d,00000000
"00066ee4","|static|_INVALID_|static|_TEXT:0000c6e5_00066ee4",$d,00000000
"00066eec","|static|_INVALID_|static|_TEXT:0000c6b1_00066eec",$d,00000000
"00066ef0","|static|_FUN_00577998_00066ef0",$d,00000000
"00066ef4","|static|_FUN_00577f34_00066ef4",$d,00000000
"00066ef8","|static|_FUN_00752260_00066ef8",$d,00000000
"00066efc","|static|_FUN_0057906c_00066efc",$d,00000000
"00066f00","|static|_FUN_00579a2c_00066f00",$d,00000000
"00066f04","|static|_FUN_005793d0_00066f04",$d,00000000
"00066f0c","|static|_FUN_007521d0_00066f0c",$d,00000000
"00066f18","|static|_FUN_0057af1c_00066f18",$d,00000000
"00066f1c","|static|_FUN_00577a4c_00066f1c",$d,00000000
"00066f20","|static|_FUN_005782c4_00066f20",$d,00000000
"00066f24","|static|_FUN_00578b04_00066f24",$d,00000000
"00066f28","|static|_FUN_00578850_00066f28",$d,00000000
"00066f2c","|static|_FUN_00579224_00066f2c",$d,00000000
"00066f30","|static|_FUN_00579554_00066f30",$d,00000000
"00066f34","|static|_FUN_005793e0_00066f34",$d,00000000
"00066f38","|static|_FUN_00579b98_00066f38",$d,00000000
"00066f3c","|static|_FUN_00579b64_00066f3c",$d,00000000
"00066f40","|static|_FUN_005780a8_00066f40",$d,00000000
"00066f44","|static|_FUN_005782f8_00066f44",$d,00000000
"00066f48","|static|_FUN_0057b48c_00066f48",$d,00000000
"00066f4c","|static|_FUN_00578258_00066f4c",$d,00000000
"00066f50","|static|_FUN_0057957c_00066f50",$d,00000000
"00066f74","|static|_FUN_005791bc_00066f74",$d,00000000
"00066f78","|static|_FUN_00605334_00066f78",$d,00000000
"00066f80","|static|_FUN_005779a4_00066f80",$d,00000000
"00066f84","|static|_FUN_00578158_00066f84",$d,00000000
"00066f88","|static|_LAB_00578948_00066f88",$d,00000000
"00066f8c","|static|_LAB_005791b8_00066f8c",$d,00000000
"00066f90","|static|_FUN_005791c0_00066f90",$d,00000000
"00066f94","|static|_FUN_005799d4_00066f94",$d,00000000
"00066f98","|static|_FUN_0057884c_00066f98",$d,00000000
"00066f9c","|static|_FUN_0057799c_00066f9c",$d,00000000
"00066fa8","|static|_FUN_00578c6c_00066fa8",$d,00000000
"00066fac","|static|_FUN_005791fc_00066fac",$d,00000000
"00066fb0","|static|_FUN_00604914_00066fb0",$d,00000000
"00066fd4","|static|_FUN_006e46f4_00066fd4",$d,00000000
"00066fdc","|static|_INVALID_|static|_TEXT:0000c66d_00066fdc",$d,00000000
"00066fe0","|static|_FUN_006e473c_00066fe0",$d,00000000
"00066fe8","|static|_FUN_0057b98c_00066fe8",$d,00000000
"00066fec","|static|_FUN_0057b990_00066fec",$d,00000000
"00066ff0","|static|_FUN_0060515c_00066ff0",$d,00000000
"00066ff4","|static|_LAB_0057ba24_00066ff4",$d,00000000
"00066ff8","|static|_FUN_0057ba2c_00066ff8",$d,00000000
"00066ffc","|static|_FUN_0057a2e4_00066ffc",$d,00000000
"00067000","|static|_FUN_00521a38_00067000",$d,00000000
"00067004","|static|_FUN_00521064_00067004",$d,00000000
"00067014","|static|_FUN_0070d788_00067014",$d,00000000
"00067018","|static|_FUN_0076f55c_00067018",$d,00000000
"0006701c","|static|_FUN_0057b01c_0006701c",$d,00000000
"00067020","|static|_FUN_0070d1c0_00067020",$d,00000000
"00067024","|static|_FUN_00751d98_00067024",$d,00000000
"00067028","|static|_FUN_0070ce9c_00067028",$d,00000000
"0006702c","|static|_FUN_0070d110_0006702c",$d,00000000
"00067030","|static|_FUN_006e46e8_00067030",$d,00000000
"00067034","|static|_FUN_00577f90_00067034",$d,00000000
"00067038","|static|_FUN_0057813c_00067038",$d,00000000
"0006703c","|static|_FUN_00751dbc_0006703c",$d,00000000
"00067040","|static|_FUN_0076f548_00067040",$d,00000000
"00067050","|static|_INVALID_|static|_TEXT:0000c6e5_00067050",$d,00000000
"00067058","|static|_FUN_001bed54_00067058",$d,00000000
"0006705c","|static|_FUN_00577858_0006705c",$d,00000000
"00067060","|static|_FUN_00577f34_00067060",$d,00000000
"00067064","|static|_FUN_00752260_00067064",$d,00000000
"00067068","|static|_FUN_0057906c_00067068",$d,00000000
"0006706c","|static|_FUN_00579a2c_0006706c",$d,00000000
"00067070","|static|_FUN_005793d0_00067070",$d,00000000
"00067078","|static|_FUN_007521d0_00067078",$d,00000000
"00067084","|static|_FUN_0057af1c_00067084",$d,00000000
"00067088","|static|_FUN_00577a4c_00067088",$d,00000000
"0006708c","|static|_FUN_005782c4_0006708c",$d,00000000
"00067090","|static|_FUN_00578b04_00067090",$d,00000000
"00067094","|static|_FUN_00578850_00067094",$d,00000000
"00067098","|static|_FUN_00579224_00067098",$d,00000000
"0006709c","|static|_FUN_00579554_0006709c",$d,00000000
"000670a0","|static|_FUN_005793e0_000670a0",$d,00000000
"000670a4","|static|_FUN_00579b98_000670a4",$d,00000000
"000670a8","|static|_FUN_00579b64_000670a8",$d,00000000
"000670ac","|static|_FUN_005780a8_000670ac",$d,00000000
"000670b0","|static|_FUN_005782f8_000670b0",$d,00000000
"000670b4","|static|_FUN_0057b48c_000670b4",$d,00000000
"000670b8","|static|_FUN_00578258_000670b8",$d,00000000
"000670bc","|static|_FUN_0057957c_000670bc",$d,00000000
"000670e0","|static|_FUN_005791bc_000670e0",$d,00000000
"000670e4","|static|_FUN_00605334_000670e4",$d,00000000
"000670ec","|static|_FUN_005779a4_000670ec",$d,00000000
"000670f0","|static|_FUN_00578158_000670f0",$d,00000000
"000670f4","|static|_LAB_00578948_000670f4",$d,00000000
"000670f8","|static|_LAB_005791b8_000670f8",$d,00000000
"000670fc","|static|_FUN_005791c0_000670fc",$d,00000000
"00067100","|static|_FUN_005799d4_00067100",$d,00000000
"00067104","|static|_FUN_0057884c_00067104",$d,00000000
"00067108","|static|_FUN_0057799c_00067108",$d,00000000
"00067114","|static|_FUN_001bf228_00067114",$d,00000000
"00067118","|static|_FUN_005791fc_00067118",$d,00000000
"0006711c","|static|_FUN_00604914_0006711c",$d,00000000
"00067138","|static|_FUN_0070d108_00067138",$d,00000000
"0006713c","|static|_FUN_001bee4c_0006713c",$d,00000000
"00067140","|static|_FUN_0070d2b8_00067140",$d,00000000
"00067144","|static|_FUN_001c02b8_00067144",$d,00000000
"00067154","|static|_FUN_0070d100_00067154",$d,00000000
"00067158","|static|_FUN_0070cf78_00067158",$d,00000000
"0006716c","|static|_FUN_006aa988_0006716c",$d,00000000
"00067174","|static|_FUN_006aa8c4_00067174",$d,00000000
"00067178","|static|_FUN_006aa9bc_00067178",$d,00000000
"00067180","|static|_FUN_006aa8c8_00067180",$d,00000000
"00067184","|static|_FUN_006aa8ec_00067184",$d,00000000
"0006718c","|static|_FUN_006aa904_0006718c",$d,00000000
"00067190","|static|_FUN_00529d78_00067190",$d,00000000
"00067198","|static|_FUN_00521a3c_00067198",$d,00000000
"0006719c","|static|_FUN_00521064_0006719c",$d,00000000
"000671ec","|static|_FUN_006aa988_000671ec",$d,00000000
"000671f4","|static|_FUN_006aa8c4_000671f4",$d,00000000
"000671f8","|static|_FUN_006aa9bc_000671f8",$d,00000000
"00067200","|static|_FUN_006aa8c8_00067200",$d,00000000
"00067204","|static|_FUN_006aa8ec_00067204",$d,00000000
"0006720c","|static|_FUN_006aa904_0006720c",$d,00000000
"00067210","|static|_FUN_00529d78_00067210",$d,00000000
"00067218","|static|_FUN_00521a3c_00067218",$d,00000000
"0006721c","|static|_FUN_00521064_0006721c",$d,00000000
"000672a4","DAT_000672a4",$d,00000000
"000672b4","|static|_FUN_00529d8c_000672b4",$d,00000000
"000672bc","|static|_LAB_00520f64_000672bc",$d,00000000
"000672c0","|static|_FUN_00529da0_000672c0",$d,00000000
"000672c4","|static|_FUN_0025654c_000672c4",$d,00000000
"000672c8","|static|_LAB_00520f6c_000672c8",$d,00000000
"000672cc","|static|_FUN_00529cf4_000672cc",$d,00000000
"000672d4","|static|_LAB_00521068_000672d4",$d,00000000
"000672d8","|static|_FUN_00529d78_000672d8",$d,00000000
"000672dc","|static|_LAB_0025638c_000672dc",$d,00000000
"000672e0","|static|_FUN_00521a3c_000672e0",$d,00000000
"000672e4","|static|_FUN_00521064_000672e4",$d,00000000
"000672fc","|static|_FUN_00256294_000672fc",$d,00000000
"00067300","DAT_00067300",$d,00000000
"00067310","|static|_FUN_00529d8c_00067310",$d,00000000
"00067318","|static|_LAB_00520f64_00067318",$d,00000000
"0006731c","|static|_FUN_00529da0_0006731c",$d,00000000
"00067320","|static|_FUN_0025654c_00067320",$d,00000000
"00067324","|static|_LAB_00520f6c_00067324",$d,00000000
"00067328","|static|_FUN_00529cf4_00067328",$d,00000000
"00067330","|static|_LAB_00521068_00067330",$d,00000000
"00067334","|static|_FUN_00529d78_00067334",$d,00000000
"00067338","|static|_LAB_0025638c_00067338",$d,00000000
"0006733c","|static|_FUN_00521a3c_0006733c",$d,00000000
"00067340","|static|_FUN_00521064_00067340",$d,00000000
"00067358","|static|_FUN_00256294_00067358",$d,00000000
"0006736c","|static|_FUN_0057ba40_0006736c",$d,00000000
"00067374","|static|_LAB_0057b988_00067374",$d,00000000
"00067378","|static|_FUN_0057ba54_00067378",$d,00000000
"00067380","|static|_FUN_0057b98c_00067380",$d,00000000
"00067384","|static|_FUN_0057b990_00067384",$d,00000000
"0006738c","|static|_LAB_0057ba24_0006738c",$d,00000000
"00067390","|static|_FUN_0057ba2c_00067390",$d,00000000
"00067398","|static|_FUN_00521a38_00067398",$d,00000000
"0006739c","|static|_FUN_00521064_0006739c",$d,00000000
"000673d0","|static|_FUN_006e46f4_000673d0",$d,00000000
"000673d8","|static|_INVALID_|static|_TEXT:0000c66d_000673d8",$d,00000000
"000673dc","|static|_FUN_006e473c_000673dc",$d,00000000
"000673e4","|static|_FUN_0057b98c_000673e4",$d,00000000
"000673e8","|static|_FUN_0057b990_000673e8",$d,00000000
"000673ec","|static|_FUN_00605160_000673ec",$d,00000000
"000673f0","|static|_LAB_0057ba24_000673f0",$d,00000000
"000673f4","|static|_FUN_0057ba2c_000673f4",$d,00000000
"000673f8","|static|_FUN_0057a2e4_000673f8",$d,00000000
"000673fc","|static|_FUN_00521a38_000673fc",$d,00000000
"00067400","|static|_FUN_00521064_00067400",$d,00000000
"00067410","|static|_FUN_00752690_00067410",$d,00000000
"00067418","|static|_FUN_0057b0d4_00067418",$d,00000000
"0006741c","|static|_FUN_0076f7dc_0006741c",$d,00000000
"00067420","|static|_LAB_00751d9c_00067420",$d,00000000
"00067424","|static|_LAB_00751d90_00067424",$d,00000000
"00067428","|static|_LAB_0075221c_00067428",$d,00000000
"0006742c","|static|_FUN_006e46e8_0006742c",$d,00000000
"00067430","|static|_FUN_00577f90_00067430",$d,00000000
"00067434","|static|_FUN_0057813c_00067434",$d,00000000
"00067438","|static|_FUN_00751dbc_00067438",$d,00000000
"0006743c","|static|_FUN_0076f548_0006743c",$d,00000000
"0006744c","|static|_INVALID_|static|_TEXT:0000c6e5_0006744c",$d,00000000
"00067454","|static|_INVALID_|static|_TEXT:0000c6b1_00067454",$d,00000000
"00067458","|static|_FUN_00577998_00067458",$d,00000000
"0006745c","|static|_FUN_00577f34_0006745c",$d,00000000
"00067460","|static|_FUN_00752260_00067460",$d,00000000
"00067464","|static|_FUN_0057906c_00067464",$d,00000000
"00067468","|static|_FUN_00579a2c_00067468",$d,00000000
"0006746c","|static|_FUN_005793d0_0006746c",$d,00000000
"00067474","|static|_FUN_007521d0_00067474",$d,00000000
"00067480","|static|_FUN_0057af1c_00067480",$d,00000000
"00067484","|static|_FUN_00577a4c_00067484",$d,00000000
"00067488","|static|_FUN_005782c4_00067488",$d,00000000
"0006748c","|static|_FUN_00578b04_0006748c",$d,00000000
"00067490","|static|_FUN_00578850_00067490",$d,00000000
"00067494","|static|_FUN_00579224_00067494",$d,00000000
"00067498","|static|_FUN_00579554_00067498",$d,00000000
"0006749c","|static|_FUN_005793e0_0006749c",$d,00000000
"000674a0","|static|_FUN_00579b98_000674a0",$d,00000000
"000674a4","|static|_FUN_00579b64_000674a4",$d,00000000
"000674a8","|static|_FUN_005780a8_000674a8",$d,00000000
"000674ac","|static|_FUN_005782f8_000674ac",$d,00000000
"000674b0","|static|_FUN_0057b48c_000674b0",$d,00000000
"000674b4","|static|_FUN_00578258_000674b4",$d,00000000
"000674b8","|static|_FUN_0057957c_000674b8",$d,00000000
"000674dc","|static|_FUN_005791bc_000674dc",$d,00000000
"000674e0","|static|_FUN_00605334_000674e0",$d,00000000
"000674f0","|static|_LAB_00578948_000674f0",$d,00000000
"000674f4","|static|_LAB_005791b8_000674f4",$d,00000000
"000674f8","|static|_FUN_005791c0_000674f8",$d,00000000
"000674fc","|static|_FUN_005799d4_000674fc",$d,00000000
"00067500","|static|_FUN_0057884c_00067500",$d,00000000
"00067504","|static|_FUN_0057799c_00067504",$d,00000000
"00067510","|static|_FUN_00578c6c_00067510",$d,00000000
"00067514","|static|_FUN_005791fc_00067514",$d,00000000
"00067518","|static|_FUN_00604914_00067518",$d,00000000
"0006753c","|static|_FUN_006e46f4_0006753c",$d,00000000
"00067544","|static|_INVALID_|static|_TEXT:0000c66d_00067544",$d,00000000
"00067548","|static|_FUN_006e473c_00067548",$d,00000000
"00067550","|static|_FUN_0057b98c_00067550",$d,00000000
"00067554","|static|_FUN_0057b990_00067554",$d,00000000
"0006755c","|static|_LAB_0057ba24_0006755c",$d,00000000
"00067560","|static|_FUN_0057ba2c_00067560",$d,00000000
"00067564","|static|_FUN_0057a2e4_00067564",$d,00000000
"00067568","|static|_FUN_00521a38_00067568",$d,00000000
"0006756c","|static|_FUN_00521064_0006756c",$d,00000000
"0006757c","|static|_FUN_00752690_0006757c",$d,00000000
"00067580","|static|_FUN_0076f55c_00067580",$d,00000000
"00067584","|static|_FUN_0057b0d4_00067584",$d,00000000
"00067588","|static|_FUN_0076f7dc_00067588",$d,00000000
"0006758c","|static|_LAB_00751d9c_0006758c",$d,00000000
"00067590","|static|_LAB_00751d90_00067590",$d,00000000
"00067594","|static|_LAB_0075221c_00067594",$d,00000000
"00067598","|static|_FUN_006e46e8_00067598",$d,00000000
"0006759c","|static|_FUN_00577f90_0006759c",$d,00000000
"000675a0","|static|_FUN_0057813c_000675a0",$d,00000000
"000675a4","|static|_FUN_00751dbc_000675a4",$d,00000000
"000675a8","|static|_FUN_0076f548_000675a8",$d,00000000
"000675b8","|static|_INVALID_|static|_TEXT:0000c6e5_000675b8",$d,00000000
"000675c0","|static|_INVALID_|static|_TEXT:0000c6b1_000675c0",$d,00000000
"000675c4","|static|_FUN_00577998_000675c4",$d,00000000
"000675c8","|static|_FUN_00577f34_000675c8",$d,00000000
"000675cc","|static|_FUN_00752260_000675cc",$d,00000000
"000675d0","|static|_FUN_0057906c_000675d0",$d,00000000
"000675d4","|static|_FUN_00579a2c_000675d4",$d,00000000
"000675d8","|static|_FUN_005793d0_000675d8",$d,00000000
"000675e0","|static|_FUN_007521d0_000675e0",$d,00000000
"000675ec","|static|_FUN_0057af1c_000675ec",$d,00000000
"000675f0","|static|_FUN_00577a4c_000675f0",$d,00000000
"000675f4","|static|_FUN_005782c4_000675f4",$d,00000000
"000675f8","|static|_FUN_00578b04_000675f8",$d,00000000
"000675fc","|static|_FUN_00578850_000675fc",$d,00000000
"00067600","|static|_FUN_00579224_00067600",$d,00000000
"00067604","|static|_FUN_00579554_00067604",$d,00000000
"00067608","|static|_FUN_005793e0_00067608",$d,00000000
"0006760c","|static|_FUN_00579b98_0006760c",$d,00000000
"00067610","|static|_FUN_00579b64_00067610",$d,00000000
"00067614","|static|_FUN_005780a8_00067614",$d,00000000
"00067618","|static|_FUN_005782f8_00067618",$d,00000000
"0006761c","|static|_FUN_0057b48c_0006761c",$d,00000000
"00067620","|static|_FUN_00578258_00067620",$d,00000000
"00067624","|static|_FUN_0057957c_00067624",$d,00000000
"00067648","|static|_FUN_005791bc_00067648",$d,00000000
"0006764c","|static|_FUN_00605334_0006764c",$d,00000000
"00067650","|static|_FUN_005783f4_00067650",$d,00000000
"00067654","|static|_FUN_005779a4_00067654",$d,00000000
"00067658","|static|_FUN_00578158_00067658",$d,00000000
"0006765c","|static|_LAB_00578948_0006765c",$d,00000000
"00067660","|static|_LAB_005791b8_00067660",$d,00000000
"00067664","|static|_FUN_005791c0_00067664",$d,00000000
"00067668","|static|_FUN_005799d4_00067668",$d,00000000
"0006766c","|static|_FUN_0057884c_0006766c",$d,00000000
"00067670","|static|_FUN_0057799c_00067670",$d,00000000
"0006767c","|static|_FUN_00578c6c_0006767c",$d,00000000
"00067680","|static|_FUN_005791fc_00067680",$d,00000000
"00067684","|static|_FUN_00604914_00067684",$d,00000000
"00067698","DAT_00067698",$d,00000000
"000676a8","|static|_FUN_00529d8c_000676a8",$d,00000000
"000676b0","|static|_LAB_00520f64_000676b0",$d,00000000
"000676b4","|static|_FUN_00529da0_000676b4",$d,00000000
"000676b8","|static|_FUN_00325578_000676b8",$d,00000000
"000676bc","|static|_LAB_00520f6c_000676bc",$d,00000000
"000676c0","|static|_FUN_00529cf4_000676c0",$d,00000000
"000676c8","|static|_LAB_00521068_000676c8",$d,00000000
"000676cc","|static|_FUN_00529d78_000676cc",$d,00000000
"000676d0","|static|_LAB_00325444_000676d0",$d,00000000
"000676d4","|static|_FUN_00521a3c_000676d4",$d,00000000
"000676d8","|static|_FUN_00521064_000676d8",$d,00000000
"000676f4","DAT_000676f4",$d,00000000
"00067704","|static|_FUN_00529d8c_00067704",$d,00000000
"0006770c","|static|_LAB_00520f64_0006770c",$d,00000000
"00067710","|static|_FUN_00529da0_00067710",$d,00000000
"00067714","|static|_FUN_00325578_00067714",$d,00000000
"00067718","|static|_LAB_00520f6c_00067718",$d,00000000
"0006771c","|static|_FUN_00529cf4_0006771c",$d,00000000
"00067724","|static|_LAB_00521068_00067724",$d,00000000
"00067728","|static|_FUN_00529d78_00067728",$d,00000000
"0006772c","|static|_LAB_00325444_0006772c",$d,00000000
"00067730","|static|_FUN_00521a3c_00067730",$d,00000000
"00067734","|static|_FUN_00521064_00067734",$d,00000000
"0006776c","|static|_FUN_006e46f4_0006776c",$d,00000000
"00067774","|static|_INVALID_|static|_TEXT:0000c66d_00067774",$d,00000000
"00067778","|static|_FUN_006e473c_00067778",$d,00000000
"00067780","|static|_FUN_0057b98c_00067780",$d,00000000
"00067784","|static|_FUN_0057b990_00067784",$d,00000000
"00067788","|static|_FUN_00605160_00067788",$d,00000000
"0006778c","|static|_LAB_0057ba24_0006778c",$d,00000000
"00067790","|static|_FUN_0057ba2c_00067790",$d,00000000
"00067794","|static|_FUN_0057a2e4_00067794",$d,00000000
"00067798","|static|_FUN_00521a38_00067798",$d,00000000
"0006779c","|static|_FUN_00521064_0006779c",$d,00000000
"000677ac","|static|_FUN_00752690_000677ac",$d,00000000
"000677b4","|static|_FUN_0057b0d4_000677b4",$d,00000000
"000677b8","|static|_FUN_0076f7dc_000677b8",$d,00000000
"000677bc","|static|_LAB_00751d9c_000677bc",$d,00000000
"000677c0","|static|_LAB_00751d90_000677c0",$d,00000000
"000677c4","|static|_LAB_0075221c_000677c4",$d,00000000
"000677c8","|static|_FUN_006e46e8_000677c8",$d,00000000
"000677cc","|static|_FUN_00577f90_000677cc",$d,00000000
"000677d0","|static|_FUN_0057813c_000677d0",$d,00000000
"000677d4","|static|_FUN_00751dbc_000677d4",$d,00000000
"000677d8","|static|_FUN_0076f548_000677d8",$d,00000000
"000677e8","|static|_INVALID_|static|_TEXT:0000c6e5_000677e8",$d,00000000
"000677f0","|static|_INVALID_|static|_TEXT:0000c6b1_000677f0",$d,00000000
"000677f4","|static|_FUN_00577998_000677f4",$d,00000000
"000677f8","|static|_FUN_00577f34_000677f8",$d,00000000
"000677fc","|static|_FUN_00752260_000677fc",$d,00000000
"00067800","|static|_FUN_0057906c_00067800",$d,00000000
"00067804","|static|_FUN_00579a2c_00067804",$d,00000000
"00067808","|static|_FUN_005793d0_00067808",$d,00000000
"00067810","|static|_FUN_007521d0_00067810",$d,00000000
"0006781c","|static|_FUN_0057af1c_0006781c",$d,00000000
"00067820","|static|_FUN_00577a4c_00067820",$d,00000000
"00067824","|static|_FUN_005782c4_00067824",$d,00000000
"00067828","|static|_FUN_00578b04_00067828",$d,00000000
"0006782c","|static|_FUN_00578850_0006782c",$d,00000000
"00067830","|static|_FUN_00579224_00067830",$d,00000000
"00067834","|static|_FUN_00579554_00067834",$d,00000000
"00067838","|static|_FUN_005793e0_00067838",$d,00000000
"0006783c","|static|_FUN_00579b98_0006783c",$d,00000000
"00067840","|static|_FUN_00579b64_00067840",$d,00000000
"00067844","|static|_FUN_005780a8_00067844",$d,00000000
"00067848","|static|_FUN_005782f8_00067848",$d,00000000
"0006784c","|static|_FUN_0057b48c_0006784c",$d,00000000
"00067850","|static|_FUN_00578258_00067850",$d,00000000
"00067854","|static|_FUN_0057957c_00067854",$d,00000000
"00067878","|static|_FUN_005791bc_00067878",$d,00000000
"0006787c","|static|_FUN_00605334_0006787c",$d,00000000
"0006788c","|static|_LAB_00578948_0006788c",$d,00000000
"00067890","|static|_LAB_005791b8_00067890",$d,00000000
"00067894","|static|_FUN_005791c0_00067894",$d,00000000
"00067898","|static|_FUN_005799d4_00067898",$d,00000000
"0006789c","|static|_FUN_0057884c_0006789c",$d,00000000
"000678a0","|static|_FUN_0057799c_000678a0",$d,00000000
"000678ac","|static|_FUN_00578c6c_000678ac",$d,00000000
"000678b0","|static|_FUN_005791fc_000678b0",$d,00000000
"000678b4","|static|_FUN_00604914_000678b4",$d,00000000
"00067944","|static|_FUN_006e46f4_00067944",$d,00000000
"0006794c","|static|_INVALID_|static|_TEXT:0000c66d_0006794c",$d,00000000
"00067950","|static|_FUN_006e473c_00067950",$d,00000000
"00067958","|static|_FUN_0057b98c_00067958",$d,00000000
"0006795c","|static|_FUN_0057b990_0006795c",$d,00000000
"00067960","|static|_FUN_0057a474_00067960",$d,00000000
"00067964","|static|_LAB_0057ba24_00067964",$d,00000000
"00067968","|static|_FUN_0057ba2c_00067968",$d,00000000
"0006796c","|static|_FUN_00631c6c_0006796c",$d,00000000
"00067970","|static|_FUN_00521a38_00067970",$d,00000000
"00067974","|static|_FUN_00521064_00067974",$d,00000000
"00067984","|static|_FUN_00761fdc_00067984",$d,00000000
"00067988","|static|_FUN_0076f55c_00067988",$d,00000000
"00067990","|static|_FUN_0076f7dc_00067990",$d,00000000
"00067994","|static|_LAB_00751d9c_00067994",$d,00000000
"00067998","|static|_LAB_00751d90_00067998",$d,00000000
"0006799c","|static|_LAB_0075221c_0006799c",$d,00000000
"000679a0","|static|_FUN_006e46e8_000679a0",$d,00000000
"000679a4","|static|_FUN_00577f90_000679a4",$d,00000000
"000679a8","|static|_FUN_0057813c_000679a8",$d,00000000
"000679ac","|static|_FUN_00751dbc_000679ac",$d,00000000
"000679b0","|static|_FUN_0076f548_000679b0",$d,00000000
"000679c0","|static|_INVALID_|static|_TEXT:0000c6e5_000679c0",$d,00000000
"000679c8","|static|_INVALID_|static|_TEXT:0000c6b1_000679c8",$d,00000000
"000679cc","|static|_FUN_00577998_000679cc",$d,00000000
"000679d0","|static|_FUN_00577f34_000679d0",$d,00000000
"000679d4","|static|_FUN_00752260_000679d4",$d,00000000
"000679d8","|static|_FUN_0057906c_000679d8",$d,00000000
"000679dc","|static|_FUN_00579a2c_000679dc",$d,00000000
"000679e0","|static|_FUN_005793d0_000679e0",$d,00000000
"000679e8","|static|_FUN_007521d0_000679e8",$d,00000000
"000679f4","|static|_FUN_0057af1c_000679f4",$d,00000000
"000679f8","|static|_FUN_00577a4c_000679f8",$d,00000000
"000679fc","|static|_FUN_006315dc_000679fc",$d,00000000
"00067a00","|static|_FUN_00631934_00067a00",$d,00000000
"00067a04","|static|_FUN_00578850_00067a04",$d,00000000
"00067a08","|static|_FUN_00579224_00067a08",$d,00000000
"00067a0c","|static|_FUN_00579554_00067a0c",$d,00000000
"00067a10","|static|_FUN_005793e0_00067a10",$d,00000000
"00067a14","|static|_FUN_00631c2c_00067a14",$d,00000000
"00067a18","|static|_FUN_00579b64_00067a18",$d,00000000
"00067a1c","|static|_FUN_005780a8_00067a1c",$d,00000000
"00067a20","|static|_FUN_005782f8_00067a20",$d,00000000
"00067a24","|static|_FUN_0057b48c_00067a24",$d,00000000
"00067a28","|static|_FUN_00578258_00067a28",$d,00000000
"00067a2c","|static|_FUN_0057957c_00067a2c",$d,00000000
"00067a50","|static|_FUN_005791bc_00067a50",$d,00000000
"00067a54","|static|_FUN_0057b494_00067a54",$d,00000000
"00067a60","|static|_FUN_00578158_00067a60",$d,00000000
"00067a64","|static|_FUN_006316b0_00067a64",$d,00000000
"00067a68","|static|_LAB_005791b8_00067a68",$d,00000000
"00067a6c","|static|_FUN_005791c0_00067a6c",$d,00000000
"00067a70","|static|_FUN_005799d4_00067a70",$d,00000000
"00067a74","|static|_FUN_0057884c_00067a74",$d,00000000
"00067a78","|static|_FUN_0057799c_00067a78",$d,00000000
"00067a88","|static|_FUN_005791fc_00067a88",$d,00000000
"00067a8c","|static|_FUN_0063167c_00067a8c",$d,00000000
"00067a90","|static|_FUN_006319a0_00067a90",$d,00000000
"00067a94","|static|_FUN_00631b30_00067a94",$d,00000000
"00067a98","|static|_FUN_00631564_00067a98",$d,00000000
"00067a9c","|static|_FUN_006315a0_00067a9c",$d,00000000
"00067aa8","|static|_FUN_00631a3c_00067aa8",$d,00000000
"00067ad4","|static|_FUN_00631668_00067ad4",$d,00000000
"00067ad8","|static|_FUN_006314dc_00067ad8",$d,00000000
"00067af0","|static|_FUN_006e46f4_00067af0",$d,00000000
"00067af8","|static|_FUN_00307c54_00067af8",$d,00000000
"00067afc","|static|_FUN_006e473c_00067afc",$d,00000000
"00067b04","|static|_FUN_0057b98c_00067b04",$d,00000000
"00067b08","|static|_FUN_0057b990_00067b08",$d,00000000
"00067b0c","|static|_LAB_00521a1c_00067b0c",$d,00000000
"00067b10","|static|_LAB_0057ba24_00067b10",$d,00000000
"00067b14","|static|_FUN_0057ba2c_00067b14",$d,00000000
"00067b18","|static|_FUN_00521a04_00067b18",$d,00000000
"00067b1c","|static|_FUN_00521a38_00067b1c",$d,00000000
"00067b20","|static|_FUN_00521064_00067b20",$d,00000000
"00067b30","|static|_FUN_0076f810_00067b30",$d,00000000
"00067b34","|static|_FUN_0076f55c_00067b34",$d,00000000
"00067b38","|static|_FUN_006e46f0_00067b38",$d,00000000
"00067b3c","|static|_FUN_0076f7dc_00067b3c",$d,00000000
"00067b40","|static|_LAB_0076f550_00067b40",$d,00000000
"00067b44","|static|_FUN_0076f540_00067b44",$d,00000000
"00067b48","|static|_FUN_0076f7d4_00067b48",$d,00000000
"00067b4c","|static|_FUN_006e46e8_00067b4c",$d,00000000
"00067b50","|static|_FUN_006e4500_00067b50",$d,00000000
"00067b54","|static|_FUN_006e4518_00067b54",$d,00000000
"00067b58","|static|_FUN_0076f538_00067b58",$d,00000000
"00067b5c","|static|_FUN_0076f548_00067b5c",$d,00000000
"00067b60","|static|_INVALID_|static|_TEXT:0001c117_00067b60",$d,00000000
"00067b64","|static|_INVALID_|static|_TEXT:0001c117_00067b64",$d,00000000
"00067b68","|static|_INVALID_|static|_TEXT:0001c117_00067b68",$d,00000000
"00067b6c","|static|_INVALID_|static|_TEXT:0001c117_00067b6c",$d,00000000
"00067b70","|static|_INVALID_|static|_TEXT:0001c117_00067b70",$d,00000000
"00067b74","|static|_INVALID_|static|_TEXT:0001c117_00067b74",$d,00000000
"00067b9c","|static|_FUN_006e46f4_00067b9c",$d,00000000
"00067ba4","|static|_INVALID_|static|_TEXT:0000c66d_00067ba4",$d,00000000
"00067ba8","|static|_FUN_006e473c_00067ba8",$d,00000000
"00067bb0","|static|_FUN_0057b98c_00067bb0",$d,00000000
"00067bb4","|static|_FUN_0057b990_00067bb4",$d,00000000
"00067bb8","|static|_FUN_0057a474_00067bb8",$d,00000000
"00067bbc","|static|_LAB_0057ba24_00067bbc",$d,00000000
"00067bc0","|static|_FUN_0057ba2c_00067bc0",$d,00000000
"00067bc4","|static|_FUN_0057a2e4_00067bc4",$d,00000000
"00067bc8","|static|_FUN_00521a38_00067bc8",$d,00000000
"00067bcc","|static|_FUN_00521064_00067bcc",$d,00000000
"00067be0","|static|_FUN_0076f55c_00067be0",$d,00000000
"00067be4","|static|_FUN_0057b0d4_00067be4",$d,00000000
"00067be8","|static|_FUN_0076f7dc_00067be8",$d,00000000
"00067bec","|static|_LAB_00751d9c_00067bec",$d,00000000
"00067bf0","|static|_LAB_00751d90_00067bf0",$d,00000000
"00067bf4","|static|_LAB_0075221c_00067bf4",$d,00000000
"00067bf8","|static|_FUN_006e46e8_00067bf8",$d,00000000
"00067bfc","|static|_FUN_00577f90_00067bfc",$d,00000000
"00067c00","|static|_FUN_0057813c_00067c00",$d,00000000
"00067c04","|static|_FUN_00751dbc_00067c04",$d,00000000
"00067c08","|static|_FUN_0076f548_00067c08",$d,00000000
"00067c18","|static|_INVALID_|static|_TEXT:0000c6e5_00067c18",$d,00000000
"00067c20","|static|_INVALID_|static|_TEXT:0000c6b1_00067c20",$d,00000000
"00067c24","|static|_FUN_00577998_00067c24",$d,00000000
"00067c28","|static|_FUN_00577f34_00067c28",$d,00000000
"00067c2c","|static|_FUN_00752260_00067c2c",$d,00000000
"00067c30","|static|_FUN_0057906c_00067c30",$d,00000000
"00067c34","|static|_FUN_00579a2c_00067c34",$d,00000000
"00067c38","|static|_FUN_005793d0_00067c38",$d,00000000
"00067c40","|static|_FUN_007521d0_00067c40",$d,00000000
"00067c4c","|static|_FUN_0057af1c_00067c4c",$d,00000000
"00067c50","|static|_FUN_00577a4c_00067c50",$d,00000000
"00067c54","|static|_FUN_005782c4_00067c54",$d,00000000
"00067c58","|static|_FUN_00578b04_00067c58",$d,00000000
"00067c5c","|static|_FUN_00578850_00067c5c",$d,00000000
"00067c60","|static|_FUN_00579224_00067c60",$d,00000000
"00067c64","|static|_FUN_00579554_00067c64",$d,00000000
"00067c68","|static|_FUN_005793e0_00067c68",$d,00000000
"00067c6c","|static|_FUN_00579b98_00067c6c",$d,00000000
"00067c70","|static|_FUN_00579b64_00067c70",$d,00000000
"00067c74","|static|_FUN_005780a8_00067c74",$d,00000000
"00067c78","|static|_FUN_005782f8_00067c78",$d,00000000
"00067c7c","|static|_FUN_0057b48c_00067c7c",$d,00000000
"00067c80","|static|_FUN_00578258_00067c80",$d,00000000
"00067c84","|static|_FUN_0057957c_00067c84",$d,00000000
"00067ca8","|static|_FUN_005791bc_00067ca8",$d,00000000
"00067cac","|static|_FUN_0057b494_00067cac",$d,00000000
"00067cb4","|static|_FUN_005779a4_00067cb4",$d,00000000
"00067cb8","|static|_FUN_00578158_00067cb8",$d,00000000
"00067cbc","|static|_LAB_00578948_00067cbc",$d,00000000
"00067cc0","|static|_LAB_005791b8_00067cc0",$d,00000000
"00067cc4","|static|_FUN_005791c0_00067cc4",$d,00000000
"00067cc8","|static|_FUN_005799d4_00067cc8",$d,00000000
"00067ccc","|static|_FUN_0057884c_00067ccc",$d,00000000
"00067cd0","|static|_FUN_0057799c_00067cd0",$d,00000000
"00067cdc","|static|_FUN_00578c6c_00067cdc",$d,00000000
"00067ce0","|static|_FUN_005791fc_00067ce0",$d,00000000
"00067d08","|static|_FUN_00634430_00067d08",$d,00000000
"00067d0c","|static|_FUN_005f4b24_00067d0c",$d,00000000
"00067d10","|static|_FUN_005f4b34_00067d10",$d,00000000
"00067d14","|static|_FUN_005f4b18_00067d14",$d,00000000
"00067d18","|static|_FUN_005f4b14_00067d18",$d,00000000
"00067d1c","|static|_FUN_005f4b20_00067d1c",$d,00000000
"00067d20","|static|_FUN_005f4b44_00067d20",$d,00000000
"00067d24","|static|_FUN_006398ec_00067d24",$d,00000000
"00067d28","|static|_FUN_00639820_00067d28",$d,00000000
"00067d2c","|static|_FUN_0063dd08_00067d2c",$d,00000000
"00067d30","|static|_FUN_00634928_00067d30",$d,00000000
"00067d34","|static|_FUN_00636c60_00067d34",$d,00000000
"00067d38","|static|_FUN_00643188_00067d38",$d,00000000
"00067d3c","|static|_FUN_00634ba4_00067d3c",$d,00000000
"00067d40","|static|_FUN_00639604_00067d40",$d,00000000
"00067d44","|static|_FUN_006408e4_00067d44",$d,00000000
"00067d48","|static|_FUN_006361b0_00067d48",$d,00000000
"00067d4c","|static|_FUN_00634c34_00067d4c",$d,00000000
"00067d50","|static|_FUN_005f4b4c_00067d50",$d,00000000
"00067d54","|static|_FUN_005f4b48_00067d54",$d,00000000
"00067d58","|static|_FUN_005f4b68_00067d58",$d,00000000
"00067d5c","|static|_FUN_005f4b64_00067d5c",$d,00000000
"00067d60","|static|_FUN_005f4b70_00067d60",$d,00000000
"00067d64","|static|_FUN_005f4b78_00067d64",$d,00000000
"00067d68","|static|_FUN_005f4b60_00067d68",$d,00000000
"00067d6c","|static|_FUN_005f4b58_00067d6c",$d,00000000
"00067d70","|static|_FUN_005f4b5c_00067d70",$d,00000000
"00067d74","|static|_FUN_005f4b74_00067d74",$d,00000000
"00067d78","|static|_FUN_005f4b80_00067d78",$d,00000000
"00067d7c","|static|_FUN_005f4b88_00067d7c",$d,00000000
"00067d80","|static|_FUN_005f4b7c_00067d80",$d,00000000
"00067d84","|static|_FUN_005f4b84_00067d84",$d,00000000
"00067d88","|static|_FUN_00639508_00067d88",$d,00000000
"00067d8c","|static|_FUN_0075ab68_00067d8c",$d,00000000
"00067d90","|static|_FUN_0075ab8c_00067d90",$d,00000000
"00067d94","|static|_FUN_0023a7e0_00067d94",$d,00000000
"00067d98","|static|_FUN_00237bd4_00067d98",$d,00000000
"00067d9c","|static|_FUN_00635d50_00067d9c",$d,00000000
"00067da0","|static|_FUN_006342dc_00067da0",$d,00000000
"00067da4","|static|_FUN_00635a40_00067da4",$d,00000000
"00067da8","|static|_FUN_00639350_00067da8",$d,00000000
"00067dac","|static|_FUN_006393c4_00067dac",$d,00000000
"00067db0","|static|_FUN_00231270_00067db0",$d,00000000
"00067db4","|static|_FUN_00230aa0_00067db4",$d,00000000
"00067db8","|static|_FUN_0063c7a8_00067db8",$d,00000000
"00067dbc","|static|_FUN_006406a8_00067dbc",$d,00000000
"00067dc0","|static|_FUN_00642288_00067dc0",$d,00000000
"00067dc4","|static|_FUN_0063dc5c_00067dc4",$d,00000000
"00067dc8","|static|_FUN_006343cc_00067dc8",$d,00000000
"00067dcc","|static|_FUN_0063c94c_00067dcc",$d,00000000
"00067dd0","|static|_FUN_005dd5a0_00067dd0",$d,00000000
"00067dd4","|static|_FUN_00639598_00067dd4",$d,00000000
"00067dd8","|static|_FUN_0064c1c0_00067dd8",$d,00000000
"00067ddc","|static|_FUN_006036e4_00067ddc",$d,00000000
"00067de0","|static|_FUN_00230bb8_00067de0",$d,00000000
"00067de4","|static|_FUN_00231980_00067de4",$d,00000000
"00067de8","|static|_FUN_00640808_00067de8",$d,00000000
"00067dec","|static|_FUN_00238430_00067dec",$d,00000000
"00067df0","|static|_FUN_002389ec_00067df0",$d,00000000
"00067df4","|static|_FUN_0076064c_00067df4",$d,00000000
"00067df8","|static|_FUN_007139a8_00067df8",$d,00000000
"00067dfc","|static|_FUN_00230044_00067dfc",$d,00000000
"00067e00","|static|_FUN_00635aac_00067e00",$d,00000000
"00067e08","|static|_FUN_0063fccc_00067e08",$d,00000000
"00067e0c","|static|_FUN_0063c3c4_00067e0c",$d,00000000
"00067e10","|static|_FUN_00230e98_00067e10",$d,00000000
"00067e14","|static|_FUN_002313cc_00067e14",$d,00000000
"00067e24","|static|_FUN_0023a8bc_00067e24",$d,00000000
"00067e28","|static|_FUN_00649b28_00067e28",$d,00000000
"00067e2c","|static|_FUN_006330ec_00067e2c",$d,00000000
"00067e34","|static|_FUN_00230e90_00067e34",$d,00000000
"00067e3c","|static|_FUN_00238164_00067e3c",$d,00000000
"00067e44","|static|_FUN_00760f4c_00067e44",$d,00000000
"00067e48","|static|_FUN_007618d4_00067e48",$d,00000000
"00067e4c","|static|_FUN_00760fcc_00067e4c",$d,00000000
"00067e50","|static|_FUN_00643da0_00067e50",$d,00000000
"00067e64","|static|_FUN_005db288_00067e64",$d,00000000
"00067e70","|static|_FUN_005d9084_00067e70",$d,00000000
"00067e74","|static|_FUN_002313c4_00067e74",$d,00000000
"00067e78","|static|_FUN_0023a8b4_00067e78",$d,00000000
"00067e80","|static|_FUN_00772dc4_00067e80",$d,00000000
"00067e84","|static|_FUN_00772e8c_00067e84",$d,00000000
"00067e88","|static|_FUN_00772fb4_00067e88",$d,00000000
"00067e8c","|static|_FUN_007730d4_00067e8c",$d,00000000
"00067e90","|static|_FUN_0077302c_00067e90",$d,00000000
"00067ebc","|static|_FUN_005f4b04_00067ebc",$d,00000000
"00067ec0","|static|_FUN_005f4b24_00067ec0",$d,00000000
"00067ec4","|static|_FUN_005f4b34_00067ec4",$d,00000000
"00067ec8","|static|_FUN_005f4b18_00067ec8",$d,00000000
"00067ecc","|static|_FUN_005f4b14_00067ecc",$d,00000000
"00067ed0","|static|_FUN_005f4b20_00067ed0",$d,00000000
"00067ed4","|static|_FUN_005f4b44_00067ed4",$d,00000000
"00067ee0","|static|_FUN_00237218_00067ee0",$d,00000000
"00067ef8","|static|_FUN_005f4b54_00067ef8",$d,00000000
"00067efc","|static|_FUN_005f4b1c_00067efc",$d,00000000
"00067f00","|static|_FUN_005f4b10_00067f00",$d,00000000
"00067f04","|static|_FUN_005f4b4c_00067f04",$d,00000000
"00067f08","|static|_FUN_005f4b48_00067f08",$d,00000000
"00067f0c","|static|_FUN_005f4b68_00067f0c",$d,00000000
"00067f10","|static|_FUN_005f4b64_00067f10",$d,00000000
"00067f14","|static|_FUN_005f4b70_00067f14",$d,00000000
"00067f18","|static|_FUN_005f4b78_00067f18",$d,00000000
"00067f1c","|static|_FUN_005f4b60_00067f1c",$d,00000000
"00067f20","|static|_FUN_005f4b58_00067f20",$d,00000000
"00067f24","|static|_FUN_005f4b5c_00067f24",$d,00000000
"00067f28","|static|_FUN_005f4b74_00067f28",$d,00000000
"00067f2c","|static|_FUN_005f4b80_00067f2c",$d,00000000
"00067f30","|static|_FUN_005f4b88_00067f30",$d,00000000
"00067f34","|static|_FUN_005f4b7c_00067f34",$d,00000000
"00067f38","|static|_FUN_005f4b84_00067f38",$d,00000000
"00067f40","|static|_FUN_0075ab68_00067f40",$d,00000000
"00067f44","|static|_FUN_0075ab8c_00067f44",$d,00000000
"00067f48","|static|_FUN_0023a7e0_00067f48",$d,00000000
"00067f4c","|static|_FUN_00237bd4_00067f4c",$d,00000000
"00067f50","|static|_FUN_00231520_00067f50",$d,00000000
"00067f54","|static|_FUN_00230bb4_00067f54",$d,00000000
"00067f58","|static|_caseD_0_00067f58",$d,00000000
"00067f5c","|static|_FUN_00236ca4_00067f5c",$d,00000000
"00067f60","|static|_LAB_00236d18_00067f60",$d,00000000
"00067f64","|static|_FUN_00231270_00067f64",$d,00000000
"00067f68","|static|_FUN_00230aa0_00067f68",$d,00000000
"00067f6c","|static|_FUN_005dd648_00067f6c",$d,00000000
"00067f70","|static|_FUN_005dd670_00067f70",$d,00000000
"00067f74","|static|_FUN_00237f10_00067f74",$d,00000000
"00067f78","|static|_FUN_005dd65c_00067f78",$d,00000000
"00067f7c","|static|_FUN_005dd560_00067f7c",$d,00000000
"00067f80","|static|_FUN_005dd64c_00067f80",$d,00000000
"00067f84","|static|_FUN_005dd5a0_00067f84",$d,00000000
"00067f88","|static|_FUN_005dd638_00067f88",$d,00000000
"00067f90","|static|_FUN_006036e4_00067f90",$d,00000000
"00067f94","|static|_FUN_00230bb8_00067f94",$d,00000000
"00067f98","|static|_FUN_00231980_00067f98",$d,00000000
"00067f9c","|static|_FUN_005dd674_00067f9c",$d,00000000
"00067fa0","|static|_FUN_00238430_00067fa0",$d,00000000
"00067fa4","|static|_FUN_002389ec_00067fa4",$d,00000000
"00067fa8","|static|_FUN_00713990_00067fa8",$d,00000000
"00067fac","|static|_FUN_007139a8_00067fac",$d,00000000
"00067fb0","|static|_FUN_00230044_00067fb0",$d,00000000
"00067fb4","|static|_FUN_0023135c_00067fb4",$d,00000000
"00067fc4","|static|_FUN_00230e98_00067fc4",$d,00000000
"00067fc8","|static|_FUN_002313cc_00067fc8",$d,00000000
"00067fcc","|static|_FUN_0071bd90_00067fcc",$d,00000000
"00067fd4","|static|_FUN_0029da30_00067fd4",$d,00000000
"00067fd8","|static|_FUN_0023a8bc_00067fd8",$d,00000000
"00067fe0","|static|_FUN_00230830_00067fe0",$d,00000000
"00067fe4","|static|_FUN_002304b4_00067fe4",$d,00000000
"00067fe8","|static|_FUN_00230e90_00067fe8",$d,00000000
"00067fec","|static|_FUN_0071bc3c_00067fec",$d,00000000
"00067ff0","|static|_FUN_00238164_00067ff0",$d,00000000
"00068000","|static|_FUN_0029e114_00068000",$d,00000000
"00068008","|static|_FUN_0029e124_00068008",$d,00000000
"00068010","|static|_FUN_0029e134_00068010",$d,00000000
"00068014","|static|_FUN_0029e13c_00068014",$d,00000000
"00068018","|static|_FUN_0029e144_00068018",$d,00000000
"0006801c","|static|_FUN_0029e14c_0006801c",$d,00000000
"00068030","|static|_FUN_005db288_00068030",$d,00000000
"00068034","|static|_FUN_0077292c_00068034",$d,00000000
"0006803c","|static|_FUN_005d9084_0006803c",$d,00000000
"00068040","|static|_FUN_002313c4_00068040",$d,00000000
"00068044","|static|_FUN_0023a8b4_00068044",$d,00000000
"00068048","|static|_FUN_0075ab50_00068048",$d,00000000
"0006804c","|static|_FUN_00772610_0006804c",$d,00000000
"00068050","|static|_FUN_005dc4d8_00068050",$d,00000000
"00068054","|static|_FUN_0075ab40_00068054",$d,00000000
"00068058","|static|_FUN_0075ab54_00068058",$d,00000000
"0006805c","|static|_FUN_0075ab48_0006805c",$d,00000000
"00068088","|static|_FUN_005f4b04_00068088",$d,00000000
"0006808c","|static|_FUN_005f4b24_0006808c",$d,00000000
"00068090","|static|_FUN_005f4b34_00068090",$d,00000000
"00068094","|static|_FUN_005f4b18_00068094",$d,00000000
"00068098","|static|_FUN_005f4b14_00068098",$d,00000000
"0006809c","|static|_FUN_005f4b20_0006809c",$d,00000000
"000680a0","|static|_FUN_005f4b44_000680a0",$d,00000000
"000680ac","|static|_FUN_00237218_000680ac",$d,00000000
"000680c4","|static|_FUN_005f4b54_000680c4",$d,00000000
"000680c8","|static|_FUN_005f4b1c_000680c8",$d,00000000
"000680cc","|static|_FUN_005f4b10_000680cc",$d,00000000
"000680d0","|static|_FUN_005f4b4c_000680d0",$d,00000000
"000680d4","|static|_FUN_005f4b48_000680d4",$d,00000000
"000680d8","|static|_FUN_005f4b68_000680d8",$d,00000000
"000680dc","|static|_FUN_005f4b64_000680dc",$d,00000000
"000680e0","|static|_FUN_005f4b70_000680e0",$d,00000000
"000680e4","|static|_FUN_005f4b78_000680e4",$d,00000000
"000680e8","|static|_FUN_005f4b60_000680e8",$d,00000000
"000680ec","|static|_FUN_005f4b58_000680ec",$d,00000000
"000680f0","|static|_FUN_005f4b5c_000680f0",$d,00000000
"000680f4","|static|_FUN_005f4b74_000680f4",$d,00000000
"000680f8","|static|_FUN_005f4b80_000680f8",$d,00000000
"000680fc","|static|_FUN_005f4b88_000680fc",$d,00000000
"00068100","|static|_FUN_005f4b7c_00068100",$d,00000000
"00068104","|static|_FUN_005f4b84_00068104",$d,00000000
"0006810c","|static|_FUN_0075ab68_0006810c",$d,00000000
"00068110","|static|_FUN_0075ab8c_00068110",$d,00000000
"00068114","|static|_FUN_0023a7e0_00068114",$d,00000000
"00068118","|static|_FUN_00237bd4_00068118",$d,00000000
"0006811c","|static|_FUN_00231520_0006811c",$d,00000000
"00068120","|static|_FUN_00230bb4_00068120",$d,00000000
"00068124","|static|_caseD_0_00068124",$d,00000000
"00068128","|static|_FUN_00236ca4_00068128",$d,00000000
"0006812c","|static|_LAB_00236d18_0006812c",$d,00000000
"00068130","|static|_FUN_00231270_00068130",$d,00000000
"00068134","|static|_FUN_00230aa0_00068134",$d,00000000
"00068138","|static|_FUN_005dd648_00068138",$d,00000000
"0006813c","|static|_FUN_005dd670_0006813c",$d,00000000
"00068140","|static|_FUN_00237f10_00068140",$d,00000000
"00068144","|static|_FUN_005dd65c_00068144",$d,00000000
"00068148","|static|_FUN_005dd560_00068148",$d,00000000
"0006814c","|static|_FUN_005dd64c_0006814c",$d,00000000
"00068150","|static|_FUN_005dd5a0_00068150",$d,00000000
"00068154","|static|_FUN_005dd638_00068154",$d,00000000
"0006815c","|static|_FUN_006036e4_0006815c",$d,00000000
"00068160","|static|_FUN_00230bb8_00068160",$d,00000000
"00068164","|static|_FUN_00231980_00068164",$d,00000000
"00068168","|static|_FUN_005dd674_00068168",$d,00000000
"0006816c","|static|_FUN_00238430_0006816c",$d,00000000
"00068170","|static|_FUN_002389ec_00068170",$d,00000000
"00068174","|static|_FUN_00713990_00068174",$d,00000000
"00068178","|static|_FUN_007139a8_00068178",$d,00000000
"0006817c","|static|_FUN_00230044_0006817c",$d,00000000
"00068180","|static|_FUN_0023135c_00068180",$d,00000000
"00068188","|static|_FUN_00237a1c_00068188",$d,00000000
"0006818c","|static|_FUN_00236f78_0006818c",$d,00000000
"00068194","|static|_FUN_002313cc_00068194",$d,00000000
"000681a4","|static|_FUN_0023a8bc_000681a4",$d,00000000
"000681ac","|static|_FUN_00230830_000681ac",$d,00000000
"000681b0","|static|_FUN_002304b4_000681b0",$d,00000000
"000681b4","|static|_FUN_00230e90_000681b4",$d,00000000
"000681bc","|static|_FUN_00238164_000681bc",$d,00000000
"000681d4","|static|_FUN_005db288_000681d4",$d,00000000
"000681e0","|static|_FUN_005d9084_000681e0",$d,00000000
"000681e4","|static|_FUN_002313c4_000681e4",$d,00000000
"000681e8","|static|_FUN_0023a8b4_000681e8",$d,00000000
"000681f0","|static|_FUN_00772610_000681f0",$d,00000000
"000681f4","|static|_FUN_005dc4d8_000681f4",$d,00000000
"000681f8","|static|_FUN_0075ab40_000681f8",$d,00000000
"000681fc","|static|_FUN_0075ab54_000681fc",$d,00000000
"00068200","|static|_FUN_0075ab48_00068200",$d,00000000
"00068214","|static|_FUN_005f4b04_00068214",$d,00000000
"00068224","|static|_FUN_005f4b14_00068224",$d,00000000
"00068228","|static|_FUN_005f4b20_00068228",$d,00000000
"0006822c","|static|_FUN_005f4b44_0006822c",$d,00000000
"00068238","|static|_FUN_00237218_00068238",$d,00000000
"00068250","|static|_FUN_005f4b54_00068250",$d,00000000
"00068254","|static|_FUN_005f4b1c_00068254",$d,00000000
"00068258","|static|_FUN_005f4b10_00068258",$d,00000000
"0006825c","|static|_FUN_005f4b4c_0006825c",$d,00000000
"00068260","|static|_FUN_005f4b48_00068260",$d,00000000
"00068264","|static|_FUN_005f4b68_00068264",$d,00000000
"00068268","|static|_FUN_005f4b64_00068268",$d,00000000
"0006826c","|static|_FUN_005f4b70_0006826c",$d,00000000
"00068270","|static|_FUN_005f4b78_00068270",$d,00000000
"00068274","|static|_FUN_005f4b60_00068274",$d,00000000
"00068278","|static|_FUN_005f4b58_00068278",$d,00000000
"0006827c","|static|_FUN_005f4b5c_0006827c",$d,00000000
"00068280","|static|_FUN_005f4b74_00068280",$d,00000000
"00068284","|static|_FUN_005f4b80_00068284",$d,00000000
"00068288","|static|_FUN_005f4b88_00068288",$d,00000000
"0006828c","|static|_FUN_005f4b7c_0006828c",$d,00000000
"00068290","|static|_FUN_005f4b84_00068290",$d,00000000
"00068298","|static|_FUN_0075ab68_00068298",$d,00000000
"0006829c","|static|_FUN_0075ab8c_0006829c",$d,00000000
"000682a0","|static|_FUN_0023a7e0_000682a0",$d,00000000
"000682a4","|static|_FUN_00237bd4_000682a4",$d,00000000
"000682a8","|static|_FUN_00231520_000682a8",$d,00000000
"000682ac","|static|_FUN_00230bb4_000682ac",$d,00000000
"000682b0","|static|_caseD_0_000682b0",$d,00000000
"000682b4","|static|_FUN_00236ca4_000682b4",$d,00000000
"000682b8","|static|_LAB_00236d18_000682b8",$d,00000000
"000682bc","|static|_FUN_00231270_000682bc",$d,00000000
"000682c0","|static|_FUN_00230aa0_000682c0",$d,00000000
"000682c4","|static|_FUN_005dd648_000682c4",$d,00000000
"000682c8","|static|_FUN_005dd670_000682c8",$d,00000000
"000682cc","|static|_FUN_00237f10_000682cc",$d,00000000
"000682d0","|static|_FUN_005dd65c_000682d0",$d,00000000
"000682d4","|static|_FUN_005dd560_000682d4",$d,00000000
"000682d8","|static|_FUN_005dd64c_000682d8",$d,00000000
"000682dc","|static|_FUN_005dd5a0_000682dc",$d,00000000
"000682e0","|static|_FUN_005dd638_000682e0",$d,00000000
"000682e8","|static|_FUN_006036e4_000682e8",$d,00000000
"000682ec","|static|_FUN_00230bb8_000682ec",$d,00000000
"000682f0","|static|_FUN_00231980_000682f0",$d,00000000
"000682f4","|static|_FUN_005dd674_000682f4",$d,00000000
"000682f8","|static|_FUN_00238430_000682f8",$d,00000000
"000682fc","|static|_FUN_002389ec_000682fc",$d,00000000
"00068300","|static|_FUN_00713990_00068300",$d,00000000
"00068304","|static|_FUN_007139a8_00068304",$d,00000000
"00068308","|static|_FUN_00230044_00068308",$d,00000000
"0006830c","|static|_FUN_0023135c_0006830c",$d,00000000
"00068314","|static|_FUN_00237a1c_00068314",$d,00000000
"00068318","|static|_FUN_00236f78_00068318",$d,00000000
"0006831c","|static|_FUN_00230e98_0006831c",$d,00000000
"00068320","|static|_FUN_002313cc_00068320",$d,00000000
"00068324","|static|_FUN_0071bd90_00068324",$d,00000000
"00068328","|static|_FUN_0029d960_00068328",$d,00000000
"0006832c","|static|_FUN_0029da30_0006832c",$d,00000000
"00068330","|static|_FUN_0023a8bc_00068330",$d,00000000
"00068338","|static|_FUN_00230830_00068338",$d,00000000
"0006833c","|static|_FUN_002304b4_0006833c",$d,00000000
"00068340","|static|_FUN_00230e90_00068340",$d,00000000
"00068344","|static|_FUN_0071bc3c_00068344",$d,00000000
"00068354","|static|_FUN_0029e10c_00068354",$d,00000000
"00068360","|static|_FUN_0029e124_00068360",$d,00000000
"00068364","|static|_FUN_0029e12c_00068364",$d,00000000
"00068368","|static|_FUN_0029e134_00068368",$d,00000000
"0006836c","|static|_FUN_0029e13c_0006836c",$d,00000000
"00068370","|static|_FUN_0029e144_00068370",$d,00000000
"00068374","|static|_FUN_0029e14c_00068374",$d,00000000
"00068388","|static|_FUN_005db288_00068388",$d,00000000
"0006838c","|static|_FUN_0077292c_0006838c",$d,00000000
"00068390","|static|_FUN_0077285c_00068390",$d,00000000
"00068394","|static|_FUN_005d9084_00068394",$d,00000000
"00068398","|static|_FUN_002313c4_00068398",$d,00000000
"0006839c","|static|_FUN_0023a8b4_0006839c",$d,00000000
"000683a0","|static|_FUN_0075ab50_000683a0",$d,00000000
"000683a4","|static|_FUN_00772610_000683a4",$d,00000000
"000683a8","|static|_FUN_005dc4d8_000683a8",$d,00000000
"000683ac","|static|_FUN_0075ab40_000683ac",$d,00000000
"000683b0","|static|_FUN_0075ab54_000683b0",$d,00000000
"000683b4","|static|_FUN_0075ab48_000683b4",$d,00000000
"000683c8","|static|_FUN_005f4b04_000683c8",$d,00000000
"000683d8","|static|_FUN_005f4b14_000683d8",$d,00000000
"000683dc","|static|_FUN_005f4b20_000683dc",$d,00000000
"000683e0","|static|_FUN_005f4b44_000683e0",$d,00000000
"000683ec","|static|_FUN_00237218_000683ec",$d,00000000
"00068404","|static|_FUN_005f4b54_00068404",$d,00000000
"00068408","|static|_FUN_005f4b1c_00068408",$d,00000000
"0006840c","|static|_FUN_005f4b10_0006840c",$d,00000000
"00068410","|static|_FUN_005f4b4c_00068410",$d,00000000
"00068414","|static|_FUN_005f4b48_00068414",$d,00000000
"00068418","|static|_FUN_005f4b68_00068418",$d,00000000
"0006841c","|static|_FUN_005f4b64_0006841c",$d,00000000
"00068420","|static|_FUN_005f4b70_00068420",$d,00000000
"00068424","|static|_FUN_005f4b78_00068424",$d,00000000
"00068428","|static|_FUN_005f4b60_00068428",$d,00000000
"0006842c","|static|_FUN_005f4b58_0006842c",$d,00000000
"00068430","|static|_FUN_005f4b5c_00068430",$d,00000000
"00068434","|static|_FUN_005f4b74_00068434",$d,00000000
"00068438","|static|_FUN_005f4b80_00068438",$d,00000000
"0006843c","|static|_FUN_005f4b88_0006843c",$d,00000000
"00068440","|static|_FUN_005f4b7c_00068440",$d,00000000
"00068444","|static|_FUN_005f4b84_00068444",$d,00000000
"0006844c","|static|_FUN_0075ab68_0006844c",$d,00000000
"00068450","|static|_FUN_0075ab8c_00068450",$d,00000000
"00068454","|static|_FUN_0023a7e0_00068454",$d,00000000
"00068458","|static|_FUN_00237bd4_00068458",$d,00000000
"0006845c","|static|_FUN_00231520_0006845c",$d,00000000
"00068460","|static|_FUN_00230bb4_00068460",$d,00000000
"00068464","|static|_caseD_0_00068464",$d,00000000
"00068468","|static|_FUN_00236ca4_00068468",$d,00000000
"0006846c","|static|_LAB_00236d18_0006846c",$d,00000000
"00068470","|static|_FUN_00231270_00068470",$d,00000000
"00068474","|static|_FUN_00230aa0_00068474",$d,00000000
"00068478","|static|_FUN_005dd648_00068478",$d,00000000
"0006847c","|static|_FUN_005dd670_0006847c",$d,00000000
"00068480","|static|_FUN_00237f10_00068480",$d,00000000
"00068484","|static|_FUN_005dd65c_00068484",$d,00000000
"00068488","|static|_FUN_005dd560_00068488",$d,00000000
"0006848c","|static|_FUN_005dd64c_0006848c",$d,00000000
"00068490","|static|_FUN_005dd5a0_00068490",$d,00000000
"00068494","|static|_FUN_005dd638_00068494",$d,00000000
"0006849c","|static|_FUN_006036e4_0006849c",$d,00000000
"000684a0","|static|_FUN_00230bb8_000684a0",$d,00000000
"000684a4","|static|_FUN_00231980_000684a4",$d,00000000
"000684a8","|static|_FUN_005dd674_000684a8",$d,00000000
"000684ac","|static|_FUN_00238430_000684ac",$d,00000000
"000684b0","|static|_FUN_002389ec_000684b0",$d,00000000
"000684b4","|static|_FUN_00713990_000684b4",$d,00000000
"000684b8","|static|_FUN_007139a8_000684b8",$d,00000000
"000684bc","|static|_FUN_00230044_000684bc",$d,00000000
"000684c0","|static|_FUN_0023135c_000684c0",$d,00000000
"000684c8","|static|_FUN_00237a1c_000684c8",$d,00000000
"000684cc","|static|_FUN_00236f78_000684cc",$d,00000000
"000684d0","|static|_FUN_00230e98_000684d0",$d,00000000
"000684d4","|static|_FUN_002313cc_000684d4",$d,00000000
"000684d8","|static|_FUN_0071bd90_000684d8",$d,00000000
"000684dc","|static|_FUN_0029d960_000684dc",$d,00000000
"000684e0","|static|_FUN_0029da30_000684e0",$d,00000000
"000684e4","|static|_FUN_0023a8bc_000684e4",$d,00000000
"000684ec","|static|_FUN_00230830_000684ec",$d,00000000
"000684f0","|static|_FUN_002304b4_000684f0",$d,00000000
"000684f4","|static|_FUN_00230e90_000684f4",$d,00000000
"000684f8","|static|_FUN_0071bc3c_000684f8",$d,00000000
"00068508","|static|_FUN_0029e10c_00068508",$d,00000000
"00068514","|static|_FUN_0029e124_00068514",$d,00000000
"00068518","|static|_FUN_0029e12c_00068518",$d,00000000
"0006851c","|static|_FUN_0029e134_0006851c",$d,00000000
"00068520","|static|_FUN_0029e13c_00068520",$d,00000000
"00068524","|static|_FUN_0029e144_00068524",$d,00000000
"00068528","|static|_FUN_0029e14c_00068528",$d,00000000
"00068540","|static|_FUN_005db288_00068540",$d,00000000
"00068544","|static|_FUN_0077292c_00068544",$d,00000000
"00068548","|static|_FUN_0077285c_00068548",$d,00000000
"0006854c","|static|_FUN_005d9084_0006854c",$d,00000000
"00068550","|static|_FUN_002313c4_00068550",$d,00000000
"00068554","|static|_FUN_0023a8b4_00068554",$d,00000000
"0006855c","|static|_FUN_00772610_0006855c",$d,00000000
"00068560","|static|_FUN_005dc4d8_00068560",$d,00000000
"00068564","|static|_FUN_0075ab40_00068564",$d,00000000
"00068568","|static|_FUN_0075ab54_00068568",$d,00000000
"0006856c","|static|_FUN_0075ab48_0006856c",$d,00000000
"00068598","|static|_FUN_005f4b04_00068598",$d,00000000
"0006859c","|static|_FUN_005f4b24_0006859c",$d,00000000
"000685a0","|static|_FUN_005f4b34_000685a0",$d,00000000
"000685a4","|static|_FUN_005f4b18_000685a4",$d,00000000
"000685a8","|static|_FUN_005f4b14_000685a8",$d,00000000
"000685ac","|static|_FUN_005f4b20_000685ac",$d,00000000
"000685b0","|static|_FUN_005f4b44_000685b0",$d,00000000
"000685bc","|static|_FUN_00237218_000685bc",$d,00000000
"000685d4","|static|_FUN_005f4b54_000685d4",$d,00000000
"000685d8","|static|_FUN_005f4b1c_000685d8",$d,00000000
"000685dc","|static|_FUN_005f4b10_000685dc",$d,00000000
"000685e0","|static|_FUN_005f4b4c_000685e0",$d,00000000
"000685e4","|static|_FUN_005f4b48_000685e4",$d,00000000
"000685e8","|static|_FUN_005f4b68_000685e8",$d,00000000
"000685ec","|static|_FUN_005f4b64_000685ec",$d,00000000
"000685f0","|static|_FUN_005f4b70_000685f0",$d,00000000
"000685f4","|static|_FUN_005f4b78_000685f4",$d,00000000
"000685f8","|static|_FUN_005f4b60_000685f8",$d,00000000
"000685fc","|static|_FUN_005f4b58_000685fc",$d,00000000
"00068600","|static|_FUN_005f4b5c_00068600",$d,00000000
"00068604","|static|_FUN_005f4b74_00068604",$d,00000000
"00068608","|static|_FUN_005f4b80_00068608",$d,00000000
"0006860c","|static|_FUN_005f4b88_0006860c",$d,00000000
"00068610","|static|_FUN_005f4b7c_00068610",$d,00000000
"00068614","|static|_FUN_005f4b84_00068614",$d,00000000
"0006861c","|static|_FUN_0075ab68_0006861c",$d,00000000
"00068620","|static|_FUN_0075ab8c_00068620",$d,00000000
"00068624","|static|_FUN_0023a7e0_00068624",$d,00000000
"0006862c","|static|_FUN_00231520_0006862c",$d,00000000
"00068630","|static|_FUN_00230bb4_00068630",$d,00000000
"00068634","|static|_caseD_0_00068634",$d,00000000
"00068638","|static|_FUN_00236ca4_00068638",$d,00000000
"00068640","|static|_FUN_00231270_00068640",$d,00000000
"00068644","|static|_FUN_00230aa0_00068644",$d,00000000
"00068648","|static|_FUN_005dd648_00068648",$d,00000000
"0006864c","|static|_FUN_005dd670_0006864c",$d,00000000
"00068650","|static|_FUN_00237f10_00068650",$d,00000000
"00068654","|static|_FUN_005dd65c_00068654",$d,00000000
"00068658","|static|_FUN_005dd560_00068658",$d,00000000
"0006865c","|static|_FUN_005dd64c_0006865c",$d,00000000
"00068660","|static|_FUN_005dd5a0_00068660",$d,00000000
"00068664","|static|_FUN_005dd638_00068664",$d,00000000
"0006866c","|static|_FUN_006036e4_0006866c",$d,00000000
"00068670","|static|_FUN_00230bb8_00068670",$d,00000000
"00068674","|static|_FUN_00231980_00068674",$d,00000000
"00068678","|static|_FUN_005dd674_00068678",$d,00000000
"0006867c","|static|_FUN_00238430_0006867c",$d,00000000
"00068680","|static|_FUN_002389ec_00068680",$d,00000000
"00068684","|static|_FUN_00713990_00068684",$d,00000000
"00068688","|static|_FUN_007139a8_00068688",$d,00000000
"0006868c","|static|_FUN_00230044_0006868c",$d,00000000
"00068690","|static|_FUN_0023135c_00068690",$d,00000000
"00068698","|static|_FUN_00237a1c_00068698",$d,00000000
"0006869c","|static|_FUN_00236f78_0006869c",$d,00000000
"000686a0","|static|_FUN_00230e98_000686a0",$d,00000000
"000686a4","|static|_FUN_002313cc_000686a4",$d,00000000
"000686a8","|static|_FUN_0071bd90_000686a8",$d,00000000
"000686ac","|static|_FUN_0029d960_000686ac",$d,00000000
"000686b0","|static|_FUN_0029da30_000686b0",$d,00000000
"000686b4","|static|_FUN_0023a8bc_000686b4",$d,00000000
"000686bc","|static|_FUN_00230830_000686bc",$d,00000000
"000686c0","|static|_FUN_002304b4_000686c0",$d,00000000
"000686c4","|static|_FUN_00230e90_000686c4",$d,00000000
"000686c8","|static|_FUN_0071bc3c_000686c8",$d,00000000
"000686cc","|static|_FUN_00238164_000686cc",$d,00000000
"000686d8","|static|_FUN_0029e10c_000686d8",$d,00000000
"000686dc","|static|_FUN_0029e114_000686dc",$d,00000000
"000686e4","|static|_FUN_0029e124_000686e4",$d,00000000
"000686ec","|static|_FUN_0029e134_000686ec",$d,00000000
"000686f0","|static|_FUN_0029e13c_000686f0",$d,00000000
"000686f8","|static|_FUN_0029e14c_000686f8",$d,00000000
"0006870c","|static|_FUN_005db288_0006870c",$d,00000000
"00068710","|static|_FUN_0077292c_00068710",$d,00000000
"00068714","|static|_FUN_0077285c_00068714",$d,00000000
"00068718","|static|_FUN_005d9084_00068718",$d,00000000
"0006871c","|static|_FUN_002313c4_0006871c",$d,00000000
"00068720","|static|_FUN_0023a8b4_00068720",$d,00000000
"00068724","|static|_FUN_0075ab50_00068724",$d,00000000
"00068728","|static|_FUN_00772610_00068728",$d,00000000
"0006872c","|static|_FUN_005dc4d8_0006872c",$d,00000000
"00068730","|static|_FUN_0075ab40_00068730",$d,00000000
"00068734","|static|_FUN_0075ab54_00068734",$d,00000000
"00068738","|static|_FUN_0075ab48_00068738",$d,00000000
"00068748","|static|_FUN_002e5acc_00068748",$d,00000000
"00068758","|static|_FUN_002e5acc_00068758",$d,00000000
"00068768","|static|_FUN_002e5acc_00068768",$d,00000000
"00068780","|static|_FUN_005f4b24_00068780",$d,00000000
"00068784","|static|_FUN_005f4b34_00068784",$d,00000000
"00068788","|static|_FUN_005f4b18_00068788",$d,00000000
"0006878c","|static|_FUN_005f4b14_0006878c",$d,00000000
"00068790","|static|_FUN_005f4b20_00068790",$d,00000000
"00068794","|static|_FUN_005f4b44_00068794",$d,00000000
"000687a0","|static|_FUN_00237218_000687a0",$d,00000000
"000687b8","|static|_FUN_005f4b54_000687b8",$d,00000000
"000687bc","|static|_FUN_005f4b1c_000687bc",$d,00000000
"000687c0","|static|_FUN_005f4b10_000687c0",$d,00000000
"000687c4","|static|_FUN_005f4b4c_000687c4",$d,00000000
"000687c8","|static|_FUN_005f4b48_000687c8",$d,00000000
"000687cc","|static|_FUN_005f4b68_000687cc",$d,00000000
"000687d0","|static|_FUN_005f4b64_000687d0",$d,00000000
"000687d4","|static|_FUN_005f4b70_000687d4",$d,00000000
"000687d8","|static|_FUN_005f4b78_000687d8",$d,00000000
"000687dc","|static|_FUN_005f4b60_000687dc",$d,00000000
"000687e0","|static|_FUN_005f4b58_000687e0",$d,00000000
"000687e4","|static|_FUN_005f4b5c_000687e4",$d,00000000
"000687e8","|static|_FUN_005f4b74_000687e8",$d,00000000
"000687ec","|static|_FUN_005f4b80_000687ec",$d,00000000
"000687f0","|static|_FUN_005f4b88_000687f0",$d,00000000
"000687f4","|static|_FUN_005f4b7c_000687f4",$d,00000000
"000687f8","|static|_FUN_005f4b84_000687f8",$d,00000000
"00068800","|static|_FUN_0075ab68_00068800",$d,00000000
"00068804","|static|_FUN_0075ab8c_00068804",$d,00000000
"00068808","|static|_FUN_0023a7e0_00068808",$d,00000000
"0006880c","|static|_FUN_00237bd4_0006880c",$d,00000000
"00068810","|static|_FUN_001bf6b4_00068810",$d,00000000
"00068814","|static|_FUN_00230bb4_00068814",$d,00000000
"00068818","|static|_caseD_0_00068818",$d,00000000
"0006881c","|static|_FUN_00236ca4_0006881c",$d,00000000
"00068820","|static|_LAB_00236d18_00068820",$d,00000000
"00068824","|static|_FUN_00231270_00068824",$d,00000000
"00068828","|static|_FUN_00230aa0_00068828",$d,00000000
"0006882c","|static|_FUN_005dd648_0006882c",$d,00000000
"00068830","|static|_FUN_005dd670_00068830",$d,00000000
"00068834","|static|_FUN_00237f10_00068834",$d,00000000
"00068838","|static|_FUN_005dd65c_00068838",$d,00000000
"0006883c","|static|_FUN_005dd560_0006883c",$d,00000000
"00068840","|static|_FUN_005dd64c_00068840",$d,00000000
"00068844","|static|_FUN_005dd5a0_00068844",$d,00000000
"00068848","|static|_FUN_005dd638_00068848",$d,00000000
"00068850","|static|_FUN_006036e4_00068850",$d,00000000
"00068854","|static|_FUN_00230bb8_00068854",$d,00000000
"00068858","|static|_FUN_00231980_00068858",$d,00000000
"0006885c","|static|_FUN_005dd674_0006885c",$d,00000000
"00068860","|static|_FUN_00238430_00068860",$d,00000000
"00068864","|static|_FUN_002389ec_00068864",$d,00000000
"00068868","|static|_FUN_00713990_00068868",$d,00000000
"0006886c","|static|_FUN_007139a8_0006886c",$d,00000000
"00068870","|static|_FUN_00230044_00068870",$d,00000000
"00068874","|static|_FUN_001bf648_00068874",$d,00000000
"0006887c","|static|_FUN_00237a1c_0006887c",$d,00000000
"00068880","|static|_FUN_00236f78_00068880",$d,00000000
"00068884","|static|_FUN_001bf4d8_00068884",$d,00000000
"00068888","|static|_FUN_002313cc_00068888",$d,00000000
"0006888c","|static|_FUN_0071bd90_0006888c",$d,00000000
"00068890","|static|_FUN_001bf294_00068890",$d,00000000
"00068894","|static|_FUN_001bf444_00068894",$d,00000000
"00068898","|static|_FUN_0023a8bc_00068898",$d,00000000
"000688a0","|static|_FUN_00230830_000688a0",$d,00000000
"000688a4","|static|_FUN_002304b4_000688a4",$d,00000000
"000688a8","|static|_FUN_00230e90_000688a8",$d,00000000
"000688ac","|static|_FUN_0071bc3c_000688ac",$d,00000000
"000688b0","|static|_FUN_00238164_000688b0",$d,00000000
"000688b4","|static|_FUN_001bf5d0_000688b4",$d,00000000
"000688b8","|static|_FUN_001bfad8_000688b8",$d,00000000
"000688bc","|static|_FUN_001bfb44_000688bc",$d,00000000
"000688c0","|static|_FUN_001bfbb0_000688c0",$d,00000000
"000688c4","|static|_FUN_001bfbf8_000688c4",$d,00000000
"000688c8","|static|_FUN_001bfc40_000688c8",$d,00000000
"000688cc","|static|_FUN_001bfc88_000688cc",$d,00000000
"000688d0","|static|_FUN_001bfcd0_000688d0",$d,00000000
"000688d4","|static|_FUN_001bfd18_000688d4",$d,00000000
"000688d8","|static|_FUN_001bfd60_000688d8",$d,00000000
"000688dc","|static|_FUN_001bfda8_000688dc",$d,00000000
"000688e0","|static|_FUN_001c0038_000688e0",$d,00000000
"000688ec","|static|_FUN_001bff58_000688ec",$d,00000000
"000688f0","|static|_FUN_001bff00_000688f0",$d,00000000
"000688f4","|static|_FUN_001bff50_000688f4",$d,00000000
"000688f8","|static|_FUN_001bff60_000688f8",$d,00000000
"00068900","|static|_FUN_001bff90_00068900",$d,00000000
"0006890c","|static|_FUN_001bffa8_0006890c",$d,00000000
"00068910","|static|_FUN_001bffb0_00068910",$d,00000000
"00068914","|static|_FUN_001bffb8_00068914",$d,00000000
"00068918","|static|_FUN_001bffc0_00068918",$d,00000000
"0006891c","|static|_FUN_001c0018_0006891c",$d,00000000
"00068920","|static|_FUN_001c0020_00068920",$d,00000000
"00068928","|static|_FUN_001bff18_00068928",$d,00000000
"0006892c","|static|_FUN_001bff20_0006892c",$d,00000000
"00068930","|static|_FUN_001bff28_00068930",$d,00000000
"00068934","|static|_FUN_001bff30_00068934",$d,00000000
"00068938","|static|_FUN_001bff38_00068938",$d,00000000
"0006893c","|static|_FUN_001bff40_0006893c",$d,00000000
"00068940","|static|_FUN_001bff48_00068940",$d,00000000
"00068944","|static|_FUN_001bff68_00068944",$d,00000000
"00068948","|static|_FUN_001bff70_00068948",$d,00000000
"0006894c","|static|_FUN_001bffc8_0006894c",$d,00000000
"00068950","|static|_FUN_001bffd0_00068950",$d,00000000
"00068954","|static|_FUN_001bffd8_00068954",$d,00000000
"00068958","|static|_FUN_001bffe0_00068958",$d,00000000
"0006895c","|static|_FUN_001bffe8_0006895c",$d,00000000
"00068960","|static|_FUN_001bfff0_00068960",$d,00000000
"00068964","|static|_FUN_001bfff8_00068964",$d,00000000
"00068968","|static|_LAB_001c0000_00068968",$d,00000000
"0006896c","|static|_FUN_001c0028_0006896c",$d,00000000
"00068970","|static|_FUN_001c0030_00068970",$d,00000000
"00068974","|static|_FUN_001bff78_00068974",$d,00000000
"00068978","|static|_FUN_001bff80_00068978",$d,00000000
"0006897c","|static|_FUN_001c0008_0006897c",$d,00000000
"00068980","|static|_FUN_001c0010_00068980",$d,00000000
"00068994","|static|_FUN_005db288_00068994",$d,00000000
"00068998","|static|_FUN_00772388_00068998",$d,00000000
"0006899c","|static|_FUN_001bf28c_0006899c",$d,00000000
"000689a0","|static|_FUN_005d9084_000689a0",$d,00000000
"000689a4","|static|_FUN_002313c4_000689a4",$d,00000000
"000689a8","|static|_FUN_0023a8b4_000689a8",$d,00000000
"000689ac","|static|_FUN_0075ab50_000689ac",$d,00000000
"000689b0","|static|_FUN_00772610_000689b0",$d,00000000
"000689b4","|static|_FUN_005dc4d8_000689b4",$d,00000000
"000689b8","|static|_FUN_0075ab40_000689b8",$d,00000000
"000689bc","|static|_FUN_0075ab54_000689bc",$d,00000000
"000689c0","|static|_FUN_0075ab48_000689c0",$d,00000000
"00068a14","|static|_FUN_005f4b04_00068a14",$d,00000000
"00068a24","|static|_FUN_005f4b14_00068a24",$d,00000000
"00068a28","|static|_FUN_005f4b20_00068a28",$d,00000000
"00068a2c","|static|_FUN_005f4b44_00068a2c",$d,00000000
"00068a38","|static|_FUN_00237218_00068a38",$d,00000000
"00068a50","|static|_FUN_005f4b54_00068a50",$d,00000000
"00068a54","|static|_FUN_005f4b1c_00068a54",$d,00000000
"00068a58","|static|_FUN_005f4b10_00068a58",$d,00000000
"00068a5c","|static|_FUN_005f4b4c_00068a5c",$d,00000000
"00068a60","|static|_FUN_005f4b48_00068a60",$d,00000000
"00068a64","|static|_FUN_005f4b68_00068a64",$d,00000000
"00068a68","|static|_FUN_005f4b64_00068a68",$d,00000000
"00068a6c","|static|_FUN_005f4b70_00068a6c",$d,00000000
"00068a70","|static|_FUN_005f4b78_00068a70",$d,00000000
"00068a74","|static|_FUN_005f4b60_00068a74",$d,00000000
"00068a78","|static|_FUN_005f4b58_00068a78",$d,00000000
"00068a7c","|static|_FUN_005f4b5c_00068a7c",$d,00000000
"00068a80","|static|_FUN_005f4b74_00068a80",$d,00000000
"00068a84","|static|_FUN_005f4b80_00068a84",$d,00000000
"00068a88","|static|_FUN_005f4b88_00068a88",$d,00000000
"00068a8c","|static|_FUN_005f4b7c_00068a8c",$d,00000000
"00068a90","|static|_FUN_005f4b84_00068a90",$d,00000000
"00068a98","|static|_FUN_0075ab68_00068a98",$d,00000000
"00068a9c","|static|_FUN_0075ab8c_00068a9c",$d,00000000
"00068aa0","|static|_FUN_0023a7e0_00068aa0",$d,00000000
"00068aa4","|static|_FUN_00237bd4_00068aa4",$d,00000000
"00068aa8","|static|_FUN_00231520_00068aa8",$d,00000000
"00068aac","|static|_FUN_00230bb4_00068aac",$d,00000000
"00068ab0","|static|_caseD_0_00068ab0",$d,00000000
"00068ab4","|static|_FUN_00236ca4_00068ab4",$d,00000000
"00068ab8","|static|_LAB_00236d18_00068ab8",$d,00000000
"00068abc","|static|_FUN_00231270_00068abc",$d,00000000
"00068ac0","|static|_FUN_00230aa0_00068ac0",$d,00000000
"00068ac4","|static|_FUN_005dd648_00068ac4",$d,00000000
"00068ac8","|static|_FUN_005dd670_00068ac8",$d,00000000
"00068acc","|static|_FUN_00237f10_00068acc",$d,00000000
"00068ad0","|static|_FUN_005dd65c_00068ad0",$d,00000000
"00068ad4","|static|_FUN_005dd560_00068ad4",$d,00000000
"00068ad8","|static|_FUN_005dd64c_00068ad8",$d,00000000
"00068adc","|static|_FUN_005dd5a0_00068adc",$d,00000000
"00068ae0","|static|_FUN_005dd638_00068ae0",$d,00000000
"00068ae8","|static|_FUN_006036e4_00068ae8",$d,00000000
"00068aec","|static|_FUN_00230bb8_00068aec",$d,00000000
"00068af0","|static|_FUN_00231980_00068af0",$d,00000000
"00068af4","|static|_FUN_005dd674_00068af4",$d,00000000
"00068af8","|static|_FUN_00238430_00068af8",$d,00000000
"00068afc","|static|_FUN_002389ec_00068afc",$d,00000000
"00068b00","|static|_FUN_00713990_00068b00",$d,00000000
"00068b04","|static|_FUN_007139a8_00068b04",$d,00000000
"00068b08","|static|_FUN_00230044_00068b08",$d,00000000
"00068b0c","|static|_FUN_0023135c_00068b0c",$d,00000000
"00068b14","|static|_FUN_00237a1c_00068b14",$d,00000000
"00068b18","|static|_FUN_00236f78_00068b18",$d,00000000
"00068b1c","|static|_FUN_00230e98_00068b1c",$d,00000000
"00068b20","|static|_FUN_002313cc_00068b20",$d,00000000
"00068b24","|static|_FUN_0071bd90_00068b24",$d,00000000
"00068b28","|static|_FUN_0029d960_00068b28",$d,00000000
"00068b2c","|static|_FUN_0029da30_00068b2c",$d,00000000
"00068b30","|static|_FUN_0023a8bc_00068b30",$d,00000000
"00068b38","|static|_FUN_00230830_00068b38",$d,00000000
"00068b3c","|static|_FUN_002304b4_00068b3c",$d,00000000
"00068b40","|static|_FUN_00230e90_00068b40",$d,00000000
"00068b44","|static|_FUN_0071bc3c_00068b44",$d,00000000
"00068b54","|static|_FUN_0029e10c_00068b54",$d,00000000
"00068b60","|static|_FUN_0029e124_00068b60",$d,00000000
"00068b64","|static|_FUN_0029e12c_00068b64",$d,00000000
"00068b68","|static|_FUN_0029e134_00068b68",$d,00000000
"00068b6c","|static|_FUN_0029e13c_00068b6c",$d,00000000
"00068b70","|static|_FUN_0029e144_00068b70",$d,00000000
"00068b74","|static|_FUN_0029e14c_00068b74",$d,00000000
"00068b88","|static|_FUN_005db288_00068b88",$d,00000000
"00068b8c","|static|_FUN_0077292c_00068b8c",$d,00000000
"00068b90","|static|_FUN_0077285c_00068b90",$d,00000000
"00068b94","|static|_FUN_005d9084_00068b94",$d,00000000
"00068b98","|static|_FUN_002313c4_00068b98",$d,00000000
"00068b9c","|static|_FUN_0023a8b4_00068b9c",$d,00000000
"00068ba0","|static|_FUN_0075ab50_00068ba0",$d,00000000
"00068ba4","|static|_FUN_00772610_00068ba4",$d,00000000
"00068ba8","|static|_FUN_005dc4d8_00068ba8",$d,00000000
"00068bac","|static|_FUN_0075ab40_00068bac",$d,00000000
"00068bb0","|static|_FUN_0075ab54_00068bb0",$d,00000000
"00068bb4","|static|_FUN_0075ab48_00068bb4",$d,00000000
"00068bc8","|static|_FUN_005f4b04_00068bc8",$d,00000000
"00068bcc","|static|_FUN_005f4b24_00068bcc",$d,00000000
"00068bd8","|static|_FUN_005f4b14_00068bd8",$d,00000000
"00068bdc","|static|_FUN_005f4b20_00068bdc",$d,00000000
"00068be0","|static|_FUN_005f4b44_00068be0",$d,00000000
"00068bec","|static|_FUN_00237218_00068bec",$d,00000000
"00068c04","|static|_FUN_005f4b54_00068c04",$d,00000000
"00068c08","|static|_FUN_005f4b1c_00068c08",$d,00000000
"00068c0c","|static|_FUN_005f4b10_00068c0c",$d,00000000
"00068c10","|static|_FUN_005f4b4c_00068c10",$d,00000000
"00068c14","|static|_FUN_005f4b48_00068c14",$d,00000000
"00068c18","|static|_FUN_005f4b68_00068c18",$d,00000000
"00068c1c","|static|_FUN_005f4b64_00068c1c",$d,00000000
"00068c20","|static|_FUN_005f4b70_00068c20",$d,00000000
"00068c24","|static|_FUN_005f4b78_00068c24",$d,00000000
"00068c28","|static|_FUN_005f4b60_00068c28",$d,00000000
"00068c2c","|static|_FUN_005f4b58_00068c2c",$d,00000000
"00068c30","|static|_FUN_005f4b5c_00068c30",$d,00000000
"00068c34","|static|_FUN_005f4b74_00068c34",$d,00000000
"00068c38","|static|_FUN_005f4b80_00068c38",$d,00000000
"00068c3c","|static|_FUN_005f4b88_00068c3c",$d,00000000
"00068c40","|static|_FUN_005f4b7c_00068c40",$d,00000000
"00068c44","|static|_FUN_005f4b84_00068c44",$d,00000000
"00068c4c","|static|_FUN_0075ab68_00068c4c",$d,00000000
"00068c50","|static|_FUN_0075ab8c_00068c50",$d,00000000
"00068c54","|static|_FUN_0023a7e0_00068c54",$d,00000000
"00068c58","|static|_FUN_00237bd4_00068c58",$d,00000000
"00068c5c","|static|_FUN_00231520_00068c5c",$d,00000000
"00068c60","|static|_FUN_00230bb4_00068c60",$d,00000000
"00068c64","|static|_caseD_0_00068c64",$d,00000000
"00068c6c","|static|_LAB_00236d18_00068c6c",$d,00000000
"00068c70","|static|_FUN_00231270_00068c70",$d,00000000
"00068c74","|static|_FUN_00230aa0_00068c74",$d,00000000
"00068c78","|static|_FUN_005dd648_00068c78",$d,00000000
"00068c7c","|static|_FUN_005dd670_00068c7c",$d,00000000
"00068c80","|static|_FUN_00237f10_00068c80",$d,00000000
"00068c84","|static|_FUN_005dd65c_00068c84",$d,00000000
"00068c88","|static|_FUN_005dd560_00068c88",$d,00000000
"00068c8c","|static|_FUN_005dd64c_00068c8c",$d,00000000
"00068c90","|static|_FUN_005dd5a0_00068c90",$d,00000000
"00068c94","|static|_FUN_005dd638_00068c94",$d,00000000
"00068c9c","|static|_FUN_006036e4_00068c9c",$d,00000000
"00068ca0","|static|_FUN_00230bb8_00068ca0",$d,00000000
"00068ca4","|static|_FUN_00231980_00068ca4",$d,00000000
"00068ca8","|static|_FUN_005dd674_00068ca8",$d,00000000
"00068cac","|static|_FUN_00238430_00068cac",$d,00000000
"00068cb0","|static|_FUN_002389ec_00068cb0",$d,00000000
"00068cb4","|static|_FUN_00713990_00068cb4",$d,00000000
"00068cb8","|static|_FUN_007139a8_00068cb8",$d,00000000
"00068cbc","|static|_FUN_00230044_00068cbc",$d,00000000
"00068cc0","|static|_FUN_0023135c_00068cc0",$d,00000000
"00068cc8","|static|_FUN_00237a1c_00068cc8",$d,00000000
"00068cd0","|static|_FUN_00230e98_00068cd0",$d,00000000
"00068cd4","|static|_FUN_002313cc_00068cd4",$d,00000000
"00068cd8","|static|_FUN_0071bd90_00068cd8",$d,00000000
"00068ce4","|static|_FUN_0023a8bc_00068ce4",$d,00000000
"00068cec","|static|_FUN_00230830_00068cec",$d,00000000
"00068cf0","|static|_FUN_002304b4_00068cf0",$d,00000000
"00068cf8","|static|_FUN_0071bc3c_00068cf8",$d,00000000
"00068cfc","|static|_FUN_00238164_00068cfc",$d,00000000
"00068d00","|static|_FUN_0029e0fc_00068d00",$d,00000000
"00068d04","|static|_FUN_0029e104_00068d04",$d,00000000
"00068d08","|static|_FUN_0029e10c_00068d08",$d,00000000
"00068d0c","|static|_FUN_0029e114_00068d0c",$d,00000000
"00068d10","|static|_FUN_0029e11c_00068d10",$d,00000000
"00068d14","|static|_FUN_0029e124_00068d14",$d,00000000
"00068d18","|static|_FUN_0029e12c_00068d18",$d,00000000
"00068d1c","|static|_FUN_0029e134_00068d1c",$d,00000000
"00068d20","|static|_FUN_0029e13c_00068d20",$d,00000000
"00068d24","|static|_FUN_0029e144_00068d24",$d,00000000
"00068d28","|static|_FUN_0029e14c_00068d28",$d,00000000
"00068d3c","|static|_FUN_005db288_00068d3c",$d,00000000
"00068d48","|static|_FUN_005d9084_00068d48",$d,00000000
"00068d4c","|static|_FUN_002313c4_00068d4c",$d,00000000
"00068d50","|static|_FUN_0023a8b4_00068d50",$d,00000000
"00068d54","|static|_FUN_0075ab50_00068d54",$d,00000000
"00068d58","|static|_FUN_00772610_00068d58",$d,00000000
"00068d5c","|static|_FUN_005dc4d8_00068d5c",$d,00000000
"00068d60","|static|_FUN_0075ab40_00068d60",$d,00000000
"00068d64","|static|_FUN_0075ab54_00068d64",$d,00000000
"00068d68","|static|_FUN_0075ab48_00068d68",$d,00000000
"00068d7c","|static|_FUN_005f4b04_00068d7c",$d,00000000
"00068d80","|static|_FUN_005f4b24_00068d80",$d,00000000
"00068d84","|static|_FUN_005f4b34_00068d84",$d,00000000
"00068d88","|static|_FUN_005f4b18_00068d88",$d,00000000
"00068d8c","|static|_FUN_005f4b14_00068d8c",$d,00000000
"00068d90","|static|_FUN_005f4b20_00068d90",$d,00000000
"00068d94","|static|_FUN_005f4b44_00068d94",$d,00000000
"00068da0","|static|_FUN_00237218_00068da0",$d,00000000
"00068db8","|static|_FUN_005f4b54_00068db8",$d,00000000
"00068dc0","|static|_FUN_005f4b10_00068dc0",$d,00000000
"00068dc4","|static|_FUN_005f4b4c_00068dc4",$d,00000000
"00068dc8","|static|_FUN_005f4b48_00068dc8",$d,00000000
"00068dcc","|static|_FUN_005f4b68_00068dcc",$d,00000000
"00068dd0","|static|_FUN_005f4b64_00068dd0",$d,00000000
"00068dd4","|static|_FUN_005f4b70_00068dd4",$d,00000000
"00068dd8","|static|_FUN_005f4b78_00068dd8",$d,00000000
"00068ddc","|static|_FUN_005f4b60_00068ddc",$d,00000000
"00068de0","|static|_FUN_005f4b58_00068de0",$d,00000000
"00068de4","|static|_FUN_005f4b5c_00068de4",$d,00000000
"00068de8","|static|_FUN_005f4b74_00068de8",$d,00000000
"00068dec","|static|_FUN_005f4b80_00068dec",$d,00000000
"00068df0","|static|_FUN_005f4b88_00068df0",$d,00000000
"00068df4","|static|_FUN_005f4b7c_00068df4",$d,00000000
"00068df8","|static|_FUN_005f4b84_00068df8",$d,00000000
"00068e00","|static|_FUN_0075ab68_00068e00",$d,00000000
"00068e04","|static|_FUN_0075ab8c_00068e04",$d,00000000
"00068e08","|static|_FUN_0023a7e0_00068e08",$d,00000000
"00068e0c","|static|_FUN_00237bd4_00068e0c",$d,00000000
"00068e10","|static|_FUN_00231520_00068e10",$d,00000000
"00068e14","|static|_FUN_00230bb4_00068e14",$d,00000000
"00068e18","|static|_caseD_0_00068e18",$d,00000000
"00068e1c","|static|_FUN_00236ca4_00068e1c",$d,00000000
"00068e20","|static|_LAB_00236d18_00068e20",$d,00000000
"00068e24","|static|_FUN_00231270_00068e24",$d,00000000
"00068e28","|static|_FUN_00230aa0_00068e28",$d,00000000
"00068e2c","|static|_FUN_005dd648_00068e2c",$d,00000000
"00068e30","|static|_FUN_005dd670_00068e30",$d,00000000
"00068e34","|static|_FUN_00237f10_00068e34",$d,00000000
"00068e38","|static|_FUN_005dd65c_00068e38",$d,00000000
"00068e3c","|static|_FUN_005dd560_00068e3c",$d,00000000
"00068e40","|static|_FUN_005dd64c_00068e40",$d,00000000
"00068e44","|static|_FUN_005dd5a0_00068e44",$d,00000000
"00068e48","|static|_FUN_005dd638_00068e48",$d,00000000
"00068e50","|static|_FUN_006036e4_00068e50",$d,00000000
"00068e54","|static|_FUN_00230bb8_00068e54",$d,00000000
"00068e58","|static|_FUN_00231980_00068e58",$d,00000000
"00068e5c","|static|_FUN_005dd674_00068e5c",$d,00000000
"00068e60","|static|_FUN_00238430_00068e60",$d,00000000
"00068e64","|static|_FUN_002389ec_00068e64",$d,00000000
"00068e68","|static|_FUN_00713990_00068e68",$d,00000000
"00068e6c","|static|_FUN_007139a8_00068e6c",$d,00000000
"00068e70","|static|_FUN_00230044_00068e70",$d,00000000
"00068e74","|static|_FUN_0023135c_00068e74",$d,00000000
"00068e84","|static|_FUN_00230e98_00068e84",$d,00000000
"00068e88","|static|_FUN_002313cc_00068e88",$d,00000000
"00068e8c","|static|_FUN_0071bd90_00068e8c",$d,00000000
"00068e98","|static|_FUN_0023a8bc_00068e98",$d,00000000
"00068ea0","|static|_FUN_00230830_00068ea0",$d,00000000
"00068ea4","|static|_FUN_002304b4_00068ea4",$d,00000000
"00068ea8","|static|_FUN_00230e90_00068ea8",$d,00000000
"00068eac","|static|_FUN_0071bc3c_00068eac",$d,00000000
"00068eb0","|static|_FUN_00238164_00068eb0",$d,00000000
"00068eb4","|static|_FUN_0029e0fc_00068eb4",$d,00000000
"00068ebc","|static|_FUN_0029e10c_00068ebc",$d,00000000
"00068ec0","|static|_FUN_0029e114_00068ec0",$d,00000000
"00068ec4","|static|_FUN_0029e11c_00068ec4",$d,00000000
"00068ec8","|static|_FUN_0029e124_00068ec8",$d,00000000
"00068ecc","|static|_FUN_0029e12c_00068ecc",$d,00000000
"00068ed0","|static|_FUN_0029e134_00068ed0",$d,00000000
"00068ed4","|static|_FUN_0029e13c_00068ed4",$d,00000000
"00068edc","|static|_FUN_0029e14c_00068edc",$d,00000000
"00068ef0","|static|_FUN_005db288_00068ef0",$d,00000000
"00068efc","|static|_FUN_005d9084_00068efc",$d,00000000
"00068f00","|static|_FUN_002313c4_00068f00",$d,00000000
"00068f04","|static|_FUN_0023a8b4_00068f04",$d,00000000
"00068f08","|static|_FUN_0075ab50_00068f08",$d,00000000
"00068f0c","|static|_FUN_00772610_00068f0c",$d,00000000
"00068f10","|static|_FUN_005dc4d8_00068f10",$d,00000000
"00068f14","|static|_FUN_0075ab40_00068f14",$d,00000000
"00068f18","|static|_FUN_0075ab54_00068f18",$d,00000000
"00068f1c","|static|_FUN_0075ab48_00068f1c",$d,00000000
"00068f34","|static|_FUN_005f4b24_00068f34",$d,00000000
"00068f38","|static|_FUN_005f4b34_00068f38",$d,00000000
"00068f3c","|static|_FUN_005f4b18_00068f3c",$d,00000000
"00068f40","|static|_FUN_005f4b14_00068f40",$d,00000000
"00068f44","|static|_FUN_005f4b20_00068f44",$d,00000000
"00068f48","|static|_FUN_005f4b44_00068f48",$d,00000000
"00068f54","|static|_FUN_00237218_00068f54",$d,00000000
"00068f6c","|static|_FUN_005f4b54_00068f6c",$d,00000000
"00068f70","|static|_FUN_005f4b1c_00068f70",$d,00000000
"00068f74","|static|_FUN_005f4b10_00068f74",$d,00000000
"00068f78","|static|_FUN_005f4b4c_00068f78",$d,00000000
"00068f7c","|static|_FUN_005f4b48_00068f7c",$d,00000000
"00068f80","|static|_FUN_005f4b68_00068f80",$d,00000000
"00068f84","|static|_FUN_005f4b64_00068f84",$d,00000000
"00068f88","|static|_FUN_005f4b70_00068f88",$d,00000000
"00068f8c","|static|_FUN_005f4b78_00068f8c",$d,00000000
"00068f90","|static|_FUN_005f4b60_00068f90",$d,00000000
"00068f94","|static|_FUN_005f4b58_00068f94",$d,00000000
"00068f98","|static|_FUN_005f4b5c_00068f98",$d,00000000
"00068f9c","|static|_FUN_005f4b74_00068f9c",$d,00000000
"00068fa0","|static|_FUN_005f4b80_00068fa0",$d,00000000
"00068fa4","|static|_FUN_005f4b88_00068fa4",$d,00000000
"00068fa8","|static|_FUN_005f4b7c_00068fa8",$d,00000000
"00068fac","|static|_FUN_005f4b84_00068fac",$d,00000000
"00068fb4","|static|_FUN_0075ab68_00068fb4",$d,00000000
"00068fb8","|static|_FUN_0075ab8c_00068fb8",$d,00000000
"00068fbc","|static|_FUN_0023a7e0_00068fbc",$d,00000000
"00068fc0","|static|_FUN_00237bd4_00068fc0",$d,00000000
"00068fc8","|static|_FUN_00230bb4_00068fc8",$d,00000000
"00068fcc","|static|_caseD_0_00068fcc",$d,00000000
"00068fd0","|static|_FUN_00236ca4_00068fd0",$d,00000000
"00068fd4","|static|_LAB_00236d18_00068fd4",$d,00000000
"00068fd8","|static|_FUN_00231270_00068fd8",$d,00000000
"00068fdc","|static|_FUN_00230aa0_00068fdc",$d,00000000
"00068fe0","|static|_FUN_005dd648_00068fe0",$d,00000000
"00068fe4","|static|_FUN_005dd670_00068fe4",$d,00000000
"00068fe8","|static|_FUN_00237f10_00068fe8",$d,00000000
"00068fec","|static|_FUN_005dd65c_00068fec",$d,00000000
"00068ff0","|static|_FUN_005dd560_00068ff0",$d,00000000
"00068ff4","|static|_FUN_005dd64c_00068ff4",$d,00000000
"00068ff8","|static|_FUN_005dd5a0_00068ff8",$d,00000000
"00068ffc","|static|_FUN_005dd638_00068ffc",$d,00000000
"00069004","|static|_FUN_006036e4_00069004",$d,00000000
"00069008","|static|_FUN_00230bb8_00069008",$d,00000000
"0006900c","|static|_FUN_00231980_0006900c",$d,00000000
"00069010","|static|_FUN_005dd674_00069010",$d,00000000
"00069014","|static|_FUN_00238430_00069014",$d,00000000
"00069018","|static|_FUN_002389ec_00069018",$d,00000000
"0006901c","|static|_FUN_00713990_0006901c",$d,00000000
"00069020","|static|_FUN_007139a8_00069020",$d,00000000
"00069024","|static|_FUN_00230044_00069024",$d,00000000
"00069028","|static|_FUN_001bf648_00069028",$d,00000000
"00069030","|static|_FUN_00237a1c_00069030",$d,00000000
"00069034","|static|_FUN_00236f78_00069034",$d,00000000
"0006903c","|static|_FUN_002313cc_0006903c",$d,00000000
"00069040","|static|_FUN_0071bd90_00069040",$d,00000000
"00069044","|static|_FUN_001bf294_00069044",$d,00000000
"00069048","|static|_FUN_001bf444_00069048",$d,00000000
"0006904c","|static|_FUN_0023a8bc_0006904c",$d,00000000
"00069054","|static|_FUN_00230830_00069054",$d,00000000
"00069058","|static|_FUN_002304b4_00069058",$d,00000000
"0006905c","|static|_FUN_00230e90_0006905c",$d,00000000
"00069060","|static|_FUN_0071bc3c_00069060",$d,00000000
"00069064","|static|_FUN_00238164_00069064",$d,00000000
"00069068","|static|_FUN_001bf5d0_00069068",$d,00000000
"0006906c","|static|_FUN_001bfad8_0006906c",$d,00000000
"00069070","|static|_FUN_001bfb44_00069070",$d,00000000
"00069074","|static|_FUN_001bfbb0_00069074",$d,00000000
"00069078","|static|_FUN_001bfbf8_00069078",$d,00000000
"0006907c","|static|_FUN_001bfc40_0006907c",$d,00000000
"00069080","|static|_FUN_001bfc88_00069080",$d,00000000
"00069084","|static|_FUN_001bfcd0_00069084",$d,00000000
"00069088","|static|_FUN_001bfd18_00069088",$d,00000000
"0006908c","|static|_FUN_001bfd60_0006908c",$d,00000000
"00069090","|static|_FUN_001bfda8_00069090",$d,00000000
"00069098","|static|_FUN_001bff08_00069098",$d,00000000
"000690a0","|static|_FUN_001bff58_000690a0",$d,00000000
"000690a4","|static|_FUN_001bff00_000690a4",$d,00000000
"000690a8","|static|_FUN_001bff50_000690a8",$d,00000000
"000690ac","|static|_FUN_001bff60_000690ac",$d,00000000
"000690b4","|static|_FUN_001bff90_000690b4",$d,00000000
"000690b8","|static|_FUN_001bff98_000690b8",$d,00000000
"000690c0","|static|_FUN_001bffa8_000690c0",$d,00000000
"000690c4","|static|_FUN_001bffb0_000690c4",$d,00000000
"000690c8","|static|_FUN_001bffb8_000690c8",$d,00000000
"000690cc","|static|_FUN_001bffc0_000690cc",$d,00000000
"000690d0","|static|_FUN_001c0018_000690d0",$d,00000000
"000690d4","|static|_FUN_001c0020_000690d4",$d,00000000
"000690dc","|static|_FUN_001bff18_000690dc",$d,00000000
"000690e8","|static|_FUN_001bff30_000690e8",$d,00000000
"000690ec","|static|_FUN_001bff38_000690ec",$d,00000000
"000690f0","|static|_FUN_001bff40_000690f0",$d,00000000
"000690f4","|static|_FUN_001bff48_000690f4",$d,00000000
"000690f8","|static|_FUN_001bff68_000690f8",$d,00000000
"000690fc","|static|_FUN_001bff70_000690fc",$d,00000000
"00069104","|static|_FUN_001bffd0_00069104",$d,00000000
"00069108","|static|_FUN_001bffd8_00069108",$d,00000000
"00069110","|static|_FUN_001bffe8_00069110",$d,00000000
"00069114","|static|_FUN_001bfff0_00069114",$d,00000000
"00069118","|static|_FUN_001bfff8_00069118",$d,00000000
"0006911c","|static|_LAB_001c0000_0006911c",$d,00000000
"00069120","|static|_FUN_001c0028_00069120",$d,00000000
"00069124","|static|_FUN_001c0030_00069124",$d,00000000
"0006912c","|static|_FUN_001bff80_0006912c",$d,00000000
"00069130","|static|_FUN_001c0008_00069130",$d,00000000
"00069134","|static|_FUN_001c0010_00069134",$d,00000000
"00069148","|static|_FUN_005db288_00069148",$d,00000000
"0006914c","|static|_FUN_00772388_0006914c",$d,00000000
"00069150","|static|_FUN_001bf28c_00069150",$d,00000000
"00069154","|static|_FUN_005d9084_00069154",$d,00000000
"00069158","|static|_FUN_002313c4_00069158",$d,00000000
"0006915c","|static|_FUN_0023a8b4_0006915c",$d,00000000
"00069160","|static|_FUN_0075ab50_00069160",$d,00000000
"00069164","|static|_FUN_00772610_00069164",$d,00000000
"00069168","|static|_FUN_005dc4d8_00069168",$d,00000000
"0006916c","|static|_FUN_0075ab40_0006916c",$d,00000000
"00069170","|static|_FUN_0075ab54_00069170",$d,00000000
"00069174","|static|_FUN_0075ab48_00069174",$d,00000000
"00069188","|static|_FUN_005f4b04_00069188",$d,00000000
"0006918c","|static|_FUN_005f4b24_0006918c",$d,00000000
"00069190","|static|_FUN_005f4b34_00069190",$d,00000000
"00069194","|static|_FUN_005f4b18_00069194",$d,00000000
"00069198","|static|_FUN_005f4b14_00069198",$d,00000000
"0006919c","|static|_FUN_005f4b20_0006919c",$d,00000000
"000691a0","|static|_FUN_005f4b44_000691a0",$d,00000000
"000691ac","|static|_FUN_00237218_000691ac",$d,00000000
"000691c4","|static|_FUN_005f4b54_000691c4",$d,00000000
"000691c8","|static|_FUN_005f4b1c_000691c8",$d,00000000
"000691cc","|static|_FUN_005f4b10_000691cc",$d,00000000
"000691d0","|static|_FUN_005f4b4c_000691d0",$d,00000000
"000691d4","|static|_FUN_005f4b48_000691d4",$d,00000000
"000691d8","|static|_FUN_005f4b68_000691d8",$d,00000000
"000691dc","|static|_FUN_005f4b64_000691dc",$d,00000000
"000691e0","|static|_FUN_005f4b70_000691e0",$d,00000000
"000691e4","|static|_FUN_005f4b78_000691e4",$d,00000000
"000691e8","|static|_FUN_005f4b60_000691e8",$d,00000000
"000691ec","|static|_FUN_005f4b58_000691ec",$d,00000000
"000691f0","|static|_FUN_005f4b5c_000691f0",$d,00000000
"000691f4","|static|_FUN_005f4b74_000691f4",$d,00000000
"000691f8","|static|_FUN_005f4b80_000691f8",$d,00000000
"000691fc","|static|_FUN_005f4b88_000691fc",$d,00000000
"00069200","|static|_FUN_005f4b7c_00069200",$d,00000000
"00069204","|static|_FUN_005f4b84_00069204",$d,00000000
"0006920c","|static|_FUN_0075ab68_0006920c",$d,00000000
"00069210","|static|_FUN_0075ab8c_00069210",$d,00000000
"00069214","|static|_FUN_0023a7e0_00069214",$d,00000000
"00069218","|static|_FUN_00237bd4_00069218",$d,00000000
"0006921c","|static|_FUN_00231520_0006921c",$d,00000000
"00069220","|static|_FUN_00230bb4_00069220",$d,00000000
"00069224","|static|_caseD_0_00069224",$d,00000000
"00069228","|static|_FUN_00236ca4_00069228",$d,00000000
"0006922c","|static|_LAB_00236d18_0006922c",$d,00000000
"00069230","|static|_FUN_00231270_00069230",$d,00000000
"00069234","|static|_FUN_00230aa0_00069234",$d,00000000
"00069238","|static|_FUN_005dd648_00069238",$d,00000000
"0006923c","|static|_FUN_005dd670_0006923c",$d,00000000
"00069240","|static|_FUN_00237f10_00069240",$d,00000000
"00069244","|static|_FUN_005dd65c_00069244",$d,00000000
"00069248","|static|_FUN_005dd560_00069248",$d,00000000
"0006924c","|static|_FUN_005dd64c_0006924c",$d,00000000
"00069250","|static|_FUN_005dd5a0_00069250",$d,00000000
"00069254","|static|_FUN_005dd638_00069254",$d,00000000
"0006925c","|static|_FUN_006036e4_0006925c",$d,00000000
"00069260","|static|_FUN_00230bb8_00069260",$d,00000000
"00069264","|static|_FUN_00231980_00069264",$d,00000000
"00069268","|static|_FUN_005dd674_00069268",$d,00000000
"0006926c","|static|_FUN_00238430_0006926c",$d,00000000
"00069270","|static|_FUN_002389ec_00069270",$d,00000000
"00069274","|static|_FUN_00713990_00069274",$d,00000000
"00069278","|static|_FUN_007139a8_00069278",$d,00000000
"0006927c","|static|_FUN_00230044_0006927c",$d,00000000
"00069280","|static|_FUN_0023135c_00069280",$d,00000000
"0006928c","|static|_FUN_00236f78_0006928c",$d,00000000
"00069290","|static|_FUN_00230e98_00069290",$d,00000000
"00069294","|static|_FUN_002313cc_00069294",$d,00000000
"00069298","|static|_FUN_0071bd90_00069298",$d,00000000
"0006929c","|static|_FUN_0029d960_0006929c",$d,00000000
"000692a0","|static|_FUN_0029da30_000692a0",$d,00000000
"000692a4","|static|_FUN_0023a8bc_000692a4",$d,00000000
"000692ac","|static|_FUN_00230830_000692ac",$d,00000000
"000692b0","|static|_FUN_002304b4_000692b0",$d,00000000
"000692b4","|static|_FUN_00230e90_000692b4",$d,00000000
"000692b8","|static|_FUN_0071bc3c_000692b8",$d,00000000
"000692bc","|static|_FUN_00238164_000692bc",$d,00000000
"000692cc","|static|_FUN_0029e114_000692cc",$d,00000000
"000692d0","|static|_FUN_0029e11c_000692d0",$d,00000000
"000692d4","|static|_FUN_0029e124_000692d4",$d,00000000
"000692d8","|static|_FUN_0029e12c_000692d8",$d,00000000
"000692dc","|static|_FUN_0029e134_000692dc",$d,00000000
"000692e0","|static|_FUN_0029e13c_000692e0",$d,00000000
"000692e4","|static|_FUN_0029e144_000692e4",$d,00000000
"000692e8","|static|_FUN_0029e14c_000692e8",$d,00000000
"000692fc","|static|_FUN_005db288_000692fc",$d,00000000
"00069300","|static|_FUN_0077292c_00069300",$d,00000000
"00069304","|static|_FUN_0077285c_00069304",$d,00000000
"00069308","|static|_FUN_005d9084_00069308",$d,00000000
"0006930c","|static|_FUN_002313c4_0006930c",$d,00000000
"00069310","|static|_FUN_0023a8b4_00069310",$d,00000000
"00069314","|static|_FUN_0075ab50_00069314",$d,00000000
"00069318","|static|_FUN_00772610_00069318",$d,00000000
"0006931c","|static|_FUN_005dc4d8_0006931c",$d,00000000
"00069320","|static|_FUN_0075ab40_00069320",$d,00000000
"00069324","|static|_FUN_0075ab54_00069324",$d,00000000
"00069328","|static|_FUN_0075ab48_00069328",$d,00000000
"0006933c","|static|_FUN_005f4b04_0006933c",$d,00000000
"00069340","|static|_FUN_005f4b24_00069340",$d,00000000
"00069344","|static|_FUN_005f4b34_00069344",$d,00000000
"00069348","|static|_FUN_005f4b18_00069348",$d,00000000
"0006934c","|static|_FUN_005f4b14_0006934c",$d,00000000
"00069350","|static|_FUN_005f4b20_00069350",$d,00000000
"00069354","|static|_FUN_005f4b44_00069354",$d,00000000
"00069360","|static|_FUN_00237218_00069360",$d,00000000
"00069378","|static|_FUN_005f4b54_00069378",$d,00000000
"0006937c","|static|_FUN_005f4b1c_0006937c",$d,00000000
"00069380","|static|_FUN_005f4b10_00069380",$d,00000000
"00069384","|static|_FUN_005f4b4c_00069384",$d,00000000
"00069388","|static|_FUN_005f4b48_00069388",$d,00000000
"0006938c","|static|_FUN_005f4b68_0006938c",$d,00000000
"00069390","|static|_FUN_005f4b64_00069390",$d,00000000
"00069394","|static|_FUN_005f4b70_00069394",$d,00000000
"00069398","|static|_FUN_005f4b78_00069398",$d,00000000
"0006939c","|static|_FUN_005f4b60_0006939c",$d,00000000
"000693a0","|static|_FUN_005f4b58_000693a0",$d,00000000
"000693a4","|static|_FUN_005f4b5c_000693a4",$d,00000000
"000693a8","|static|_FUN_005f4b74_000693a8",$d,00000000
"000693ac","|static|_FUN_005f4b80_000693ac",$d,00000000
"000693b0","|static|_FUN_005f4b88_000693b0",$d,00000000
"000693b4","|static|_FUN_005f4b7c_000693b4",$d,00000000
"000693b8","|static|_FUN_005f4b84_000693b8",$d,00000000
"000693c0","|static|_FUN_0075ab68_000693c0",$d,00000000
"000693c4","|static|_FUN_0075ab8c_000693c4",$d,00000000
"000693c8","|static|_FUN_0023a7e0_000693c8",$d,00000000
"000693cc","|static|_FUN_00237bd4_000693cc",$d,00000000
"000693d0","|static|_FUN_00231520_000693d0",$d,00000000
"000693d4","|static|_FUN_00230bb4_000693d4",$d,00000000
"000693d8","|static|_caseD_0_000693d8",$d,00000000
"000693dc","|static|_FUN_00236ca4_000693dc",$d,00000000
"000693e0","|static|_LAB_00236d18_000693e0",$d,00000000
"000693e4","|static|_FUN_00231270_000693e4",$d,00000000
"000693e8","|static|_FUN_00230aa0_000693e8",$d,00000000
"000693ec","|static|_FUN_005dd648_000693ec",$d,00000000
"000693f0","|static|_FUN_005dd670_000693f0",$d,00000000
"000693f4","|static|_FUN_00237f10_000693f4",$d,00000000
"000693f8","|static|_FUN_005dd65c_000693f8",$d,00000000
"000693fc","|static|_FUN_005dd560_000693fc",$d,00000000
"00069400","|static|_FUN_005dd64c_00069400",$d,00000000
"00069404","|static|_FUN_005dd5a0_00069404",$d,00000000
"00069408","|static|_FUN_005dd638_00069408",$d,00000000
"00069410","|static|_FUN_006036e4_00069410",$d,00000000
"00069414","|static|_FUN_00230bb8_00069414",$d,00000000
"00069418","|static|_FUN_00231980_00069418",$d,00000000
"0006941c","|static|_FUN_005dd674_0006941c",$d,00000000
"00069420","|static|_FUN_00238430_00069420",$d,00000000
"00069424","|static|_FUN_002389ec_00069424",$d,00000000
"00069428","|static|_FUN_00713990_00069428",$d,00000000
"0006942c","|static|_FUN_007139a8_0006942c",$d,00000000
"00069430","|static|_FUN_00230044_00069430",$d,00000000
"00069434","|static|_FUN_0023135c_00069434",$d,00000000
"0006943c","|static|_FUN_00237a1c_0006943c",$d,00000000
"00069440","|static|_FUN_00236f78_00069440",$d,00000000
"00069444","|static|_FUN_00230e98_00069444",$d,00000000
"00069448","|static|_FUN_002313cc_00069448",$d,00000000
"0006944c","|static|_FUN_0071bd90_0006944c",$d,00000000
"00069450","|static|_FUN_0029d960_00069450",$d,00000000
"00069454","|static|_FUN_0029da30_00069454",$d,00000000
"00069458","|static|_FUN_0023a8bc_00069458",$d,00000000
"00069460","|static|_FUN_00230830_00069460",$d,00000000
"00069464","|static|_FUN_002304b4_00069464",$d,00000000
"00069468","|static|_FUN_00230e90_00069468",$d,00000000
"0006946c","|static|_FUN_0071bc3c_0006946c",$d,00000000
"00069470","|static|_FUN_00238164_00069470",$d,00000000
"0006947c","|static|_FUN_0029e10c_0006947c",$d,00000000
"00069480","|static|_FUN_0029e114_00069480",$d,00000000
"00069484","|static|_FUN_0029e11c_00069484",$d,00000000
"00069488","|static|_FUN_0029e124_00069488",$d,00000000
"0006948c","|static|_FUN_0029e12c_0006948c",$d,00000000
"00069490","|static|_FUN_0029e134_00069490",$d,00000000
"00069494","|static|_FUN_0029e13c_00069494",$d,00000000
"00069498","|static|_FUN_0029e144_00069498",$d,00000000
"0006949c","|static|_FUN_0029e14c_0006949c",$d,00000000
"000694b0","|static|_FUN_005db288_000694b0",$d,00000000
"000694b4","|static|_FUN_0077292c_000694b4",$d,00000000
"000694b8","|static|_FUN_0077285c_000694b8",$d,00000000
"000694bc","|static|_FUN_005d9084_000694bc",$d,00000000
"000694c0","|static|_FUN_002313c4_000694c0",$d,00000000
"000694c4","|static|_FUN_0023a8b4_000694c4",$d,00000000
"000694c8","|static|_FUN_0075ab50_000694c8",$d,00000000
"000694cc","|static|_FUN_00772610_000694cc",$d,00000000
"000694d0","|static|_FUN_005dc4d8_000694d0",$d,00000000
"000694d4","|static|_FUN_0075ab40_000694d4",$d,00000000
"000694d8","|static|_FUN_0075ab54_000694d8",$d,00000000
"000694dc","|static|_FUN_0075ab48_000694dc",$d,00000000
"000694f0","|static|_FUN_005f4b04_000694f0",$d,00000000
"000694f4","|static|_FUN_005f4b24_000694f4",$d,00000000
"000694f8","|static|_FUN_005f4b34_000694f8",$d,00000000
"000694fc","|static|_FUN_005f4b18_000694fc",$d,00000000
"00069500","|static|_FUN_005f4b14_00069500",$d,00000000
"00069504","|static|_FUN_005f4b20_00069504",$d,00000000
"00069508","|static|_FUN_005f4b44_00069508",$d,00000000
"00069514","|static|_FUN_00237218_00069514",$d,00000000
"0006952c","|static|_FUN_005f4b54_0006952c",$d,00000000
"00069530","|static|_FUN_005f4b1c_00069530",$d,00000000
"00069534","|static|_FUN_005f4b10_00069534",$d,00000000
"00069538","|static|_FUN_005f4b4c_00069538",$d,00000000
"0006953c","|static|_FUN_005f4b48_0006953c",$d,00000000
"00069540","|static|_FUN_005f4b68_00069540",$d,00000000
"00069544","|static|_FUN_005f4b64_00069544",$d,00000000
"00069548","|static|_FUN_005f4b70_00069548",$d,00000000
"0006954c","|static|_FUN_005f4b78_0006954c",$d,00000000
"00069550","|static|_FUN_005f4b60_00069550",$d,00000000
"00069554","|static|_FUN_005f4b58_00069554",$d,00000000
"00069558","|static|_FUN_005f4b5c_00069558",$d,00000000
"0006955c","|static|_FUN_005f4b74_0006955c",$d,00000000
"00069560","|static|_FUN_005f4b80_00069560",$d,00000000
"00069564","|static|_FUN_005f4b88_00069564",$d,00000000
"00069568","|static|_FUN_005f4b7c_00069568",$d,00000000
"0006956c","|static|_FUN_005f4b84_0006956c",$d,00000000
"00069574","|static|_FUN_0075ab68_00069574",$d,00000000
"00069578","|static|_FUN_0075ab8c_00069578",$d,00000000
"0006957c","|static|_FUN_0023a7e0_0006957c",$d,00000000
"00069580","|static|_FUN_00237bd4_00069580",$d,00000000
"00069584","|static|_FUN_00231520_00069584",$d,00000000
"00069588","|static|_FUN_00230bb4_00069588",$d,00000000
"0006958c","|static|_caseD_0_0006958c",$d,00000000
"00069590","|static|_FUN_00236ca4_00069590",$d,00000000
"00069594","|static|_LAB_00236d18_00069594",$d,00000000
"00069598","|static|_FUN_00231270_00069598",$d,00000000
"0006959c","|static|_FUN_00230aa0_0006959c",$d,00000000
"000695a0","|static|_FUN_005dd648_000695a0",$d,00000000
"000695a4","|static|_FUN_005dd670_000695a4",$d,00000000
"000695a8","|static|_FUN_00237f10_000695a8",$d,00000000
"000695ac","|static|_FUN_005dd65c_000695ac",$d,00000000
"000695b0","|static|_FUN_005dd560_000695b0",$d,00000000
"000695b4","|static|_FUN_005dd64c_000695b4",$d,00000000
"000695b8","|static|_FUN_005dd5a0_000695b8",$d,00000000
"000695bc","|static|_FUN_005dd638_000695bc",$d,00000000
"000695c4","|static|_FUN_006036e4_000695c4",$d,00000000
"000695c8","|static|_FUN_00230bb8_000695c8",$d,00000000
"000695cc","|static|_FUN_00231980_000695cc",$d,00000000
"000695d0","|static|_FUN_005dd674_000695d0",$d,00000000
"000695d4","|static|_FUN_00238430_000695d4",$d,00000000
"000695d8","|static|_FUN_002389ec_000695d8",$d,00000000
"000695dc","|static|_FUN_00713990_000695dc",$d,00000000
"000695e0","|static|_FUN_007139a8_000695e0",$d,00000000
"000695e4","|static|_FUN_00230044_000695e4",$d,00000000
"000695e8","|static|_FUN_0023135c_000695e8",$d,00000000
"000695f4","|static|_FUN_00236f78_000695f4",$d,00000000
"000695f8","|static|_FUN_00230e98_000695f8",$d,00000000
"000695fc","|static|_FUN_002313cc_000695fc",$d,00000000
"00069600","|static|_FUN_0071bd90_00069600",$d,00000000
"00069604","|static|_FUN_0029d960_00069604",$d,00000000
"00069608","|static|_FUN_0029da30_00069608",$d,00000000
"0006960c","|static|_FUN_0023a8bc_0006960c",$d,00000000
"00069614","|static|_FUN_00230830_00069614",$d,00000000
"00069618","|static|_FUN_002304b4_00069618",$d,00000000
"00069620","|static|_FUN_0071bc3c_00069620",$d,00000000
"00069624","|static|_FUN_00238164_00069624",$d,00000000
"0006962c","|static|_FUN_0029e104_0006962c",$d,00000000
"00069630","|static|_FUN_0029e10c_00069630",$d,00000000
"00069634","|static|_FUN_0029e114_00069634",$d,00000000
"00069638","|static|_FUN_0029e11c_00069638",$d,00000000
"0006963c","|static|_FUN_0029e124_0006963c",$d,00000000
"00069640","|static|_FUN_0029e12c_00069640",$d,00000000
"00069644","|static|_FUN_0029e134_00069644",$d,00000000
"00069648","|static|_FUN_0029e13c_00069648",$d,00000000
"0006964c","|static|_FUN_0029e144_0006964c",$d,00000000
"00069650","|static|_FUN_0029e14c_00069650",$d,00000000
"00069664","|static|_FUN_005db288_00069664",$d,00000000
"00069668","|static|_FUN_0077292c_00069668",$d,00000000
"0006966c","|static|_FUN_0077285c_0006966c",$d,00000000
"00069670","|static|_FUN_005d9084_00069670",$d,00000000
"00069674","|static|_FUN_002313c4_00069674",$d,00000000
"00069678","|static|_FUN_0023a8b4_00069678",$d,00000000
"0006967c","|static|_FUN_0075ab50_0006967c",$d,00000000
"00069680","|static|_FUN_00772610_00069680",$d,00000000
"00069684","|static|_FUN_005dc4d8_00069684",$d,00000000
"00069688","|static|_FUN_0075ab40_00069688",$d,00000000
"0006968c","|static|_FUN_0075ab54_0006968c",$d,00000000
"00069690","|static|_FUN_0075ab48_00069690",$d,00000000
"000696a8","|static|_INVALID_|static|_TEXT:0001c117_000696a8",$d,00000000
"000696b8","|static|_INVALID_|static|_TEXT:0001c117_000696b8",$d,00000000
"000696c8","|static|_INVALID_|static|_TEXT:0001c117_000696c8",$d,00000000
"000696d8","|static|_INVALID_|static|_TEXT:0001c117_000696d8",$d,00000000
"000696e8","|static|_INVALID_|static|_TEXT:0001c117_000696e8",$d,00000000
"00069920","|static|_FUN_005fcf94_00069920",$d,00000000
"00069924","|static|_FUN_0075cc5c_00069924",$d,00000000
"00069928","|static|_FUN_0075cc44_00069928",$d,00000000
"00069930","|static|_FUN_005fcb20_00069930",$d,00000000
"00069938","|static|_FUN_005fceb0_00069938",$d,00000000
"00069944","|static|_FUN_0075b8a8_00069944",$d,00000000
"00069958","|static|_FUN_005fcf94_00069958",$d,00000000
"0006995c","|static|_FUN_0075cc5c_0006995c",$d,00000000
"00069960","|static|_FUN_0075cc44_00069960",$d,00000000
"00069968","|static|_FUN_005fcb20_00069968",$d,00000000
"00069970","|static|_FUN_005fceb0_00069970",$d,00000000
"0006997c","|static|_FUN_0075b8a8_0006997c",$d,00000000
"00069990","|static|_FUN_005fcf94_00069990",$d,00000000
"00069994","|static|_FUN_0075cc5c_00069994",$d,00000000
"00069998","|static|_FUN_0075cc44_00069998",$d,00000000
"000699a0","|static|_FUN_005fcb20_000699a0",$d,00000000
"000699a8","|static|_FUN_005fceb0_000699a8",$d,00000000
"000699b4","|static|_FUN_0075b8a8_000699b4",$d,00000000
"000699c8","|static|_FUN_005fcf94_000699c8",$d,00000000
"000699cc","|static|_FUN_0075cc5c_000699cc",$d,00000000
"000699d0","|static|_FUN_0075cc44_000699d0",$d,00000000
"000699d8","|static|_FUN_005fcb20_000699d8",$d,00000000
"000699e0","|static|_FUN_005fceb0_000699e0",$d,00000000
"000699ec","|static|_FUN_0075b8a8_000699ec",$d,00000000
"00069a00","|static|_FUN_005fcf94_00069a00",$d,00000000
"00069a04","|static|_FUN_0075cc5c_00069a04",$d,00000000
"00069a08","|static|_FUN_0075cc44_00069a08",$d,00000000
"00069a10","|static|_FUN_005fcb20_00069a10",$d,00000000
"00069a18","|static|_FUN_005fceb0_00069a18",$d,00000000
"00069a24","|static|_FUN_0075b8a8_00069a24",$d,00000000
"00069a38","|static|_FUN_005fcf94_00069a38",$d,00000000
"00069a3c","|static|_FUN_0075cc5c_00069a3c",$d,00000000
"00069a40","|static|_FUN_0075cc44_00069a40",$d,00000000
"00069a48","|static|_FUN_005fcb20_00069a48",$d,00000000
"00069a50","|static|_FUN_005fceb0_00069a50",$d,00000000
"00069a5c","|static|_FUN_0075b8a8_00069a5c",$d,00000000
"00069a74","|static|_FUN_005f4b24_00069a74",$d,00000000
"00069a78","|static|_FUN_005f4b34_00069a78",$d,00000000
"00069a7c","|static|_FUN_005f4b18_00069a7c",$d,00000000
"00069a80","|static|_FUN_005f4b14_00069a80",$d,00000000
"00069a84","|static|_FUN_005f4b20_00069a84",$d,00000000
"00069a88","|static|_FUN_005f4b44_00069a88",$d,00000000
"00069a8c","|static|_FUN_006398ec_00069a8c",$d,00000000
"00069a90","|static|_FUN_00639820_00069a90",$d,00000000
"00069a94","|static|_FUN_0063dd08_00069a94",$d,00000000
"00069a98","|static|_FUN_00634928_00069a98",$d,00000000
"00069a9c","|static|_FUN_00636c60_00069a9c",$d,00000000
"00069aa0","|static|_FUN_00643188_00069aa0",$d,00000000
"00069aa4","|static|_FUN_00634ba4_00069aa4",$d,00000000
"00069aa8","|static|_FUN_00639604_00069aa8",$d,00000000
"00069aac","|static|_FUN_006408e4_00069aac",$d,00000000
"00069ab0","|static|_FUN_006361b0_00069ab0",$d,00000000
"00069ab4","|static|_FUN_00634c34_00069ab4",$d,00000000
"00069ab8","|static|_FUN_005f4b4c_00069ab8",$d,00000000
"00069abc","|static|_FUN_005f4b48_00069abc",$d,00000000
"00069ac0","|static|_FUN_005f4b68_00069ac0",$d,00000000
"00069ac4","|static|_FUN_005f4b64_00069ac4",$d,00000000
"00069ac8","|static|_FUN_005f4b70_00069ac8",$d,00000000
"00069acc","|static|_FUN_005f4b78_00069acc",$d,00000000
"00069ad0","|static|_FUN_005f4b60_00069ad0",$d,00000000
"00069ad4","|static|_FUN_005f4b58_00069ad4",$d,00000000
"00069ad8","|static|_FUN_005f4b5c_00069ad8",$d,00000000
"00069adc","|static|_FUN_005f4b74_00069adc",$d,00000000
"00069ae0","|static|_FUN_005f4b80_00069ae0",$d,00000000
"00069ae4","|static|_FUN_005f4b88_00069ae4",$d,00000000
"00069ae8","|static|_FUN_005f4b7c_00069ae8",$d,00000000
"00069aec","|static|_FUN_005f4b84_00069aec",$d,00000000
"00069af0","|static|_FUN_00639508_00069af0",$d,00000000
"00069af4","|static|_FUN_0075ab68_00069af4",$d,00000000
"00069af8","|static|_FUN_0075ab8c_00069af8",$d,00000000
"00069afc","|static|_FUN_0023a7e0_00069afc",$d,00000000
"00069b00","|static|_FUN_00237bd4_00069b00",$d,00000000
"00069b0c","|static|_FUN_00635a40_00069b0c",$d,00000000
"00069b10","|static|_FUN_00639350_00069b10",$d,00000000
"00069b14","|static|_FUN_006393c4_00069b14",$d,00000000
"00069b18","|static|_FUN_00231270_00069b18",$d,00000000
"00069b1c","|static|_FUN_00230aa0_00069b1c",$d,00000000
"00069b20","|static|_FUN_0063c7a8_00069b20",$d,00000000
"00069b24","|static|_FUN_006406a8_00069b24",$d,00000000
"00069b2c","|static|_FUN_0063dc5c_00069b2c",$d,00000000
"00069b30","|static|_FUN_006343cc_00069b30",$d,00000000
"00069b34","|static|_FUN_0063c94c_00069b34",$d,00000000
"00069b38","|static|_FUN_005dd5a0_00069b38",$d,00000000
"00069b3c","|static|_FUN_00639598_00069b3c",$d,00000000
"00069b40","|static|_FUN_0064c1c0_00069b40",$d,00000000
"00069b44","|static|_FUN_006036e4_00069b44",$d,00000000
"00069b48","|static|_FUN_00230bb8_00069b48",$d,00000000
"00069b4c","|static|_FUN_00231980_00069b4c",$d,00000000
"00069b50","|static|_FUN_00640808_00069b50",$d,00000000
"00069b54","|static|_FUN_00238430_00069b54",$d,00000000
"00069b58","|static|_FUN_002389ec_00069b58",$d,00000000
"00069b5c","|static|_FUN_0076064c_00069b5c",$d,00000000
"00069b60","|static|_FUN_007139a8_00069b60",$d,00000000
"00069b64","|static|_FUN_00230044_00069b64",$d,00000000
"00069b68","|static|_FUN_00635aac_00069b68",$d,00000000
"00069b74","|static|_FUN_0063c3c4_00069b74",$d,00000000
"00069b78","|static|_FUN_00230e98_00069b78",$d,00000000
"00069b7c","|static|_FUN_002313cc_00069b7c",$d,00000000
"00069b80","|static|_FUN_00761bcc_00069b80",$d,00000000
"00069b8c","|static|_FUN_0023a8bc_00069b8c",$d,00000000
"00069b90","|static|_FUN_00649b28_00069b90",$d,00000000
"00069b9c","|static|_FUN_00230e90_00069b9c",$d,00000000
"00069ba4","|static|_FUN_00238164_00069ba4",$d,00000000
"00069ba8","|static|_FUN_00761074_00069ba8",$d,00000000
"00069bac","|static|_FUN_00760f4c_00069bac",$d,00000000
"00069bb0","|static|_FUN_007618d4_00069bb0",$d,00000000
"00069bb4","|static|_FUN_00760fcc_00069bb4",$d,00000000
"00069bb8","|static|_FUN_00643da0_00069bb8",$d,00000000
"00069bcc","|static|_FUN_005db288_00069bcc",$d,00000000
"00069bd8","|static|_FUN_005d9084_00069bd8",$d,00000000
"00069bdc","|static|_FUN_002313c4_00069bdc",$d,00000000
"00069be0","|static|_FUN_0023a8b4_00069be0",$d,00000000
"00069be4","|static|_FUN_0076106c_00069be4",$d,00000000
"00069bec","|static|_FUN_00772e8c_00069bec",$d,00000000
"00069bf0","|static|_FUN_00772fb4_00069bf0",$d,00000000
"00069bf4","|static|_FUN_007730d4_00069bf4",$d,00000000
"00069bf8","|static|_FUN_0077302c_00069bf8",$d,00000000
"00069c1c","|static|_FUN_005f4b24_00069c1c",$d,00000000
"00069c20","|static|_FUN_005f4b34_00069c20",$d,00000000
"00069c24","|static|_FUN_005f4b18_00069c24",$d,00000000
"00069c28","|static|_FUN_005f4b14_00069c28",$d,00000000
"00069c2c","|static|_FUN_005f4b20_00069c2c",$d,00000000
"00069c30","|static|_FUN_005f4b44_00069c30",$d,00000000
"00069c3c","|static|_FUN_00237218_00069c3c",$d,00000000
"00069c54","|static|_FUN_005f4b54_00069c54",$d,00000000
"00069c58","|static|_FUN_005f4b1c_00069c58",$d,00000000
"00069c5c","|static|_FUN_005f4b10_00069c5c",$d,00000000
"00069c60","|static|_FUN_005f4b4c_00069c60",$d,00000000
"00069c64","|static|_FUN_005f4b48_00069c64",$d,00000000
"00069c68","|static|_FUN_005f4b68_00069c68",$d,00000000
"00069c70","|static|_FUN_005f4b70_00069c70",$d,00000000
"00069c74","|static|_FUN_005f4b78_00069c74",$d,00000000
"00069c78","|static|_FUN_005f4b60_00069c78",$d,00000000
"00069c7c","|static|_FUN_005f4b58_00069c7c",$d,00000000
"00069c80","|static|_FUN_005f4b5c_00069c80",$d,00000000
"00069c84","|static|_FUN_005f4b74_00069c84",$d,00000000
"00069c88","|static|_FUN_005f4b80_00069c88",$d,00000000
"00069c8c","|static|_FUN_005f4b88_00069c8c",$d,00000000
"00069c90","|static|_FUN_005f4b7c_00069c90",$d,00000000
"00069c94","|static|_FUN_005f4b84_00069c94",$d,00000000
"00069c9c","|static|_FUN_0075ab68_00069c9c",$d,00000000
"00069ca0","|static|_FUN_0075ab8c_00069ca0",$d,00000000
"00069ca4","|static|_FUN_0023a7e0_00069ca4",$d,00000000
"00069ca8","|static|_FUN_00237bd4_00069ca8",$d,00000000
"00069cbc","|static|_LAB_00236d18_00069cbc",$d,00000000
"00069cc0","|static|_FUN_00231270_00069cc0",$d,00000000
"00069cc4","|static|_FUN_00230aa0_00069cc4",$d,00000000
"00069cc8","|static|_FUN_005dd648_00069cc8",$d,00000000
"00069cd4","|static|_FUN_005dd65c_00069cd4",$d,00000000
"00069cd8","|static|_FUN_005dd560_00069cd8",$d,00000000
"00069cdc","|static|_FUN_005dd64c_00069cdc",$d,00000000
"00069ce0","|static|_FUN_005dd5a0_00069ce0",$d,00000000
"00069ce4","|static|_FUN_005dd638_00069ce4",$d,00000000
"00069cec","|static|_FUN_006036e4_00069cec",$d,00000000
"00069cf0","|static|_FUN_00230bb8_00069cf0",$d,00000000
"00069cf4","|static|_FUN_00231980_00069cf4",$d,00000000
"00069cf8","|static|_FUN_005dd674_00069cf8",$d,00000000
"00069cfc","|static|_FUN_00238430_00069cfc",$d,00000000
"00069d00","|static|_FUN_002389ec_00069d00",$d,00000000
"00069d04","|static|_FUN_00713990_00069d04",$d,00000000
"00069d08","|static|_FUN_007139a8_00069d08",$d,00000000
"00069d0c","|static|_FUN_00230044_00069d0c",$d,00000000
"00069d18","|static|_FUN_00237a1c_00069d18",$d,00000000
"00069d1c","|static|_FUN_00236f78_00069d1c",$d,00000000
"00069d20","|static|_FUN_00230e98_00069d20",$d,00000000
"00069d24","|static|_FUN_002313cc_00069d24",$d,00000000
"00069d2c","|static|_FUN_0023014c_00069d2c",$d,00000000
"00069d34","|static|_FUN_0023a8bc_00069d34",$d,00000000
"00069d3c","|static|_FUN_00230830_00069d3c",$d,00000000
"00069d40","|static|_FUN_002304b4_00069d40",$d,00000000
"00069d44","|static|_FUN_00230e90_00069d44",$d,00000000
"00069d4c","|static|_FUN_00238164_00069d4c",$d,00000000
"00069d64","|static|_FUN_005db288_00069d64",$d,00000000
"00069d6c","|static|_FUN_00230144_00069d6c",$d,00000000
"00069d70","|static|_FUN_005d9084_00069d70",$d,00000000
"00069d74","|static|_FUN_002313c4_00069d74",$d,00000000
"00069d78","|static|_FUN_0023a8b4_00069d78",$d,00000000
"00069d80","|static|_FUN_00772610_00069d80",$d,00000000
"00069d84","|static|_FUN_005dc4d8_00069d84",$d,00000000
"00069d88","|static|_FUN_0075ab40_00069d88",$d,00000000
"00069d8c","|static|_FUN_0075ab54_00069d8c",$d,00000000
"00069d90","|static|_FUN_0075ab48_00069d90",$d,00000000
"0008e3f0","|static|_FUN_00616fb0_0008e3f0",$d,00000000
"0008e3f4","|static|_FUN_00616fc4_0008e3f4",$d,00000000
"0008e3fc","|static|_FUN_00616fb0_0008e3fc",$d,00000000
"0008e400","|static|_FUN_00616fc4_0008e400",$d,00000000
