Location,Name,Mode,Size
"00000180","FUN_0001e458_00000180",$a,00000004
"00000184","|static|_FUN_0056b0c0_00000184",$d,00000000
"00000188","FUN_00000188",$a,00000004
"0000018c","|static|_FUN_00565c10_0000018c",$d,00000000
"00000190","FUN_00000190",$a,00000004
"00000194","|static|_FUN_00565c90_00000194",$d,00000000
"00000198","FUN_00000198",$a,00000004
"0000019c","|static|_FUN_0056ade4_0000019c",$d,00000000
"000001a0","FUN_000001a0",$a,00000004
"000001a4","|static|_FUN_001e8c70_000001a4",$d,00000000
"000001a8","FUN_000001a8",$a,00000004
"000001ac","|static|_FUN_00565c34_000001ac",$d,00000000
"000001b0","FUN_000001b0",$a,00000004
"000001b4","|static|_FUN_0056a224_000001b4",$d,00000000
"000001b8","FUN_000001b8",$a,00000004
"000001bc","|static|_FUN_002fbe98_000001bc",$d,00000000
"000001c0","FUN_000001c0",$a,00000004
"000001c4","|static|_FUN_002fcd60_000001c4",$d,00000000
"000001c8","FUN_000001c8",$a,00000004
"000001cc","|static|_FUN_0027068c_000001cc",$d,00000000
"000001d4","|static|_LAB_00313ac8_000001d4",$d,00000000
"000001dc","|static|_FUN_002d58b0_000001dc",$d,00000000
"000001e0","FUN_000001e0",$a,00000004
"000001e4","|static|_FUN_007461b4_000001e4",$d,00000000
"000001e8","FUN_000001e8",$a,00000004
"000001ec","|static|_FUN_007460d0_000001ec",$d,00000000
"000001f0","FUN_000001f0",$a,00000004
"000001f4","|static|_FUN_002ff6f8_000001f4",$d,00000000
"000001f8","FUN_000001f8",$a,00000004
"000001fc","|static|_FUN_002e8cc8_000001fc",$d,00000000
"00000200","FUN_00000200",$a,00000004
"00000204","|static|_FUN_001e8cf4_00000204",$d,00000000
"0000020c","|static|_FUN_002d59a4_0000020c",$d,00000000
"00000210","FUN_00000210",$a,00000004
"00000214","|static|_FUN_002d596c_00000214",$d,00000000
"00000218","FUN_00000218",$a,00000004
"0000021c","|static|_FUN_002fcd48_0000021c",$d,00000000
"00000220","FUN_00000220",$a,00000004
"00000224","|static|_FUN_002d59d4_00000224",$d,00000000
"00000228","FUN_00000228",$a,00000004
"0000022c","|static|_FUN_0047df5c_0000022c",$d,00000000
"00000230","FUN_00000230",$a,00000004
"00000234","|static|_FUN_0047df24_00000234",$d,00000000
"00000238","FUN_00000238",$a,00000004
"0000023c","|static|_FUN_00745f8c_0000023c",$d,00000000
"00000240","FUN_00000240",$a,00000004
"00000244","|static|_FUN_007460b8_00000244",$d,00000000
"00000248","FUN_00000248",$a,00000004
"0000024c","|static|_FUN_002fbb30_0000024c",$d,00000000
"00000250","FUN_00000250",$a,00000004
"00000254","|static|_FUN_00565c00_00000254",$d,00000000
"00000258","FUN_00000258",$a,00000004
"0000025c","|static|_FUN_00567580_0000025c",$d,00000000
"00000260","FUN_00000260",$a,00000004
"00000264","|static|_FUN_0056747c_00000264",$d,00000000
"00000268","FUN_00000268",$a,00000004
"0000026c","|static|_FUN_005676b8_0000026c",$d,00000000
"00000270","FUN_00000270",$a,00000004
"00000274","|static|_FUN_002706ec_00000274",$d,00000000
"00000278","FUN_00000278",$a,00000004
"0000027c","|static|_FUN_005c2ce0_0000027c",$d,00000000
"00000280","FUN_00000280",$a,00000004
"00000284","|static|_FUN_007460e8_00000284",$d,00000000
"00000288","FUN_00000288",$a,00000004
"0000028c","|static|_FUN_002fbff8_0000028c",$d,00000000
"00000290","FUN_00000290",$a,00000004
"00000294","|static|_FUN_002fcc54_00000294",$d,00000000
"00000298","FUN_00000298",$a,00000004
"0000029c","|static|_FUN_001e8f3c_0000029c",$d,00000000
"000002a0","FUN_000002a0",$a,00000004
"000002a4","|static|_FUN_001e8fc4_000002a4",$d,00000000
"000002a8","FUN_000002a8",$a,00000004
"000002ac","|static|_FUN_001e8d58_000002ac",$d,00000000
"000002b0","FUN_000002b0",$a,00000004
"000002b4","|static|_thunk_FUN_00521ae0_000002b4",$d,00000000
"000002b8","FUN_000002b8",$a,00000004
"000002bc","|static|_FUN_005547e0_000002bc",$d,00000000
"000002c0","FUN_000002c0",$a,00000004
"000002c4","|static|_FUN_0014f3cc_000002c4",$d,00000000
"000002c8","FUN_000002c8",$a,00000004
"000002cc","|static|_FUN_0020714c_000002cc",$d,00000000
"000002d0","FUN_000002d0",$a,00000004
"000002d4","|static|_FUN_0054ed64_000002d4",$d,00000000
"000002d8","FUN_000002d8",$a,00000004
"000002dc","|static|_FUN_002075d4_000002dc",$d,00000000
"000002e0","FUN_000002e0",$a,00000004
"000002e4","|static|_FUN_003166a8_000002e4",$d,00000000
"000002ec","|static|_FUN_002e6944_000002ec",$d,00000000
"000002f0","FUN_000002f0",$a,00000004
"000002f4","|static|_FUN_0056b06c_000002f4",$d,00000000
"000002f8","FUN_000002f8",$a,00000004
"000002fc","|static|_SUB_00616e70_000002fc",$d,00000000
"00000300","FUN_00000300",$a,00000004
"00000304","|static|_FUN_005c1814_00000304",$d,00000000
"00000308","FUN_00000308",$a,00000004
"0000030c","|static|_FUN_0074619c_0000030c",$d,00000000
"00000310","FUN_00000310",$a,00000004
"00000314","|static|_FUN_0057b990_00000314",$d,00000000
"00000318","FUN_00000318",$a,00000004
"0000031c","|static|_FUN_0056af2c_0000031c",$d,00000000
"00000320","FUN_00000320",$a,00000004
"00000324","|static|_FUN_00284b48_00000324",$d,00000000
"00000328","FUN_00000328",$a,00000004
"0000032c","|static|_FUN_006a5e34_0000032c",$d,00000000
"00000330","FUN_00000330",$a,00000004
"00000334","|static|_FUN_00317148_00000334",$d,00000000
"00000338","FUN_00000338",$a,00000004
"0000033c","|static|_FUN_00752914_0000033c",$d,00000000
"00000340","FUN_00000340",$a,00000004
"00000344","|static|_FUN_0052f074_00000344",$d,00000000
"00000348","FUN_00000348",$a,00000004
"0000034c","ModuleIndoor_FUN_0001dcd8_0000034c",$d,00000000
"00000350","FUN_00000350",$a,00000004
"00000354","|static|_FUN_006055e0_00000354",$d,00000000
"00000358","FUN_00000358",$a,00000004
"0000035c","|static|_FUN_002fa9d0_0000035c",$d,00000000
"00000360","FUN_00000360",$a,00000004
"00000364","|static|_FUN_00736a1c_00000364",$d,00000000
"00000368","FUN_00000368",$a,00000004
"0000036c","|static|_FUN_004f1510_0000036c",$d,00000000
"00000370","FUN_00000370",$a,00000004
"00000374","|static|_FUN_004f11c0_00000374",$d,00000000
"00000378","FUN_00000378",$a,00000004
"0000037c","|static|_FUN_004f1374_0000037c",$d,00000000
"00000380","FUN_00000380",$a,00000004
"00000384","|static|_FUN_0054a644_00000384",$d,00000000
"00000388","FUN_00000388",$a,00000004
"0000038c","|static|_FUN_00544fec_0000038c",$d,00000000
"00000390","FUN_00000390",$a,00000004
"00000394","|static|_FUN_00544f18_00000394",$d,00000000
"00000398","FUN_00000398",$a,00000004
"0000039c","|static|_FUN_0053ffb8_0000039c",$d,00000000
"000003a0","FUN_000003a0",$a,00000004
"000003a4","|static|_FUN_004ec948_000003a4",$d,00000000
"000003a8","FUN_000003a8",$a,00000004
"000003ac","|static|_FUN_004f1034_000003ac",$d,00000000
"000003b0","FUN_000003b0",$a,00000004
"000003b4","|static|_FUN_006f9de8_000003b4",$d,00000000
"000003b8","FUN_000003b8",$a,00000004
"000003bc","|static|_FUN_0014ef20_000003bc",$d,00000000
"000003c0","FUN_000003c0",$a,00000004
"000003c4","|static|_FUN_004ee4c8_000003c4",$d,00000000
"000003c8","FUN_000003c8",$a,00000004
"000003cc","|static|_FUN_002f74c8_000003cc",$d,00000000
"000003d0","FUN_000003d0",$a,00000004
"000003d4","|static|_FUN_0031758c_000003d4",$d,00000000
"000003d8","FUN_000003d8",$a,00000004
"000003dc","|static|_FUN_002e6368_000003dc",$d,00000000
"000003e0","FUN_000003e0",$a,00000004
"000003e4","|static|_FUN_002f747c_000003e4",$d,00000000
"000003e8","FUN_000003e8",$a,00000004
"000003ec","|static|_FUN_004ee364_000003ec",$d,00000000
"000003f0","FUN_000003f0",$a,00000004
"000003f4","|static|_FUN_00744be4_000003f4",$d,00000000
"000003f8","FUN_000003f8",$a,00000004
"000003fc","|static|_FUN_004f1294_000003fc",$d,00000000
"00000400","FUN_00000400",$a,00000004
"00000404","|static|_FUN_002073dc_00000404",$d,00000000
"00000408","FUN_00000408",$a,00000004
"0000040c","|static|_FUN_002e62b4_0000040c",$d,00000000
"00000410","FUN_00000410",$a,00000004
"00000414","|static|_FUN_00307fdc_00000414",$d,00000000
"00000418","FUN_00000418",$a,00000004
"0000041c","|static|_FUN_00521a8c_0000041c",$d,00000000
"00000420","FUN_00000420",$a,00000004
"00000424","|static|_FUN_005673c8_00000424",$d,00000000
"00000428","FUN_00000428",$a,00000004
"0000042c","|static|_INVALID_|static|_TEXT:00201d0d_0000042c",$d,00000000
"00000430","FUN_00000430",$a,00000004
"00000434","|static|_FUN_002f825c_00000434",$d,00000000
"00000438","FUN_00000438",$a,00000004
"0000043c","|static|_INVALID_|static|_TEXT:001f76ad_0000043c",$d,00000000
"00000440","FUN_00000440",$a,00000004
"00000444","|static|_FUN_00317dec_00000444",$d,00000000
"0000044c","|static|_FUN_00521ae0_0000044c",$d,00000000
"00000450","FUN_00000450",$a,00000004
"00000454","|static|_FUN_004ed474_00000454",$d,00000000
"00000458","FUN_00000458",$a,00000004
"0000045c","|static|_FUN_002fbf80_0000045c",$d,00000000
"00000460","FUN_00000460",$a,00000004
"00000464","|static|_FUN_00745e20_00000464",$d,00000000
"00000468","FUN_00000468",$a,00000004
"0000046c","|static|_FUN_0014e910_0000046c",$d,00000000
"00000470","FUN_00000470",$a,00000004
"00000474","|static|_FUN_0074fbbc_00000474",$d,00000000
"00000478","FUN_00000478",$a,00000004
"0000047c","|static|_caseD_3_0000047c",$d,00000000
"00000480","FUN_00000480",$a,00000004
"00000484","|static|_FUN_00744ce4_00000484",$d,00000000
"00000488","FUN_00000488",$a,00000004
"0000048c","|static|_FUN_0057ba68_0000048c",$d,00000000
"00000490","FUN_00000490",$a,00000004
"00000494","|static|_FUN_0033f4ec_00000494",$d,00000000
"00000498","FUN_00000498",$a,00000004
"0000049c","|static|_FUN_00747b44_0000049c",$d,00000000
"000004a0","FUN_000004a0",$a,00000004
"000004a4","|static|_FUN_004edd20_000004a4",$d,00000000
"000004a8","FUN_000004a8",$a,00000004
"000004ac","|static|_FUN_0057b9dc_000004ac",$d,00000000
"000004b0","FUN_000004b0",$a,00000004
"000004b4","|static|_FUN_00565a4c_000004b4",$d,00000000
"000004b8","FUN_000004b8",$a,00000004
"000004bc","|static|_FUN_0033f430_000004bc",$d,00000000
"000004c4","|static|_FUN_001f4e44_000004c4",$d,00000000
"000004c8","FUN_000004c8",$a,00000004
"000004cc","|static|_FUN_0056b21c_000004cc",$d,00000000
"000004d0","FUN_000004d0",$a,00000004
"000004d4","|static|_FUN_002fb328_000004d4",$d,00000000
"000004d8","FUN_000004d8",$a,00000004
"000004dc","|static|_FUN_0076c808_000004dc",$d,00000000
"000004e0","FUN_000004e0",$a,00000004
"000004e4","|static|_FUN_006bbd54_000004e4",$d,00000000
"000004e8","FUN_000004e8",$a,00000004
"000004ec","|static|_FUN_0076bc84_000004ec",$d,00000000
"000004f0","FUN_000004f0",$a,00000004
"000004f4","|static|_FUN_002f777c_000004f4",$d,00000000
"000004f8","FUN_000004f8",$a,00000004
"000004fc","|static|_FUN_001f38d0_000004fc",$d,00000000
"00000500","FUN_00000500",$a,00000004
"00000504","|static|_FUN_0012c40c_00000504",$d,00000000
"00000508","FUN_00000508",$a,00000004
"0000050c","|static|_INVALID_|static|_TEXT:001fe7dd_0000050c",$d,00000000
"00000510","FUN_00000510",$a,00000004
"00000514","|static|_INVALID_|static|_TEXT:0001c115_00000514",$d,00000000
"00000518","FUN_00000518",$a,00000004
"0000051c","|static|_FUN_006165c4_0000051c",$d,00000000
"00000520","FUN_00000520",$a,00000004
"00000524","ModuleIndoor_FUN_0001e458_00000524",$d,00000000
"00000528","FUN_00000528",$a,00000004
"0000052c","|static|_FUN_002c44c0_0000052c",$d,00000000
"00000530","FUN_00000530",$a,00000004
"00000534","|static|_FUN_005210a8_00000534",$d,00000000
"00000538","FUN_00000538",$a,00000004
"0000053c","|static|_FUN_00711bdc_0000053c",$d,00000000
"00000540","FUN_00000540",$a,00000004
"00000544","|static|_FUN_00616c68_00000544",$d,00000000
"00000548","FUN_00000548",$a,00000004
"0000054c","|static|_FUN_0068f0ac_0000054c",$d,00000000
"00000550","FUN_00000550",$a,00000004
"00000554","|static|_FUN_001e90bc_00000554",$d,00000000
"00000558","FUN_00000558",$a,00000004
"0000055c","|static|_FUN_0056a178_0000055c",$d,00000000
"00000560","FUN_00000560",$a,00000004
"00000564","|static|_FUN_00565cc0_00000564",$d,00000000
"00000568","FUN_00000568",$a,00000004
"0000056c","|static|_FUN_0056a378_0000056c",$d,00000000
"00000570","FUN_00000570",$a,00000004
"00000574","|static|_FUN_002d59e8_00000574",$d,00000000
"00000578","FUN_00000578",$a,00000004
"0000057c","|static|_FUN_002f88b8_0000057c",$d,00000000
"00000580","FUN_00000580",$a,00000004
"00000584","|static|_FUN_003045a8_00000584",$d,00000000
"00000588","FUN_00000588",$a,00000004
"0000058c","|static|_FUN_00131280_0000058c",$d,00000000
"00000590","FUN_00000590",$a,00000004
"00000594","|static|_FUN_005c33cc_00000594",$d,00000000
"00000598","FUN_00000598",$a,00000004
"0000059c","|static|_FUN_006513b8_0000059c",$d,00000000
"000005a0","FUN_000005a0",$a,00000004
"000005a4","|static|_FUN_00317e2c_000005a4",$d,00000000
"000005a8","FUN_000005a8",$a,00000004
"000005ac","|static|_FUN_004ecf70_000005ac",$d,00000000
"000005b0","FUN_000005b0",$a,00000004
"000005b4","|static|_thunk_FUN_004ee514_000005b4",$d,00000000
"000005b8","FUN_000005b8",$a,00000004
"000005bc","|static|_FUN_00567614_000005bc",$d,00000000
"000005c0","FUN_000005c0",$a,00000004
"000005c4","|static|_FUN_001e90e4_000005c4",$d,00000000
"000005cc","|static|_LAB_0057ba24_000005cc",$d,00000000
"000005d0","FUN_000005d0",$a,00000004
"000005d4","|static|_FUN_004ed570_000005d4",$d,00000000
"000005d8","FUN_000005d8",$a,00000004
"000005dc","|static|_FUN_00615964_000005dc",$d,00000000
"000005e0","FUN_000005e0",$a,00000004
"000005e4","|static|_FUN_002fd108_000005e4",$d,00000000
"000005e8","FUN_000005e8",$a,00000004
"000005ec","|static|_FUN_0012ca54_000005ec",$d,00000000
"000005f0","FUN_000005f0",$a,00000004
"000005f4","|static|_FUN_00125b3c_000005f4",$d,00000000
"000005fc","|static|_FUN_004f0e54_000005fc",$d,00000000
"00000604","|static|_FUN_002ffb64_00000604",$d,00000000
"00000608","FUN_00000608",$a,00000004
"0000060c","|static|_FUN_0013864c_0000060c",$d,00000000
"00000610","FUN_00000610",$a,00000004
"00000614","|static|_FUN_0013bb84_00000614",$d,00000000
"0000061c","|static|_FUN_00711a04_0000061c",$d,00000000
"00000624","|static|_FUN_002fc934_00000624",$d,00000000
"0000062c","|static|_FUN_0016d7f4_0000062c",$d,00000000
"00000630","FUN_00000630",$a,00000004
"00000634","|static|_FUN_00521a10_00000634",$d,00000000
"00000638","FUN_00000638",$a,00000004
"0000063c","|static|_LAB_00521a30_0000063c",$d,00000000
"00000640","FUN_00000640",$a,0000013c
"0000077c","|static|_DAT_0086a2c8_0000077c",$d,00000000
"000007a4","FUN_000007a4",$a,000001c0
"00000cc0","FUN_00000cc0",$a,0000004c
"00000d0c","|static|_DAT_0086a2c8_00000d0c",$d,00000000
"00001198","FUN_00001198",$a,0000007c
"0000122c","FUN_0000122c",$a,000000d8
"00001314","FUN_00001314",$a,000000a4
"000013dc","FUN_000013dc",$a,0000014c
"00001528","|static|_DAT_0086a2c8_00001528",$d,00000000
"00001550","FUN_00001550",$a,000001d8
"00001740","FUN_00001740",$a,00000100
"0000185c","FUN_0000185c",$a,0000004c
"000018a8","|static|_DAT_0086a2c8_000018a8",$d,00000000
"000018c4","FUN_000018c4",$a,00000098
"000019b4","FUN_000019b4",$a,0000007c
"00001a48","FUN_00001a48",$a,000000e4
"00001b44","FUN_00001b44",$a,00000090
"00001ca8","|static|_DAT_0086a2c8_00001ca8",$d,00000000
"00001cd4","FUN_00001cd4",$a,00000130
"00001e24","FUN_00001e24",$a,00000028
"00001e5c","FUN_00001e5c",$a,0000004c
"00001ea8","|static|_DAT_0086a2c8_00001ea8",$d,00000000
"00001eb0","FUN_00001eb0",$a,00000024
"00001ed8","FUN_00001ed8",$a,000000d0
"00002074","FUN_00002074",$a,0000008c
"00002124","FUN_00002124",$a,00000148
"0000226c","|static|_DAT_0086a2c8_0000226c",$d,00000000
"0000227c","FUN_0000227c",$a,000000f0
"00002370","FUN_00002370",$a,00000080
"000023f8","FUN_000023f8",$a,0000008c
"00002488","|static|_DAT_0086a2c8_00002488",$d,00000000
"00002494","FUN_00002494",$a,00000140
"0000265c","FUN_0000265c",$a,00000078
"0000275c","FUN_0000275c",$a,0000006c
"000027cc","FUN_000027cc",$a,000000d4
"000028a0","FUN_000028a0",$a,00000098
"00002a9c","|static|_DAT_0086a2c8_00002a9c",$d,00000000
"00002ab0","FUN_00002ab0",$a,00000074
"00002b2c","FUN_00002b2c",$a,0000006c
"00002b98","|static|_DAT_0086a2c8_00002b98",$d,00000000
"00002ba0","|static|_DAT_008ae144_00002ba0",$d,00000000
"00002bcc","FUN_00002bcc",$a,00000028
"00002c50","FUN_00002c50",$a,0000006c
"00002cd8","FUN_00002cd8",$a,00000040
"00002d18","FUN_00002d18",$a,00000024
"00002d5c","FUN_00002d5c",$a,00000024
"00002dac","FUN_00002dac",$a,00000060
"00002e10","FUN_00002e10",$a,00000070
"00002f30","FUN_00002f30",$a,00000160
"00003180","|static|_DAT_0086a2c8_00003180",$d,00000000
"00003190","FUN_00003190",$a,000001dc
"00003380","FUN_00003380",$a,000000cc
"0000345c","FUN_0000345c",$a,00000050
"000034ac","|static|_DAT_0086a2c8_000034ac",$d,00000000
"00003600","FUN_00003600",$a,00000050
"00003668","FUN_00003668",$a,0000007c
"000036fc","FUN_000036fc",$a,000000c0
"000037c8","FUN_000037c8",$a,00000084
"000038f8","FUN_000038f8",$a,00000134
"00003a2c","|static|_DAT_0086a2c8_00003a2c",$d,00000000
"00003a58","FUN_00003a58",$a,000001c8
"00003c20","FUN_00003c20",$a,00000220
"00003e70","FUN_00003e70",$a,0000004c
"00003ebc","|static|_DAT_0086a2c8_00003ebc",$d,00000000
"00003ec4","FUN_00003ec4",$a,000000d0
"00003f98","FUN_00003f98",$a,0000007c
"0000402c","FUN_0000402c",$a,000000d4
"00004108","|static|_DAT_008ae144_00004108",$d,00000000
"0000411c","FUN_0000411c",$a,0000007c
"000041d0","FUN_000041d0",$a,0000016c
"0000433c","|static|_DAT_0086a2c8_0000433c",$d,00000000
"00004354","FUN_00004354",$a,000001ec
"00004550","FUN_00004550",$a,00000120
"00004670","FUN_00004670",$a,000000f0
"00004760","FUN_00004760",$a,00000044
"000047b0","FUN_000047b0",$a,00000048
"000047f8","|static|_DAT_0086a2c8_000047f8",$d,00000000
"00004818","FUN_00004818",$a,00000098
"00004954","FUN_00004954",$a,00000078
"000049e0","FUN_000049e0",$a,000000b4
"00004aa0","FUN_00004aa0",$a,00000090
"00004c14","FUN_00004c14",$a,00000014
"00004c28","FUN_00004c28",$a,0000009c
"00004cc4","|static|_DAT_00ae5664_00004cc4",$d,00000000
"00004cc8","|static|_DAT_00975bee_00004cc8",$d,00000000
"00004ccc","FUN_00004ccc",$a,0000002c
"00004cfc","FUN_00004cfc",$a,00000068
"00004d70","FUN_00004d70",$a,00000040
"00004e00","FUN_00004e00",$a,00000158
"00004f58","FUN_00004f58",$a,00000144
"0000509c","|static|_DAT_0086a2c8_0000509c",$d,00000000
"000050d0","FUN_000050d0",$a,000001c8
"00005298","FUN_00005298",$a,00000118
"000053c0","FUN_000053c0",$a,000000b0
"00005474","FUN_00005474",$a,00000128
"000054f8","FUN_000054f8",$a,00000050
"00005548","|static|_DAT_0086a2c8_00005548",$d,00000000
"00005550","FUN_00005550",$a,000001c8
"0000572c","FUN_0000572c",$a,00000024
"00005774","FUN_00005774",$a,0000009c
"00005824","FUN_00005824",$a,0000007c
"000058b8","FUN_000058b8",$a,000000c4
"00005984","FUN_00005984",$a,000000a4
"00005a4c","FUN_00005a4c",$a,00000124
"00005b70","|static|_DAT_0086a2c8_00005b70",$d,00000000
"00005b94","FUN_00005b94",$a,00000084
"00005c18","|static|_DAT_0085f2cc_00005c18",$d,00000000
"00005c38","FUN_00005c38",$a,000001e8
"00005e28","|static|_DAT_0085f2cc_00005e28",$d,00000000
"00005e38","FUN_00005e38",$a,000000f0
"00005f34","FUN_00005f34",$a,000000d0
"00006004","|static|_DAT_0085f2cc_00006004",$d,00000000
"00006010","FUN_00006010",$a,0000002c
"00006038","FUN_00006038",$a,000000ac
"00006104","FUN_00006104",$a,00000050
"00006154","|static|_DAT_0086a2c8_00006154",$d,00000000
"000063ac","FUN_000063ac",$a,000000ac
"00006524","FUN_00006524",$a,0000007c
"000065a4","FUN_000065a4",$a,00000028
"000065d4","FUN_000065d4",$a,0000021c
"000067f4","|static|_DAT_0085f2cc_000067f4",$d,00000000
"00006824","FUN_00006824",$a,00000098
"000068dc","FUN_000068dc",$a,00000074
"00006a64","FUN_00006a64",$a,000000ec
"00006b60","FUN_00006b60",$a,00000090
"00006bfc","FUN_00006bfc",$a,000000b0
"00006cd0","FUN_00006cd0",$a,00000080
"00006d58","FUN_00006d58",$a,000000a4
"00006e14","FUN_00006e14",$a,00000060
"00006e9c","FUN_00006e9c",$a,00000038
"00006f3c","FUN_00006f3c",$a,00000080
"00006fc0","FUN_00006fc0",$a,00000070
"00007030","FUN_00007030",$a,0000009c
"000072ec","|static|_DAT_0086a2c8_000072ec",$d,00000000
"00007300","FUN_00007300",$a,0000016c
"000073dc","FUN_000073dc",$a,000000d8
"000074c4","FUN_000074c4",$a,0000004c
"00007510","|static|_DAT_0086a2c8_00007510",$d,00000000
"000075bc","FUN_000075bc",$a,0000007c
"00007650","FUN_00007650",$a,00000070
"000076c4","FUN_000076c4",$a,00000078
"000077e4","FUN_000077e4",$a,000005c8
"00007c44","|static|_DAT_008c9f1c_00007c44",$d,00000000
"00007dec","FUN_00007dec",$a,00000194
"00007f80","|static|_DAT_00952c3c_00007f80",$d,00000000
"00007fb0","FUN_00007fb0",$a,000000b8
"00008078","FUN_00008078",$a,000001e4
"0000825c","|static|_DAT_0094edd8_0000825c",$d,00000000
"00008260","FUN_00008260",$a,00000120
"00008384","|static|_DAT_00ae5664_00008384",$d,00000000
"00008388","|static|_DAT_00975bee_00008388",$d,00000000
"00008390","FUN_00008390",$a,00000088
"0000841c","|static|_FUN_004edd3c_0000841c",$d,00000000
"00008420","|static|_FUN_004ecb80_00008420",$d,00000000
"00008494","|static|_FUN_004ecbe0_00008494",$d,00000000
"00008498","|static|_thunk_FUN_004ee514_00008498",$d,00000000
"0000849c","FUN_0000849c",$a,000000a0
"0000853c","FUN_0000853c",$a,00000150
"0000868c","|static|_DAT_0086a2c8_0000868c",$d,00000000
"000086b4","FUN_000086b4",$a,00000030
"000086e4","FUN_000086e4",$a,000001b8
"000088b4","FUN_000088b4",$a,000000fc
"000089c8","FUN_000089c8",$a,00000064
"00008a2c","|static|_DAT_0086a2c8_00008a2c",$d,00000000
"00008bc0","|static|_DAT_0086a2c8_00008bc0",$d,00000000
"00008c44","FUN_00008c44",$a,0000007c
"00008cd8","FUN_00008cd8",$a,00000138
"00008e2c","FUN_00008e2c",$a,000000b0
"00008f04","FUN_00008f04",$a,000000a0
"00008fa4","FUN_00008fa4",$a,00000154
"000090f8","|static|_DAT_0086a2c8_000090f8",$d,00000000
"00009114","FUN_00009114",$a,00000030
"00009144","FUN_00009144",$a,00000030
"00009174","FUN_00009174",$a,00000138
"000092bc","FUN_000092bc",$a,000000a8
"00009368","FUN_00009368",$a,00000074
"000093ec","FUN_000093ec",$a,00000050
"0000943c","|static|_DAT_0086a2c8_0000943c",$d,00000000
"00009480","FUN_00009480",$a,000000e0
"000095a4","FUN_000095a4",$a,0000007c
"00009638","FUN_00009638",$a,000000dc
"0000972c","FUN_0000972c",$a,00000090
"0000986c","FUN_0000986c",$a,00000144
"000099b0","|static|_DAT_0086a2c8_000099b0",$d,00000000
"000099e4","FUN_000099e4",$a,00000264
"00009c7c","FUN_00009c7c",$a,000000a8
"00009d48","FUN_00009d48",$a,00000050
"00009d98","|static|_DAT_0086a2c8_00009d98",$d,00000000
"00009ebc","FUN_00009ebc",$a,0000007c
"00009f50","FUN_00009f50",$a,000000ac
"0000a010","FUN_0000a010",$a,0000009c
"0000a13c","|static|_DAT_00952c3c_0000a13c",$d,00000000
"0000a168","FUN_0000a168",$a,000000a0
"0000a230","FUN_0000a230",$a,000000b8
"0000a308","FUN_0000a308",$a,00000098
"0000a3a0","|static|_DAT_0094edd8_0000a3a0",$d,00000000
"0000a3bc","FUN_0000a3bc",$a,00000030
"0000a3ec","FUN_0000a3ec",$a,00000088
"0000a474","FUN_0000a474",$a,0000005c
"0000a5c8","|static|_DAT_00952c3c_0000a5c8",$d,00000000
"0000a5f4","FUN_0000a5f4",$a,00000024
"0000a618","FUN_0000a618",$a,00000178
"0000a798","FUN_0000a798",$a,00000100
"0000a898","|static|_DAT_0094edd8_0000a898",$d,00000000
"0000a89c","FUN_0000a89c",$a,00000030
"0000a8cc","FUN_0000a8cc",$a,00000058
"0000a99c","FUN_0000a99c",$a,00000058
"0000aa00","FUN_0000aa00",$a,0000010c
"0000ab20","|static|_DAT_00887208_0000ab20",$d,00000000
"0000ab24","FUN_0000ab24",$a,0000011c
"0000ac48","FUN_0000ac48",$a,00000048
"0000ac90","FUN_0000ac90",$a,00000070
"0000ad10","FUN_0000ad10",$a,00000064
"0000ad7c","FUN_0000ad7c",$a,000000bc
"0000ae54","FUN_0000ae54",$a,0000009c
"0000aef4","FUN_0000aef4",$a,00000040
"0000af38","FUN_0000af38",$a,00000060
"0000afb0","FUN_0000afb0",$a,00000028
"0000afd8","FUN_0000afd8",$a,00000058
"0000b0b8","FUN_0000b0b8",$a,00000048
"0000b104","FUN_0000b104",$a,00000070
"0000b1c4","FUN_0000b1c4",$a,00000088
"0000b2d8","FUN_0000b2d8",$a,0000008c
"0000b378","FUN_0000b378",$a,0000008c
"0000b420","FUN_0000b420",$a,000000a4
"0000b4d0","FUN_0000b4d0",$a,0000003c
"0000b518","FUN_0000b518",$a,0000003c
"0000b560","FUN_0000b560",$a,00000038
"0000b598","FUN_0000b598",$a,0000002c
"0000b5c8","FUN_0000b5c8",$a,0000002c
"0000b658","FUN_0000b658",$a,00000070
"0000b6cc","FUN_0000b6cc",$a,00000070
"0000b73c","FUN_0000b73c",$a,00000074
"0000b8f8","FUN_0000b8f8",$a,000000d4
"0000b9d8","FUN_0000b9d8",$a,00000050
"0000ba28","FUN_0000ba28",$a,00000090
"0000bad4","FUN_0000bad4",$a,00000080
"0000bb5c","FUN_0000bb5c",$a,0000006c
"0000bbd8","FUN_0000bbd8",$a,00000040
"0000bc44","FUN_0000bc44",$a,00000038
"0000bcb0","FUN_0000bcb0",$a,0000020c
"0000bee8","FUN_0000bee8",$a,000000ac
"0000bf94","FUN_0000bf94",$a,00000068
"0000c0dc","FUN_0000c0dc",$a,0000002c
"0000c120","FUN_0000c120",$a,00000058
"0000c188","FUN_0000c188",$a,0000016c
"0000c1c0","switchD_0000c1b8::switchdataD_0000c1c0",$d,00000000
"0000c314","FUN_0000c314",$a,0000000c
"0000c324","FUN_0000c324",$a,000000d0
"0000c3f8","FUN_0000c3f8",$a,00000044
"0000c440","FUN_0000c440",$a,00000060
"0000c4a4","FUN_0000c4a4",$a,00000068
"0000c560","FUN_0000c560",$a,00000144
"0000c6ac","|static|_ModuleMusFish_FUN_000089c8_0000c6ac",$d,00000000
"0000c6b0","|static|_DAT_009b4fb0_0000c6b0",$d,00000000
"0000c6b4","FUN_0000c6b4",$a,000002b4
"0000c970","|static|_DAT_008ae144_0000c970",$d,00000000
"0000c98c","|static|_DAT_008871ce_0000c98c",$d,00000000
"0000c9a0","FUN_0000c9a0",$a,000001a0
"0000cb6c","|static|_DAT_00975338_0000cb6c",$d,00000000
"0000cb74","FUN_0000cb74",$a,00000020
"0000cb94","FUN_0000cb94",$a,00000334
"0000cee4","|static|_DAT_0088720c_0000cee4",$d,00000000
"0000cf68","FUN_0000cf68",$a,00000230
"0000d1bc","FUN_0000d1bc",$a,00000364
"0000d1fc","switchD_0000d1f4::switchdataD_0000d1fc",$d,00000000
"0000d540","FUN_0000d540",$a,000002ac
"0000d7f0","|static|_DAT_00952c3c_0000d7f0",$d,00000000
"0000d80c","|static|_DAT_008ae144_0000d80c",$d,00000000
"0000d814","|static|_DAT_008871f6_0000d814",$d,00000000
"0000d81c","|static|_DAT_00887218_0000d81c",$d,00000000
"0000d820","FUN_0000d820",$a,00000194
"0000d9b4","FUN_0000d9b4",$a,000000e4
"0000da9c","FUN_0000da9c",$a,00000044
"0000dae0","FUN_0000dae0",$a,000000d4
"0000dc2c","|static|_DAT_0094edd8_0000dc2c",$d,00000000
"0000dc30","FUN_0000dc30",$a,00000114
"0000dd4c","FUN_0000dd4c",$a,000000cc
"0000de18","|static|_DAT_0086a2c8_0000de18",$d,00000000
"0000de1c","FUN_0000de1c",$a,000000d0
"0000def0","FUN_0000def0",$a,000000ac
"0000dfac","FUN_0000dfac",$a,000002f0
"0000e2b8","FUN_0000e2b8",$a,000001d4
"0000e490","FUN_0000e490",$a,00000104
"0000e598","FUN_0000e598",$a,000002ec
"0000e894","FUN_0000e894",$a,00000198
"0000ea38","FUN_0000ea38",$a,00000060
"0000eaa4","FUN_0000eaa4",$a,000000d0
"0000eb78","FUN_0000eb78",$a,00000078
"0000ec00","FUN_0000ec00",$a,00000064
"0000ec68","|static|_FUN_004ecbe0_0000ec68",$d,00000000
"0000ec6c","|static|_thunk_FUN_004ee514_0000ec6c",$d,00000000
"0000ec70","FUN_0000ec70",$a,00000040
"0000ecb0","FUN_0000ecb0",$a,00000394
"0000f060","FUN_0000f060",$a,000000d0
"0000f134","FUN_0000f134",$a,000000dc
"0000f228","FUN_0000f228",$a,00000060
"0000f294","FUN_0000f294",$a,0000007c
"0000f310","FUN_0000f310",$a,00000110
"0000f428","FUN_0000f428",$a,000000d0
"0000f504","FUN_0000f504",$a,00000064
"0000f570","FUN_0000f570",$a,000000d0
"0000f644","FUN_0000f644",$a,000000d0
"0000f720","FUN_0000f720",$a,00000060
"0000f78c","FUN_0000f78c",$a,000000d0
"0000f860","FUN_0000f860",$a,000000b0
"0000f91c","FUN_0000f91c",$a,00000030
"0000f954","FUN_0000f954",$a,0000002c
"0000f988","FUN_0000f988",$a,00000024
"0000f9ac","FUN_0000f9ac",$a,000001e0
"0000fba0","FUN_0000fba0",$a,00000150
"0000fcf0","FUN_0000fcf0",$a,00000080
"0000fd74","FUN_0000fd74",$a,00000084
"0000fdf8","|static|_DAT_00975338_0000fdf8",$d,00000000
"0000fdfc","FUN_0000fdfc",$a,00000030
"0000fe2c","FUN_0000fe2c",$a,00000078
"0000fea4","FUN_0000fea4",$a,00000018
"0000febc","FUN_0000febc",$a,00000020
"0000fedc","FUN_0000fedc",$a,00000070
"0000ff4c","FUN_0000ff4c",$a,000000d0
"00010020","FUN_00010020",$a,000000d0
"000100f4","FUN_000100f4",$a,000000d0
"000101c8","FUN_000101c8",$a,000000e8
"000102b4","FUN_000102b4",$a,00000054
"00010308","FUN_00010308",$a,000000a0
"000103a8","|static|_DAT_008f6cb4_000103a8",$d,00000000
"000103ac","|static|_DAT_008f4a6c_000103ac",$d,00000000
"000103b0","|static|_DAT_008f427c_000103b0",$d,00000000
"000103bc","FUN_000103bc",$a,00000060
"00010428","FUN_00010428",$a,00000084
"000104b8","FUN_000104b8",$a,000000d0
"0001058c","FUN_0001058c",$a,000000b8
"00010648","FUN_00010648",$a,000000d0
"00010724","FUN_00010724",$a,00000060
"00010790","FUN_00010790",$a,00000090
"00010820","FUN_00010820",$a,00000160
"00010980","|static|_DAT_0086a2c8_00010980",$d,00000000
"0001098c","FUN_0001098c",$a,000000d0
"00010b00","FUN_00010b00",$a,000000d0
"00010bd4","FUN_00010bd4",$a,000000d0
"00010cb0","FUN_00010cb0",$a,0000006c
"00010d28","FUN_00010d28",$a,00000074
"00010da4","FUN_00010da4",$a,000000d0
"00010e80","FUN_00010e80",$a,00000060
"00010fa8","FUN_00010fa8",$a,000000d0
"0001107c","FUN_0001107c",$a,000000d0
"00011158","FUN_00011158",$a,00000060
"000111c4","FUN_000111c4",$a,00000054
"0001121c","FUN_0001121c",$a,00000010
"0001122c","FUN_0001122c",$a,000002e0
"0001151c","FUN_0001151c",$a,00000170
"00011690","FUN_00011690",$a,0000008c
"00011720","FUN_00011720",$a,00000128
"0001184c","|static|_DAT_0086a2c8_0001184c",$d,00000000
"00011854","FUN_00011854",$a,00000074
"000118c8","FUN_000118c8",$a,00000210
"00011920","switchD_00011918::switchdataD_00011920",$d,00000000
"00011b18","FUN_00011b18",$a,000000dc
"00011c04","FUN_00011c04",$a,000000d0
"00011cd8","FUN_00011cd8",$a,000000d0
"00011dac","FUN_00011dac",$a,00000044
"00011df0","FUN_00011df0",$a,00000048
"00011e40","FUN_00011e40",$a,0000002c
"00011e6c","FUN_00011e6c",$a,00000030
"00011e9c","FUN_00011e9c",$a,000000d0
"00011f78","FUN_00011f78",$a,00000064
"00011fe4","FUN_00011fe4",$a,00000024
"00012010","FUN_00012010",$a,0000004c
"00012068","FUN_00012068",$a,00000060
"000120d4","FUN_000120d4",$a,00000080
"00012154","FUN_00012154",$a,00000108
"0001225c","|static|_DAT_0086a2c8_0001225c",$d,00000000
"00012268","FUN_00012268",$a,000000d0
"0001233c","FUN_0001233c",$a,00000024
"0001236c","FUN_0001236c",$a,00000060
"000123d8","FUN_000123d8",$a,00000028
"00012408","FUN_00012408",$a,00000048
"00012454","FUN_00012454",$a,0000019c
"000125fc","FUN_000125fc",$a,00000118
"00012718","FUN_00012718",$a,000000b8
"000127d4","FUN_000127d4",$a,00000074
"00012850","FUN_00012850",$a,000000d0
"00012924","FUN_00012924",$a,0000004c
"00012970","FUN_00012970",$a,00000094
"00012a08","|static|_DAT_0086a2c8_00012a08",$d,00000000
"00012a10","FUN_00012a10",$a,00000094
"00012aa4","FUN_00012aa4",$a,00000098
"00012b44","|static|_DAT_0086a2c8_00012b44",$d,00000000
"00012b4c","FUN_00012b4c",$a,000000f0
"00012c3c","|static|_DAT_0086a2c8_00012c3c",$d,00000000
"00012c4c","FUN_00012c4c",$a,0000003c
"00012d20","|static|_DAT_0086a2c8_00012d20",$d,00000000
"00012d24","|static|_DAT_00952c3c_00012d24",$d,00000000
"00012d6c","FUN_00012d6c",$a,00000070
"00012de0","FUN_00012de0",$a,00000140
"00012f20","FUN_00012f20",$a,000000d4
"00013018","FUN_00013018",$a,00000030
"00013048","FUN_00013048",$a,000000b0
"00013104","FUN_00013104",$a,00000040
"000131b0","|static|_DAT_00952c3c_000131b0",$d,00000000
"000131bc","FUN_000131bc",$a,0000003c
"0001325c","FUN_0001325c",$a,00000060
"000132bc","FUN_000132bc",$a,00000060
"00013320","FUN_00013320",$a,00000070
"00013438","FUN_00013438",$a,00000130
"00013568","|static|_DAT_0086a2c8_00013568",$d,00000000
"00013594","FUN_00013594",$a,000001c8
"0001375c","FUN_0001375c",$a,00000190
"000138fc","FUN_000138fc",$a,000000f0
"000139f8","FUN_000139f8",$a,00000074
"00013a78","FUN_00013a78",$a,00000050
"00013ac8","|static|_DAT_0086a2c8_00013ac8",$d,00000000
"00013af8","FUN_00013af8",$a,000000ac
"00013bf4","FUN_00013bf4",$a,00000088
"00013c94","FUN_00013c94",$a,000002a8
"00013f74","FUN_00013f74",$a,000000a4
"0001413c","FUN_0001413c",$a,00000148
"000142a0","FUN_000142a0",$a,000000c0
"0001436c","FUN_0001436c",$a,000000c4
"00014450","FUN_00014450",$a,00000080
"000144d8","FUN_000144d8",$a,00000074
"0001455c","FUN_0001455c",$a,00000054
"000145dc","FUN_000145dc",$a,00000038
"00014648","FUN_00014648",$a,000000e4
"00014738","FUN_00014738",$a,000000ac
"000147e4","FUN_000147e4",$a,00000068
"0001496c","FUN_0001496c",$a,00000114
"00014ac4","FUN_00014ac4",$a,00000108
"00014be0","FUN_00014be0",$a,00000080
"00014c68","FUN_00014c68",$a,00000068
"00014cdc","FUN_00014cdc",$a,000000d0
"00014de4","FUN_00014de4",$a,0000006c
"00014e54","FUN_00014e54",$a,00000098
"00015018","FUN_00015018",$a,00000110
"00015138","FUN_00015138",$a,00000060
"000151a4","FUN_000151a4",$a,0000008c
"00015238","FUN_00015238",$a,0000007c
"000152bc","FUN_000152bc",$a,00000028
"00015310","FUN_00015310",$a,00000060
"00015374","FUN_00015374",$a,00000088
"000153fc","FUN_000153fc",$a,00000070
"000154d4","FUN_000154d4",$a,00000130
"00015604","|static|_DAT_0086a2c8_00015604",$d,00000000
"00015630","FUN_00015630",$a,000001c8
"000157f8","FUN_000157f8",$a,000001d0
"000159d4","FUN_000159d4",$a,00000128
"00015b10","FUN_00015b10",$a,00000064
"00015b74","|static|_DAT_0086a2c8_00015b74",$d,00000000
"00015cec","FUN_00015cec",$a,000000c4
"00015dbc","FUN_00015dbc",$a,0000007c
"00015e50","FUN_00015e50",$a,000000ec
"00015f44","FUN_00015f44",$a,000000c4
"00016010","FUN_00016010",$a,00000090
"000161f8","|static|_DAT_0086a2c8_000161f8",$d,00000000
"00016208","FUN_00016208",$a,000001f8
"0001640c","FUN_0001640c",$a,00000090
"000164a4","FUN_000164a4",$a,0000004c
"000164f0","|static|_DAT_0086a2c8_000164f0",$d,00000000
"00016568","FUN_00016568",$a,0000007c
"000165fc","FUN_000165fc",$a,0000007c
"0001667c","FUN_0001667c",$a,0000009c
"000167c8","FUN_000167c8",$a,00000014
"000167f0","FUN_000167f0",$a,0000015c
"00016954","|static|_DAT_008ae144_00016954",$d,00000000
"00016958","|static|_ModuleMusFish_FUN_000089c8_00016958",$d,00000000
"0001695c","|static|_DAT_009b4fb0_0001695c",$d,00000000
"00016960","FUN_00016960",$a,00000310
"00016c74","|static|_DAT_00952c3c_00016c74",$d,00000000
"00016cdc","|static|_DAT_0088720c_00016cdc",$d,00000000
"00016ce4","|static|_DAT_00887218_00016ce4",$d,00000000
"00016ce8","FUN_00016ce8",$a,00000034
"00016d1c","FUN_00016d1c",$a,000000bc
"00016ddc","FUN_00016ddc",$a,0000007c
"00016f00","|static|_DAT_008f427c_00016f00",$d,00000000
"00016f38","|static|_DAT_008f427c_00016f38",$d,00000000
"00016f40","FUN_00016f40",$a,00000060
"00016f9c","|static|_DAT_008f4a6c_00016f9c",$d,00000000
"00016fa0","FUN_00016fa0",$a,00000058
"00016ff8","|static|_DAT_008f4a6c_00016ff8",$d,00000000
"00017000","FUN_00017000",$a,0000011c
"0001711c","|static|_DAT_0086a2c8_0001711c",$d,00000000
"00017140","FUN_00017140",$a,000001b0
"00017318","FUN_00017318",$a,00000068
"0001738c","FUN_0001738c",$a,00000050
"000173dc","|static|_DAT_0086a2c8_000173dc",$d,00000000
"000174f4","FUN_000174f4",$a,0000007c
"00017588","FUN_00017588",$a,0000009c
"00017630","FUN_00017630",$a,00000084
"000176f8","FUN_000176f8",$a,000000bc
"000177b4","FUN_000177b4",$a,000000bc
"00017a74","FUN_00017a74",$a,00000028
"00017d8c","FUN_00017d8c",$a,00000024
"00017db0","FUN_00017db0",$a,000000bc
"00017edc","FUN_00017edc",$a,00000078
"00017f5c","FUN_00017f5c",$a,000002a4
"0001820c","FUN_0001820c",$a,00000180
"00018390","FUN_00018390",$a,0000003c
"00018428","FUN_00018428",$a,00000034
"00018464","FUN_00018464",$a,00000434
"000188ec","FUN_000188ec",$a,000000e8
"000189dc","FUN_000189dc",$a,00000228
"00018c10","FUN_00018c10",$a,000000e0
"00018da0","FUN_00018da0",$a,00000198
"00018f38","FUN_00018f38",$a,00000190
"000190c8","|static|_DAT_0086a2c8_000190c8",$d,00000000
"000190f0","FUN_000190f0",$a,00000120
"00019224","FUN_00019224",$a,00000040
"00019264","FUN_00019264",$a,0000006c
"000192e0","FUN_000192e0",$a,00000050
"00019330","|static|_DAT_0086a2c8_00019330",$d,00000000
"00019338","FUN_00019338",$a,000001e4
"00019530","FUN_00019530",$a,00000088
"000195e8","FUN_000195e8",$a,00000110
"0001971c","FUN_0001971c",$a,0000007c
"000197b0","FUN_000197b0",$a,000000c4
"00019880","FUN_00019880",$a,00000008
"00019888","FUN_00019888",$a,000000b0
"000199e4","FUN_000199e4",$a,00000114
"00019af8","|static|_DAT_0086a2c8_00019af8",$d,00000000
"00019b08","FUN_00019b08",$a,00000198
"00019cc0","FUN_00019cc0",$a,00000050
"00019d10","|static|_DAT_0086a2c8_00019d10",$d,00000000
"00019d18","FUN_00019d18",$a,00000120
"00019e48","FUN_00019e48",$a,00000004
"00019e4c","FUN_00019e4c",$a,000000d0
"00019f20","FUN_00019f20",$a,00000078
"00019fac","FUN_00019fac",$a,00000100
"0001a0c4","FUN_0001a0c4",$a,00000090
"0001a160","FUN_0001a160",$a,00000090
"0001a3e0","|static|_DAT_0086a2c8_0001a3e0",$d,00000000
"0001a6c8","FUN_0001a6c8",$a,00000058
"0001a720","FUN_0001a720",$a,00000048
"0001a768","FUN_0001a768",$a,00000058
"0001a7c0","FUN_0001a7c0",$a,00000078
"0001a838","FUN_0001a838",$a,00000058
"0001a890","FUN_0001a890",$a,00000048
"0001a8d8","FUN_0001a8d8",$a,00000058
"0001a930","FUN_0001a930",$a,00000048
"0001a988","|static|_DAT_0095bfdc_0001a988",$d,00000000
"0001aafc","FUN_0001aafc",$a,00000084
"0001b324","FUN_0001b324",$a,0000005c
"0001b4c4","FUN_0001b4c4",$a,0000002c
"0001ce40","FUN_0001ce40",$a,00000038
"0001ce7c","FUN_0001ce7c",$a,00000034
"0001ceb4","FUN_0001ceb4",$a,0000002c
"0001cee4","FUN_0001cee4",$a,00000028
"0001cf10","FUN_0001cf10",$a,0000002c
"0001cf40","FUN_0001cf40",$a,00000028
"0001cf6c","FUN_0001cf6c",$a,00000054
"0001cfc8","FUN_0001cfc8",$a,00000050
"0001d020","FUN_0001d020",$a,0000002c
"0001d050","FUN_0001d050",$a,00000028
"0001d0b8","FUN_0001d0b8",$a,00000054
"0001d114","FUN_0001d114",$a,00000050
"0001d4ac","|static|_DAT_008f427c_0001d4ac",$d,00000000
"0001d4f0","|static|_DAT_008f427c_0001d4f0",$d,00000000
"0001d4f4","FUN_0001d4f4",$a,00000068
"0001d55c","|static|_DAT_008f4a6c_0001d55c",$d,00000000
"0001d560","FUN_0001d560",$a,00000064
"0001d5c4","|static|_DAT_008f4a6c_0001d5c4",$d,00000000
"0001d5c8","FUN_0001d5c8",$a,00000020
"0001d638","FUN_0001d638",$a,00000054
"0001d694","FUN_0001d694",$a,00000050
"0001d6ec","FUN_0001d6ec",$a,00000054
"0001d748","FUN_0001d748",$a,00000050
"0001d7a8","FUN_0001d7a8",$a,00000034
"0001d81c","FUN_0001d81c",$a,00000064
"0001d898","FUN_0001d898",$a,00000070
"0001d908","|static|_DAT_00952c3c_0001d908",$d,00000000
"0001d914","FUN_0001d914",$a,00000070
"0001d984","|static|_DAT_00952c3c_0001d984",$d,00000000
"0001d990","FUN_0001d990",$a,000000a8
"0001da38","|static|_DAT_0086a2c8_0001da38",$d,00000000
"0001da3c","|static|_DAT_00952c3c_0001da3c",$d,00000000
"0001da44","FUN_0001da44",$a,00000070
"0001dab4","|static|_DAT_00952c3c_0001dab4",$d,00000000
"0001db70","FUN_0001db70",$a,0000074c
"0001e478","|static|_DAT_0085f2cc_0001e478",$d,00000000
"0001e4b0","FUN_0001e4b0",$a,000001d0
"0001e748","nnroControlObject__0001e748",$a,00000074
"0001e75c","switchD_0001e754::switchdataD_0001e75c",$d,00000000
"0001e7f4","OnExit_0001e7f4",$d,00000001
"0001e7f8","OnLoad_0001e7f8",$d,00000001
"0001e7fc","OnUnresolved_0001e7fc",$d,00000001
"0001e814","FUN_0001e814",$a,0000009c
"0001e8b0","FUN_0001e8b0",$a,000000f8
"0001e9ac","FUN_0001e9ac",$a,00000018
"0001e9c4","|static|_DAT_008c9f1c_0001e9c4",$d,00000000
"0001f328","|static|_DAT_008ca38c_0001f328",$d,00000000
"0001f334","|static|_FUN_0057ba40_0001f334",$d,00000000
"0001f338","|static|_FUN_001f4c9c_0001f338",$d,00000000
"0001f33c","|static|_LAB_0057b988_0001f33c",$d,00000000
"0001f340","|static|_FUN_0057ba54_0001f340",$d,00000000
"0001f344","|static|_FUN_001f4e44_0001f344",$d,00000000
"0001f348","|static|_FUN_0057b98c_0001f348",$d,00000000
"0001f34c","|static|_FUN_0057b990_0001f34c",$d,00000000
"0001f350","|static|_FUN_001f4dc0_0001f350",$d,00000000
"0001f354","|static|_LAB_0057ba24_0001f354",$d,00000000
"0001f358","|static|_FUN_001f4e30_0001f358",$d,00000000
"0001f35c","|static|_FUN_001f4ae4_0001f35c",$d,00000000
"0001f360","|static|_FUN_00521a38_0001f360",$d,00000000
"0001f364","|static|_FUN_00521064_0001f364",$d,00000000
"0001f370","|static|_FUN_007119f8_0001f370",$d,00000000
"0001f374","|static|_INVALID_|static|_TEXT:0001c117_0001f374",$d,00000000
"0001f380","|static|_FUN_001f3ce0_0001f380",$d,00000000
"0001f384","|static|_FUN_001e8cd0_0001f384",$d,00000000
"0001f388","|static|_FUN_001e8cf4_0001f388",$d,00000000
"0001f390","|static|_FUN_001f4b6c_0001f390",$d,00000000
"0001f394","|static|_FUN_00711a04_0001f394",$d,00000000
"0001f39c","|static|_INVALID_|static|_TEXT:0001c117_0001f39c",$d,00000000
"0001f3a0","|static|_FUN_001f4e94_0001f3a0",$d,00000000
"0001f3a4","|static|_FUN_001f4fc8_0001f3a4",$d,00000000
"0001f3ac","|static|_FUN_001f4a68_0001f3ac",$d,00000000
"0001f3b8","|static|_FUN_001e8d84_0001f3b8",$d,00000000
"0001f3bc","|static|_FUN_001e9020_0001f3bc",$d,00000000
"0001f3c0","|static|_INVALID_|static|_TEXT:0001c117_0001f3c0",$d,00000000
"0001f3c4","|static|_INVALID_|static|_TEXT:0001c117_0001f3c4",$d,00000000
"0001f3d0","|static|_DAT_008ca3d0_0001f3d0",$d,00000000
"0001f3dc","|static|_FUN_0057ba40_0001f3dc",$d,00000000
"0001f3e0","|static|_FUN_001f4c9c_0001f3e0",$d,00000000
"0001f3e4","|static|_LAB_0057b988_0001f3e4",$d,00000000
"0001f3e8","|static|_FUN_0057ba54_0001f3e8",$d,00000000
"0001f3ec","|static|_FUN_001f4e44_0001f3ec",$d,00000000
"0001f3f0","|static|_FUN_0057b98c_0001f3f0",$d,00000000
"0001f3f4","|static|_FUN_0057b990_0001f3f4",$d,00000000
"0001f3f8","|static|_FUN_001f4dc0_0001f3f8",$d,00000000
"0001f3fc","|static|_LAB_0057ba24_0001f3fc",$d,00000000
"0001f400","|static|_FUN_001f4e30_0001f400",$d,00000000
"0001f404","|static|_FUN_001f4ae4_0001f404",$d,00000000
"0001f408","|static|_FUN_00521a38_0001f408",$d,00000000
"0001f40c","|static|_FUN_00521064_0001f40c",$d,00000000
"0001f418","|static|_INVALID_|static|_TEXT:0001c117_0001f418",$d,00000000
"0001f41c","|static|_INVALID_|static|_TEXT:0001c117_0001f41c",$d,00000000
"0001f428","|static|_FUN_001f3ce0_0001f428",$d,00000000
"0001f42c","|static|_INVALID_|static|_TEXT:0001c117_0001f42c",$d,00000000
"0001f430","|static|_INVALID_|static|_TEXT:0001c117_0001f430",$d,00000000
"0001f438","|static|_FUN_001f4b6c_0001f438",$d,00000000
"0001f43c","|static|_INVALID_|static|_TEXT:0001c117_0001f43c",$d,00000000
"0001f444","|static|_INVALID_|static|_TEXT:0001c117_0001f444",$d,00000000
"0001f448","|static|_FUN_001f4e94_0001f448",$d,00000000
"0001f44c","|static|_FUN_001f4fc8_0001f44c",$d,00000000
"0001f454","|static|_FUN_001f4a68_0001f454",$d,00000000
"0001f48c","|static|_DAT_008ca3d0_0001f48c",$d,00000000
"0001f498","|static|_INVALID_|static|_TEXT:0001c117_0001f498",$d,00000000
"0001f49c","|static|_INVALID_|static|_TEXT:0001c117_0001f49c",$d,00000000
"0001f4a0","|static|_INVALID_|static|_TEXT:0001c117_0001f4a0",$d,00000000
"0001f4a4","|static|_INVALID_|static|_TEXT:0001c117_0001f4a4",$d,00000000
"0001f4a8","|static|_INVALID_|static|_TEXT:0001c117_0001f4a8",$d,00000000
"0001f4ac","|static|_INVALID_|static|_TEXT:0001c117_0001f4ac",$d,00000000
"0001f4b4","|static|_FUN_002705fc_0001f4b4",$d,00000000
"0001f4b8","|static|_FUN_0027066c_0001f4b8",$d,00000000
"0001f4e8","|static|_DAT_008ca38c_0001f4e8",$d,00000000
"0001f4f4","|static|_INVALID_|static|_TEXT:0001c117_0001f4f4",$d,00000000
"0001f4f8","|static|_INVALID_|static|_TEXT:0001c117_0001f4f8",$d,00000000
"0001f4fc","|static|_INVALID_|static|_TEXT:0001c117_0001f4fc",$d,00000000
"0001f500","|static|_INVALID_|static|_TEXT:0001c117_0001f500",$d,00000000
"0001f504","|static|_INVALID_|static|_TEXT:0001c117_0001f504",$d,00000000
"0001f508","|static|_INVALID_|static|_TEXT:0001c117_0001f508",$d,00000000
"0001f510","|static|_FUN_002705fc_0001f510",$d,00000000
"0001f514","|static|_FUN_0027066c_0001f514",$d,00000000
"0001f520","|static|_DAT_008cc070_0001f520",$d,00000000
"0001f52c","|static|_FUN_002fc024_0001f52c",$d,00000000
"0001f530","|static|_FUN_00321840_0001f530",$d,00000000
"0001f534","|static|_FUN_003217a0_0001f534",$d,00000000
"0001f548","|static|_FUN_0033f430_0001f548",$d,00000000
"0001f558","|static|_DAT_008cbc04_0001f558",$d,00000000
"0001f564","|static|_FUN_002fc024_0001f564",$d,00000000
"0001f568","|static|_FUN_00321840_0001f568",$d,00000000
"0001f56c","|static|_FUN_003217a0_0001f56c",$d,00000000
"0001f580","|static|_FUN_003217d4_0001f580",$d,00000000
"0001f590","|static|_DAT_008cba60_0001f590",$d,00000000
"0001f59c","|static|_FUN_002fc024_0001f59c",$d,00000000
"0001f5a0","|static|_FUN_002fcb58_0001f5a0",$d,00000000
"0001f5a4","|static|_FUN_002fbe58_0001f5a4",$d,00000000
"0001f5e4","|static|_DAT_008cba60_0001f5e4",$d,00000000
"0001f5f0","|static|_FUN_002fc014_0001f5f0",$d,00000000
"0001f5f4","|static|_FUN_00778f8c_0001f5f4",$d,00000000
"0001f5f8","|static|_FUN_00779114_0001f5f8",$d,00000000
"0001f604","|static|_INVALID_|static|_TEXT:0001c117_0001f604",$d,00000000
"0001f60c","|static|_FUN_002705fc_0001f60c",$d,00000000
"0001f610","|static|_FUN_0027066c_0001f610",$d,00000000
"0001f640","|static|_DAT_008cbc04_0001f640",$d,00000000
"0001f64c","|static|_FUN_002fc014_0001f64c",$d,00000000
"0001f650","|static|_FUN_00779038_0001f650",$d,00000000
"0001f654","|static|_FUN_00779148_0001f654",$d,00000000
"0001f660","|static|_FUN_00779398_0001f660",$d,00000000
"0001f668","|static|_FUN_002705fc_0001f668",$d,00000000
"0001f66c","|static|_FUN_0027066c_0001f66c",$d,00000000
"0001f69c","|static|_DAT_008cc070_0001f69c",$d,00000000
"0001f6a8","|static|_FUN_002fc014_0001f6a8",$d,00000000
"0001f6ac","|static|_FUN_00779038_0001f6ac",$d,00000000
"0001f6b0","|static|_FUN_00779148_0001f6b0",$d,00000000
"0001f6bc","|static|_FUN_0033f420_0001f6bc",$d,00000000
"0001f6c4","|static|_FUN_002705fc_0001f6c4",$d,00000000
"0001f6c8","|static|_FUN_0027066c_0001f6c8",$d,00000000
"0001f6e0","|static|_FUN_0057ba40_0001f6e0",$d,00000000
"0001f6e4","|static|_FUN_001f4c9c_0001f6e4",$d,00000000
"0001f6e8","|static|_LAB_0057b988_0001f6e8",$d,00000000
"0001f6ec","|static|_FUN_0057ba54_0001f6ec",$d,00000000
"0001f6f0","|static|_FUN_001f4e44_0001f6f0",$d,00000000
"0001f6f4","|static|_FUN_0057b98c_0001f6f4",$d,00000000
"0001f6fc","|static|_FUN_001f4dc0_0001f6fc",$d,00000000
"0001f704","|static|_FUN_001f4e30_0001f704",$d,00000000
"0001f708","|static|_FUN_001f4ae4_0001f708",$d,00000000
"0001f70c","|static|_FUN_00521a38_0001f70c",$d,00000000
"0001f710","|static|_FUN_00521064_0001f710",$d,00000000
"0001f71c","|static|_FUN_007119f8_0001f71c",$d,00000000
"0001f720","|static|_INVALID_|static|_TEXT:0001c117_0001f720",$d,00000000
"0001f730","|static|_FUN_001e8cd0_0001f730",$d,00000000
"0001f734","|static|_FUN_001e8cf4_0001f734",$d,00000000
"0001f740","|static|_FUN_00711a04_0001f740",$d,00000000
"0001f748","|static|_INVALID_|static|_TEXT:0001c117_0001f748",$d,00000000
"0001f750","|static|_FUN_001f4fc8_0001f750",$d,00000000
"0001f764","|static|_FUN_001e8d84_0001f764",$d,00000000
"0001f768","|static|_FUN_001e9020_0001f768",$d,00000000
"0001f774","|static|_INVALID_|static|_TEXT:0001c117_0001f774",$d,00000000
"0001f798","|static|_DAT_008ca38c_0001f798",$d,00000000
"0001f7a4","|static|_FUN_0057ba40_0001f7a4",$d,00000000
"0001f7a8","|static|_FUN_001f4c9c_0001f7a8",$d,00000000
"0001f7ac","|static|_LAB_0057b988_0001f7ac",$d,00000000
"0001f7b0","|static|_FUN_0057ba54_0001f7b0",$d,00000000
"0001f7b4","|static|_FUN_001f4e44_0001f7b4",$d,00000000
"0001f7b8","|static|_FUN_0057b98c_0001f7b8",$d,00000000
"0001f7bc","|static|_FUN_0057b990_0001f7bc",$d,00000000
"0001f7c0","|static|_FUN_001f4dc0_0001f7c0",$d,00000000
"0001f7c4","|static|_LAB_0057ba24_0001f7c4",$d,00000000
"0001f7c8","|static|_FUN_001f4e30_0001f7c8",$d,00000000
"0001f7cc","|static|_FUN_001f4ae4_0001f7cc",$d,00000000
"0001f7d0","|static|_FUN_00521a38_0001f7d0",$d,00000000
"0001f7d4","|static|_FUN_00521064_0001f7d4",$d,00000000
"0001f7e0","|static|_FUN_007119f8_0001f7e0",$d,00000000
"0001f7e4","|static|_INVALID_|static|_TEXT:0001c117_0001f7e4",$d,00000000
"0001f7f0","|static|_FUN_001f3ce0_0001f7f0",$d,00000000
"0001f7f4","|static|_FUN_001e8cd0_0001f7f4",$d,00000000
"0001f7f8","|static|_FUN_001e8cf4_0001f7f8",$d,00000000
"0001f800","|static|_FUN_001f4b6c_0001f800",$d,00000000
"0001f804","|static|_FUN_00711a04_0001f804",$d,00000000
"0001f80c","|static|_INVALID_|static|_TEXT:0001c117_0001f80c",$d,00000000
"0001f810","|static|_FUN_001f4e94_0001f810",$d,00000000
"0001f814","|static|_FUN_001f4fc8_0001f814",$d,00000000
"0001f81c","|static|_FUN_001f4a68_0001f81c",$d,00000000
"0001f828","|static|_FUN_001e8d84_0001f828",$d,00000000
"0001f82c","|static|_FUN_001e9020_0001f82c",$d,00000000
"0001f830","|static|_INVALID_|static|_TEXT:0001c117_0001f830",$d,00000000
"0001f834","|static|_INVALID_|static|_TEXT:0001c117_0001f834",$d,00000000
"0001f840","|static|_DAT_008ca3d0_0001f840",$d,00000000
"0001f84c","|static|_FUN_0057ba40_0001f84c",$d,00000000
"0001f850","|static|_FUN_001f4c9c_0001f850",$d,00000000
"0001f854","|static|_LAB_0057b988_0001f854",$d,00000000
"0001f858","|static|_FUN_0057ba54_0001f858",$d,00000000
"0001f85c","|static|_FUN_001f4e44_0001f85c",$d,00000000
"0001f860","|static|_FUN_0057b98c_0001f860",$d,00000000
"0001f864","|static|_FUN_0057b990_0001f864",$d,00000000
"0001f868","|static|_FUN_001f4dc0_0001f868",$d,00000000
"0001f86c","|static|_LAB_0057ba24_0001f86c",$d,00000000
"0001f870","|static|_FUN_001f4e30_0001f870",$d,00000000
"0001f874","|static|_FUN_001f4ae4_0001f874",$d,00000000
"0001f878","|static|_FUN_00521a38_0001f878",$d,00000000
"0001f87c","|static|_FUN_00521064_0001f87c",$d,00000000
"0001f888","|static|_INVALID_|static|_TEXT:0001c117_0001f888",$d,00000000
"0001f88c","|static|_INVALID_|static|_TEXT:0001c117_0001f88c",$d,00000000
"0001f898","|static|_FUN_001f3ce0_0001f898",$d,00000000
"0001f89c","|static|_INVALID_|static|_TEXT:0001c117_0001f89c",$d,00000000
"0001f8a0","|static|_INVALID_|static|_TEXT:0001c117_0001f8a0",$d,00000000
"0001f8a8","|static|_FUN_001f4b6c_0001f8a8",$d,00000000
"0001f8ac","|static|_INVALID_|static|_TEXT:0001c117_0001f8ac",$d,00000000
"0001f8b4","|static|_INVALID_|static|_TEXT:0001c117_0001f8b4",$d,00000000
"0001f8b8","|static|_FUN_001f4e94_0001f8b8",$d,00000000
"0001f8bc","|static|_FUN_001f4fc8_0001f8bc",$d,00000000
"0001f8c4","|static|_FUN_001f4a68_0001f8c4",$d,00000000
"0001f8fc","|static|_DAT_008ca3d0_0001f8fc",$d,00000000
"0001f908","|static|_INVALID_|static|_TEXT:0001c117_0001f908",$d,00000000
"0001f90c","|static|_INVALID_|static|_TEXT:0001c117_0001f90c",$d,00000000
"0001f910","|static|_INVALID_|static|_TEXT:0001c117_0001f910",$d,00000000
"0001f914","|static|_INVALID_|static|_TEXT:0001c117_0001f914",$d,00000000
"0001f918","|static|_INVALID_|static|_TEXT:0001c117_0001f918",$d,00000000
"0001f91c","|static|_INVALID_|static|_TEXT:0001c117_0001f91c",$d,00000000
"0001f924","|static|_FUN_002705fc_0001f924",$d,00000000
"0001f928","|static|_FUN_0027066c_0001f928",$d,00000000
"0001f958","|static|_DAT_008ca38c_0001f958",$d,00000000
"0001f964","|static|_INVALID_|static|_TEXT:0001c117_0001f964",$d,00000000
"0001f968","|static|_INVALID_|static|_TEXT:0001c117_0001f968",$d,00000000
"0001f96c","|static|_INVALID_|static|_TEXT:0001c117_0001f96c",$d,00000000
"0001f970","|static|_INVALID_|static|_TEXT:0001c117_0001f970",$d,00000000
"0001f974","|static|_INVALID_|static|_TEXT:0001c117_0001f974",$d,00000000
"0001f978","|static|_INVALID_|static|_TEXT:0001c117_0001f978",$d,00000000
"0001f980","|static|_FUN_002705fc_0001f980",$d,00000000
"0001f984","|static|_FUN_0027066c_0001f984",$d,00000000
"0001f990","|static|_DAT_008cc070_0001f990",$d,00000000
"0001f99c","|static|_FUN_002fc024_0001f99c",$d,00000000
"0001f9a0","|static|_FUN_00321840_0001f9a0",$d,00000000
"0001f9a4","|static|_FUN_003217a0_0001f9a4",$d,00000000
"0001f9b8","|static|_FUN_0033f430_0001f9b8",$d,00000000
"0001f9c8","|static|_DAT_008cbc04_0001f9c8",$d,00000000
"0001f9d4","|static|_FUN_002fc024_0001f9d4",$d,00000000
"0001f9d8","|static|_FUN_00321840_0001f9d8",$d,00000000
"0001f9dc","|static|_FUN_003217a0_0001f9dc",$d,00000000
"0001f9f0","|static|_FUN_003217d4_0001f9f0",$d,00000000
"0001fa00","|static|_DAT_008cba60_0001fa00",$d,00000000
"0001fa0c","|static|_FUN_002fc024_0001fa0c",$d,00000000
"0001fa10","|static|_FUN_002fcb58_0001fa10",$d,00000000
"0001fa14","|static|_FUN_002fbe58_0001fa14",$d,00000000
"0001fa54","|static|_DAT_008cba60_0001fa54",$d,00000000
"0001fa60","|static|_FUN_002fc014_0001fa60",$d,00000000
"0001fa64","|static|_FUN_00778f8c_0001fa64",$d,00000000
"0001fa68","|static|_FUN_00779114_0001fa68",$d,00000000
"0001fa74","|static|_INVALID_|static|_TEXT:0001c117_0001fa74",$d,00000000
"0001fa7c","|static|_FUN_002705fc_0001fa7c",$d,00000000
"0001fa80","|static|_FUN_0027066c_0001fa80",$d,00000000
"0001fab0","|static|_DAT_008cbc04_0001fab0",$d,00000000
"0001fabc","|static|_FUN_002fc014_0001fabc",$d,00000000
"0001fac0","|static|_FUN_00779038_0001fac0",$d,00000000
"0001fac4","|static|_FUN_00779148_0001fac4",$d,00000000
"0001fad0","|static|_FUN_00779398_0001fad0",$d,00000000
"0001fad8","|static|_FUN_002705fc_0001fad8",$d,00000000
"0001fadc","|static|_FUN_0027066c_0001fadc",$d,00000000
"0001fb0c","|static|_DAT_008cc070_0001fb0c",$d,00000000
"0001fb18","|static|_FUN_002fc014_0001fb18",$d,00000000
"0001fb1c","|static|_FUN_00779038_0001fb1c",$d,00000000
"0001fb20","|static|_FUN_00779148_0001fb20",$d,00000000
"0001fb2c","|static|_FUN_0033f420_0001fb2c",$d,00000000
"0001fb34","|static|_FUN_002705fc_0001fb34",$d,00000000
"0001fb38","|static|_FUN_0027066c_0001fb38",$d,00000000
"0001fb74","|static|_FUN_002fc014_0001fb74",$d,00000000
"0001fb78","|static|_FUN_00779038_0001fb78",$d,00000000
"0001fb7c","|static|_FUN_00779148_0001fb7c",$d,00000000
"0001fb88","|static|_FUN_0033f420_0001fb88",$d,00000000
"0001fbac","|static|_FUN_002fc024_0001fbac",$d,00000000
"0001fbb0","|static|_FUN_00321840_0001fbb0",$d,00000000
"0001fbb4","|static|_FUN_003217a0_0001fbb4",$d,00000000
"0001fbc8","|static|_FUN_0033f430_0001fbc8",$d,00000000
"0001fbe4","|static|_FUN_0057ba40_0001fbe4",$d,00000000
"0001fbe8","|static|_FUN_001f4c9c_0001fbe8",$d,00000000
"0001fbec","|static|_LAB_0057b988_0001fbec",$d,00000000
"0001fbf0","|static|_FUN_0057ba54_0001fbf0",$d,00000000
"0001fbf4","|static|_FUN_001f4e44_0001fbf4",$d,00000000
"0001fbf8","|static|_FUN_0057b98c_0001fbf8",$d,00000000
"0001fc00","|static|_FUN_001f4dc0_0001fc00",$d,00000000
"0001fc08","|static|_FUN_001f4e30_0001fc08",$d,00000000
"0001fc0c","|static|_FUN_001f4ae4_0001fc0c",$d,00000000
"0001fc10","|static|_FUN_00521a38_0001fc10",$d,00000000
"0001fc14","|static|_FUN_00521064_0001fc14",$d,00000000
"0001fc20","|static|_FUN_007119f8_0001fc20",$d,00000000
"0001fc24","|static|_INVALID_|static|_TEXT:0001c117_0001fc24",$d,00000000
"0001fc34","|static|_FUN_001e8cd0_0001fc34",$d,00000000
"0001fc38","|static|_FUN_001e8cf4_0001fc38",$d,00000000
"0001fc44","|static|_FUN_00711a04_0001fc44",$d,00000000
"0001fc4c","|static|_INVALID_|static|_TEXT:0001c117_0001fc4c",$d,00000000
"0001fc54","|static|_FUN_001f4fc8_0001fc54",$d,00000000
"0001fc68","|static|_FUN_001e8d84_0001fc68",$d,00000000
"0001fc6c","|static|_FUN_001e9020_0001fc6c",$d,00000000
"0001fc78","|static|_INVALID_|static|_TEXT:0001c117_0001fc78",$d,00000000
"0001fcb0","|static|_FUN_0057ba40_0001fcb0",$d,00000000
"0001fcb4","|static|_FUN_001f4c9c_0001fcb4",$d,00000000
"0001fcb8","|static|_LAB_0057b988_0001fcb8",$d,00000000
"0001fcbc","|static|_FUN_0057ba54_0001fcbc",$d,00000000
"0001fcc0","|static|_FUN_001f4e44_0001fcc0",$d,00000000
"0001fcc4","|static|_FUN_0057b98c_0001fcc4",$d,00000000
"0001fccc","|static|_FUN_001f4dc0_0001fccc",$d,00000000
"0001fcd4","|static|_FUN_001f4e30_0001fcd4",$d,00000000
"0001fcd8","|static|_FUN_001f4ae4_0001fcd8",$d,00000000
"0001fcdc","|static|_FUN_00521a38_0001fcdc",$d,00000000
"0001fce0","|static|_FUN_00521064_0001fce0",$d,00000000
"0001fcec","|static|_FUN_007119f8_0001fcec",$d,00000000
"0001fcf0","|static|_INVALID_|static|_TEXT:0001c117_0001fcf0",$d,00000000
"0001fd00","|static|_FUN_001e8cd0_0001fd00",$d,00000000
"0001fd04","|static|_FUN_001e8cf4_0001fd04",$d,00000000
"0001fd10","|static|_FUN_00711a04_0001fd10",$d,00000000
"0001fd18","|static|_INVALID_|static|_TEXT:0001c117_0001fd18",$d,00000000
"0001fd20","|static|_FUN_001f4fc8_0001fd20",$d,00000000
"0001fd34","|static|_FUN_001e8d84_0001fd34",$d,00000000
"0001fd38","|static|_FUN_001e9020_0001fd38",$d,00000000
"0001fd44","|static|_INVALID_|static|_TEXT:0001c117_0001fd44",$d,00000000
"0001fd68","|static|_DAT_008ca38c_0001fd68",$d,00000000
"0001fd74","|static|_FUN_0057ba40_0001fd74",$d,00000000
"0001fd78","|static|_FUN_001f4c9c_0001fd78",$d,00000000
"0001fd7c","|static|_LAB_0057b988_0001fd7c",$d,00000000
"0001fd80","|static|_FUN_0057ba54_0001fd80",$d,00000000
"0001fd84","|static|_FUN_001f4e44_0001fd84",$d,00000000
"0001fd88","|static|_FUN_0057b98c_0001fd88",$d,00000000
"0001fd8c","|static|_FUN_0057b990_0001fd8c",$d,00000000
"0001fd90","|static|_FUN_001f4dc0_0001fd90",$d,00000000
"0001fd94","|static|_LAB_0057ba24_0001fd94",$d,00000000
"0001fd98","|static|_FUN_001f4e30_0001fd98",$d,00000000
"0001fd9c","|static|_FUN_001f4ae4_0001fd9c",$d,00000000
"0001fda0","|static|_FUN_00521a38_0001fda0",$d,00000000
"0001fda4","|static|_FUN_00521064_0001fda4",$d,00000000
"0001fdb0","|static|_FUN_007119f8_0001fdb0",$d,00000000
"0001fdb4","|static|_INVALID_|static|_TEXT:0001c117_0001fdb4",$d,00000000
"0001fdc0","|static|_FUN_001f3ce0_0001fdc0",$d,00000000
"0001fdc4","|static|_FUN_001e8cd0_0001fdc4",$d,00000000
"0001fdc8","|static|_FUN_001e8cf4_0001fdc8",$d,00000000
"0001fdd0","|static|_FUN_001f4b6c_0001fdd0",$d,00000000
"0001fdd4","|static|_FUN_00711a04_0001fdd4",$d,00000000
"0001fddc","|static|_INVALID_|static|_TEXT:0001c117_0001fddc",$d,00000000
"0001fde0","|static|_FUN_001f4e94_0001fde0",$d,00000000
"0001fde4","|static|_FUN_001f4fc8_0001fde4",$d,00000000
"0001fdec","|static|_FUN_001f4a68_0001fdec",$d,00000000
"0001fdf8","|static|_FUN_001e8d84_0001fdf8",$d,00000000
"0001fdfc","|static|_FUN_001e9020_0001fdfc",$d,00000000
"0001fe00","|static|_INVALID_|static|_TEXT:0001c117_0001fe00",$d,00000000
"0001fe04","|static|_INVALID_|static|_TEXT:0001c117_0001fe04",$d,00000000
"0001fe10","|static|_DAT_008ca3d0_0001fe10",$d,00000000
"0001fe1c","|static|_FUN_0057ba40_0001fe1c",$d,00000000
"0001fe20","|static|_FUN_001f4c9c_0001fe20",$d,00000000
"0001fe24","|static|_LAB_0057b988_0001fe24",$d,00000000
"0001fe28","|static|_FUN_0057ba54_0001fe28",$d,00000000
"0001fe2c","|static|_FUN_001f4e44_0001fe2c",$d,00000000
"0001fe30","|static|_FUN_0057b98c_0001fe30",$d,00000000
"0001fe34","|static|_FUN_0057b990_0001fe34",$d,00000000
"0001fe38","|static|_FUN_001f4dc0_0001fe38",$d,00000000
"0001fe3c","|static|_LAB_0057ba24_0001fe3c",$d,00000000
"0001fe40","|static|_FUN_001f4e30_0001fe40",$d,00000000
"0001fe44","|static|_FUN_001f4ae4_0001fe44",$d,00000000
"0001fe48","|static|_FUN_00521a38_0001fe48",$d,00000000
"0001fe4c","|static|_FUN_00521064_0001fe4c",$d,00000000
"0001fe58","|static|_INVALID_|static|_TEXT:0001c117_0001fe58",$d,00000000
"0001fe5c","|static|_INVALID_|static|_TEXT:0001c117_0001fe5c",$d,00000000
"0001fe68","|static|_FUN_001f3ce0_0001fe68",$d,00000000
"0001fe6c","|static|_INVALID_|static|_TEXT:0001c117_0001fe6c",$d,00000000
"0001fe70","|static|_INVALID_|static|_TEXT:0001c117_0001fe70",$d,00000000
"0001fe78","|static|_FUN_001f4b6c_0001fe78",$d,00000000
"0001fe7c","|static|_INVALID_|static|_TEXT:0001c117_0001fe7c",$d,00000000
"0001fe84","|static|_INVALID_|static|_TEXT:0001c117_0001fe84",$d,00000000
"0001fe88","|static|_FUN_001f4e94_0001fe88",$d,00000000
"0001fe8c","|static|_FUN_001f4fc8_0001fe8c",$d,00000000
"0001fe94","|static|_FUN_001f4a68_0001fe94",$d,00000000
"0001fecc","|static|_DAT_008ca3d0_0001fecc",$d,00000000
"0001fed8","|static|_INVALID_|static|_TEXT:0001c117_0001fed8",$d,00000000
"0001fedc","|static|_INVALID_|static|_TEXT:0001c117_0001fedc",$d,00000000
"0001fee0","|static|_INVALID_|static|_TEXT:0001c117_0001fee0",$d,00000000
"0001fee4","|static|_INVALID_|static|_TEXT:0001c117_0001fee4",$d,00000000
"0001fee8","|static|_INVALID_|static|_TEXT:0001c117_0001fee8",$d,00000000
"0001feec","|static|_INVALID_|static|_TEXT:0001c117_0001feec",$d,00000000
"0001fef4","|static|_FUN_002705fc_0001fef4",$d,00000000
"0001fef8","|static|_FUN_0027066c_0001fef8",$d,00000000
"0001ff28","|static|_DAT_008ca38c_0001ff28",$d,00000000
"0001ff34","|static|_INVALID_|static|_TEXT:0001c117_0001ff34",$d,00000000
"0001ff38","|static|_INVALID_|static|_TEXT:0001c117_0001ff38",$d,00000000
"0001ff3c","|static|_INVALID_|static|_TEXT:0001c117_0001ff3c",$d,00000000
"0001ff40","|static|_INVALID_|static|_TEXT:0001c117_0001ff40",$d,00000000
"0001ff44","|static|_INVALID_|static|_TEXT:0001c117_0001ff44",$d,00000000
"0001ff48","|static|_INVALID_|static|_TEXT:0001c117_0001ff48",$d,00000000
"0001ff50","|static|_FUN_002705fc_0001ff50",$d,00000000
"0001ff54","|static|_FUN_0027066c_0001ff54",$d,00000000
"0001ff60","|static|_DAT_008cc070_0001ff60",$d,00000000
"0001ff6c","|static|_FUN_002fc024_0001ff6c",$d,00000000
"0001ff70","|static|_FUN_00321840_0001ff70",$d,00000000
"0001ff74","|static|_FUN_003217a0_0001ff74",$d,00000000
"0001ff88","|static|_FUN_0033f430_0001ff88",$d,00000000
"0001ff98","|static|_DAT_008cbc04_0001ff98",$d,00000000
"0001ffa4","|static|_FUN_002fc024_0001ffa4",$d,00000000
"0001ffa8","|static|_FUN_00321840_0001ffa8",$d,00000000
"0001ffac","|static|_FUN_003217a0_0001ffac",$d,00000000
"0001ffc0","|static|_FUN_003217d4_0001ffc0",$d,00000000
"0001ffd0","|static|_DAT_008cba60_0001ffd0",$d,00000000
"0001ffdc","|static|_FUN_002fc024_0001ffdc",$d,00000000
"0001ffe0","|static|_FUN_002fcb58_0001ffe0",$d,00000000
"0001ffe4","|static|_FUN_002fbe58_0001ffe4",$d,00000000
"00020024","|static|_DAT_008cba60_00020024",$d,00000000
"00020030","|static|_FUN_002fc014_00020030",$d,00000000
"00020034","|static|_FUN_00778f8c_00020034",$d,00000000
"00020038","|static|_FUN_00779114_00020038",$d,00000000
"00020044","|static|_INVALID_|static|_TEXT:0001c117_00020044",$d,00000000
"0002004c","|static|_FUN_002705fc_0002004c",$d,00000000
"00020050","|static|_FUN_0027066c_00020050",$d,00000000
"00020080","|static|_DAT_008cbc04_00020080",$d,00000000
"0002008c","|static|_FUN_002fc014_0002008c",$d,00000000
"00020090","|static|_FUN_00779038_00020090",$d,00000000
"00020094","|static|_FUN_00779148_00020094",$d,00000000
"000200a0","|static|_FUN_00779398_000200a0",$d,00000000
"000200a8","|static|_FUN_002705fc_000200a8",$d,00000000
"000200ac","|static|_FUN_0027066c_000200ac",$d,00000000
"000200dc","|static|_DAT_008cc070_000200dc",$d,00000000
"000200e8","|static|_FUN_002fc014_000200e8",$d,00000000
"000200ec","|static|_FUN_00779038_000200ec",$d,00000000
"000200f0","|static|_FUN_00779148_000200f0",$d,00000000
"000200fc","|static|_FUN_0033f420_000200fc",$d,00000000
"00020104","|static|_FUN_002705fc_00020104",$d,00000000
"00020108","|static|_FUN_0027066c_00020108",$d,00000000
"00020144","|static|_FUN_002fc014_00020144",$d,00000000
"00020148","|static|_FUN_00779038_00020148",$d,00000000
"0002014c","|static|_FUN_00779148_0002014c",$d,00000000
"00020158","|static|_FUN_0033f420_00020158",$d,00000000
"0002017c","|static|_FUN_002fc024_0002017c",$d,00000000
"00020180","|static|_FUN_00321840_00020180",$d,00000000
"00020184","|static|_FUN_003217a0_00020184",$d,00000000
"00020198","|static|_FUN_0033f430_00020198",$d,00000000
"000201d8","|static|_FUN_002fc014_000201d8",$d,00000000
"000201dc","|static|_FUN_00779038_000201dc",$d,00000000
"000201ec","|static|_FUN_0033f420_000201ec",$d,00000000
"00020210","|static|_FUN_002fc024_00020210",$d,00000000
"00020214","|static|_FUN_00321840_00020214",$d,00000000
"0002022c","|static|_FUN_0033f430_0002022c",$d,00000000
"00020248","|static|_FUN_0057ba40_00020248",$d,00000000
"0002024c","|static|_FUN_001f4c9c_0002024c",$d,00000000
"00020250","|static|_LAB_0057b988_00020250",$d,00000000
"00020254","|static|_FUN_0057ba54_00020254",$d,00000000
"00020258","|static|_FUN_001f4e44_00020258",$d,00000000
"0002025c","|static|_FUN_0057b98c_0002025c",$d,00000000
"00020264","|static|_FUN_001f4dc0_00020264",$d,00000000
"0002026c","|static|_FUN_001f4e30_0002026c",$d,00000000
"00020270","|static|_FUN_001f4ae4_00020270",$d,00000000
"00020274","|static|_FUN_00521a38_00020274",$d,00000000
"00020278","|static|_FUN_00521064_00020278",$d,00000000
"00020284","|static|_FUN_007119f8_00020284",$d,00000000
"00020288","|static|_INVALID_|static|_TEXT:0001c117_00020288",$d,00000000
"00020298","|static|_FUN_001e8cd0_00020298",$d,00000000
"0002029c","|static|_FUN_001e8cf4_0002029c",$d,00000000
"000202a8","|static|_FUN_00711a04_000202a8",$d,00000000
"000202b0","|static|_INVALID_|static|_TEXT:0001c117_000202b0",$d,00000000
"000202b8","|static|_FUN_001f4fc8_000202b8",$d,00000000
"000202cc","|static|_FUN_001e8d84_000202cc",$d,00000000
"000202d0","|static|_FUN_001e9020_000202d0",$d,00000000
"000202dc","|static|_INVALID_|static|_TEXT:0001c117_000202dc",$d,00000000
"00020300","|static|_DAT_008ca38c_00020300",$d,00000000
"0002030c","|static|_FUN_0057ba40_0002030c",$d,00000000
"00020310","|static|_FUN_001f4c9c_00020310",$d,00000000
"00020314","|static|_LAB_0057b988_00020314",$d,00000000
"00020318","|static|_FUN_0057ba54_00020318",$d,00000000
"0002031c","|static|_FUN_001f4e44_0002031c",$d,00000000
"00020320","|static|_FUN_0057b98c_00020320",$d,00000000
"00020324","|static|_FUN_0057b990_00020324",$d,00000000
"00020328","|static|_FUN_001f4dc0_00020328",$d,00000000
"0002032c","|static|_LAB_0057ba24_0002032c",$d,00000000
"00020330","|static|_FUN_001f4e30_00020330",$d,00000000
"00020334","|static|_FUN_001f4ae4_00020334",$d,00000000
"00020338","|static|_FUN_00521a38_00020338",$d,00000000
"0002033c","|static|_FUN_00521064_0002033c",$d,00000000
"00020348","|static|_FUN_007119f8_00020348",$d,00000000
"0002034c","|static|_INVALID_|static|_TEXT:0001c117_0002034c",$d,00000000
"00020358","|static|_FUN_001f3ce0_00020358",$d,00000000
"0002035c","|static|_FUN_001e8cd0_0002035c",$d,00000000
"00020360","|static|_FUN_001e8cf4_00020360",$d,00000000
"00020368","|static|_FUN_001f4b6c_00020368",$d,00000000
"0002036c","|static|_FUN_00711a04_0002036c",$d,00000000
"00020374","|static|_INVALID_|static|_TEXT:0001c117_00020374",$d,00000000
"00020378","|static|_FUN_001f4e94_00020378",$d,00000000
"0002037c","|static|_FUN_001f4fc8_0002037c",$d,00000000
"00020384","|static|_FUN_001f4a68_00020384",$d,00000000
"00020390","|static|_FUN_001e8d84_00020390",$d,00000000
"00020394","|static|_FUN_001e9020_00020394",$d,00000000
"00020398","|static|_INVALID_|static|_TEXT:0001c117_00020398",$d,00000000
"0002039c","|static|_INVALID_|static|_TEXT:0001c117_0002039c",$d,00000000
"000203a8","|static|_DAT_008ca3d0_000203a8",$d,00000000
"000203b4","|static|_FUN_0057ba40_000203b4",$d,00000000
"000203b8","|static|_FUN_001f4c9c_000203b8",$d,00000000
"000203bc","|static|_LAB_0057b988_000203bc",$d,00000000
"000203c0","|static|_FUN_0057ba54_000203c0",$d,00000000
"000203c4","|static|_FUN_001f4e44_000203c4",$d,00000000
"000203c8","|static|_FUN_0057b98c_000203c8",$d,00000000
"000203cc","|static|_FUN_0057b990_000203cc",$d,00000000
"000203d0","|static|_FUN_001f4dc0_000203d0",$d,00000000
"000203d4","|static|_LAB_0057ba24_000203d4",$d,00000000
"000203d8","|static|_FUN_001f4e30_000203d8",$d,00000000
"000203dc","|static|_FUN_001f4ae4_000203dc",$d,00000000
"000203e0","|static|_FUN_00521a38_000203e0",$d,00000000
"000203e4","|static|_FUN_00521064_000203e4",$d,00000000
"000203f0","|static|_INVALID_|static|_TEXT:0001c117_000203f0",$d,00000000
"000203f4","|static|_INVALID_|static|_TEXT:0001c117_000203f4",$d,00000000
"00020400","|static|_FUN_001f3ce0_00020400",$d,00000000
"00020404","|static|_INVALID_|static|_TEXT:0001c117_00020404",$d,00000000
"00020408","|static|_INVALID_|static|_TEXT:0001c117_00020408",$d,00000000
"00020410","|static|_FUN_001f4b6c_00020410",$d,00000000
"00020414","|static|_INVALID_|static|_TEXT:0001c117_00020414",$d,00000000
"0002041c","|static|_INVALID_|static|_TEXT:0001c117_0002041c",$d,00000000
"00020420","|static|_FUN_001f4e94_00020420",$d,00000000
"00020424","|static|_FUN_001f4fc8_00020424",$d,00000000
"0002042c","|static|_FUN_001f4a68_0002042c",$d,00000000
"00020464","|static|_DAT_008ca3d0_00020464",$d,00000000
"00020470","|static|_INVALID_|static|_TEXT:0001c117_00020470",$d,00000000
"00020474","|static|_INVALID_|static|_TEXT:0001c117_00020474",$d,00000000
"00020478","|static|_INVALID_|static|_TEXT:0001c117_00020478",$d,00000000
"0002047c","|static|_INVALID_|static|_TEXT:0001c117_0002047c",$d,00000000
"00020480","|static|_INVALID_|static|_TEXT:0001c117_00020480",$d,00000000
"00020484","|static|_INVALID_|static|_TEXT:0001c117_00020484",$d,00000000
"0002048c","|static|_FUN_002705fc_0002048c",$d,00000000
"00020490","|static|_FUN_0027066c_00020490",$d,00000000
"000204c0","|static|_DAT_008ca38c_000204c0",$d,00000000
"000204cc","|static|_INVALID_|static|_TEXT:0001c117_000204cc",$d,00000000
"000204d0","|static|_INVALID_|static|_TEXT:0001c117_000204d0",$d,00000000
"000204d4","|static|_INVALID_|static|_TEXT:0001c117_000204d4",$d,00000000
"000204d8","|static|_INVALID_|static|_TEXT:0001c117_000204d8",$d,00000000
"000204dc","|static|_INVALID_|static|_TEXT:0001c117_000204dc",$d,00000000
"000204e0","|static|_INVALID_|static|_TEXT:0001c117_000204e0",$d,00000000
"000204e8","|static|_FUN_002705fc_000204e8",$d,00000000
"000204ec","|static|_FUN_0027066c_000204ec",$d,00000000
"000204f8","|static|_DAT_008cc070_000204f8",$d,00000000
"00020504","|static|_FUN_002fc024_00020504",$d,00000000
"00020508","|static|_FUN_00321840_00020508",$d,00000000
"0002050c","|static|_FUN_003217a0_0002050c",$d,00000000
"00020520","|static|_FUN_0033f430_00020520",$d,00000000
"00020530","|static|_DAT_008cbc04_00020530",$d,00000000
"0002053c","|static|_FUN_002fc024_0002053c",$d,00000000
"00020540","|static|_FUN_00321840_00020540",$d,00000000
"00020544","|static|_FUN_003217a0_00020544",$d,00000000
"00020558","|static|_FUN_003217d4_00020558",$d,00000000
"00020568","|static|_DAT_008cba60_00020568",$d,00000000
"00020574","|static|_FUN_002fc024_00020574",$d,00000000
"00020578","|static|_FUN_002fcb58_00020578",$d,00000000
"0002057c","|static|_FUN_002fbe58_0002057c",$d,00000000
"000205bc","|static|_DAT_008cba60_000205bc",$d,00000000
"000205c8","|static|_FUN_002fc014_000205c8",$d,00000000
"000205cc","|static|_FUN_00778f8c_000205cc",$d,00000000
"000205d0","|static|_FUN_00779114_000205d0",$d,00000000
"000205dc","|static|_INVALID_|static|_TEXT:0001c117_000205dc",$d,00000000
"000205e4","|static|_FUN_002705fc_000205e4",$d,00000000
"000205e8","|static|_FUN_0027066c_000205e8",$d,00000000
"00020618","|static|_DAT_008cbc04_00020618",$d,00000000
"00020624","|static|_FUN_002fc014_00020624",$d,00000000
"00020628","|static|_FUN_00779038_00020628",$d,00000000
"0002062c","|static|_FUN_00779148_0002062c",$d,00000000
"00020638","|static|_FUN_00779398_00020638",$d,00000000
"00020640","|static|_FUN_002705fc_00020640",$d,00000000
"00020644","|static|_FUN_0027066c_00020644",$d,00000000
"00020674","|static|_DAT_008cc070_00020674",$d,00000000
"00020680","|static|_FUN_002fc014_00020680",$d,00000000
"00020684","|static|_FUN_00779038_00020684",$d,00000000
"00020688","|static|_FUN_00779148_00020688",$d,00000000
"00020694","|static|_FUN_0033f420_00020694",$d,00000000
"0002069c","|static|_FUN_002705fc_0002069c",$d,00000000
"000206a0","|static|_FUN_0027066c_000206a0",$d,00000000
"000206dc","|static|_FUN_002fc014_000206dc",$d,00000000
"000206e0","|static|_FUN_00779038_000206e0",$d,00000000
"000206e4","|static|_FUN_00779148_000206e4",$d,00000000
"000206f0","|static|_FUN_0033f420_000206f0",$d,00000000
"00020714","|static|_FUN_002fc024_00020714",$d,00000000
"00020718","|static|_FUN_00321840_00020718",$d,00000000
"0002071c","|static|_FUN_003217a0_0002071c",$d,00000000
"00020730","|static|_FUN_0033f430_00020730",$d,00000000
"0002074c","|static|_FUN_0057ba40_0002074c",$d,00000000
"00020750","|static|_FUN_001f4c9c_00020750",$d,00000000
"00020754","|static|_LAB_0057b988_00020754",$d,00000000
"00020758","|static|_FUN_0057ba54_00020758",$d,00000000
"0002075c","|static|_FUN_001f4e44_0002075c",$d,00000000
"00020760","|static|_FUN_0057b98c_00020760",$d,00000000
"00020768","|static|_FUN_001f4dc0_00020768",$d,00000000
"00020770","|static|_FUN_001f4e30_00020770",$d,00000000
"00020774","|static|_FUN_001f4ae4_00020774",$d,00000000
"00020778","|static|_FUN_00521a38_00020778",$d,00000000
"0002077c","|static|_FUN_00521064_0002077c",$d,00000000
"00020788","|static|_FUN_007119f8_00020788",$d,00000000
"0002078c","|static|_INVALID_|static|_TEXT:0001c117_0002078c",$d,00000000
"0002079c","|static|_FUN_001e8cd0_0002079c",$d,00000000
"000207a0","|static|_FUN_001e8cf4_000207a0",$d,00000000
"000207ac","|static|_FUN_00711a04_000207ac",$d,00000000
"000207b4","|static|_INVALID_|static|_TEXT:0001c117_000207b4",$d,00000000
"000207bc","|static|_FUN_001f4fc8_000207bc",$d,00000000
"000207d0","|static|_FUN_001e8d84_000207d0",$d,00000000
"000207d4","|static|_FUN_001e9020_000207d4",$d,00000000
"000207e0","|static|_INVALID_|static|_TEXT:0001c117_000207e0",$d,00000000
"00020810","|static|_FUN_0057ba40_00020810",$d,00000000
"00020814","|static|_FUN_001f4c9c_00020814",$d,00000000
"00020818","|static|_LAB_0057b988_00020818",$d,00000000
"0002081c","|static|_FUN_0057ba54_0002081c",$d,00000000
"00020820","|static|_FUN_001f4e44_00020820",$d,00000000
"00020824","|static|_FUN_0057b98c_00020824",$d,00000000
"0002082c","|static|_FUN_001f4dc0_0002082c",$d,00000000
"00020834","|static|_FUN_001f4e30_00020834",$d,00000000
"00020838","|static|_FUN_001f4ae4_00020838",$d,00000000
"0002083c","|static|_FUN_00521a38_0002083c",$d,00000000
"00020840","|static|_FUN_00521064_00020840",$d,00000000
"0002084c","|static|_FUN_007119f8_0002084c",$d,00000000
"00020850","|static|_INVALID_|static|_TEXT:0001c117_00020850",$d,00000000
"00020860","|static|_FUN_001e8cd0_00020860",$d,00000000
"00020864","|static|_FUN_001e8cf4_00020864",$d,00000000
"00020870","|static|_FUN_00711a04_00020870",$d,00000000
"00020878","|static|_INVALID_|static|_TEXT:0001c117_00020878",$d,00000000
"00020880","|static|_FUN_001f4fc8_00020880",$d,00000000
"00020894","|static|_FUN_001e8d84_00020894",$d,00000000
"00020898","|static|_FUN_001e9020_00020898",$d,00000000
"000208a4","|static|_INVALID_|static|_TEXT:0001c117_000208a4",$d,00000000
"000208c8","|static|_DAT_008ca38c_000208c8",$d,00000000
"000208d4","|static|_FUN_0057ba40_000208d4",$d,00000000
"000208d8","|static|_FUN_001f4c9c_000208d8",$d,00000000
"000208dc","|static|_LAB_0057b988_000208dc",$d,00000000
"000208e0","|static|_FUN_0057ba54_000208e0",$d,00000000
"000208e4","|static|_FUN_001f4e44_000208e4",$d,00000000
"000208e8","|static|_FUN_0057b98c_000208e8",$d,00000000
"000208ec","|static|_FUN_0057b990_000208ec",$d,00000000
"000208f0","|static|_FUN_001f4dc0_000208f0",$d,00000000
"000208f4","|static|_LAB_0057ba24_000208f4",$d,00000000
"000208f8","|static|_FUN_001f4e30_000208f8",$d,00000000
"000208fc","|static|_FUN_001f4ae4_000208fc",$d,00000000
"00020900","|static|_FUN_00521a38_00020900",$d,00000000
"00020904","|static|_FUN_00521064_00020904",$d,00000000
"00020910","|static|_FUN_007119f8_00020910",$d,00000000
"00020914","|static|_INVALID_|static|_TEXT:0001c117_00020914",$d,00000000
"00020920","|static|_FUN_001f3ce0_00020920",$d,00000000
"00020924","|static|_FUN_001e8cd0_00020924",$d,00000000
"00020928","|static|_FUN_001e8cf4_00020928",$d,00000000
"00020930","|static|_FUN_001f4b6c_00020930",$d,00000000
"00020934","|static|_FUN_00711a04_00020934",$d,00000000
"0002093c","|static|_INVALID_|static|_TEXT:0001c117_0002093c",$d,00000000
"00020940","|static|_FUN_001f4e94_00020940",$d,00000000
"00020944","|static|_FUN_001f4fc8_00020944",$d,00000000
"0002094c","|static|_FUN_001f4a68_0002094c",$d,00000000
"00020958","|static|_FUN_001e8d84_00020958",$d,00000000
"0002095c","|static|_FUN_001e9020_0002095c",$d,00000000
"00020960","|static|_INVALID_|static|_TEXT:0001c117_00020960",$d,00000000
"00020964","|static|_INVALID_|static|_TEXT:0001c117_00020964",$d,00000000
"00020970","|static|_DAT_008ca3d0_00020970",$d,00000000
"0002097c","|static|_FUN_0057ba40_0002097c",$d,00000000
"00020980","|static|_FUN_001f4c9c_00020980",$d,00000000
"00020984","|static|_LAB_0057b988_00020984",$d,00000000
"00020988","|static|_FUN_0057ba54_00020988",$d,00000000
"0002098c","|static|_FUN_001f4e44_0002098c",$d,00000000
"00020990","|static|_FUN_0057b98c_00020990",$d,00000000
"00020994","|static|_FUN_0057b990_00020994",$d,00000000
"00020998","|static|_FUN_001f4dc0_00020998",$d,00000000
"0002099c","|static|_LAB_0057ba24_0002099c",$d,00000000
"000209a0","|static|_FUN_001f4e30_000209a0",$d,00000000
"000209a4","|static|_FUN_001f4ae4_000209a4",$d,00000000
"000209a8","|static|_FUN_00521a38_000209a8",$d,00000000
"000209ac","|static|_FUN_00521064_000209ac",$d,00000000
"000209b8","|static|_INVALID_|static|_TEXT:0001c117_000209b8",$d,00000000
"000209bc","|static|_INVALID_|static|_TEXT:0001c117_000209bc",$d,00000000
"000209c8","|static|_FUN_001f3ce0_000209c8",$d,00000000
"000209cc","|static|_INVALID_|static|_TEXT:0001c117_000209cc",$d,00000000
"000209d0","|static|_INVALID_|static|_TEXT:0001c117_000209d0",$d,00000000
"000209d8","|static|_FUN_001f4b6c_000209d8",$d,00000000
"000209dc","|static|_INVALID_|static|_TEXT:0001c117_000209dc",$d,00000000
"000209e4","|static|_INVALID_|static|_TEXT:0001c117_000209e4",$d,00000000
"000209e8","|static|_FUN_001f4e94_000209e8",$d,00000000
"000209ec","|static|_FUN_001f4fc8_000209ec",$d,00000000
"000209f4","|static|_FUN_001f4a68_000209f4",$d,00000000
"00020a2c","|static|_DAT_008ca3d0_00020a2c",$d,00000000
"00020a38","|static|_INVALID_|static|_TEXT:0001c117_00020a38",$d,00000000
"00020a3c","|static|_INVALID_|static|_TEXT:0001c117_00020a3c",$d,00000000
"00020a40","|static|_INVALID_|static|_TEXT:0001c117_00020a40",$d,00000000
"00020a44","|static|_INVALID_|static|_TEXT:0001c117_00020a44",$d,00000000
"00020a48","|static|_INVALID_|static|_TEXT:0001c117_00020a48",$d,00000000
"00020a4c","|static|_INVALID_|static|_TEXT:0001c117_00020a4c",$d,00000000
"00020a54","|static|_FUN_002705fc_00020a54",$d,00000000
"00020a58","|static|_FUN_0027066c_00020a58",$d,00000000
"00020a88","|static|_DAT_008ca38c_00020a88",$d,00000000
"00020a94","|static|_INVALID_|static|_TEXT:0001c117_00020a94",$d,00000000
"00020a98","|static|_INVALID_|static|_TEXT:0001c117_00020a98",$d,00000000
"00020a9c","|static|_INVALID_|static|_TEXT:0001c117_00020a9c",$d,00000000
"00020aa0","|static|_INVALID_|static|_TEXT:0001c117_00020aa0",$d,00000000
"00020aa4","|static|_INVALID_|static|_TEXT:0001c117_00020aa4",$d,00000000
"00020aa8","|static|_INVALID_|static|_TEXT:0001c117_00020aa8",$d,00000000
"00020ab0","|static|_FUN_002705fc_00020ab0",$d,00000000
"00020ab4","|static|_FUN_0027066c_00020ab4",$d,00000000
"00020ac0","|static|_DAT_008cc070_00020ac0",$d,00000000
"00020acc","|static|_FUN_002fc024_00020acc",$d,00000000
"00020ad0","|static|_FUN_00321840_00020ad0",$d,00000000
"00020ad4","|static|_FUN_003217a0_00020ad4",$d,00000000
"00020ae8","|static|_FUN_0033f430_00020ae8",$d,00000000
"00020af8","|static|_DAT_008cbc04_00020af8",$d,00000000
"00020b04","|static|_FUN_002fc024_00020b04",$d,00000000
"00020b08","|static|_FUN_00321840_00020b08",$d,00000000
"00020b0c","|static|_FUN_003217a0_00020b0c",$d,00000000
"00020b20","|static|_FUN_003217d4_00020b20",$d,00000000
"00020b30","|static|_DAT_008cba60_00020b30",$d,00000000
"00020b3c","|static|_FUN_002fc024_00020b3c",$d,00000000
"00020b40","|static|_FUN_002fcb58_00020b40",$d,00000000
"00020b44","|static|_FUN_002fbe58_00020b44",$d,00000000
"00020b84","|static|_DAT_008cba60_00020b84",$d,00000000
"00020b90","|static|_FUN_002fc014_00020b90",$d,00000000
"00020b94","|static|_FUN_00778f8c_00020b94",$d,00000000
"00020b98","|static|_FUN_00779114_00020b98",$d,00000000
"00020ba4","|static|_INVALID_|static|_TEXT:0001c117_00020ba4",$d,00000000
"00020bac","|static|_FUN_002705fc_00020bac",$d,00000000
"00020bb0","|static|_FUN_0027066c_00020bb0",$d,00000000
"00020be0","|static|_DAT_008cbc04_00020be0",$d,00000000
"00020bec","|static|_FUN_002fc014_00020bec",$d,00000000
"00020bf0","|static|_FUN_00779038_00020bf0",$d,00000000
"00020bf4","|static|_FUN_00779148_00020bf4",$d,00000000
"00020c00","|static|_FUN_00779398_00020c00",$d,00000000
"00020c08","|static|_FUN_002705fc_00020c08",$d,00000000
"00020c0c","|static|_FUN_0027066c_00020c0c",$d,00000000
"00020c3c","|static|_DAT_008cc070_00020c3c",$d,00000000
"00020c48","|static|_FUN_002fc014_00020c48",$d,00000000
"00020c4c","|static|_FUN_00779038_00020c4c",$d,00000000
"00020c50","|static|_FUN_00779148_00020c50",$d,00000000
"00020c5c","|static|_FUN_0033f420_00020c5c",$d,00000000
"00020c64","|static|_FUN_002705fc_00020c64",$d,00000000
"00020c68","|static|_FUN_0027066c_00020c68",$d,00000000
"00020ca4","|static|_FUN_002fc014_00020ca4",$d,00000000
"00020ca8","|static|_FUN_00779038_00020ca8",$d,00000000
"00020cac","|static|_FUN_00779148_00020cac",$d,00000000
"00020cb8","|static|_FUN_0033f420_00020cb8",$d,00000000
"00020cdc","|static|_FUN_002fc024_00020cdc",$d,00000000
"00020ce0","|static|_FUN_00321840_00020ce0",$d,00000000
"00020ce4","|static|_FUN_003217a0_00020ce4",$d,00000000
"00020cf8","|static|_FUN_0033f430_00020cf8",$d,00000000
"00020d38","|static|_FUN_002fc014_00020d38",$d,00000000
"00020d3c","|static|_FUN_00779038_00020d3c",$d,00000000
"00020d40","|static|_FUN_00779148_00020d40",$d,00000000
"00020d4c","|static|_FUN_0033f420_00020d4c",$d,00000000
"00020d70","|static|_FUN_002fc024_00020d70",$d,00000000
"00020d74","|static|_FUN_00321840_00020d74",$d,00000000
"00020d78","|static|_FUN_003217a0_00020d78",$d,00000000
"00020d8c","|static|_FUN_0033f430_00020d8c",$d,00000000
"00020da8","|static|_FUN_0057ba40_00020da8",$d,00000000
"00020dac","|static|_FUN_001f4c9c_00020dac",$d,00000000
"00020db0","|static|_LAB_0057b988_00020db0",$d,00000000
"00020db4","|static|_FUN_0057ba54_00020db4",$d,00000000
"00020db8","|static|_FUN_001f4e44_00020db8",$d,00000000
"00020dbc","|static|_FUN_0057b98c_00020dbc",$d,00000000
"00020dc4","|static|_FUN_001f4dc0_00020dc4",$d,00000000
"00020dcc","|static|_FUN_001f4e30_00020dcc",$d,00000000
"00020dd0","|static|_FUN_001f4ae4_00020dd0",$d,00000000
"00020dd4","|static|_FUN_00521a38_00020dd4",$d,00000000
"00020dd8","|static|_FUN_00521064_00020dd8",$d,00000000
"00020de4","|static|_FUN_007119f8_00020de4",$d,00000000
"00020de8","|static|_INVALID_|static|_TEXT:0001c117_00020de8",$d,00000000
"00020df8","|static|_FUN_001e8cd0_00020df8",$d,00000000
"00020dfc","|static|_FUN_001e8cf4_00020dfc",$d,00000000
"00020e08","|static|_FUN_00711a04_00020e08",$d,00000000
"00020e10","|static|_INVALID_|static|_TEXT:0001c117_00020e10",$d,00000000
"00020e18","|static|_FUN_001f4fc8_00020e18",$d,00000000
"00020e2c","|static|_FUN_001e8d84_00020e2c",$d,00000000
"00020e30","|static|_FUN_001e9020_00020e30",$d,00000000
"00020e3c","|static|_INVALID_|static|_TEXT:0001c117_00020e3c",$d,00000000
"00020e74","|static|_FUN_0057ba40_00020e74",$d,00000000
"00020e78","|static|_FUN_001f4c9c_00020e78",$d,00000000
"00020e7c","|static|_LAB_0057b988_00020e7c",$d,00000000
"00020e80","|static|_FUN_0057ba54_00020e80",$d,00000000
"00020e84","|static|_FUN_001f4e44_00020e84",$d,00000000
"00020e88","|static|_FUN_0057b98c_00020e88",$d,00000000
"00020e90","|static|_FUN_001f4dc0_00020e90",$d,00000000
"00020e98","|static|_FUN_001f4e30_00020e98",$d,00000000
"00020e9c","|static|_FUN_001f4ae4_00020e9c",$d,00000000
"00020ea0","|static|_FUN_00521a38_00020ea0",$d,00000000
"00020ea4","|static|_FUN_00521064_00020ea4",$d,00000000
"00020eb0","|static|_FUN_007119f8_00020eb0",$d,00000000
"00020eb4","|static|_INVALID_|static|_TEXT:0001c117_00020eb4",$d,00000000
"00020ec4","|static|_FUN_001e8cd0_00020ec4",$d,00000000
"00020ec8","|static|_FUN_001e8cf4_00020ec8",$d,00000000
"00020ed4","|static|_FUN_00711a04_00020ed4",$d,00000000
"00020edc","|static|_INVALID_|static|_TEXT:0001c117_00020edc",$d,00000000
"00020ee4","|static|_FUN_001f4fc8_00020ee4",$d,00000000
"00020ef8","|static|_FUN_001e8d84_00020ef8",$d,00000000
"00020efc","|static|_FUN_001e9020_00020efc",$d,00000000
"00020f08","|static|_INVALID_|static|_TEXT:0001c117_00020f08",$d,00000000
"00020f2c","|static|_DAT_008ca38c_00020f2c",$d,00000000
"00020f38","|static|_FUN_0057ba40_00020f38",$d,00000000
"00020f3c","|static|_FUN_001f4c9c_00020f3c",$d,00000000
"00020f40","|static|_LAB_0057b988_00020f40",$d,00000000
"00020f44","|static|_FUN_0057ba54_00020f44",$d,00000000
"00020f48","|static|_FUN_001f4e44_00020f48",$d,00000000
"00020f4c","|static|_FUN_0057b98c_00020f4c",$d,00000000
"00020f50","|static|_FUN_0057b990_00020f50",$d,00000000
"00020f54","|static|_FUN_001f4dc0_00020f54",$d,00000000
"00020f58","|static|_LAB_0057ba24_00020f58",$d,00000000
"00020f5c","|static|_FUN_001f4e30_00020f5c",$d,00000000
"00020f60","|static|_FUN_001f4ae4_00020f60",$d,00000000
"00020f64","|static|_FUN_00521a38_00020f64",$d,00000000
"00020f68","|static|_FUN_00521064_00020f68",$d,00000000
"00020f74","|static|_FUN_007119f8_00020f74",$d,00000000
"00020f78","|static|_INVALID_|static|_TEXT:0001c117_00020f78",$d,00000000
"00020f84","|static|_FUN_001f3ce0_00020f84",$d,00000000
"00020f88","|static|_FUN_001e8cd0_00020f88",$d,00000000
"00020f8c","|static|_FUN_001e8cf4_00020f8c",$d,00000000
"00020f94","|static|_FUN_001f4b6c_00020f94",$d,00000000
"00020f98","|static|_FUN_00711a04_00020f98",$d,00000000
"00020fa0","|static|_INVALID_|static|_TEXT:0001c117_00020fa0",$d,00000000
"00020fa4","|static|_FUN_001f4e94_00020fa4",$d,00000000
"00020fa8","|static|_FUN_001f4fc8_00020fa8",$d,00000000
"00020fb0","|static|_FUN_001f4a68_00020fb0",$d,00000000
"00020fbc","|static|_FUN_001e8d84_00020fbc",$d,00000000
"00020fc0","|static|_FUN_001e9020_00020fc0",$d,00000000
"00020fc4","|static|_INVALID_|static|_TEXT:0001c117_00020fc4",$d,00000000
"00020fc8","|static|_INVALID_|static|_TEXT:0001c117_00020fc8",$d,00000000
"00020fd4","|static|_DAT_008ca3d0_00020fd4",$d,00000000
"00020fe0","|static|_FUN_0057ba40_00020fe0",$d,00000000
"00020fe4","|static|_FUN_001f4c9c_00020fe4",$d,00000000
"00020fe8","|static|_LAB_0057b988_00020fe8",$d,00000000
"00020fec","|static|_FUN_0057ba54_00020fec",$d,00000000
"00020ff0","|static|_FUN_001f4e44_00020ff0",$d,00000000
"00020ff4","|static|_FUN_0057b98c_00020ff4",$d,00000000
"00020ff8","|static|_FUN_0057b990_00020ff8",$d,00000000
"00020ffc","|static|_FUN_001f4dc0_00020ffc",$d,00000000
"00021000","|static|_LAB_0057ba24_00021000",$d,00000000
"00021004","|static|_FUN_001f4e30_00021004",$d,00000000
"00021008","|static|_FUN_001f4ae4_00021008",$d,00000000
"0002100c","|static|_FUN_00521a38_0002100c",$d,00000000
"00021010","|static|_FUN_00521064_00021010",$d,00000000
"0002101c","|static|_INVALID_|static|_TEXT:0001c117_0002101c",$d,00000000
"00021020","|static|_INVALID_|static|_TEXT:0001c117_00021020",$d,00000000
"0002102c","|static|_FUN_001f3ce0_0002102c",$d,00000000
"00021030","|static|_INVALID_|static|_TEXT:0001c117_00021030",$d,00000000
"00021034","|static|_INVALID_|static|_TEXT:0001c117_00021034",$d,00000000
"0002103c","|static|_FUN_001f4b6c_0002103c",$d,00000000
"00021040","|static|_INVALID_|static|_TEXT:0001c117_00021040",$d,00000000
"00021048","|static|_INVALID_|static|_TEXT:0001c117_00021048",$d,00000000
"0002104c","|static|_FUN_001f4e94_0002104c",$d,00000000
"00021050","|static|_FUN_001f4fc8_00021050",$d,00000000
"00021058","|static|_FUN_001f4a68_00021058",$d,00000000
"00021090","|static|_DAT_008ca3d0_00021090",$d,00000000
"0002109c","|static|_INVALID_|static|_TEXT:0001c117_0002109c",$d,00000000
"000210a0","|static|_INVALID_|static|_TEXT:0001c117_000210a0",$d,00000000
"000210a4","|static|_INVALID_|static|_TEXT:0001c117_000210a4",$d,00000000
"000210a8","|static|_INVALID_|static|_TEXT:0001c117_000210a8",$d,00000000
"000210ac","|static|_INVALID_|static|_TEXT:0001c117_000210ac",$d,00000000
"000210b0","|static|_INVALID_|static|_TEXT:0001c117_000210b0",$d,00000000
"000210b8","|static|_FUN_002705fc_000210b8",$d,00000000
"000210bc","|static|_FUN_0027066c_000210bc",$d,00000000
"000210ec","|static|_DAT_008ca38c_000210ec",$d,00000000
"000210f8","|static|_INVALID_|static|_TEXT:0001c117_000210f8",$d,00000000
"000210fc","|static|_INVALID_|static|_TEXT:0001c117_000210fc",$d,00000000
"00021100","|static|_INVALID_|static|_TEXT:0001c117_00021100",$d,00000000
"00021104","|static|_INVALID_|static|_TEXT:0001c117_00021104",$d,00000000
"00021108","|static|_INVALID_|static|_TEXT:0001c117_00021108",$d,00000000
"0002110c","|static|_INVALID_|static|_TEXT:0001c117_0002110c",$d,00000000
"00021114","|static|_FUN_002705fc_00021114",$d,00000000
"00021118","|static|_FUN_0027066c_00021118",$d,00000000
"00021124","|static|_DAT_008cc070_00021124",$d,00000000
"00021130","|static|_FUN_002fc024_00021130",$d,00000000
"00021134","|static|_FUN_00321840_00021134",$d,00000000
"00021138","|static|_FUN_003217a0_00021138",$d,00000000
"0002114c","|static|_FUN_0033f430_0002114c",$d,00000000
"0002115c","|static|_DAT_008cbc04_0002115c",$d,00000000
"00021168","|static|_FUN_002fc024_00021168",$d,00000000
"0002116c","|static|_FUN_00321840_0002116c",$d,00000000
"00021170","|static|_FUN_003217a0_00021170",$d,00000000
"00021184","|static|_FUN_003217d4_00021184",$d,00000000
"00021194","|static|_DAT_008cba60_00021194",$d,00000000
"000211a0","|static|_FUN_002fc024_000211a0",$d,00000000
"000211a4","|static|_FUN_002fcb58_000211a4",$d,00000000
"000211a8","|static|_FUN_002fbe58_000211a8",$d,00000000
"000211e8","|static|_DAT_008cba60_000211e8",$d,00000000
"000211f4","|static|_FUN_002fc014_000211f4",$d,00000000
"000211f8","|static|_FUN_00778f8c_000211f8",$d,00000000
"000211fc","|static|_FUN_00779114_000211fc",$d,00000000
"00021208","|static|_INVALID_|static|_TEXT:0001c117_00021208",$d,00000000
"00021210","|static|_FUN_002705fc_00021210",$d,00000000
"00021214","|static|_FUN_0027066c_00021214",$d,00000000
"00021244","|static|_DAT_008cbc04_00021244",$d,00000000
"00021250","|static|_FUN_002fc014_00021250",$d,00000000
"00021254","|static|_FUN_00779038_00021254",$d,00000000
"00021258","|static|_FUN_00779148_00021258",$d,00000000
"00021264","|static|_FUN_00779398_00021264",$d,00000000
"0002126c","|static|_FUN_002705fc_0002126c",$d,00000000
"00021270","|static|_FUN_0027066c_00021270",$d,00000000
"000212a0","|static|_DAT_008cc070_000212a0",$d,00000000
"000212ac","|static|_FUN_002fc014_000212ac",$d,00000000
"000212b0","|static|_FUN_00779038_000212b0",$d,00000000
"000212b4","|static|_FUN_00779148_000212b4",$d,00000000
"000212c0","|static|_FUN_0033f420_000212c0",$d,00000000
"000212c8","|static|_FUN_002705fc_000212c8",$d,00000000
"000212cc","|static|_FUN_0027066c_000212cc",$d,00000000
"00021308","|static|_FUN_002fc014_00021308",$d,00000000
"0002130c","|static|_FUN_00779038_0002130c",$d,00000000
"00021310","|static|_FUN_00779148_00021310",$d,00000000
"0002131c","|static|_FUN_0033f420_0002131c",$d,00000000
"00021340","|static|_FUN_002fc024_00021340",$d,00000000
"00021344","|static|_FUN_00321840_00021344",$d,00000000
"00021348","|static|_FUN_003217a0_00021348",$d,00000000
"0002135c","|static|_FUN_0033f430_0002135c",$d,00000000
"0002139c","|static|_FUN_002fc014_0002139c",$d,00000000
"000213a0","|static|_FUN_00779038_000213a0",$d,00000000
"000213b0","|static|_FUN_0033f420_000213b0",$d,00000000
"000213d4","|static|_FUN_002fc024_000213d4",$d,00000000
"000213d8","|static|_FUN_00321840_000213d8",$d,00000000
"000213f0","|static|_FUN_0033f430_000213f0",$d,00000000
"0002140c","|static|_FUN_0057ba40_0002140c",$d,00000000
"00021410","|static|_FUN_001f4c9c_00021410",$d,00000000
"00021414","|static|_LAB_0057b988_00021414",$d,00000000
"00021418","|static|_FUN_0057ba54_00021418",$d,00000000
"0002141c","|static|_FUN_001f4e44_0002141c",$d,00000000
"00021420","|static|_FUN_0057b98c_00021420",$d,00000000
"00021428","|static|_FUN_001f4dc0_00021428",$d,00000000
"00021430","|static|_FUN_001f4e30_00021430",$d,00000000
"00021434","|static|_FUN_001f4ae4_00021434",$d,00000000
"00021438","|static|_FUN_00521a38_00021438",$d,00000000
"0002143c","|static|_FUN_00521064_0002143c",$d,00000000
"00021448","|static|_FUN_007119f8_00021448",$d,00000000
"0002144c","|static|_INVALID_|static|_TEXT:0001c117_0002144c",$d,00000000
"0002145c","|static|_FUN_001e8cd0_0002145c",$d,00000000
"00021460","|static|_FUN_001e8cf4_00021460",$d,00000000
"0002146c","|static|_FUN_00711a04_0002146c",$d,00000000
"00021474","|static|_INVALID_|static|_TEXT:0001c117_00021474",$d,00000000
"0002147c","|static|_FUN_001f4fc8_0002147c",$d,00000000
"00021490","|static|_FUN_001e8d84_00021490",$d,00000000
"00021494","|static|_FUN_001e9020_00021494",$d,00000000
"000214a0","|static|_INVALID_|static|_TEXT:0001c117_000214a0",$d,00000000
"000214c4","|static|_DAT_008ca38c_000214c4",$d,00000000
"000214d0","|static|_FUN_0057ba40_000214d0",$d,00000000
"000214d4","|static|_FUN_001f4c9c_000214d4",$d,00000000
"000214d8","|static|_LAB_0057b988_000214d8",$d,00000000
"000214dc","|static|_FUN_0057ba54_000214dc",$d,00000000
"000214e0","|static|_FUN_001f4e44_000214e0",$d,00000000
"000214e4","|static|_FUN_0057b98c_000214e4",$d,00000000
"000214e8","|static|_FUN_0057b990_000214e8",$d,00000000
"000214ec","|static|_FUN_001f4dc0_000214ec",$d,00000000
"000214f0","|static|_LAB_0057ba24_000214f0",$d,00000000
"000214f4","|static|_FUN_001f4e30_000214f4",$d,00000000
"000214f8","|static|_FUN_001f4ae4_000214f8",$d,00000000
"000214fc","|static|_FUN_00521a38_000214fc",$d,00000000
"00021500","|static|_FUN_00521064_00021500",$d,00000000
"0002150c","|static|_FUN_007119f8_0002150c",$d,00000000
"00021510","|static|_INVALID_|static|_TEXT:0001c117_00021510",$d,00000000
"0002151c","|static|_FUN_001f3ce0_0002151c",$d,00000000
"00021520","|static|_FUN_001e8cd0_00021520",$d,00000000
"00021524","|static|_FUN_001e8cf4_00021524",$d,00000000
"0002152c","|static|_FUN_001f4b6c_0002152c",$d,00000000
"00021530","|static|_FUN_00711a04_00021530",$d,00000000
"00021538","|static|_INVALID_|static|_TEXT:0001c117_00021538",$d,00000000
"0002153c","|static|_FUN_001f4e94_0002153c",$d,00000000
"00021540","|static|_FUN_001f4fc8_00021540",$d,00000000
"00021548","|static|_FUN_001f4a68_00021548",$d,00000000
"00021554","|static|_FUN_001e8d84_00021554",$d,00000000
"00021558","|static|_FUN_001e9020_00021558",$d,00000000
"0002155c","|static|_INVALID_|static|_TEXT:0001c117_0002155c",$d,00000000
"00021560","|static|_INVALID_|static|_TEXT:0001c117_00021560",$d,00000000
"0002156c","|static|_DAT_008ca3d0_0002156c",$d,00000000
"00021578","|static|_FUN_0057ba40_00021578",$d,00000000
"0002157c","|static|_FUN_001f4c9c_0002157c",$d,00000000
"00021580","|static|_LAB_0057b988_00021580",$d,00000000
"00021584","|static|_FUN_0057ba54_00021584",$d,00000000
"00021588","|static|_FUN_001f4e44_00021588",$d,00000000
"0002158c","|static|_FUN_0057b98c_0002158c",$d,00000000
"00021590","|static|_FUN_0057b990_00021590",$d,00000000
"00021594","|static|_FUN_001f4dc0_00021594",$d,00000000
"00021598","|static|_LAB_0057ba24_00021598",$d,00000000
"0002159c","|static|_FUN_001f4e30_0002159c",$d,00000000
"000215a0","|static|_FUN_001f4ae4_000215a0",$d,00000000
"000215a4","|static|_FUN_00521a38_000215a4",$d,00000000
"000215a8","|static|_FUN_00521064_000215a8",$d,00000000
"000215b4","|static|_INVALID_|static|_TEXT:0001c117_000215b4",$d,00000000
"000215b8","|static|_INVALID_|static|_TEXT:0001c117_000215b8",$d,00000000
"000215c4","|static|_FUN_001f3ce0_000215c4",$d,00000000
"000215c8","|static|_INVALID_|static|_TEXT:0001c117_000215c8",$d,00000000
"000215cc","|static|_INVALID_|static|_TEXT:0001c117_000215cc",$d,00000000
"000215d4","|static|_FUN_001f4b6c_000215d4",$d,00000000
"000215d8","|static|_INVALID_|static|_TEXT:0001c117_000215d8",$d,00000000
"000215e0","|static|_INVALID_|static|_TEXT:0001c117_000215e0",$d,00000000
"000215e4","|static|_FUN_001f4e94_000215e4",$d,00000000
"000215e8","|static|_FUN_001f4fc8_000215e8",$d,00000000
"000215f0","|static|_FUN_001f4a68_000215f0",$d,00000000
"00021628","|static|_DAT_008ca3d0_00021628",$d,00000000
"00021634","|static|_INVALID_|static|_TEXT:0001c117_00021634",$d,00000000
"00021638","|static|_INVALID_|static|_TEXT:0001c117_00021638",$d,00000000
"0002163c","|static|_INVALID_|static|_TEXT:0001c117_0002163c",$d,00000000
"00021640","|static|_INVALID_|static|_TEXT:0001c117_00021640",$d,00000000
"00021644","|static|_INVALID_|static|_TEXT:0001c117_00021644",$d,00000000
"00021648","|static|_INVALID_|static|_TEXT:0001c117_00021648",$d,00000000
"00021650","|static|_FUN_002705fc_00021650",$d,00000000
"00021654","|static|_FUN_0027066c_00021654",$d,00000000
"00021684","|static|_DAT_008ca38c_00021684",$d,00000000
"00021690","|static|_INVALID_|static|_TEXT:0001c117_00021690",$d,00000000
"00021694","|static|_INVALID_|static|_TEXT:0001c117_00021694",$d,00000000
"00021698","|static|_INVALID_|static|_TEXT:0001c117_00021698",$d,00000000
"0002169c","|static|_INVALID_|static|_TEXT:0001c117_0002169c",$d,00000000
"000216a0","|static|_INVALID_|static|_TEXT:0001c117_000216a0",$d,00000000
"000216a4","|static|_INVALID_|static|_TEXT:0001c117_000216a4",$d,00000000
"000216ac","|static|_FUN_002705fc_000216ac",$d,00000000
"000216b0","|static|_FUN_0027066c_000216b0",$d,00000000
"000216bc","|static|_DAT_008cc070_000216bc",$d,00000000
"000216c8","|static|_FUN_002fc024_000216c8",$d,00000000
"000216cc","|static|_FUN_00321840_000216cc",$d,00000000
"000216d0","|static|_FUN_003217a0_000216d0",$d,00000000
"000216e4","|static|_FUN_0033f430_000216e4",$d,00000000
"000216f4","|static|_DAT_008cbc04_000216f4",$d,00000000
"00021700","|static|_FUN_002fc024_00021700",$d,00000000
"00021704","|static|_FUN_00321840_00021704",$d,00000000
"00021708","|static|_FUN_003217a0_00021708",$d,00000000
"0002171c","|static|_FUN_003217d4_0002171c",$d,00000000
"0002172c","|static|_DAT_008cba60_0002172c",$d,00000000
"00021738","|static|_FUN_002fc024_00021738",$d,00000000
"0002173c","|static|_FUN_002fcb58_0002173c",$d,00000000
"00021740","|static|_FUN_002fbe58_00021740",$d,00000000
"00021780","|static|_DAT_008cba60_00021780",$d,00000000
"0002178c","|static|_FUN_002fc014_0002178c",$d,00000000
"00021790","|static|_FUN_00778f8c_00021790",$d,00000000
"00021794","|static|_FUN_00779114_00021794",$d,00000000
"000217a0","|static|_INVALID_|static|_TEXT:0001c117_000217a0",$d,00000000
"000217a8","|static|_FUN_002705fc_000217a8",$d,00000000
"000217ac","|static|_FUN_0027066c_000217ac",$d,00000000
"000217dc","|static|_DAT_008cbc04_000217dc",$d,00000000
"000217e8","|static|_FUN_002fc014_000217e8",$d,00000000
"000217ec","|static|_FUN_00779038_000217ec",$d,00000000
"000217f0","|static|_FUN_00779148_000217f0",$d,00000000
"000217fc","|static|_FUN_00779398_000217fc",$d,00000000
"00021804","|static|_FUN_002705fc_00021804",$d,00000000
"00021808","|static|_FUN_0027066c_00021808",$d,00000000
"00021838","|static|_DAT_008cc070_00021838",$d,00000000
"00021844","|static|_FUN_002fc014_00021844",$d,00000000
"00021848","|static|_FUN_00779038_00021848",$d,00000000
"0002184c","|static|_FUN_00779148_0002184c",$d,00000000
"00021858","|static|_FUN_0033f420_00021858",$d,00000000
"00021860","|static|_FUN_002705fc_00021860",$d,00000000
"00021864","|static|_FUN_0027066c_00021864",$d,00000000
"000218a0","|static|_FUN_002fc014_000218a0",$d,00000000
"000218a4","|static|_FUN_00779038_000218a4",$d,00000000
"000218a8","|static|_FUN_00779148_000218a8",$d,00000000
"000218b4","|static|_FUN_0033f420_000218b4",$d,00000000
"000218d8","|static|_FUN_002fc024_000218d8",$d,00000000
"000218dc","|static|_FUN_00321840_000218dc",$d,00000000
"000218e0","|static|_FUN_003217a0_000218e0",$d,00000000
"000218f4","|static|_FUN_0033f430_000218f4",$d,00000000
"00021910","|static|_FUN_0057ba40_00021910",$d,00000000
"00021914","|static|_FUN_001f4c9c_00021914",$d,00000000
"00021918","|static|_LAB_0057b988_00021918",$d,00000000
"0002191c","|static|_FUN_0057ba54_0002191c",$d,00000000
"00021920","|static|_FUN_001f4e44_00021920",$d,00000000
"00021924","|static|_FUN_0057b98c_00021924",$d,00000000
"0002192c","|static|_FUN_001f4dc0_0002192c",$d,00000000
"00021934","|static|_FUN_001f4e30_00021934",$d,00000000
"00021938","|static|_FUN_001f4ae4_00021938",$d,00000000
"0002193c","|static|_FUN_00521a38_0002193c",$d,00000000
"00021940","|static|_FUN_00521064_00021940",$d,00000000
"0002194c","|static|_FUN_007119f8_0002194c",$d,00000000
"00021950","|static|_INVALID_|static|_TEXT:0001c117_00021950",$d,00000000
"00021960","|static|_FUN_001e8cd0_00021960",$d,00000000
"00021964","|static|_FUN_001e8cf4_00021964",$d,00000000
"00021970","|static|_FUN_00711a04_00021970",$d,00000000
"00021978","|static|_INVALID_|static|_TEXT:0001c117_00021978",$d,00000000
"00021980","|static|_FUN_001f4fc8_00021980",$d,00000000
"00021994","|static|_FUN_001e8d84_00021994",$d,00000000
"00021998","|static|_FUN_001e9020_00021998",$d,00000000
"000219a4","|static|_INVALID_|static|_TEXT:0001c117_000219a4",$d,00000000
"000219c8","|static|_DAT_008ca38c_000219c8",$d,00000000
"000219d4","|static|_FUN_0057ba40_000219d4",$d,00000000
"000219d8","|static|_FUN_001f4c9c_000219d8",$d,00000000
"000219dc","|static|_LAB_0057b988_000219dc",$d,00000000
"000219e0","|static|_FUN_0057ba54_000219e0",$d,00000000
"000219e4","|static|_FUN_001f4e44_000219e4",$d,00000000
"000219e8","|static|_FUN_0057b98c_000219e8",$d,00000000
"000219ec","|static|_FUN_0057b990_000219ec",$d,00000000
"000219f0","|static|_FUN_001f4dc0_000219f0",$d,00000000
"000219f4","|static|_LAB_0057ba24_000219f4",$d,00000000
"000219f8","|static|_FUN_001f4e30_000219f8",$d,00000000
"000219fc","|static|_FUN_001f4ae4_000219fc",$d,00000000
"00021a00","|static|_FUN_00521a38_00021a00",$d,00000000
"00021a04","|static|_FUN_00521064_00021a04",$d,00000000
"00021a10","|static|_FUN_007119f8_00021a10",$d,00000000
"00021a14","|static|_INVALID_|static|_TEXT:0001c117_00021a14",$d,00000000
"00021a20","|static|_FUN_001f3ce0_00021a20",$d,00000000
"00021a24","|static|_FUN_001e8cd0_00021a24",$d,00000000
"00021a28","|static|_FUN_001e8cf4_00021a28",$d,00000000
"00021a30","|static|_FUN_001f4b6c_00021a30",$d,00000000
"00021a34","|static|_FUN_00711a04_00021a34",$d,00000000
"00021a3c","|static|_INVALID_|static|_TEXT:0001c117_00021a3c",$d,00000000
"00021a40","|static|_FUN_001f4e94_00021a40",$d,00000000
"00021a44","|static|_FUN_001f4fc8_00021a44",$d,00000000
"00021a4c","|static|_FUN_001f4a68_00021a4c",$d,00000000
"00021a58","|static|_FUN_001e8d84_00021a58",$d,00000000
"00021a5c","|static|_FUN_001e9020_00021a5c",$d,00000000
"00021a60","|static|_INVALID_|static|_TEXT:0001c117_00021a60",$d,00000000
"00021a64","|static|_INVALID_|static|_TEXT:0001c117_00021a64",$d,00000000
"00021a70","|static|_DAT_008ca3d0_00021a70",$d,00000000
"00021a7c","|static|_FUN_0057ba40_00021a7c",$d,00000000
"00021a80","|static|_FUN_001f4c9c_00021a80",$d,00000000
"00021a84","|static|_LAB_0057b988_00021a84",$d,00000000
"00021a88","|static|_FUN_0057ba54_00021a88",$d,00000000
"00021a8c","|static|_FUN_001f4e44_00021a8c",$d,00000000
"00021a90","|static|_FUN_0057b98c_00021a90",$d,00000000
"00021a94","|static|_FUN_0057b990_00021a94",$d,00000000
"00021a98","|static|_FUN_001f4dc0_00021a98",$d,00000000
"00021a9c","|static|_LAB_0057ba24_00021a9c",$d,00000000
"00021aa0","|static|_FUN_001f4e30_00021aa0",$d,00000000
"00021aa4","|static|_FUN_001f4ae4_00021aa4",$d,00000000
"00021aa8","|static|_FUN_00521a38_00021aa8",$d,00000000
"00021aac","|static|_FUN_00521064_00021aac",$d,00000000
"00021ab8","|static|_INVALID_|static|_TEXT:0001c117_00021ab8",$d,00000000
"00021abc","|static|_INVALID_|static|_TEXT:0001c117_00021abc",$d,00000000
"00021ac8","|static|_FUN_001f3ce0_00021ac8",$d,00000000
"00021acc","|static|_INVALID_|static|_TEXT:0001c117_00021acc",$d,00000000
"00021ad0","|static|_INVALID_|static|_TEXT:0001c117_00021ad0",$d,00000000
"00021ad8","|static|_FUN_001f4b6c_00021ad8",$d,00000000
"00021adc","|static|_INVALID_|static|_TEXT:0001c117_00021adc",$d,00000000
"00021ae4","|static|_INVALID_|static|_TEXT:0001c117_00021ae4",$d,00000000
"00021ae8","|static|_FUN_001f4e94_00021ae8",$d,00000000
"00021aec","|static|_FUN_001f4fc8_00021aec",$d,00000000
"00021af4","|static|_FUN_001f4a68_00021af4",$d,00000000
"00021b2c","|static|_DAT_008ca3d0_00021b2c",$d,00000000
"00021b38","|static|_INVALID_|static|_TEXT:0001c117_00021b38",$d,00000000
"00021b3c","|static|_INVALID_|static|_TEXT:0001c117_00021b3c",$d,00000000
"00021b40","|static|_INVALID_|static|_TEXT:0001c117_00021b40",$d,00000000
"00021b44","|static|_INVALID_|static|_TEXT:0001c117_00021b44",$d,00000000
"00021b48","|static|_INVALID_|static|_TEXT:0001c117_00021b48",$d,00000000
"00021b4c","|static|_INVALID_|static|_TEXT:0001c117_00021b4c",$d,00000000
"00021b54","|static|_FUN_002705fc_00021b54",$d,00000000
"00021b58","|static|_FUN_0027066c_00021b58",$d,00000000
"00021b88","|static|_DAT_008ca38c_00021b88",$d,00000000
"00021b94","|static|_INVALID_|static|_TEXT:0001c117_00021b94",$d,00000000
"00021b98","|static|_INVALID_|static|_TEXT:0001c117_00021b98",$d,00000000
"00021b9c","|static|_INVALID_|static|_TEXT:0001c117_00021b9c",$d,00000000
"00021ba0","|static|_INVALID_|static|_TEXT:0001c117_00021ba0",$d,00000000
"00021ba4","|static|_INVALID_|static|_TEXT:0001c117_00021ba4",$d,00000000
"00021ba8","|static|_INVALID_|static|_TEXT:0001c117_00021ba8",$d,00000000
"00021bb0","|static|_FUN_002705fc_00021bb0",$d,00000000
"00021bb4","|static|_FUN_0027066c_00021bb4",$d,00000000
"00021bc0","|static|_DAT_008cc070_00021bc0",$d,00000000
"00021bcc","|static|_FUN_002fc024_00021bcc",$d,00000000
"00021bd0","|static|_FUN_00321840_00021bd0",$d,00000000
"00021bd4","|static|_FUN_003217a0_00021bd4",$d,00000000
"00021be8","|static|_FUN_0033f430_00021be8",$d,00000000
"00021bf8","|static|_DAT_008cbc04_00021bf8",$d,00000000
"00021c04","|static|_FUN_002fc024_00021c04",$d,00000000
"00021c08","|static|_FUN_00321840_00021c08",$d,00000000
"00021c0c","|static|_FUN_003217a0_00021c0c",$d,00000000
"00021c20","|static|_FUN_003217d4_00021c20",$d,00000000
"00021c30","|static|_DAT_008cba60_00021c30",$d,00000000
"00021c3c","|static|_FUN_002fc024_00021c3c",$d,00000000
"00021c40","|static|_FUN_002fcb58_00021c40",$d,00000000
"00021c44","|static|_FUN_002fbe58_00021c44",$d,00000000
"00021c84","|static|_DAT_008cba60_00021c84",$d,00000000
"00021c90","|static|_FUN_002fc014_00021c90",$d,00000000
"00021c94","|static|_FUN_00778f8c_00021c94",$d,00000000
"00021c98","|static|_FUN_00779114_00021c98",$d,00000000
"00021ca4","|static|_INVALID_|static|_TEXT:0001c117_00021ca4",$d,00000000
"00021cac","|static|_FUN_002705fc_00021cac",$d,00000000
"00021cb0","|static|_FUN_0027066c_00021cb0",$d,00000000
"00021ce0","|static|_DAT_008cbc04_00021ce0",$d,00000000
"00021cec","|static|_FUN_002fc014_00021cec",$d,00000000
"00021cf0","|static|_FUN_00779038_00021cf0",$d,00000000
"00021cf4","|static|_FUN_00779148_00021cf4",$d,00000000
"00021d00","|static|_FUN_00779398_00021d00",$d,00000000
"00021d08","|static|_FUN_002705fc_00021d08",$d,00000000
"00021d0c","|static|_FUN_0027066c_00021d0c",$d,00000000
"00021d3c","|static|_DAT_008cc070_00021d3c",$d,00000000
"00021d48","|static|_FUN_002fc014_00021d48",$d,00000000
"00021d4c","|static|_FUN_00779038_00021d4c",$d,00000000
"00021d50","|static|_FUN_00779148_00021d50",$d,00000000
"00021d5c","|static|_FUN_0033f420_00021d5c",$d,00000000
"00021d64","|static|_FUN_002705fc_00021d64",$d,00000000
"00021d68","|static|_FUN_0027066c_00021d68",$d,00000000
"00021da4","|static|_FUN_002fc014_00021da4",$d,00000000
"00021da8","|static|_FUN_00779038_00021da8",$d,00000000
"00021dac","|static|_FUN_00779148_00021dac",$d,00000000
"00021db8","|static|_FUN_0033f420_00021db8",$d,00000000
"00021ddc","|static|_FUN_002fc024_00021ddc",$d,00000000
"00021de0","|static|_FUN_00321840_00021de0",$d,00000000
"00021de4","|static|_FUN_003217a0_00021de4",$d,00000000
"00021df8","|static|_FUN_0033f430_00021df8",$d,00000000
"00021e14","|static|_FUN_0057ba40_00021e14",$d,00000000
"00021e18","|static|_FUN_001f4c9c_00021e18",$d,00000000
"00021e1c","|static|_LAB_0057b988_00021e1c",$d,00000000
"00021e20","|static|_FUN_0057ba54_00021e20",$d,00000000
"00021e24","|static|_FUN_001f4e44_00021e24",$d,00000000
"00021e28","|static|_FUN_0057b98c_00021e28",$d,00000000
"00021e30","|static|_FUN_001f4dc0_00021e30",$d,00000000
"00021e38","|static|_FUN_001f4e30_00021e38",$d,00000000
"00021e3c","|static|_FUN_001f4ae4_00021e3c",$d,00000000
"00021e40","|static|_FUN_00521a38_00021e40",$d,00000000
"00021e44","|static|_FUN_00521064_00021e44",$d,00000000
"00021e50","|static|_FUN_007119f8_00021e50",$d,00000000
"00021e54","|static|_INVALID_|static|_TEXT:0001c117_00021e54",$d,00000000
"00021e64","|static|_FUN_001e8cd0_00021e64",$d,00000000
"00021e68","|static|_FUN_001e8cf4_00021e68",$d,00000000
"00021e74","|static|_FUN_00711a04_00021e74",$d,00000000
"00021e7c","|static|_INVALID_|static|_TEXT:0001c117_00021e7c",$d,00000000
"00021e84","|static|_FUN_001f4fc8_00021e84",$d,00000000
"00021e98","|static|_FUN_001e8d84_00021e98",$d,00000000
"00021e9c","|static|_FUN_001e9020_00021e9c",$d,00000000
"00021ea8","|static|_INVALID_|static|_TEXT:0001c117_00021ea8",$d,00000000
"00021ecc","|static|_DAT_008ca38c_00021ecc",$d,00000000
"00021ed8","|static|_FUN_0057ba40_00021ed8",$d,00000000
"00021edc","|static|_FUN_001f4c9c_00021edc",$d,00000000
"00021ee0","|static|_LAB_0057b988_00021ee0",$d,00000000
"00021ee4","|static|_FUN_0057ba54_00021ee4",$d,00000000
"00021ee8","|static|_FUN_001f4e44_00021ee8",$d,00000000
"00021eec","|static|_FUN_0057b98c_00021eec",$d,00000000
"00021ef0","|static|_FUN_0057b990_00021ef0",$d,00000000
"00021ef4","|static|_FUN_001f4dc0_00021ef4",$d,00000000
"00021ef8","|static|_LAB_0057ba24_00021ef8",$d,00000000
"00021efc","|static|_FUN_001f4e30_00021efc",$d,00000000
"00021f00","|static|_FUN_001f4ae4_00021f00",$d,00000000
"00021f04","|static|_FUN_00521a38_00021f04",$d,00000000
"00021f08","|static|_FUN_00521064_00021f08",$d,00000000
"00021f14","|static|_FUN_007119f8_00021f14",$d,00000000
"00021f18","|static|_INVALID_|static|_TEXT:0001c117_00021f18",$d,00000000
"00021f24","|static|_FUN_001f3ce0_00021f24",$d,00000000
"00021f28","|static|_FUN_001e8cd0_00021f28",$d,00000000
"00021f2c","|static|_FUN_001e8cf4_00021f2c",$d,00000000
"00021f34","|static|_FUN_001f4b6c_00021f34",$d,00000000
"00021f38","|static|_FUN_00711a04_00021f38",$d,00000000
"00021f40","|static|_INVALID_|static|_TEXT:0001c117_00021f40",$d,00000000
"00021f44","|static|_FUN_001f4e94_00021f44",$d,00000000
"00021f48","|static|_FUN_001f4fc8_00021f48",$d,00000000
"00021f50","|static|_FUN_001f4a68_00021f50",$d,00000000
"00021f5c","|static|_FUN_001e8d84_00021f5c",$d,00000000
"00021f60","|static|_FUN_001e9020_00021f60",$d,00000000
"00021f64","|static|_INVALID_|static|_TEXT:0001c117_00021f64",$d,00000000
"00021f68","|static|_INVALID_|static|_TEXT:0001c117_00021f68",$d,00000000
"00021f74","|static|_DAT_008ca3d0_00021f74",$d,00000000
"00021f80","|static|_FUN_0057ba40_00021f80",$d,00000000
"00021f84","|static|_FUN_001f4c9c_00021f84",$d,00000000
"00021f88","|static|_LAB_0057b988_00021f88",$d,00000000
"00021f8c","|static|_FUN_0057ba54_00021f8c",$d,00000000
"00021f90","|static|_FUN_001f4e44_00021f90",$d,00000000
"00021f94","|static|_FUN_0057b98c_00021f94",$d,00000000
"00021f98","|static|_FUN_0057b990_00021f98",$d,00000000
"00021f9c","|static|_FUN_001f4dc0_00021f9c",$d,00000000
"00021fa0","|static|_LAB_0057ba24_00021fa0",$d,00000000
"00021fa4","|static|_FUN_001f4e30_00021fa4",$d,00000000
"00021fa8","|static|_FUN_001f4ae4_00021fa8",$d,00000000
"00021fac","|static|_FUN_00521a38_00021fac",$d,00000000
"00021fb0","|static|_FUN_00521064_00021fb0",$d,00000000
"00021fbc","|static|_INVALID_|static|_TEXT:0001c117_00021fbc",$d,00000000
"00021fc0","|static|_INVALID_|static|_TEXT:0001c117_00021fc0",$d,00000000
"00021fcc","|static|_FUN_001f3ce0_00021fcc",$d,00000000
"00021fd0","|static|_INVALID_|static|_TEXT:0001c117_00021fd0",$d,00000000
"00021fd4","|static|_INVALID_|static|_TEXT:0001c117_00021fd4",$d,00000000
"00021fdc","|static|_FUN_001f4b6c_00021fdc",$d,00000000
"00021fe0","|static|_INVALID_|static|_TEXT:0001c117_00021fe0",$d,00000000
"00021fe8","|static|_INVALID_|static|_TEXT:0001c117_00021fe8",$d,00000000
"00021fec","|static|_FUN_001f4e94_00021fec",$d,00000000
"00021ff0","|static|_FUN_001f4fc8_00021ff0",$d,00000000
"00021ff8","|static|_FUN_001f4a68_00021ff8",$d,00000000
"00022030","|static|_DAT_008ca3d0_00022030",$d,00000000
"0002203c","|static|_INVALID_|static|_TEXT:0001c117_0002203c",$d,00000000
"00022040","|static|_INVALID_|static|_TEXT:0001c117_00022040",$d,00000000
"00022044","|static|_INVALID_|static|_TEXT:0001c117_00022044",$d,00000000
"00022048","|static|_INVALID_|static|_TEXT:0001c117_00022048",$d,00000000
"0002204c","|static|_INVALID_|static|_TEXT:0001c117_0002204c",$d,00000000
"00022050","|static|_INVALID_|static|_TEXT:0001c117_00022050",$d,00000000
"00022058","|static|_FUN_002705fc_00022058",$d,00000000
"0002205c","|static|_FUN_0027066c_0002205c",$d,00000000
"0002208c","|static|_DAT_008ca38c_0002208c",$d,00000000
"00022098","|static|_INVALID_|static|_TEXT:0001c117_00022098",$d,00000000
"0002209c","|static|_INVALID_|static|_TEXT:0001c117_0002209c",$d,00000000
"000220a0","|static|_INVALID_|static|_TEXT:0001c117_000220a0",$d,00000000
"000220a4","|static|_INVALID_|static|_TEXT:0001c117_000220a4",$d,00000000
"000220a8","|static|_INVALID_|static|_TEXT:0001c117_000220a8",$d,00000000
"000220ac","|static|_INVALID_|static|_TEXT:0001c117_000220ac",$d,00000000
"000220b4","|static|_FUN_002705fc_000220b4",$d,00000000
"000220b8","|static|_FUN_0027066c_000220b8",$d,00000000
"000220c4","|static|_DAT_008cc070_000220c4",$d,00000000
"000220d0","|static|_FUN_002fc024_000220d0",$d,00000000
"000220d4","|static|_FUN_00321840_000220d4",$d,00000000
"000220d8","|static|_FUN_003217a0_000220d8",$d,00000000
"000220ec","|static|_FUN_0033f430_000220ec",$d,00000000
"000220fc","|static|_DAT_008cbc04_000220fc",$d,00000000
"00022108","|static|_FUN_002fc024_00022108",$d,00000000
"0002210c","|static|_FUN_00321840_0002210c",$d,00000000
"00022110","|static|_FUN_003217a0_00022110",$d,00000000
"00022124","|static|_FUN_003217d4_00022124",$d,00000000
"00022134","|static|_DAT_008cba60_00022134",$d,00000000
"00022140","|static|_FUN_002fc024_00022140",$d,00000000
"00022144","|static|_FUN_002fcb58_00022144",$d,00000000
"00022148","|static|_FUN_002fbe58_00022148",$d,00000000
"00022188","|static|_DAT_008cba60_00022188",$d,00000000
"00022194","|static|_FUN_002fc014_00022194",$d,00000000
"00022198","|static|_FUN_00778f8c_00022198",$d,00000000
"0002219c","|static|_FUN_00779114_0002219c",$d,00000000
"000221a8","|static|_INVALID_|static|_TEXT:0001c117_000221a8",$d,00000000
"000221b0","|static|_FUN_002705fc_000221b0",$d,00000000
"000221b4","|static|_FUN_0027066c_000221b4",$d,00000000
"000221e4","|static|_DAT_008cbc04_000221e4",$d,00000000
"000221f0","|static|_FUN_002fc014_000221f0",$d,00000000
"000221f4","|static|_FUN_00779038_000221f4",$d,00000000
"000221f8","|static|_FUN_00779148_000221f8",$d,00000000
"00022204","|static|_FUN_00779398_00022204",$d,00000000
"0002220c","|static|_FUN_002705fc_0002220c",$d,00000000
"00022210","|static|_FUN_0027066c_00022210",$d,00000000
"00022240","|static|_DAT_008cc070_00022240",$d,00000000
"0002224c","|static|_FUN_002fc014_0002224c",$d,00000000
"00022250","|static|_FUN_00779038_00022250",$d,00000000
"00022254","|static|_FUN_00779148_00022254",$d,00000000
"00022260","|static|_FUN_0033f420_00022260",$d,00000000
"00022268","|static|_FUN_002705fc_00022268",$d,00000000
"0002226c","|static|_FUN_0027066c_0002226c",$d,00000000
"000222a8","|static|_FUN_002fc014_000222a8",$d,00000000
"000222ac","|static|_FUN_00779038_000222ac",$d,00000000
"000222b0","|static|_FUN_00779148_000222b0",$d,00000000
"000222bc","|static|_FUN_0033f420_000222bc",$d,00000000
"000222e0","|static|_FUN_002fc024_000222e0",$d,00000000
"000222e4","|static|_FUN_00321840_000222e4",$d,00000000
"000222e8","|static|_FUN_003217a0_000222e8",$d,00000000
"000222fc","|static|_FUN_0033f430_000222fc",$d,00000000
"00022318","|static|_FUN_0057ba40_00022318",$d,00000000
"0002231c","|static|_FUN_001f4c9c_0002231c",$d,00000000
"00022320","|static|_LAB_0057b988_00022320",$d,00000000
"00022324","|static|_FUN_0057ba54_00022324",$d,00000000
"00022328","|static|_FUN_001f4e44_00022328",$d,00000000
"0002232c","|static|_FUN_0057b98c_0002232c",$d,00000000
"00022334","|static|_FUN_001f4dc0_00022334",$d,00000000
"0002233c","|static|_FUN_001f4e30_0002233c",$d,00000000
"00022340","|static|_FUN_001f4ae4_00022340",$d,00000000
"00022344","|static|_FUN_00521a38_00022344",$d,00000000
"00022348","|static|_FUN_00521064_00022348",$d,00000000
"00022354","|static|_FUN_007119f8_00022354",$d,00000000
"00022358","|static|_INVALID_|static|_TEXT:0001c117_00022358",$d,00000000
"00022368","|static|_FUN_001e8cd0_00022368",$d,00000000
"0002236c","|static|_FUN_001e8cf4_0002236c",$d,00000000
"00022378","|static|_FUN_00711a04_00022378",$d,00000000
"00022380","|static|_INVALID_|static|_TEXT:0001c117_00022380",$d,00000000
"00022388","|static|_FUN_001f4fc8_00022388",$d,00000000
"0002239c","|static|_FUN_001e8d84_0002239c",$d,00000000
"000223a0","|static|_FUN_001e9020_000223a0",$d,00000000
"000223ac","|static|_INVALID_|static|_TEXT:0001c117_000223ac",$d,00000000
"000223e4","|static|_FUN_0057ba40_000223e4",$d,00000000
"000223e8","|static|_FUN_001f4c9c_000223e8",$d,00000000
"000223ec","|static|_LAB_0057b988_000223ec",$d,00000000
"000223f0","|static|_FUN_0057ba54_000223f0",$d,00000000
"000223f4","|static|_FUN_001f4e44_000223f4",$d,00000000
"000223f8","|static|_FUN_0057b98c_000223f8",$d,00000000
"00022400","|static|_FUN_001f4dc0_00022400",$d,00000000
"00022408","|static|_FUN_001f4e30_00022408",$d,00000000
"0002240c","|static|_FUN_001f4ae4_0002240c",$d,00000000
"00022410","|static|_FUN_00521a38_00022410",$d,00000000
"00022414","|static|_FUN_00521064_00022414",$d,00000000
"00022420","|static|_FUN_007119f8_00022420",$d,00000000
"00022424","|static|_INVALID_|static|_TEXT:0001c117_00022424",$d,00000000
"00022434","|static|_FUN_001e8cd0_00022434",$d,00000000
"00022438","|static|_FUN_001e8cf4_00022438",$d,00000000
"00022444","|static|_FUN_00711a04_00022444",$d,00000000
"0002244c","|static|_INVALID_|static|_TEXT:0001c117_0002244c",$d,00000000
"00022454","|static|_FUN_001f4fc8_00022454",$d,00000000
"00022468","|static|_FUN_001e8d84_00022468",$d,00000000
"0002246c","|static|_FUN_001e9020_0002246c",$d,00000000
"00022478","|static|_INVALID_|static|_TEXT:0001c117_00022478",$d,00000000
"0002249c","|static|_DAT_008ca38c_0002249c",$d,00000000
"000224a8","|static|_FUN_0057ba40_000224a8",$d,00000000
"000224ac","|static|_FUN_001f4c9c_000224ac",$d,00000000
"000224b0","|static|_LAB_0057b988_000224b0",$d,00000000
"000224b4","|static|_FUN_0057ba54_000224b4",$d,00000000
"000224b8","|static|_FUN_001f4e44_000224b8",$d,00000000
"000224bc","|static|_FUN_0057b98c_000224bc",$d,00000000
"000224c0","|static|_FUN_0057b990_000224c0",$d,00000000
"000224c4","|static|_FUN_001f4dc0_000224c4",$d,00000000
"000224c8","|static|_LAB_0057ba24_000224c8",$d,00000000
"000224cc","|static|_FUN_001f4e30_000224cc",$d,00000000
"000224d0","|static|_FUN_001f4ae4_000224d0",$d,00000000
"000224d4","|static|_FUN_00521a38_000224d4",$d,00000000
"000224d8","|static|_FUN_00521064_000224d8",$d,00000000
"000224e4","|static|_FUN_007119f8_000224e4",$d,00000000
"000224e8","|static|_INVALID_|static|_TEXT:0001c117_000224e8",$d,00000000
"000224f4","|static|_FUN_001f3ce0_000224f4",$d,00000000
"000224f8","|static|_FUN_001e8cd0_000224f8",$d,00000000
"000224fc","|static|_FUN_001e8cf4_000224fc",$d,00000000
"00022504","|static|_FUN_001f4b6c_00022504",$d,00000000
"00022508","|static|_FUN_00711a04_00022508",$d,00000000
"00022510","|static|_INVALID_|static|_TEXT:0001c117_00022510",$d,00000000
"00022514","|static|_FUN_001f4e94_00022514",$d,00000000
"00022518","|static|_FUN_001f4fc8_00022518",$d,00000000
"00022520","|static|_FUN_001f4a68_00022520",$d,00000000
"0002252c","|static|_FUN_001e8d84_0002252c",$d,00000000
"00022530","|static|_FUN_001e9020_00022530",$d,00000000
"00022534","|static|_INVALID_|static|_TEXT:0001c117_00022534",$d,00000000
"00022538","|static|_INVALID_|static|_TEXT:0001c117_00022538",$d,00000000
"00022544","|static|_DAT_008ca3d0_00022544",$d,00000000
"00022550","|static|_FUN_0057ba40_00022550",$d,00000000
"00022554","|static|_FUN_001f4c9c_00022554",$d,00000000
"00022558","|static|_LAB_0057b988_00022558",$d,00000000
"0002255c","|static|_FUN_0057ba54_0002255c",$d,00000000
"00022560","|static|_FUN_001f4e44_00022560",$d,00000000
"00022564","|static|_FUN_0057b98c_00022564",$d,00000000
"00022568","|static|_FUN_0057b990_00022568",$d,00000000
"0002256c","|static|_FUN_001f4dc0_0002256c",$d,00000000
"00022570","|static|_LAB_0057ba24_00022570",$d,00000000
"00022574","|static|_FUN_001f4e30_00022574",$d,00000000
"00022578","|static|_FUN_001f4ae4_00022578",$d,00000000
"0002257c","|static|_FUN_00521a38_0002257c",$d,00000000
"00022580","|static|_FUN_00521064_00022580",$d,00000000
"0002258c","|static|_INVALID_|static|_TEXT:0001c117_0002258c",$d,00000000
"00022590","|static|_INVALID_|static|_TEXT:0001c117_00022590",$d,00000000
"0002259c","|static|_FUN_001f3ce0_0002259c",$d,00000000
"000225a0","|static|_INVALID_|static|_TEXT:0001c117_000225a0",$d,00000000
"000225a4","|static|_INVALID_|static|_TEXT:0001c117_000225a4",$d,00000000
"000225ac","|static|_FUN_001f4b6c_000225ac",$d,00000000
"000225b0","|static|_INVALID_|static|_TEXT:0001c117_000225b0",$d,00000000
"000225b8","|static|_INVALID_|static|_TEXT:0001c117_000225b8",$d,00000000
"000225bc","|static|_FUN_001f4e94_000225bc",$d,00000000
"000225c0","|static|_FUN_001f4fc8_000225c0",$d,00000000
"000225c8","|static|_FUN_001f4a68_000225c8",$d,00000000
"00022600","|static|_DAT_008ca3d0_00022600",$d,00000000
"0002260c","|static|_INVALID_|static|_TEXT:0001c117_0002260c",$d,00000000
"00022610","|static|_INVALID_|static|_TEXT:0001c117_00022610",$d,00000000
"00022614","|static|_INVALID_|static|_TEXT:0001c117_00022614",$d,00000000
"00022618","|static|_INVALID_|static|_TEXT:0001c117_00022618",$d,00000000
"0002261c","|static|_INVALID_|static|_TEXT:0001c117_0002261c",$d,00000000
"00022620","|static|_INVALID_|static|_TEXT:0001c117_00022620",$d,00000000
"00022628","|static|_FUN_002705fc_00022628",$d,00000000
"0002262c","|static|_FUN_0027066c_0002262c",$d,00000000
"0002265c","|static|_DAT_008ca38c_0002265c",$d,00000000
"00022668","|static|_INVALID_|static|_TEXT:0001c117_00022668",$d,00000000
"0002266c","|static|_INVALID_|static|_TEXT:0001c117_0002266c",$d,00000000
"00022670","|static|_INVALID_|static|_TEXT:0001c117_00022670",$d,00000000
"00022674","|static|_INVALID_|static|_TEXT:0001c117_00022674",$d,00000000
"00022678","|static|_INVALID_|static|_TEXT:0001c117_00022678",$d,00000000
"0002267c","|static|_INVALID_|static|_TEXT:0001c117_0002267c",$d,00000000
"00022684","|static|_FUN_002705fc_00022684",$d,00000000
"00022688","|static|_FUN_0027066c_00022688",$d,00000000
"00022694","|static|_DAT_008cc070_00022694",$d,00000000
"000226a0","|static|_FUN_002fc024_000226a0",$d,00000000
"000226a4","|static|_FUN_00321840_000226a4",$d,00000000
"000226a8","|static|_FUN_003217a0_000226a8",$d,00000000
"000226bc","|static|_FUN_0033f430_000226bc",$d,00000000
"000226cc","|static|_DAT_008cbc04_000226cc",$d,00000000
"000226d8","|static|_FUN_002fc024_000226d8",$d,00000000
"000226dc","|static|_FUN_00321840_000226dc",$d,00000000
"000226e0","|static|_FUN_003217a0_000226e0",$d,00000000
"000226f4","|static|_FUN_003217d4_000226f4",$d,00000000
"00022704","|static|_DAT_008cba60_00022704",$d,00000000
"00022710","|static|_FUN_002fc024_00022710",$d,00000000
"00022714","|static|_FUN_002fcb58_00022714",$d,00000000
"00022718","|static|_FUN_002fbe58_00022718",$d,00000000
"00022758","|static|_DAT_008cba60_00022758",$d,00000000
"00022764","|static|_FUN_002fc014_00022764",$d,00000000
"00022768","|static|_FUN_00778f8c_00022768",$d,00000000
"0002276c","|static|_FUN_00779114_0002276c",$d,00000000
"00022778","|static|_INVALID_|static|_TEXT:0001c117_00022778",$d,00000000
"00022780","|static|_FUN_002705fc_00022780",$d,00000000
"00022784","|static|_FUN_0027066c_00022784",$d,00000000
"000227b4","|static|_DAT_008cbc04_000227b4",$d,00000000
"000227c0","|static|_FUN_002fc014_000227c0",$d,00000000
"000227c4","|static|_FUN_00779038_000227c4",$d,00000000
"000227c8","|static|_FUN_00779148_000227c8",$d,00000000
"000227d4","|static|_FUN_00779398_000227d4",$d,00000000
"000227dc","|static|_FUN_002705fc_000227dc",$d,00000000
"000227e0","|static|_FUN_0027066c_000227e0",$d,00000000
"00022810","|static|_DAT_008cc070_00022810",$d,00000000
"0002281c","|static|_FUN_002fc014_0002281c",$d,00000000
"00022820","|static|_FUN_00779038_00022820",$d,00000000
"00022824","|static|_FUN_00779148_00022824",$d,00000000
"00022830","|static|_FUN_0033f420_00022830",$d,00000000
"00022838","|static|_FUN_002705fc_00022838",$d,00000000
"0002283c","|static|_FUN_0027066c_0002283c",$d,00000000
"00022878","|static|_FUN_002fc014_00022878",$d,00000000
"0002287c","|static|_FUN_00779038_0002287c",$d,00000000
"00022880","|static|_FUN_00779148_00022880",$d,00000000
"0002288c","|static|_FUN_0033f420_0002288c",$d,00000000
"000228b0","|static|_FUN_002fc024_000228b0",$d,00000000
"000228b4","|static|_FUN_00321840_000228b4",$d,00000000
"000228b8","|static|_FUN_003217a0_000228b8",$d,00000000
"000228cc","|static|_FUN_0033f430_000228cc",$d,00000000
"0002290c","|static|_FUN_002fc014_0002290c",$d,00000000
"00022910","|static|_FUN_00779038_00022910",$d,00000000
"00022920","|static|_FUN_0033f420_00022920",$d,00000000
"00022944","|static|_FUN_002fc024_00022944",$d,00000000
"00022948","|static|_FUN_00321840_00022948",$d,00000000
"00022960","|static|_FUN_0033f430_00022960",$d,00000000
"0002297c","|static|_FUN_0057ba40_0002297c",$d,00000000
"00022980","|static|_FUN_001f4c9c_00022980",$d,00000000
"00022984","|static|_LAB_0057b988_00022984",$d,00000000
"00022988","|static|_FUN_0057ba54_00022988",$d,00000000
"0002298c","|static|_FUN_001f4e44_0002298c",$d,00000000
"00022990","|static|_FUN_0057b98c_00022990",$d,00000000
"00022998","|static|_FUN_001f4dc0_00022998",$d,00000000
"000229a0","|static|_FUN_001f4e30_000229a0",$d,00000000
"000229a4","|static|_FUN_001f4ae4_000229a4",$d,00000000
"000229a8","|static|_FUN_00521a38_000229a8",$d,00000000
"000229ac","|static|_FUN_00521064_000229ac",$d,00000000
"000229b8","|static|_FUN_007119f8_000229b8",$d,00000000
"000229bc","|static|_INVALID_|static|_TEXT:0001c117_000229bc",$d,00000000
"000229cc","|static|_FUN_001e8cd0_000229cc",$d,00000000
"000229d0","|static|_FUN_001e8cf4_000229d0",$d,00000000
"000229dc","|static|_FUN_00711a04_000229dc",$d,00000000
"000229e4","|static|_INVALID_|static|_TEXT:0001c117_000229e4",$d,00000000
"000229ec","|static|_FUN_001f4fc8_000229ec",$d,00000000
"00022a00","|static|_FUN_001e8d84_00022a00",$d,00000000
"00022a04","|static|_FUN_001e9020_00022a04",$d,00000000
"00022a10","|static|_INVALID_|static|_TEXT:0001c117_00022a10",$d,00000000
"00022a40","|static|_FUN_0057ba40_00022a40",$d,00000000
"00022a44","|static|_FUN_001f4c9c_00022a44",$d,00000000
"00022a48","|static|_LAB_0057b988_00022a48",$d,00000000
"00022a4c","|static|_FUN_0057ba54_00022a4c",$d,00000000
"00022a50","|static|_FUN_001f4e44_00022a50",$d,00000000
"00022a54","|static|_FUN_0057b98c_00022a54",$d,00000000
"00022a5c","|static|_FUN_001f4dc0_00022a5c",$d,00000000
"00022a64","|static|_FUN_001f4e30_00022a64",$d,00000000
"00022a68","|static|_FUN_001f4ae4_00022a68",$d,00000000
"00022a6c","|static|_FUN_00521a38_00022a6c",$d,00000000
"00022a70","|static|_FUN_00521064_00022a70",$d,00000000
"00022a7c","|static|_FUN_007119f8_00022a7c",$d,00000000
"00022a80","|static|_INVALID_|static|_TEXT:0001c117_00022a80",$d,00000000
"00022a90","|static|_FUN_001e8cd0_00022a90",$d,00000000
"00022a94","|static|_FUN_001e8cf4_00022a94",$d,00000000
"00022aa0","|static|_FUN_00711a04_00022aa0",$d,00000000
"00022aa8","|static|_INVALID_|static|_TEXT:0001c117_00022aa8",$d,00000000
"00022ab0","|static|_FUN_001f4fc8_00022ab0",$d,00000000
"00022ac4","|static|_FUN_001e8d84_00022ac4",$d,00000000
"00022ac8","|static|_FUN_001e9020_00022ac8",$d,00000000
"00022ad4","|static|_INVALID_|static|_TEXT:0001c117_00022ad4",$d,00000000
"00022af8","|static|_DAT_008ca38c_00022af8",$d,00000000
"00022b04","|static|_FUN_0057ba40_00022b04",$d,00000000
"00022b08","|static|_FUN_001f4c9c_00022b08",$d,00000000
"00022b0c","|static|_LAB_0057b988_00022b0c",$d,00000000
"00022b10","|static|_FUN_0057ba54_00022b10",$d,00000000
"00022b14","|static|_FUN_001f4e44_00022b14",$d,00000000
"00022b18","|static|_FUN_0057b98c_00022b18",$d,00000000
"00022b1c","|static|_FUN_0057b990_00022b1c",$d,00000000
"00022b20","|static|_FUN_001f4dc0_00022b20",$d,00000000
"00022b24","|static|_LAB_0057ba24_00022b24",$d,00000000
"00022b28","|static|_FUN_001f4e30_00022b28",$d,00000000
"00022b2c","|static|_FUN_001f4ae4_00022b2c",$d,00000000
"00022b30","|static|_FUN_00521a38_00022b30",$d,00000000
"00022b34","|static|_FUN_00521064_00022b34",$d,00000000
"00022b40","|static|_FUN_007119f8_00022b40",$d,00000000
"00022b44","|static|_INVALID_|static|_TEXT:0001c117_00022b44",$d,00000000
"00022b50","|static|_FUN_001f3ce0_00022b50",$d,00000000
"00022b54","|static|_FUN_001e8cd0_00022b54",$d,00000000
"00022b58","|static|_FUN_001e8cf4_00022b58",$d,00000000
"00022b60","|static|_FUN_001f4b6c_00022b60",$d,00000000
"00022b64","|static|_FUN_00711a04_00022b64",$d,00000000
"00022b6c","|static|_INVALID_|static|_TEXT:0001c117_00022b6c",$d,00000000
"00022b70","|static|_FUN_001f4e94_00022b70",$d,00000000
"00022b74","|static|_FUN_001f4fc8_00022b74",$d,00000000
"00022b7c","|static|_FUN_001f4a68_00022b7c",$d,00000000
"00022b88","|static|_FUN_001e8d84_00022b88",$d,00000000
"00022b8c","|static|_FUN_001e9020_00022b8c",$d,00000000
"00022b90","|static|_INVALID_|static|_TEXT:0001c117_00022b90",$d,00000000
"00022b94","|static|_INVALID_|static|_TEXT:0001c117_00022b94",$d,00000000
"00022ba0","|static|_DAT_008ca3d0_00022ba0",$d,00000000
"00022bac","|static|_FUN_0057ba40_00022bac",$d,00000000
"00022bb0","|static|_FUN_001f4c9c_00022bb0",$d,00000000
"00022bb4","|static|_LAB_0057b988_00022bb4",$d,00000000
"00022bb8","|static|_FUN_0057ba54_00022bb8",$d,00000000
"00022bbc","|static|_FUN_001f4e44_00022bbc",$d,00000000
"00022bc0","|static|_FUN_0057b98c_00022bc0",$d,00000000
"00022bc4","|static|_FUN_0057b990_00022bc4",$d,00000000
"00022bc8","|static|_FUN_001f4dc0_00022bc8",$d,00000000
"00022bcc","|static|_LAB_0057ba24_00022bcc",$d,00000000
"00022bd0","|static|_FUN_001f4e30_00022bd0",$d,00000000
"00022bd4","|static|_FUN_001f4ae4_00022bd4",$d,00000000
"00022bd8","|static|_FUN_00521a38_00022bd8",$d,00000000
"00022bdc","|static|_FUN_00521064_00022bdc",$d,00000000
"00022be8","|static|_INVALID_|static|_TEXT:0001c117_00022be8",$d,00000000
"00022bec","|static|_INVALID_|static|_TEXT:0001c117_00022bec",$d,00000000
"00022bf8","|static|_FUN_001f3ce0_00022bf8",$d,00000000
"00022bfc","|static|_INVALID_|static|_TEXT:0001c117_00022bfc",$d,00000000
"00022c00","|static|_INVALID_|static|_TEXT:0001c117_00022c00",$d,00000000
"00022c08","|static|_FUN_001f4b6c_00022c08",$d,00000000
"00022c0c","|static|_INVALID_|static|_TEXT:0001c117_00022c0c",$d,00000000
"00022c14","|static|_INVALID_|static|_TEXT:0001c117_00022c14",$d,00000000
"00022c18","|static|_FUN_001f4e94_00022c18",$d,00000000
"00022c1c","|static|_FUN_001f4fc8_00022c1c",$d,00000000
"00022c24","|static|_FUN_001f4a68_00022c24",$d,00000000
"00022c5c","|static|_DAT_008ca3d0_00022c5c",$d,00000000
"00022c68","|static|_INVALID_|static|_TEXT:0001c117_00022c68",$d,00000000
"00022c6c","|static|_INVALID_|static|_TEXT:0001c117_00022c6c",$d,00000000
"00022c70","|static|_INVALID_|static|_TEXT:0001c117_00022c70",$d,00000000
"00022c74","|static|_INVALID_|static|_TEXT:0001c117_00022c74",$d,00000000
"00022c78","|static|_INVALID_|static|_TEXT:0001c117_00022c78",$d,00000000
"00022c7c","|static|_INVALID_|static|_TEXT:0001c117_00022c7c",$d,00000000
"00022c84","|static|_FUN_002705fc_00022c84",$d,00000000
"00022c88","|static|_FUN_0027066c_00022c88",$d,00000000
"00022cb8","|static|_DAT_008ca38c_00022cb8",$d,00000000
"00022cc4","|static|_INVALID_|static|_TEXT:0001c117_00022cc4",$d,00000000
"00022cc8","|static|_INVALID_|static|_TEXT:0001c117_00022cc8",$d,00000000
"00022ccc","|static|_INVALID_|static|_TEXT:0001c117_00022ccc",$d,00000000
"00022cd0","|static|_INVALID_|static|_TEXT:0001c117_00022cd0",$d,00000000
"00022cd4","|static|_INVALID_|static|_TEXT:0001c117_00022cd4",$d,00000000
"00022cd8","|static|_INVALID_|static|_TEXT:0001c117_00022cd8",$d,00000000
"00022ce0","|static|_FUN_002705fc_00022ce0",$d,00000000
"00022ce4","|static|_FUN_0027066c_00022ce4",$d,00000000
"00022cf0","|static|_DAT_008cc070_00022cf0",$d,00000000
"00022cfc","|static|_FUN_002fc024_00022cfc",$d,00000000
"00022d00","|static|_FUN_00321840_00022d00",$d,00000000
"00022d04","|static|_FUN_003217a0_00022d04",$d,00000000
"00022d18","|static|_FUN_0033f430_00022d18",$d,00000000
"00022d28","|static|_DAT_008cbc04_00022d28",$d,00000000
"00022d34","|static|_FUN_002fc024_00022d34",$d,00000000
"00022d38","|static|_FUN_00321840_00022d38",$d,00000000
"00022d3c","|static|_FUN_003217a0_00022d3c",$d,00000000
"00022d50","|static|_FUN_003217d4_00022d50",$d,00000000
"00022d60","|static|_DAT_008cba60_00022d60",$d,00000000
"00022d6c","|static|_FUN_002fc024_00022d6c",$d,00000000
"00022d70","|static|_FUN_002fcb58_00022d70",$d,00000000
"00022d74","|static|_FUN_002fbe58_00022d74",$d,00000000
"00022db4","|static|_DAT_008cba60_00022db4",$d,00000000
"00022dc0","|static|_FUN_002fc014_00022dc0",$d,00000000
"00022dc4","|static|_FUN_00778f8c_00022dc4",$d,00000000
"00022dc8","|static|_FUN_00779114_00022dc8",$d,00000000
"00022dd4","|static|_INVALID_|static|_TEXT:0001c117_00022dd4",$d,00000000
"00022ddc","|static|_FUN_002705fc_00022ddc",$d,00000000
"00022de0","|static|_FUN_0027066c_00022de0",$d,00000000
"00022e10","|static|_DAT_008cbc04_00022e10",$d,00000000
"00022e1c","|static|_FUN_002fc014_00022e1c",$d,00000000
"00022e20","|static|_FUN_00779038_00022e20",$d,00000000
"00022e24","|static|_FUN_00779148_00022e24",$d,00000000
"00022e30","|static|_FUN_00779398_00022e30",$d,00000000
"00022e38","|static|_FUN_002705fc_00022e38",$d,00000000
"00022e3c","|static|_FUN_0027066c_00022e3c",$d,00000000
"00022e6c","|static|_DAT_008cc070_00022e6c",$d,00000000
"00022e78","|static|_FUN_002fc014_00022e78",$d,00000000
"00022e7c","|static|_FUN_00779038_00022e7c",$d,00000000
"00022e80","|static|_FUN_00779148_00022e80",$d,00000000
"00022e8c","|static|_FUN_0033f420_00022e8c",$d,00000000
"00022e94","|static|_FUN_002705fc_00022e94",$d,00000000
"00022e98","|static|_FUN_0027066c_00022e98",$d,00000000
"00022ed4","|static|_FUN_002fc014_00022ed4",$d,00000000
"00022ed8","|static|_FUN_00779038_00022ed8",$d,00000000
"00022edc","|static|_FUN_00779148_00022edc",$d,00000000
"00022ee8","|static|_FUN_0033f420_00022ee8",$d,00000000
"00022f0c","|static|_FUN_002fc024_00022f0c",$d,00000000
"00022f10","|static|_FUN_00321840_00022f10",$d,00000000
"00022f14","|static|_FUN_003217a0_00022f14",$d,00000000
"00022f28","|static|_FUN_0033f430_00022f28",$d,00000000
"00022f68","|static|_FUN_002fc014_00022f68",$d,00000000
"00022f6c","|static|_FUN_00779038_00022f6c",$d,00000000
"00022f70","|static|_FUN_00779148_00022f70",$d,00000000
"00022f7c","|static|_FUN_0033f420_00022f7c",$d,00000000
"00022fa0","|static|_FUN_002fc024_00022fa0",$d,00000000
"00022fa4","|static|_FUN_00321840_00022fa4",$d,00000000
"00022fa8","|static|_FUN_003217a0_00022fa8",$d,00000000
"00022fbc","|static|_FUN_0033f430_00022fbc",$d,00000000
"00022fd8","|static|_FUN_0057ba40_00022fd8",$d,00000000
"00022fdc","|static|_FUN_001f4c9c_00022fdc",$d,00000000
"00022fe0","|static|_LAB_0057b988_00022fe0",$d,00000000
"00022fe4","|static|_FUN_0057ba54_00022fe4",$d,00000000
"00022fe8","|static|_FUN_001f4e44_00022fe8",$d,00000000
"00022fec","|static|_FUN_0057b98c_00022fec",$d,00000000
"00022ff4","|static|_FUN_001f4dc0_00022ff4",$d,00000000
"00022ffc","|static|_FUN_001f4e30_00022ffc",$d,00000000
"00023000","|static|_FUN_001f4ae4_00023000",$d,00000000
"00023004","|static|_FUN_00521a38_00023004",$d,00000000
"00023008","|static|_FUN_00521064_00023008",$d,00000000
"00023014","|static|_FUN_007119f8_00023014",$d,00000000
"00023018","|static|_INVALID_|static|_TEXT:0001c117_00023018",$d,00000000
"00023028","|static|_FUN_001e8cd0_00023028",$d,00000000
"0002302c","|static|_FUN_001e8cf4_0002302c",$d,00000000
"00023038","|static|_FUN_00711a04_00023038",$d,00000000
"00023040","|static|_INVALID_|static|_TEXT:0001c117_00023040",$d,00000000
"00023048","|static|_FUN_001f4fc8_00023048",$d,00000000
"0002305c","|static|_FUN_001e8d84_0002305c",$d,00000000
"00023060","|static|_FUN_001e9020_00023060",$d,00000000
"0002306c","|static|_INVALID_|static|_TEXT:0001c117_0002306c",$d,00000000
"00023090","|static|_DAT_008ca38c_00023090",$d,00000000
"0002309c","|static|_FUN_0057ba40_0002309c",$d,00000000
"000230a0","|static|_FUN_001f4c9c_000230a0",$d,00000000
"000230a4","|static|_LAB_0057b988_000230a4",$d,00000000
"000230a8","|static|_FUN_0057ba54_000230a8",$d,00000000
"000230ac","|static|_FUN_001f4e44_000230ac",$d,00000000
"000230b0","|static|_FUN_0057b98c_000230b0",$d,00000000
"000230b4","|static|_FUN_0057b990_000230b4",$d,00000000
"000230b8","|static|_FUN_001f4dc0_000230b8",$d,00000000
"000230bc","|static|_LAB_0057ba24_000230bc",$d,00000000
"000230c0","|static|_FUN_001f4e30_000230c0",$d,00000000
"000230c4","|static|_FUN_001f4ae4_000230c4",$d,00000000
"000230c8","|static|_FUN_00521a38_000230c8",$d,00000000
"000230cc","|static|_FUN_00521064_000230cc",$d,00000000
"000230d8","|static|_FUN_007119f8_000230d8",$d,00000000
"000230dc","|static|_INVALID_|static|_TEXT:0001c117_000230dc",$d,00000000
"000230e8","|static|_FUN_001f3ce0_000230e8",$d,00000000
"000230ec","|static|_FUN_001e8cd0_000230ec",$d,00000000
"000230f0","|static|_FUN_001e8cf4_000230f0",$d,00000000
"000230f8","|static|_FUN_001f4b6c_000230f8",$d,00000000
"000230fc","|static|_FUN_00711a04_000230fc",$d,00000000
"00023104","|static|_INVALID_|static|_TEXT:0001c117_00023104",$d,00000000
"00023108","|static|_FUN_001f4e94_00023108",$d,00000000
"0002310c","|static|_FUN_001f4fc8_0002310c",$d,00000000
"00023114","|static|_FUN_001f4a68_00023114",$d,00000000
"00023120","|static|_FUN_001e8d84_00023120",$d,00000000
"00023124","|static|_FUN_001e9020_00023124",$d,00000000
"00023128","|static|_INVALID_|static|_TEXT:0001c117_00023128",$d,00000000
"0002312c","|static|_INVALID_|static|_TEXT:0001c117_0002312c",$d,00000000
"00023138","|static|_DAT_008ca3d0_00023138",$d,00000000
"00023144","|static|_FUN_0057ba40_00023144",$d,00000000
"00023148","|static|_FUN_001f4c9c_00023148",$d,00000000
"0002314c","|static|_LAB_0057b988_0002314c",$d,00000000
"00023150","|static|_FUN_0057ba54_00023150",$d,00000000
"00023154","|static|_FUN_001f4e44_00023154",$d,00000000
"00023158","|static|_FUN_0057b98c_00023158",$d,00000000
"0002315c","|static|_FUN_0057b990_0002315c",$d,00000000
"00023160","|static|_FUN_001f4dc0_00023160",$d,00000000
"00023164","|static|_LAB_0057ba24_00023164",$d,00000000
"00023168","|static|_FUN_001f4e30_00023168",$d,00000000
"0002316c","|static|_FUN_001f4ae4_0002316c",$d,00000000
"00023170","|static|_FUN_00521a38_00023170",$d,00000000
"00023174","|static|_FUN_00521064_00023174",$d,00000000
"00023180","|static|_INVALID_|static|_TEXT:0001c117_00023180",$d,00000000
"00023184","|static|_INVALID_|static|_TEXT:0001c117_00023184",$d,00000000
"00023190","|static|_FUN_001f3ce0_00023190",$d,00000000
"00023194","|static|_INVALID_|static|_TEXT:0001c117_00023194",$d,00000000
"00023198","|static|_INVALID_|static|_TEXT:0001c117_00023198",$d,00000000
"000231a0","|static|_FUN_001f4b6c_000231a0",$d,00000000
"000231a4","|static|_INVALID_|static|_TEXT:0001c117_000231a4",$d,00000000
"000231ac","|static|_INVALID_|static|_TEXT:0001c117_000231ac",$d,00000000
"000231b0","|static|_FUN_001f4e94_000231b0",$d,00000000
"000231b4","|static|_FUN_001f4fc8_000231b4",$d,00000000
"000231bc","|static|_FUN_001f4a68_000231bc",$d,00000000
"000231f4","|static|_DAT_008ca3d0_000231f4",$d,00000000
"00023200","|static|_INVALID_|static|_TEXT:0001c117_00023200",$d,00000000
"00023204","|static|_INVALID_|static|_TEXT:0001c117_00023204",$d,00000000
"00023208","|static|_INVALID_|static|_TEXT:0001c117_00023208",$d,00000000
"0002320c","|static|_INVALID_|static|_TEXT:0001c117_0002320c",$d,00000000
"00023210","|static|_INVALID_|static|_TEXT:0001c117_00023210",$d,00000000
"00023214","|static|_INVALID_|static|_TEXT:0001c117_00023214",$d,00000000
"0002321c","|static|_FUN_002705fc_0002321c",$d,00000000
"00023220","|static|_FUN_0027066c_00023220",$d,00000000
"00023250","|static|_DAT_008ca38c_00023250",$d,00000000
"0002325c","|static|_INVALID_|static|_TEXT:0001c117_0002325c",$d,00000000
"00023260","|static|_INVALID_|static|_TEXT:0001c117_00023260",$d,00000000
"00023264","|static|_INVALID_|static|_TEXT:0001c117_00023264",$d,00000000
"00023268","|static|_INVALID_|static|_TEXT:0001c117_00023268",$d,00000000
"0002326c","|static|_INVALID_|static|_TEXT:0001c117_0002326c",$d,00000000
"00023270","|static|_INVALID_|static|_TEXT:0001c117_00023270",$d,00000000
"00023278","|static|_FUN_002705fc_00023278",$d,00000000
"0002327c","|static|_FUN_0027066c_0002327c",$d,00000000
"00023288","|static|_DAT_008cc070_00023288",$d,00000000
"00023294","|static|_FUN_002fc024_00023294",$d,00000000
"00023298","|static|_FUN_00321840_00023298",$d,00000000
"0002329c","|static|_FUN_003217a0_0002329c",$d,00000000
"000232b0","|static|_FUN_0033f430_000232b0",$d,00000000
"000232c0","|static|_DAT_008cbc04_000232c0",$d,00000000
"000232cc","|static|_FUN_002fc024_000232cc",$d,00000000
"000232d0","|static|_FUN_00321840_000232d0",$d,00000000
"000232d4","|static|_FUN_003217a0_000232d4",$d,00000000
"000232e8","|static|_FUN_003217d4_000232e8",$d,00000000
"000232f8","|static|_DAT_008cba60_000232f8",$d,00000000
"00023304","|static|_FUN_002fc024_00023304",$d,00000000
"00023308","|static|_FUN_002fcb58_00023308",$d,00000000
"0002330c","|static|_FUN_002fbe58_0002330c",$d,00000000
"0002334c","|static|_DAT_008cba60_0002334c",$d,00000000
"00023358","|static|_FUN_002fc014_00023358",$d,00000000
"0002335c","|static|_FUN_00778f8c_0002335c",$d,00000000
"00023360","|static|_FUN_00779114_00023360",$d,00000000
"0002336c","|static|_INVALID_|static|_TEXT:0001c117_0002336c",$d,00000000
"00023374","|static|_FUN_002705fc_00023374",$d,00000000
"00023378","|static|_FUN_0027066c_00023378",$d,00000000
"000233a8","|static|_DAT_008cbc04_000233a8",$d,00000000
"000233b4","|static|_FUN_002fc014_000233b4",$d,00000000
"000233b8","|static|_FUN_00779038_000233b8",$d,00000000
"000233bc","|static|_FUN_00779148_000233bc",$d,00000000
"000233c8","|static|_FUN_00779398_000233c8",$d,00000000
"000233d0","|static|_FUN_002705fc_000233d0",$d,00000000
"000233d4","|static|_FUN_0027066c_000233d4",$d,00000000
"00023404","|static|_DAT_008cc070_00023404",$d,00000000
"00023410","|static|_FUN_002fc014_00023410",$d,00000000
"00023414","|static|_FUN_00779038_00023414",$d,00000000
"00023418","|static|_FUN_00779148_00023418",$d,00000000
"00023424","|static|_FUN_0033f420_00023424",$d,00000000
"0002342c","|static|_FUN_002705fc_0002342c",$d,00000000
"00023430","|static|_FUN_0027066c_00023430",$d,00000000
"0002346c","|static|_FUN_002fc014_0002346c",$d,00000000
"00023470","|static|_FUN_00779038_00023470",$d,00000000
"00023474","|static|_FUN_00779148_00023474",$d,00000000
"00023480","|static|_FUN_0033f420_00023480",$d,00000000
"000234a4","|static|_FUN_002fc024_000234a4",$d,00000000
"000234a8","|static|_FUN_00321840_000234a8",$d,00000000
"000234ac","|static|_FUN_003217a0_000234ac",$d,00000000
"000234c0","|static|_FUN_0033f430_000234c0",$d,00000000
"000236f8","|static|_FUN_0057ba40_000236f8",$d,00000000
"000236fc","|static|_FUN_001f4c9c_000236fc",$d,00000000
"00023700","|static|_LAB_0057b988_00023700",$d,00000000
"00023704","|static|_FUN_0057ba54_00023704",$d,00000000
"00023708","|static|_FUN_001f4e44_00023708",$d,00000000
"0002370c","|static|_FUN_0057b98c_0002370c",$d,00000000
"00023714","|static|_FUN_001f4dc0_00023714",$d,00000000
"0002371c","|static|_FUN_001f4e30_0002371c",$d,00000000
"00023720","|static|_FUN_001f4ae4_00023720",$d,00000000
"00023724","|static|_FUN_00521a38_00023724",$d,00000000
"00023728","|static|_FUN_00521064_00023728",$d,00000000
"00023734","|static|_FUN_007119f8_00023734",$d,00000000
"00023738","|static|_INVALID_|static|_TEXT:0001c117_00023738",$d,00000000
"00023748","|static|_FUN_001e8cd0_00023748",$d,00000000
"0002374c","|static|_FUN_001e8cf4_0002374c",$d,00000000
"00023758","|static|_FUN_00711a04_00023758",$d,00000000
"00023760","|static|_INVALID_|static|_TEXT:0001c117_00023760",$d,00000000
"00023768","|static|_FUN_001f4fc8_00023768",$d,00000000
"0002377c","|static|_FUN_001e8d84_0002377c",$d,00000000
"00023780","|static|_FUN_001e9020_00023780",$d,00000000
"0002378c","|static|_INVALID_|static|_TEXT:0001c117_0002378c",$d,00000000
"000237b0","|static|_DAT_008ca38c_000237b0",$d,00000000
"000237bc","|static|_FUN_0057ba40_000237bc",$d,00000000
"000237c0","|static|_FUN_001f4c9c_000237c0",$d,00000000
"000237c4","|static|_LAB_0057b988_000237c4",$d,00000000
"000237c8","|static|_FUN_0057ba54_000237c8",$d,00000000
"000237cc","|static|_FUN_001f4e44_000237cc",$d,00000000
"000237d0","|static|_FUN_0057b98c_000237d0",$d,00000000
"000237d4","|static|_FUN_0057b990_000237d4",$d,00000000
"000237d8","|static|_FUN_001f4dc0_000237d8",$d,00000000
"000237dc","|static|_LAB_0057ba24_000237dc",$d,00000000
"000237e0","|static|_FUN_001f4e30_000237e0",$d,00000000
"000237e4","|static|_FUN_001f4ae4_000237e4",$d,00000000
"000237e8","|static|_FUN_00521a38_000237e8",$d,00000000
"000237ec","|static|_FUN_00521064_000237ec",$d,00000000
"000237f8","|static|_FUN_007119f8_000237f8",$d,00000000
"000237fc","|static|_INVALID_|static|_TEXT:0001c117_000237fc",$d,00000000
"00023808","|static|_FUN_001f3ce0_00023808",$d,00000000
"0002380c","|static|_FUN_001e8cd0_0002380c",$d,00000000
"00023810","|static|_FUN_001e8cf4_00023810",$d,00000000
"00023818","|static|_FUN_001f4b6c_00023818",$d,00000000
"0002381c","|static|_FUN_00711a04_0002381c",$d,00000000
"00023824","|static|_INVALID_|static|_TEXT:0001c117_00023824",$d,00000000
"00023828","|static|_FUN_001f4e94_00023828",$d,00000000
"0002382c","|static|_FUN_001f4fc8_0002382c",$d,00000000
"00023834","|static|_FUN_001f4a68_00023834",$d,00000000
"00023840","|static|_FUN_001e8d84_00023840",$d,00000000
"00023844","|static|_FUN_001e9020_00023844",$d,00000000
"00023848","|static|_INVALID_|static|_TEXT:0001c117_00023848",$d,00000000
"0002384c","|static|_INVALID_|static|_TEXT:0001c117_0002384c",$d,00000000
"00023858","|static|_DAT_008ca3d0_00023858",$d,00000000
"00023864","|static|_FUN_0057ba40_00023864",$d,00000000
"00023868","|static|_FUN_001f4c9c_00023868",$d,00000000
"0002386c","|static|_LAB_0057b988_0002386c",$d,00000000
"00023870","|static|_FUN_0057ba54_00023870",$d,00000000
"00023874","|static|_FUN_001f4e44_00023874",$d,00000000
"00023878","|static|_FUN_0057b98c_00023878",$d,00000000
"0002387c","|static|_FUN_0057b990_0002387c",$d,00000000
"00023880","|static|_FUN_001f4dc0_00023880",$d,00000000
"00023884","|static|_LAB_0057ba24_00023884",$d,00000000
"00023888","|static|_FUN_001f4e30_00023888",$d,00000000
"0002388c","|static|_FUN_001f4ae4_0002388c",$d,00000000
"00023890","|static|_FUN_00521a38_00023890",$d,00000000
"00023894","|static|_FUN_00521064_00023894",$d,00000000
"000238a0","|static|_INVALID_|static|_TEXT:0001c117_000238a0",$d,00000000
"000238a4","|static|_INVALID_|static|_TEXT:0001c117_000238a4",$d,00000000
"000238b0","|static|_FUN_001f3ce0_000238b0",$d,00000000
"000238b4","|static|_INVALID_|static|_TEXT:0001c117_000238b4",$d,00000000
"000238b8","|static|_INVALID_|static|_TEXT:0001c117_000238b8",$d,00000000
"000238c0","|static|_FUN_001f4b6c_000238c0",$d,00000000
"000238c4","|static|_INVALID_|static|_TEXT:0001c117_000238c4",$d,00000000
"000238cc","|static|_INVALID_|static|_TEXT:0001c117_000238cc",$d,00000000
"000238d0","|static|_FUN_001f4e94_000238d0",$d,00000000
"000238d4","|static|_FUN_001f4fc8_000238d4",$d,00000000
"000238dc","|static|_FUN_001f4a68_000238dc",$d,00000000
"00023914","|static|_DAT_008ca3d0_00023914",$d,00000000
"00023920","|static|_INVALID_|static|_TEXT:0001c117_00023920",$d,00000000
"00023924","|static|_INVALID_|static|_TEXT:0001c117_00023924",$d,00000000
"00023928","|static|_INVALID_|static|_TEXT:0001c117_00023928",$d,00000000
"0002392c","|static|_INVALID_|static|_TEXT:0001c117_0002392c",$d,00000000
"00023930","|static|_INVALID_|static|_TEXT:0001c117_00023930",$d,00000000
"00023934","|static|_INVALID_|static|_TEXT:0001c117_00023934",$d,00000000
"0002393c","|static|_FUN_002705fc_0002393c",$d,00000000
"00023940","|static|_FUN_0027066c_00023940",$d,00000000
"00023970","|static|_DAT_008ca38c_00023970",$d,00000000
"0002397c","|static|_INVALID_|static|_TEXT:0001c117_0002397c",$d,00000000
"00023980","|static|_INVALID_|static|_TEXT:0001c117_00023980",$d,00000000
"00023984","|static|_INVALID_|static|_TEXT:0001c117_00023984",$d,00000000
"00023988","|static|_INVALID_|static|_TEXT:0001c117_00023988",$d,00000000
"0002398c","|static|_INVALID_|static|_TEXT:0001c117_0002398c",$d,00000000
"00023990","|static|_INVALID_|static|_TEXT:0001c117_00023990",$d,00000000
"00023998","|static|_FUN_002705fc_00023998",$d,00000000
"0002399c","|static|_FUN_0027066c_0002399c",$d,00000000
"000239a8","|static|_DAT_008cc070_000239a8",$d,00000000
"000239b4","|static|_FUN_002fc024_000239b4",$d,00000000
"000239b8","|static|_FUN_00321840_000239b8",$d,00000000
"000239bc","|static|_FUN_003217a0_000239bc",$d,00000000
"000239d0","|static|_FUN_0033f430_000239d0",$d,00000000
"000239e0","|static|_DAT_008cbc04_000239e0",$d,00000000
"000239ec","|static|_FUN_002fc024_000239ec",$d,00000000
"000239f0","|static|_FUN_00321840_000239f0",$d,00000000
"000239f4","|static|_FUN_003217a0_000239f4",$d,00000000
"00023a08","|static|_FUN_003217d4_00023a08",$d,00000000
"00023a18","|static|_DAT_008cba60_00023a18",$d,00000000
"00023a24","|static|_FUN_002fc024_00023a24",$d,00000000
"00023a28","|static|_FUN_002fcb58_00023a28",$d,00000000
"00023a2c","|static|_FUN_002fbe58_00023a2c",$d,00000000
"00023a6c","|static|_DAT_008cba60_00023a6c",$d,00000000
"00023a78","|static|_FUN_002fc014_00023a78",$d,00000000
"00023a7c","|static|_FUN_00778f8c_00023a7c",$d,00000000
"00023a80","|static|_FUN_00779114_00023a80",$d,00000000
"00023a8c","|static|_INVALID_|static|_TEXT:0001c117_00023a8c",$d,00000000
"00023a94","|static|_FUN_002705fc_00023a94",$d,00000000
"00023a98","|static|_FUN_0027066c_00023a98",$d,00000000
"00023ac8","|static|_DAT_008cbc04_00023ac8",$d,00000000
"00023ad4","|static|_FUN_002fc014_00023ad4",$d,00000000
"00023ad8","|static|_FUN_00779038_00023ad8",$d,00000000
"00023adc","|static|_FUN_00779148_00023adc",$d,00000000
"00023ae8","|static|_FUN_00779398_00023ae8",$d,00000000
"00023af0","|static|_FUN_002705fc_00023af0",$d,00000000
"00023af4","|static|_FUN_0027066c_00023af4",$d,00000000
"00023b24","|static|_DAT_008cc070_00023b24",$d,00000000
"00023b30","|static|_FUN_002fc014_00023b30",$d,00000000
"00023b34","|static|_FUN_00779038_00023b34",$d,00000000
"00023b38","|static|_FUN_00779148_00023b38",$d,00000000
"00023b44","|static|_FUN_0033f420_00023b44",$d,00000000
"00023b4c","|static|_FUN_002705fc_00023b4c",$d,00000000
"00023b50","|static|_FUN_0027066c_00023b50",$d,00000000
"00023b8c","|static|_FUN_002fc014_00023b8c",$d,00000000
"00023b90","|static|_FUN_00779038_00023b90",$d,00000000
"00023b94","|static|_FUN_00779148_00023b94",$d,00000000
"00023ba0","|static|_FUN_0033f420_00023ba0",$d,00000000
"00023bc4","|static|_FUN_002fc024_00023bc4",$d,00000000
"00023bc8","|static|_FUN_00321840_00023bc8",$d,00000000
"00023bcc","|static|_FUN_003217a0_00023bcc",$d,00000000
"00023be0","|static|_FUN_0033f430_00023be0",$d,00000000
"00023bfc","|static|_FUN_0057ba40_00023bfc",$d,00000000
"00023c00","|static|_FUN_001f4c9c_00023c00",$d,00000000
"00023c04","|static|_LAB_0057b988_00023c04",$d,00000000
"00023c08","|static|_FUN_0057ba54_00023c08",$d,00000000
"00023c0c","|static|_FUN_001f4e44_00023c0c",$d,00000000
"00023c10","|static|_FUN_0057b98c_00023c10",$d,00000000
"00023c18","|static|_FUN_001f4dc0_00023c18",$d,00000000
"00023c20","|static|_FUN_001f4e30_00023c20",$d,00000000
"00023c24","|static|_FUN_001f4ae4_00023c24",$d,00000000
"00023c28","|static|_FUN_00521a38_00023c28",$d,00000000
"00023c2c","|static|_FUN_00521064_00023c2c",$d,00000000
"00023c38","|static|_FUN_007119f8_00023c38",$d,00000000
"00023c3c","|static|_INVALID_|static|_TEXT:0001c117_00023c3c",$d,00000000
"00023c4c","|static|_FUN_001e8cd0_00023c4c",$d,00000000
"00023c50","|static|_FUN_001e8cf4_00023c50",$d,00000000
"00023c5c","|static|_FUN_00711a04_00023c5c",$d,00000000
"00023c64","|static|_INVALID_|static|_TEXT:0001c117_00023c64",$d,00000000
"00023c6c","|static|_FUN_001f4fc8_00023c6c",$d,00000000
"00023c80","|static|_FUN_001e8d84_00023c80",$d,00000000
"00023c84","|static|_FUN_001e9020_00023c84",$d,00000000
"00023c90","|static|_INVALID_|static|_TEXT:0001c117_00023c90",$d,00000000
"00023cb4","|static|_DAT_008ca38c_00023cb4",$d,00000000
"00023cc0","|static|_FUN_0057ba40_00023cc0",$d,00000000
"00023cc4","|static|_FUN_001f4c9c_00023cc4",$d,00000000
"00023cc8","|static|_LAB_0057b988_00023cc8",$d,00000000
"00023ccc","|static|_FUN_0057ba54_00023ccc",$d,00000000
"00023cd0","|static|_FUN_001f4e44_00023cd0",$d,00000000
"00023cd4","|static|_FUN_0057b98c_00023cd4",$d,00000000
"00023cd8","|static|_FUN_0057b990_00023cd8",$d,00000000
"00023cdc","|static|_FUN_001f4dc0_00023cdc",$d,00000000
"00023ce0","|static|_LAB_0057ba24_00023ce0",$d,00000000
"00023ce4","|static|_FUN_001f4e30_00023ce4",$d,00000000
"00023ce8","|static|_FUN_001f4ae4_00023ce8",$d,00000000
"00023cec","|static|_FUN_00521a38_00023cec",$d,00000000
"00023cf0","|static|_FUN_00521064_00023cf0",$d,00000000
"00023cfc","|static|_FUN_007119f8_00023cfc",$d,00000000
"00023d00","|static|_INVALID_|static|_TEXT:0001c117_00023d00",$d,00000000
"00023d0c","|static|_FUN_001f3ce0_00023d0c",$d,00000000
"00023d10","|static|_FUN_001e8cd0_00023d10",$d,00000000
"00023d14","|static|_FUN_001e8cf4_00023d14",$d,00000000
"00023d1c","|static|_FUN_001f4b6c_00023d1c",$d,00000000
"00023d20","|static|_FUN_00711a04_00023d20",$d,00000000
"00023d28","|static|_INVALID_|static|_TEXT:0001c117_00023d28",$d,00000000
"00023d2c","|static|_FUN_001f4e94_00023d2c",$d,00000000
"00023d30","|static|_FUN_001f4fc8_00023d30",$d,00000000
"00023d38","|static|_FUN_001f4a68_00023d38",$d,00000000
"00023d44","|static|_FUN_001e8d84_00023d44",$d,00000000
"00023d48","|static|_FUN_001e9020_00023d48",$d,00000000
"00023d4c","|static|_INVALID_|static|_TEXT:0001c117_00023d4c",$d,00000000
"00023d50","|static|_INVALID_|static|_TEXT:0001c117_00023d50",$d,00000000
"00023d5c","|static|_DAT_008ca3d0_00023d5c",$d,00000000
"00023d68","|static|_FUN_0057ba40_00023d68",$d,00000000
"00023d6c","|static|_FUN_001f4c9c_00023d6c",$d,00000000
"00023d70","|static|_LAB_0057b988_00023d70",$d,00000000
"00023d74","|static|_FUN_0057ba54_00023d74",$d,00000000
"00023d78","|static|_FUN_001f4e44_00023d78",$d,00000000
"00023d7c","|static|_FUN_0057b98c_00023d7c",$d,00000000
"00023d80","|static|_FUN_0057b990_00023d80",$d,00000000
"00023d84","|static|_FUN_001f4dc0_00023d84",$d,00000000
"00023d88","|static|_LAB_0057ba24_00023d88",$d,00000000
"00023d8c","|static|_FUN_001f4e30_00023d8c",$d,00000000
"00023d90","|static|_FUN_001f4ae4_00023d90",$d,00000000
"00023d94","|static|_FUN_00521a38_00023d94",$d,00000000
"00023d98","|static|_FUN_00521064_00023d98",$d,00000000
"00023da4","|static|_INVALID_|static|_TEXT:0001c117_00023da4",$d,00000000
"00023da8","|static|_INVALID_|static|_TEXT:0001c117_00023da8",$d,00000000
"00023db4","|static|_FUN_001f3ce0_00023db4",$d,00000000
"00023db8","|static|_INVALID_|static|_TEXT:0001c117_00023db8",$d,00000000
"00023dbc","|static|_INVALID_|static|_TEXT:0001c117_00023dbc",$d,00000000
"00023dc4","|static|_FUN_001f4b6c_00023dc4",$d,00000000
"00023dc8","|static|_INVALID_|static|_TEXT:0001c117_00023dc8",$d,00000000
"00023dd0","|static|_INVALID_|static|_TEXT:0001c117_00023dd0",$d,00000000
"00023dd4","|static|_FUN_001f4e94_00023dd4",$d,00000000
"00023dd8","|static|_FUN_001f4fc8_00023dd8",$d,00000000
"00023de0","|static|_FUN_001f4a68_00023de0",$d,00000000
"00023e18","|static|_DAT_008ca3d0_00023e18",$d,00000000
"00023e24","|static|_INVALID_|static|_TEXT:0001c117_00023e24",$d,00000000
"00023e28","|static|_INVALID_|static|_TEXT:0001c117_00023e28",$d,00000000
"00023e2c","|static|_INVALID_|static|_TEXT:0001c117_00023e2c",$d,00000000
"00023e30","|static|_INVALID_|static|_TEXT:0001c117_00023e30",$d,00000000
"00023e34","|static|_INVALID_|static|_TEXT:0001c117_00023e34",$d,00000000
"00023e38","|static|_INVALID_|static|_TEXT:0001c117_00023e38",$d,00000000
"00023e40","|static|_FUN_002705fc_00023e40",$d,00000000
"00023e44","|static|_FUN_0027066c_00023e44",$d,00000000
"00023e74","|static|_DAT_008ca38c_00023e74",$d,00000000
"00023e80","|static|_INVALID_|static|_TEXT:0001c117_00023e80",$d,00000000
"00023e84","|static|_INVALID_|static|_TEXT:0001c117_00023e84",$d,00000000
"00023e88","|static|_INVALID_|static|_TEXT:0001c117_00023e88",$d,00000000
"00023e8c","|static|_INVALID_|static|_TEXT:0001c117_00023e8c",$d,00000000
"00023e90","|static|_INVALID_|static|_TEXT:0001c117_00023e90",$d,00000000
"00023e94","|static|_INVALID_|static|_TEXT:0001c117_00023e94",$d,00000000
"00023e9c","|static|_FUN_002705fc_00023e9c",$d,00000000
"00023ea0","|static|_FUN_0027066c_00023ea0",$d,00000000
"00023eac","|static|_DAT_008cc070_00023eac",$d,00000000
"00023eb8","|static|_FUN_002fc024_00023eb8",$d,00000000
"00023ebc","|static|_FUN_00321840_00023ebc",$d,00000000
"00023ec0","|static|_FUN_003217a0_00023ec0",$d,00000000
"00023ed4","|static|_FUN_0033f430_00023ed4",$d,00000000
"00023ee4","|static|_DAT_008cbc04_00023ee4",$d,00000000
"00023ef0","|static|_FUN_002fc024_00023ef0",$d,00000000
"00023ef4","|static|_FUN_00321840_00023ef4",$d,00000000
"00023ef8","|static|_FUN_003217a0_00023ef8",$d,00000000
"00023f0c","|static|_FUN_003217d4_00023f0c",$d,00000000
"00023f1c","|static|_DAT_008cba60_00023f1c",$d,00000000
"00023f28","|static|_FUN_002fc024_00023f28",$d,00000000
"00023f2c","|static|_FUN_002fcb58_00023f2c",$d,00000000
"00023f30","|static|_FUN_002fbe58_00023f30",$d,00000000
"00023f70","|static|_DAT_008cba60_00023f70",$d,00000000
"00023f7c","|static|_FUN_002fc014_00023f7c",$d,00000000
"00023f80","|static|_FUN_00778f8c_00023f80",$d,00000000
"00023f84","|static|_FUN_00779114_00023f84",$d,00000000
"00023f90","|static|_INVALID_|static|_TEXT:0001c117_00023f90",$d,00000000
"00023f98","|static|_FUN_002705fc_00023f98",$d,00000000
"00023f9c","|static|_FUN_0027066c_00023f9c",$d,00000000
"00023fcc","|static|_DAT_008cbc04_00023fcc",$d,00000000
"00023fd8","|static|_FUN_002fc014_00023fd8",$d,00000000
"00023fdc","|static|_FUN_00779038_00023fdc",$d,00000000
"00023fe0","|static|_FUN_00779148_00023fe0",$d,00000000
"00023fec","|static|_FUN_00779398_00023fec",$d,00000000
"00023ff4","|static|_FUN_002705fc_00023ff4",$d,00000000
"00023ff8","|static|_FUN_0027066c_00023ff8",$d,00000000
"00024028","|static|_DAT_008cc070_00024028",$d,00000000
"00024034","|static|_FUN_002fc014_00024034",$d,00000000
"00024038","|static|_FUN_00779038_00024038",$d,00000000
"0002403c","|static|_FUN_00779148_0002403c",$d,00000000
"00024048","|static|_FUN_0033f420_00024048",$d,00000000
"00024050","|static|_FUN_002705fc_00024050",$d,00000000
"00024054","|static|_FUN_0027066c_00024054",$d,00000000
"00024090","|static|_FUN_002fc014_00024090",$d,00000000
"00024094","|static|_FUN_00779038_00024094",$d,00000000
"00024098","|static|_FUN_00779148_00024098",$d,00000000
"000240a4","|static|_FUN_0033f420_000240a4",$d,00000000
"000240c8","|static|_FUN_002fc024_000240c8",$d,00000000
"000240cc","|static|_FUN_00321840_000240cc",$d,00000000
"000240d0","|static|_FUN_003217a0_000240d0",$d,00000000
"000240e4","|static|_FUN_0033f430_000240e4",$d,00000000
"00024100","|static|_FUN_0057ba40_00024100",$d,00000000
"00024104","|static|_FUN_001f4c9c_00024104",$d,00000000
"00024108","|static|_LAB_0057b988_00024108",$d,00000000
"0002410c","|static|_FUN_0057ba54_0002410c",$d,00000000
"00024110","|static|_FUN_001f4e44_00024110",$d,00000000
"00024114","|static|_FUN_0057b98c_00024114",$d,00000000
"0002411c","|static|_FUN_001f4dc0_0002411c",$d,00000000
"00024124","|static|_FUN_001f4e30_00024124",$d,00000000
"00024128","|static|_FUN_001f4ae4_00024128",$d,00000000
"0002412c","|static|_FUN_00521a38_0002412c",$d,00000000
"00024130","|static|_FUN_00521064_00024130",$d,00000000
"0002413c","|static|_FUN_007119f8_0002413c",$d,00000000
"00024140","|static|_INVALID_|static|_TEXT:0001c117_00024140",$d,00000000
"00024150","|static|_FUN_001e8cd0_00024150",$d,00000000
"00024154","|static|_FUN_001e8cf4_00024154",$d,00000000
"00024160","|static|_FUN_00711a04_00024160",$d,00000000
"00024168","|static|_INVALID_|static|_TEXT:0001c117_00024168",$d,00000000
"00024170","|static|_FUN_001f4fc8_00024170",$d,00000000
"00024184","|static|_FUN_001e8d84_00024184",$d,00000000
"00024188","|static|_FUN_001e9020_00024188",$d,00000000
"00024194","|static|_INVALID_|static|_TEXT:0001c117_00024194",$d,00000000
"000241b8","|static|_DAT_008ca38c_000241b8",$d,00000000
"000241c4","|static|_FUN_0057ba40_000241c4",$d,00000000
"000241c8","|static|_FUN_001f4c9c_000241c8",$d,00000000
"000241cc","|static|_LAB_0057b988_000241cc",$d,00000000
"000241d0","|static|_FUN_0057ba54_000241d0",$d,00000000
"000241d4","|static|_FUN_001f4e44_000241d4",$d,00000000
"000241d8","|static|_FUN_0057b98c_000241d8",$d,00000000
"000241dc","|static|_FUN_0057b990_000241dc",$d,00000000
"000241e0","|static|_FUN_001f4dc0_000241e0",$d,00000000
"000241e4","|static|_LAB_0057ba24_000241e4",$d,00000000
"000241e8","|static|_FUN_001f4e30_000241e8",$d,00000000
"000241ec","|static|_FUN_001f4ae4_000241ec",$d,00000000
"000241f0","|static|_FUN_00521a38_000241f0",$d,00000000
"000241f4","|static|_FUN_00521064_000241f4",$d,00000000
"00024200","|static|_FUN_007119f8_00024200",$d,00000000
"00024204","|static|_INVALID_|static|_TEXT:0001c117_00024204",$d,00000000
"00024210","|static|_FUN_001f3ce0_00024210",$d,00000000
"00024214","|static|_FUN_001e8cd0_00024214",$d,00000000
"00024218","|static|_FUN_001e8cf4_00024218",$d,00000000
"00024220","|static|_FUN_001f4b6c_00024220",$d,00000000
"00024224","|static|_FUN_00711a04_00024224",$d,00000000
"0002422c","|static|_INVALID_|static|_TEXT:0001c117_0002422c",$d,00000000
"00024230","|static|_FUN_001f4e94_00024230",$d,00000000
"00024234","|static|_FUN_001f4fc8_00024234",$d,00000000
"0002423c","|static|_FUN_001f4a68_0002423c",$d,00000000
"00024248","|static|_FUN_001e8d84_00024248",$d,00000000
"0002424c","|static|_FUN_001e9020_0002424c",$d,00000000
"00024250","|static|_INVALID_|static|_TEXT:0001c117_00024250",$d,00000000
"00024254","|static|_INVALID_|static|_TEXT:0001c117_00024254",$d,00000000
"00024260","|static|_DAT_008ca3d0_00024260",$d,00000000
"0002426c","|static|_FUN_0057ba40_0002426c",$d,00000000
"00024270","|static|_FUN_001f4c9c_00024270",$d,00000000
"00024274","|static|_LAB_0057b988_00024274",$d,00000000
"00024278","|static|_FUN_0057ba54_00024278",$d,00000000
"0002427c","|static|_FUN_001f4e44_0002427c",$d,00000000
"00024280","|static|_FUN_0057b98c_00024280",$d,00000000
"00024284","|static|_FUN_0057b990_00024284",$d,00000000
"00024288","|static|_FUN_001f4dc0_00024288",$d,00000000
"0002428c","|static|_LAB_0057ba24_0002428c",$d,00000000
"00024290","|static|_FUN_001f4e30_00024290",$d,00000000
"00024294","|static|_FUN_001f4ae4_00024294",$d,00000000
"00024298","|static|_FUN_00521a38_00024298",$d,00000000
"0002429c","|static|_FUN_00521064_0002429c",$d,00000000
"000242a8","|static|_INVALID_|static|_TEXT:0001c117_000242a8",$d,00000000
"000242ac","|static|_INVALID_|static|_TEXT:0001c117_000242ac",$d,00000000
"000242b8","|static|_FUN_001f3ce0_000242b8",$d,00000000
"000242bc","|static|_INVALID_|static|_TEXT:0001c117_000242bc",$d,00000000
"000242c0","|static|_INVALID_|static|_TEXT:0001c117_000242c0",$d,00000000
"000242c8","|static|_FUN_001f4b6c_000242c8",$d,00000000
"000242cc","|static|_INVALID_|static|_TEXT:0001c117_000242cc",$d,00000000
"000242d4","|static|_INVALID_|static|_TEXT:0001c117_000242d4",$d,00000000
"000242d8","|static|_FUN_001f4e94_000242d8",$d,00000000
"000242dc","|static|_FUN_001f4fc8_000242dc",$d,00000000
"000242e4","|static|_FUN_001f4a68_000242e4",$d,00000000
"0002431c","|static|_DAT_008ca3d0_0002431c",$d,00000000
"00024328","|static|_INVALID_|static|_TEXT:0001c117_00024328",$d,00000000
"0002432c","|static|_INVALID_|static|_TEXT:0001c117_0002432c",$d,00000000
"00024330","|static|_INVALID_|static|_TEXT:0001c117_00024330",$d,00000000
"00024334","|static|_INVALID_|static|_TEXT:0001c117_00024334",$d,00000000
"00024338","|static|_INVALID_|static|_TEXT:0001c117_00024338",$d,00000000
"0002433c","|static|_INVALID_|static|_TEXT:0001c117_0002433c",$d,00000000
"00024344","|static|_FUN_002705fc_00024344",$d,00000000
"00024348","|static|_FUN_0027066c_00024348",$d,00000000
"00024378","|static|_DAT_008ca38c_00024378",$d,00000000
"00024384","|static|_INVALID_|static|_TEXT:0001c117_00024384",$d,00000000
"00024388","|static|_INVALID_|static|_TEXT:0001c117_00024388",$d,00000000
"0002438c","|static|_INVALID_|static|_TEXT:0001c117_0002438c",$d,00000000
"00024390","|static|_INVALID_|static|_TEXT:0001c117_00024390",$d,00000000
"00024394","|static|_INVALID_|static|_TEXT:0001c117_00024394",$d,00000000
"00024398","|static|_INVALID_|static|_TEXT:0001c117_00024398",$d,00000000
"000243a0","|static|_FUN_002705fc_000243a0",$d,00000000
"000243a4","|static|_FUN_0027066c_000243a4",$d,00000000
"000243b0","|static|_DAT_008cc070_000243b0",$d,00000000
"000243bc","|static|_FUN_002fc024_000243bc",$d,00000000
"000243c0","|static|_FUN_00321840_000243c0",$d,00000000
"000243c4","|static|_FUN_003217a0_000243c4",$d,00000000
"000243d8","|static|_FUN_0033f430_000243d8",$d,00000000
"000243e8","|static|_DAT_008cbc04_000243e8",$d,00000000
"000243f4","|static|_FUN_002fc024_000243f4",$d,00000000
"000243f8","|static|_FUN_00321840_000243f8",$d,00000000
"000243fc","|static|_FUN_003217a0_000243fc",$d,00000000
"00024410","|static|_FUN_003217d4_00024410",$d,00000000
"00024420","|static|_DAT_008cba60_00024420",$d,00000000
"0002442c","|static|_FUN_002fc024_0002442c",$d,00000000
"00024430","|static|_FUN_002fcb58_00024430",$d,00000000
"00024434","|static|_FUN_002fbe58_00024434",$d,00000000
"00024474","|static|_DAT_008cba60_00024474",$d,00000000
"00024480","|static|_FUN_002fc014_00024480",$d,00000000
"00024484","|static|_FUN_00778f8c_00024484",$d,00000000
"00024488","|static|_FUN_00779114_00024488",$d,00000000
"00024494","|static|_INVALID_|static|_TEXT:0001c117_00024494",$d,00000000
"0002449c","|static|_FUN_002705fc_0002449c",$d,00000000
"000244a0","|static|_FUN_0027066c_000244a0",$d,00000000
"000244d0","|static|_DAT_008cbc04_000244d0",$d,00000000
"000244dc","|static|_FUN_002fc014_000244dc",$d,00000000
"000244e0","|static|_FUN_00779038_000244e0",$d,00000000
"000244e4","|static|_FUN_00779148_000244e4",$d,00000000
"000244f0","|static|_FUN_00779398_000244f0",$d,00000000
"000244f8","|static|_FUN_002705fc_000244f8",$d,00000000
"000244fc","|static|_FUN_0027066c_000244fc",$d,00000000
"0002452c","|static|_DAT_008cc070_0002452c",$d,00000000
"00024538","|static|_FUN_002fc014_00024538",$d,00000000
"0002453c","|static|_FUN_00779038_0002453c",$d,00000000
"00024540","|static|_FUN_00779148_00024540",$d,00000000
"0002454c","|static|_FUN_0033f420_0002454c",$d,00000000
"00024554","|static|_FUN_002705fc_00024554",$d,00000000
"00024558","|static|_FUN_0027066c_00024558",$d,00000000
"00024594","|static|_FUN_002fc014_00024594",$d,00000000
"00024598","|static|_FUN_00779038_00024598",$d,00000000
"0002459c","|static|_FUN_00779148_0002459c",$d,00000000
"000245a8","|static|_FUN_0033f420_000245a8",$d,00000000
"000245cc","|static|_FUN_002fc024_000245cc",$d,00000000
"000245d0","|static|_FUN_00321840_000245d0",$d,00000000
"000245d4","|static|_FUN_003217a0_000245d4",$d,00000000
"000245e8","|static|_FUN_0033f430_000245e8",$d,00000000
"00024604","|static|_FUN_0057ba40_00024604",$d,00000000
"00024608","|static|_FUN_001f4c9c_00024608",$d,00000000
"0002460c","|static|_LAB_0057b988_0002460c",$d,00000000
"00024610","|static|_FUN_0057ba54_00024610",$d,00000000
"00024614","|static|_FUN_001f4e44_00024614",$d,00000000
"00024618","|static|_FUN_0057b98c_00024618",$d,00000000
"00024620","|static|_FUN_001f4dc0_00024620",$d,00000000
"00024628","|static|_FUN_001f4e30_00024628",$d,00000000
"0002462c","|static|_FUN_001f4ae4_0002462c",$d,00000000
"00024630","|static|_FUN_00521a38_00024630",$d,00000000
"00024634","|static|_FUN_00521064_00024634",$d,00000000
"00024640","|static|_FUN_007119f8_00024640",$d,00000000
"00024644","|static|_INVALID_|static|_TEXT:0001c117_00024644",$d,00000000
"00024654","|static|_FUN_001e8cd0_00024654",$d,00000000
"00024658","|static|_FUN_001e8cf4_00024658",$d,00000000
"00024664","|static|_FUN_00711a04_00024664",$d,00000000
"0002466c","|static|_INVALID_|static|_TEXT:0001c117_0002466c",$d,00000000
"00024674","|static|_FUN_001f4fc8_00024674",$d,00000000
"00024688","|static|_FUN_001e8d84_00024688",$d,00000000
"0002468c","|static|_FUN_001e9020_0002468c",$d,00000000
"00024698","|static|_INVALID_|static|_TEXT:0001c117_00024698",$d,00000000
"000246c8","|static|_FUN_0057ba40_000246c8",$d,00000000
"000246cc","|static|_FUN_001f4c9c_000246cc",$d,00000000
"000246d0","|static|_LAB_0057b988_000246d0",$d,00000000
"000246d4","|static|_FUN_0057ba54_000246d4",$d,00000000
"000246d8","|static|_FUN_001f4e44_000246d8",$d,00000000
"000246dc","|static|_FUN_0057b98c_000246dc",$d,00000000
"000246e4","|static|_FUN_001f4dc0_000246e4",$d,00000000
"000246ec","|static|_FUN_001f4e30_000246ec",$d,00000000
"000246f0","|static|_FUN_001f4ae4_000246f0",$d,00000000
"000246f4","|static|_FUN_00521a38_000246f4",$d,00000000
"000246f8","|static|_FUN_00521064_000246f8",$d,00000000
"00024704","|static|_FUN_007119f8_00024704",$d,00000000
"00024708","|static|_INVALID_|static|_TEXT:0001c117_00024708",$d,00000000
"00024718","|static|_FUN_001e8cd0_00024718",$d,00000000
"0002471c","|static|_FUN_001e8cf4_0002471c",$d,00000000
"00024728","|static|_FUN_00711a04_00024728",$d,00000000
"00024730","|static|_INVALID_|static|_TEXT:0001c117_00024730",$d,00000000
"00024738","|static|_FUN_001f4fc8_00024738",$d,00000000
"0002474c","|static|_FUN_001e8d84_0002474c",$d,00000000
"00024750","|static|_FUN_001e9020_00024750",$d,00000000
"0002475c","|static|_INVALID_|static|_TEXT:0001c117_0002475c",$d,00000000
"00024780","|static|_DAT_008ca38c_00024780",$d,00000000
"0002478c","|static|_FUN_0057ba40_0002478c",$d,00000000
"00024790","|static|_FUN_001f4c9c_00024790",$d,00000000
"00024794","|static|_LAB_0057b988_00024794",$d,00000000
"00024798","|static|_FUN_0057ba54_00024798",$d,00000000
"0002479c","|static|_FUN_001f4e44_0002479c",$d,00000000
"000247a0","|static|_FUN_0057b98c_000247a0",$d,00000000
"000247a4","|static|_FUN_0057b990_000247a4",$d,00000000
"000247a8","|static|_FUN_001f4dc0_000247a8",$d,00000000
"000247ac","|static|_LAB_0057ba24_000247ac",$d,00000000
"000247b0","|static|_FUN_001f4e30_000247b0",$d,00000000
"000247b4","|static|_FUN_001f4ae4_000247b4",$d,00000000
"000247b8","|static|_FUN_00521a38_000247b8",$d,00000000
"000247bc","|static|_FUN_00521064_000247bc",$d,00000000
"000247c8","|static|_FUN_007119f8_000247c8",$d,00000000
"000247cc","|static|_INVALID_|static|_TEXT:0001c117_000247cc",$d,00000000
"000247d8","|static|_FUN_001f3ce0_000247d8",$d,00000000
"000247dc","|static|_FUN_001e8cd0_000247dc",$d,00000000
"000247e0","|static|_FUN_001e8cf4_000247e0",$d,00000000
"000247e8","|static|_FUN_001f4b6c_000247e8",$d,00000000
"000247ec","|static|_FUN_00711a04_000247ec",$d,00000000
"000247f4","|static|_INVALID_|static|_TEXT:0001c117_000247f4",$d,00000000
"000247f8","|static|_FUN_001f4e94_000247f8",$d,00000000
"000247fc","|static|_FUN_001f4fc8_000247fc",$d,00000000
"00024804","|static|_FUN_001f4a68_00024804",$d,00000000
"00024810","|static|_FUN_001e8d84_00024810",$d,00000000
"00024814","|static|_FUN_001e9020_00024814",$d,00000000
"00024818","|static|_INVALID_|static|_TEXT:0001c117_00024818",$d,00000000
"0002481c","|static|_INVALID_|static|_TEXT:0001c117_0002481c",$d,00000000
"00024828","|static|_DAT_008ca3d0_00024828",$d,00000000
"00024834","|static|_FUN_0057ba40_00024834",$d,00000000
"00024838","|static|_FUN_001f4c9c_00024838",$d,00000000
"0002483c","|static|_LAB_0057b988_0002483c",$d,00000000
"00024840","|static|_FUN_0057ba54_00024840",$d,00000000
"00024844","|static|_FUN_001f4e44_00024844",$d,00000000
"00024848","|static|_FUN_0057b98c_00024848",$d,00000000
"0002484c","|static|_FUN_0057b990_0002484c",$d,00000000
"00024850","|static|_FUN_001f4dc0_00024850",$d,00000000
"00024854","|static|_LAB_0057ba24_00024854",$d,00000000
"00024858","|static|_FUN_001f4e30_00024858",$d,00000000
"0002485c","|static|_FUN_001f4ae4_0002485c",$d,00000000
"00024860","|static|_FUN_00521a38_00024860",$d,00000000
"00024864","|static|_FUN_00521064_00024864",$d,00000000
"00024870","|static|_INVALID_|static|_TEXT:0001c117_00024870",$d,00000000
"00024874","|static|_INVALID_|static|_TEXT:0001c117_00024874",$d,00000000
"00024880","|static|_FUN_001f3ce0_00024880",$d,00000000
"00024884","|static|_INVALID_|static|_TEXT:0001c117_00024884",$d,00000000
"00024888","|static|_INVALID_|static|_TEXT:0001c117_00024888",$d,00000000
"00024890","|static|_FUN_001f4b6c_00024890",$d,00000000
"00024894","|static|_INVALID_|static|_TEXT:0001c117_00024894",$d,00000000
"0002489c","|static|_INVALID_|static|_TEXT:0001c117_0002489c",$d,00000000
"000248a0","|static|_FUN_001f4e94_000248a0",$d,00000000
"000248a4","|static|_FUN_001f4fc8_000248a4",$d,00000000
"000248ac","|static|_FUN_001f4a68_000248ac",$d,00000000
"000248e4","|static|_DAT_008ca3d0_000248e4",$d,00000000
"000248f0","|static|_INVALID_|static|_TEXT:0001c117_000248f0",$d,00000000
"000248f4","|static|_INVALID_|static|_TEXT:0001c117_000248f4",$d,00000000
"000248f8","|static|_INVALID_|static|_TEXT:0001c117_000248f8",$d,00000000
"000248fc","|static|_INVALID_|static|_TEXT:0001c117_000248fc",$d,00000000
"00024900","|static|_INVALID_|static|_TEXT:0001c117_00024900",$d,00000000
"00024904","|static|_INVALID_|static|_TEXT:0001c117_00024904",$d,00000000
"0002490c","|static|_FUN_002705fc_0002490c",$d,00000000
"00024910","|static|_FUN_0027066c_00024910",$d,00000000
"00024940","|static|_DAT_008ca38c_00024940",$d,00000000
"0002494c","|static|_INVALID_|static|_TEXT:0001c117_0002494c",$d,00000000
"00024950","|static|_INVALID_|static|_TEXT:0001c117_00024950",$d,00000000
"00024954","|static|_INVALID_|static|_TEXT:0001c117_00024954",$d,00000000
"00024958","|static|_INVALID_|static|_TEXT:0001c117_00024958",$d,00000000
"0002495c","|static|_INVALID_|static|_TEXT:0001c117_0002495c",$d,00000000
"00024960","|static|_INVALID_|static|_TEXT:0001c117_00024960",$d,00000000
"00024968","|static|_FUN_002705fc_00024968",$d,00000000
"0002496c","|static|_FUN_0027066c_0002496c",$d,00000000
"00024978","|static|_DAT_008cc070_00024978",$d,00000000
"00024984","|static|_FUN_002fc024_00024984",$d,00000000
"00024988","|static|_FUN_00321840_00024988",$d,00000000
"0002498c","|static|_FUN_003217a0_0002498c",$d,00000000
"000249a0","|static|_FUN_0033f430_000249a0",$d,00000000
"000249b0","|static|_DAT_008cbc04_000249b0",$d,00000000
"000249bc","|static|_FUN_002fc024_000249bc",$d,00000000
"000249c0","|static|_FUN_00321840_000249c0",$d,00000000
"000249c4","|static|_FUN_003217a0_000249c4",$d,00000000
"000249d8","|static|_FUN_003217d4_000249d8",$d,00000000
"000249e8","|static|_DAT_008cba60_000249e8",$d,00000000
"000249f4","|static|_FUN_002fc024_000249f4",$d,00000000
"000249f8","|static|_FUN_002fcb58_000249f8",$d,00000000
"000249fc","|static|_FUN_002fbe58_000249fc",$d,00000000
"00024a3c","|static|_DAT_008cba60_00024a3c",$d,00000000
"00024a48","|static|_FUN_002fc014_00024a48",$d,00000000
"00024a4c","|static|_FUN_00778f8c_00024a4c",$d,00000000
"00024a50","|static|_FUN_00779114_00024a50",$d,00000000
"00024a5c","|static|_INVALID_|static|_TEXT:0001c117_00024a5c",$d,00000000
"00024a64","|static|_FUN_002705fc_00024a64",$d,00000000
"00024a68","|static|_FUN_0027066c_00024a68",$d,00000000
"00024a98","|static|_DAT_008cbc04_00024a98",$d,00000000
"00024aa4","|static|_FUN_002fc014_00024aa4",$d,00000000
"00024aa8","|static|_FUN_00779038_00024aa8",$d,00000000
"00024aac","|static|_FUN_00779148_00024aac",$d,00000000
"00024ab8","|static|_FUN_00779398_00024ab8",$d,00000000
"00024ac0","|static|_FUN_002705fc_00024ac0",$d,00000000
"00024ac4","|static|_FUN_0027066c_00024ac4",$d,00000000
"00024af4","|static|_DAT_008cc070_00024af4",$d,00000000
"00024b00","|static|_FUN_002fc014_00024b00",$d,00000000
"00024b04","|static|_FUN_00779038_00024b04",$d,00000000
"00024b08","|static|_FUN_00779148_00024b08",$d,00000000
"00024b14","|static|_FUN_0033f420_00024b14",$d,00000000
"00024b1c","|static|_FUN_002705fc_00024b1c",$d,00000000
"00024b20","|static|_FUN_0027066c_00024b20",$d,00000000
"00024b5c","|static|_FUN_002fc014_00024b5c",$d,00000000
"00024b60","|static|_FUN_00779038_00024b60",$d,00000000
"00024b64","|static|_FUN_00779148_00024b64",$d,00000000
"00024b70","|static|_FUN_0033f420_00024b70",$d,00000000
"00024b94","|static|_FUN_002fc024_00024b94",$d,00000000
"00024b98","|static|_FUN_00321840_00024b98",$d,00000000
"00024b9c","|static|_FUN_003217a0_00024b9c",$d,00000000
"00024bb0","|static|_FUN_0033f430_00024bb0",$d,00000000
"00024bf0","|static|_FUN_002fc014_00024bf0",$d,00000000
"00024bf4","|static|_FUN_00779038_00024bf4",$d,00000000
"00024bf8","|static|_FUN_00779148_00024bf8",$d,00000000
"00024c04","|static|_FUN_0033f420_00024c04",$d,00000000
"00024c28","|static|_FUN_002fc024_00024c28",$d,00000000
"00024c2c","|static|_FUN_00321840_00024c2c",$d,00000000
"00024c30","|static|_FUN_003217a0_00024c30",$d,00000000
"00024c44","|static|_FUN_0033f430_00024c44",$d,00000000
"00024c60","|static|_FUN_0057ba40_00024c60",$d,00000000
"00024c64","|static|_FUN_001f4c9c_00024c64",$d,00000000
"00024c68","|static|_LAB_0057b988_00024c68",$d,00000000
"00024c6c","|static|_FUN_0057ba54_00024c6c",$d,00000000
"00024c70","|static|_FUN_001f4e44_00024c70",$d,00000000
"00024c74","|static|_FUN_0057b98c_00024c74",$d,00000000
"00024c7c","|static|_FUN_001f4dc0_00024c7c",$d,00000000
"00024c84","|static|_FUN_001f4e30_00024c84",$d,00000000
"00024c88","|static|_FUN_001f4ae4_00024c88",$d,00000000
"00024c8c","|static|_FUN_00521a38_00024c8c",$d,00000000
"00024c90","|static|_FUN_00521064_00024c90",$d,00000000
"00024c9c","|static|_FUN_007119f8_00024c9c",$d,00000000
"00024ca0","|static|_INVALID_|static|_TEXT:0001c117_00024ca0",$d,00000000
"00024cb0","|static|_FUN_001e8cd0_00024cb0",$d,00000000
"00024cb4","|static|_FUN_001e8cf4_00024cb4",$d,00000000
"00024cc0","|static|_FUN_00711a04_00024cc0",$d,00000000
"00024cc8","|static|_INVALID_|static|_TEXT:0001c117_00024cc8",$d,00000000
"00024cd0","|static|_FUN_001f4fc8_00024cd0",$d,00000000
"00024ce4","|static|_FUN_001e8d84_00024ce4",$d,00000000
"00024ce8","|static|_FUN_001e9020_00024ce8",$d,00000000
"00024cf4","|static|_INVALID_|static|_TEXT:0001c117_00024cf4",$d,00000000
"00024d18","|static|_DAT_008ca38c_00024d18",$d,00000000
"00024d24","|static|_FUN_0057ba40_00024d24",$d,00000000
"00024d28","|static|_FUN_001f4c9c_00024d28",$d,00000000
"00024d2c","|static|_LAB_0057b988_00024d2c",$d,00000000
"00024d30","|static|_FUN_0057ba54_00024d30",$d,00000000
"00024d34","|static|_FUN_001f4e44_00024d34",$d,00000000
"00024d38","|static|_FUN_0057b98c_00024d38",$d,00000000
"00024d3c","|static|_FUN_0057b990_00024d3c",$d,00000000
"00024d40","|static|_FUN_001f4dc0_00024d40",$d,00000000
"00024d44","|static|_LAB_0057ba24_00024d44",$d,00000000
"00024d48","|static|_FUN_001f4e30_00024d48",$d,00000000
"00024d4c","|static|_FUN_001f4ae4_00024d4c",$d,00000000
"00024d50","|static|_FUN_00521a38_00024d50",$d,00000000
"00024d54","|static|_FUN_00521064_00024d54",$d,00000000
"00024d60","|static|_FUN_007119f8_00024d60",$d,00000000
"00024d64","|static|_INVALID_|static|_TEXT:0001c117_00024d64",$d,00000000
"00024d70","|static|_FUN_001f3ce0_00024d70",$d,00000000
"00024d74","|static|_FUN_001e8cd0_00024d74",$d,00000000
"00024d78","|static|_FUN_001e8cf4_00024d78",$d,00000000
"00024d80","|static|_FUN_001f4b6c_00024d80",$d,00000000
"00024d84","|static|_FUN_00711a04_00024d84",$d,00000000
"00024d8c","|static|_INVALID_|static|_TEXT:0001c117_00024d8c",$d,00000000
"00024d90","|static|_FUN_001f4e94_00024d90",$d,00000000
"00024d94","|static|_FUN_001f4fc8_00024d94",$d,00000000
"00024d9c","|static|_FUN_001f4a68_00024d9c",$d,00000000
"00024da8","|static|_FUN_001e8d84_00024da8",$d,00000000
"00024dac","|static|_FUN_001e9020_00024dac",$d,00000000
"00024db0","|static|_INVALID_|static|_TEXT:0001c117_00024db0",$d,00000000
"00024db4","|static|_INVALID_|static|_TEXT:0001c117_00024db4",$d,00000000
"00024dc0","|static|_DAT_008ca3d0_00024dc0",$d,00000000
"00024dcc","|static|_FUN_0057ba40_00024dcc",$d,00000000
"00024dd0","|static|_FUN_001f4c9c_00024dd0",$d,00000000
"00024dd4","|static|_LAB_0057b988_00024dd4",$d,00000000
"00024dd8","|static|_FUN_0057ba54_00024dd8",$d,00000000
"00024ddc","|static|_FUN_001f4e44_00024ddc",$d,00000000
"00024de0","|static|_FUN_0057b98c_00024de0",$d,00000000
"00024de4","|static|_FUN_0057b990_00024de4",$d,00000000
"00024de8","|static|_FUN_001f4dc0_00024de8",$d,00000000
"00024dec","|static|_LAB_0057ba24_00024dec",$d,00000000
"00024df0","|static|_FUN_001f4e30_00024df0",$d,00000000
"00024df4","|static|_FUN_001f4ae4_00024df4",$d,00000000
"00024df8","|static|_FUN_00521a38_00024df8",$d,00000000
"00024dfc","|static|_FUN_00521064_00024dfc",$d,00000000
"00024e08","|static|_INVALID_|static|_TEXT:0001c117_00024e08",$d,00000000
"00024e0c","|static|_INVALID_|static|_TEXT:0001c117_00024e0c",$d,00000000
"00024e18","|static|_FUN_001f3ce0_00024e18",$d,00000000
"00024e1c","|static|_INVALID_|static|_TEXT:0001c117_00024e1c",$d,00000000
"00024e20","|static|_INVALID_|static|_TEXT:0001c117_00024e20",$d,00000000
"00024e28","|static|_FUN_001f4b6c_00024e28",$d,00000000
"00024e2c","|static|_INVALID_|static|_TEXT:0001c117_00024e2c",$d,00000000
"00024e34","|static|_INVALID_|static|_TEXT:0001c117_00024e34",$d,00000000
"00024e38","|static|_FUN_001f4e94_00024e38",$d,00000000
"00024e3c","|static|_FUN_001f4fc8_00024e3c",$d,00000000
"00024e44","|static|_FUN_001f4a68_00024e44",$d,00000000
"00024e7c","|static|_DAT_008ca3d0_00024e7c",$d,00000000
"00024e88","|static|_INVALID_|static|_TEXT:0001c117_00024e88",$d,00000000
"00024e8c","|static|_INVALID_|static|_TEXT:0001c117_00024e8c",$d,00000000
"00024e90","|static|_INVALID_|static|_TEXT:0001c117_00024e90",$d,00000000
"00024e94","|static|_INVALID_|static|_TEXT:0001c117_00024e94",$d,00000000
"00024e98","|static|_INVALID_|static|_TEXT:0001c117_00024e98",$d,00000000
"00024e9c","|static|_INVALID_|static|_TEXT:0001c117_00024e9c",$d,00000000
"00024ea4","|static|_FUN_002705fc_00024ea4",$d,00000000
"00024ea8","|static|_FUN_0027066c_00024ea8",$d,00000000
"00024ed8","|static|_DAT_008ca38c_00024ed8",$d,00000000
"00024ee4","|static|_INVALID_|static|_TEXT:0001c117_00024ee4",$d,00000000
"00024ee8","|static|_INVALID_|static|_TEXT:0001c117_00024ee8",$d,00000000
"00024eec","|static|_INVALID_|static|_TEXT:0001c117_00024eec",$d,00000000
"00024ef0","|static|_INVALID_|static|_TEXT:0001c117_00024ef0",$d,00000000
"00024ef4","|static|_INVALID_|static|_TEXT:0001c117_00024ef4",$d,00000000
"00024ef8","|static|_INVALID_|static|_TEXT:0001c117_00024ef8",$d,00000000
"00024f00","|static|_FUN_002705fc_00024f00",$d,00000000
"00024f04","|static|_FUN_0027066c_00024f04",$d,00000000
"00024f10","|static|_DAT_008cc070_00024f10",$d,00000000
"00024f1c","|static|_FUN_002fc024_00024f1c",$d,00000000
"00024f20","|static|_FUN_00321840_00024f20",$d,00000000
"00024f24","|static|_FUN_003217a0_00024f24",$d,00000000
"00024f38","|static|_FUN_0033f430_00024f38",$d,00000000
"00024f48","|static|_DAT_008cbc04_00024f48",$d,00000000
"00024f54","|static|_FUN_002fc024_00024f54",$d,00000000
"00024f58","|static|_FUN_00321840_00024f58",$d,00000000
"00024f5c","|static|_FUN_003217a0_00024f5c",$d,00000000
"00024f70","|static|_FUN_003217d4_00024f70",$d,00000000
"00024f80","|static|_DAT_008cba60_00024f80",$d,00000000
"00024f8c","|static|_FUN_002fc024_00024f8c",$d,00000000
"00024f90","|static|_FUN_002fcb58_00024f90",$d,00000000
"00024f94","|static|_FUN_002fbe58_00024f94",$d,00000000
"00024fd4","|static|_DAT_008cba60_00024fd4",$d,00000000
"00024fe0","|static|_FUN_002fc014_00024fe0",$d,00000000
"00024fe4","|static|_FUN_00778f8c_00024fe4",$d,00000000
"00024fe8","|static|_FUN_00779114_00024fe8",$d,00000000
"00024ff4","|static|_INVALID_|static|_TEXT:0001c117_00024ff4",$d,00000000
"00024ffc","|static|_FUN_002705fc_00024ffc",$d,00000000
"00025000","|static|_FUN_0027066c_00025000",$d,00000000
"00025030","|static|_DAT_008cbc04_00025030",$d,00000000
"0002503c","|static|_FUN_002fc014_0002503c",$d,00000000
"00025040","|static|_FUN_00779038_00025040",$d,00000000
"00025044","|static|_FUN_00779148_00025044",$d,00000000
"00025050","|static|_FUN_00779398_00025050",$d,00000000
"00025058","|static|_FUN_002705fc_00025058",$d,00000000
"0002505c","|static|_FUN_0027066c_0002505c",$d,00000000
"0002508c","|static|_DAT_008cc070_0002508c",$d,00000000
"00025098","|static|_FUN_002fc014_00025098",$d,00000000
"0002509c","|static|_FUN_00779038_0002509c",$d,00000000
"000250a0","|static|_FUN_00779148_000250a0",$d,00000000
"000250ac","|static|_FUN_0033f420_000250ac",$d,00000000
"000250b4","|static|_FUN_002705fc_000250b4",$d,00000000
"000250b8","|static|_FUN_0027066c_000250b8",$d,00000000
"000250f4","|static|_FUN_002fc014_000250f4",$d,00000000
"000250f8","|static|_FUN_00779038_000250f8",$d,00000000
"000250fc","|static|_FUN_00779148_000250fc",$d,00000000
"00025108","|static|_FUN_0033f420_00025108",$d,00000000
"0002512c","|static|_FUN_002fc024_0002512c",$d,00000000
"00025130","|static|_FUN_00321840_00025130",$d,00000000
"00025134","|static|_FUN_003217a0_00025134",$d,00000000
"00025148","|static|_FUN_0033f430_00025148",$d,00000000
"00025158","|static|_DAT_008cc070_00025158",$d,00000000
"00025164","|static|_FUN_002fc024_00025164",$d,00000000
"00025168","|static|_FUN_00321840_00025168",$d,00000000
"0002516c","|static|_FUN_003217a0_0002516c",$d,00000000
"00025180","|static|_FUN_0033f430_00025180",$d,00000000
"00025190","|static|_DAT_008cbc04_00025190",$d,00000000
"0002519c","|static|_FUN_002fc024_0002519c",$d,00000000
"000251a0","|static|_FUN_00321840_000251a0",$d,00000000
"000251a4","|static|_FUN_003217a0_000251a4",$d,00000000
"000251b8","|static|_FUN_003217d4_000251b8",$d,00000000
"000251c8","|static|_DAT_008cba60_000251c8",$d,00000000
"000251d4","|static|_FUN_002fc024_000251d4",$d,00000000
"000251d8","|static|_FUN_002fcb58_000251d8",$d,00000000
"000251dc","|static|_FUN_002fbe58_000251dc",$d,00000000
"0002521c","|static|_DAT_008cba60_0002521c",$d,00000000
"00025228","|static|_FUN_002fc014_00025228",$d,00000000
"0002522c","|static|_FUN_00778f8c_0002522c",$d,00000000
"00025230","|static|_FUN_00779114_00025230",$d,00000000
"0002523c","|static|_INVALID_|static|_TEXT:0001c117_0002523c",$d,00000000
"00025244","|static|_FUN_002705fc_00025244",$d,00000000
"00025248","|static|_FUN_0027066c_00025248",$d,00000000
"00025278","|static|_DAT_008cbc04_00025278",$d,00000000
"00025284","|static|_FUN_002fc014_00025284",$d,00000000
"00025288","|static|_FUN_00779038_00025288",$d,00000000
"0002528c","|static|_FUN_00779148_0002528c",$d,00000000
"00025298","|static|_FUN_00779398_00025298",$d,00000000
"000252a0","|static|_FUN_002705fc_000252a0",$d,00000000
"000252a4","|static|_FUN_0027066c_000252a4",$d,00000000
"000252d4","|static|_DAT_008cc070_000252d4",$d,00000000
"000252e0","|static|_FUN_002fc014_000252e0",$d,00000000
"000252e4","|static|_FUN_00779038_000252e4",$d,00000000
"000252e8","|static|_FUN_00779148_000252e8",$d,00000000
"000252f4","|static|_FUN_0033f420_000252f4",$d,00000000
"000252fc","|static|_FUN_002705fc_000252fc",$d,00000000
"00025300","|static|_FUN_0027066c_00025300",$d,00000000
"0002530c","|static|_DAT_008cc070_0002530c",$d,00000000
"00025318","|static|_FUN_002fc024_00025318",$d,00000000
"0002531c","|static|_FUN_00321840_0002531c",$d,00000000
"00025320","|static|_FUN_003217a0_00025320",$d,00000000
"00025334","|static|_FUN_0033f430_00025334",$d,00000000
"00025344","|static|_DAT_008cbc04_00025344",$d,00000000
"00025350","|static|_FUN_002fc024_00025350",$d,00000000
"00025354","|static|_FUN_00321840_00025354",$d,00000000
"00025358","|static|_FUN_003217a0_00025358",$d,00000000
"0002536c","|static|_FUN_003217d4_0002536c",$d,00000000
"0002537c","|static|_DAT_008cba60_0002537c",$d,00000000
"00025388","|static|_FUN_002fc024_00025388",$d,00000000
"0002538c","|static|_FUN_002fcb58_0002538c",$d,00000000
"00025390","|static|_FUN_002fbe58_00025390",$d,00000000
"000253d0","|static|_DAT_008cba60_000253d0",$d,00000000
"000253dc","|static|_FUN_002fc014_000253dc",$d,00000000
"000253e0","|static|_FUN_00778f8c_000253e0",$d,00000000
"000253e4","|static|_FUN_00779114_000253e4",$d,00000000
"000253f0","|static|_INVALID_|static|_TEXT:0001c117_000253f0",$d,00000000
"000253f8","|static|_FUN_002705fc_000253f8",$d,00000000
"000253fc","|static|_FUN_0027066c_000253fc",$d,00000000
"0002542c","|static|_DAT_008cbc04_0002542c",$d,00000000
"00025438","|static|_FUN_002fc014_00025438",$d,00000000
"0002543c","|static|_FUN_00779038_0002543c",$d,00000000
"00025440","|static|_FUN_00779148_00025440",$d,00000000
"0002544c","|static|_FUN_00779398_0002544c",$d,00000000
"00025454","|static|_FUN_002705fc_00025454",$d,00000000
"00025458","|static|_FUN_0027066c_00025458",$d,00000000
"00025488","|static|_DAT_008cc070_00025488",$d,00000000
"00025494","|static|_FUN_002fc014_00025494",$d,00000000
"00025498","|static|_FUN_00779038_00025498",$d,00000000
"0002549c","|static|_FUN_00779148_0002549c",$d,00000000
"000254a8","|static|_FUN_0033f420_000254a8",$d,00000000
"000254b0","|static|_FUN_002705fc_000254b0",$d,00000000
"000254b4","|static|_FUN_0027066c_000254b4",$d,00000000
"000254cc","|static|_FUN_0057ba40_000254cc",$d,00000000
"000254d0","|static|_FUN_001f4c9c_000254d0",$d,00000000
"000254d4","|static|_LAB_0057b988_000254d4",$d,00000000
"000254d8","|static|_FUN_0057ba54_000254d8",$d,00000000
"000254dc","|static|_FUN_001f4e44_000254dc",$d,00000000
"000254e0","|static|_FUN_0057b98c_000254e0",$d,00000000
"000254e8","|static|_FUN_001f4dc0_000254e8",$d,00000000
"000254f0","|static|_FUN_001f4e30_000254f0",$d,00000000
"000254f4","|static|_FUN_001f4ae4_000254f4",$d,00000000
"000254f8","|static|_FUN_00521a38_000254f8",$d,00000000
"000254fc","|static|_FUN_00521064_000254fc",$d,00000000
"00025508","|static|_FUN_007119f8_00025508",$d,00000000
"0002550c","|static|_INVALID_|static|_TEXT:0001c117_0002550c",$d,00000000
"0002551c","|static|_FUN_001e8cd0_0002551c",$d,00000000
"00025520","|static|_FUN_001e8cf4_00025520",$d,00000000
"0002552c","|static|_FUN_00711a04_0002552c",$d,00000000
"00025534","|static|_INVALID_|static|_TEXT:0001c117_00025534",$d,00000000
"0002553c","|static|_FUN_001f4fc8_0002553c",$d,00000000
"00025550","|static|_FUN_001e8d84_00025550",$d,00000000
"00025554","|static|_FUN_001e9020_00025554",$d,00000000
"00025560","|static|_INVALID_|static|_TEXT:0001c117_00025560",$d,00000000
"00025598","|static|_FUN_0057ba40_00025598",$d,00000000
"0002559c","|static|_FUN_001f4c9c_0002559c",$d,00000000
"000255a0","|static|_LAB_0057b988_000255a0",$d,00000000
"000255a4","|static|_FUN_0057ba54_000255a4",$d,00000000
"000255a8","|static|_FUN_001f4e44_000255a8",$d,00000000
"000255ac","|static|_FUN_0057b98c_000255ac",$d,00000000
"000255b4","|static|_FUN_001f4dc0_000255b4",$d,00000000
"000255bc","|static|_FUN_001f4e30_000255bc",$d,00000000
"000255c0","|static|_FUN_001f4ae4_000255c0",$d,00000000
"000255c4","|static|_FUN_00521a38_000255c4",$d,00000000
"000255c8","|static|_FUN_00521064_000255c8",$d,00000000
"000255d4","|static|_FUN_007119f8_000255d4",$d,00000000
"000255d8","|static|_INVALID_|static|_TEXT:0001c117_000255d8",$d,00000000
"000255e8","|static|_FUN_001e8cd0_000255e8",$d,00000000
"000255ec","|static|_FUN_001e8cf4_000255ec",$d,00000000
"000255f8","|static|_FUN_00711a04_000255f8",$d,00000000
"00025600","|static|_INVALID_|static|_TEXT:0001c117_00025600",$d,00000000
"00025608","|static|_FUN_001f4fc8_00025608",$d,00000000
"0002561c","|static|_FUN_001e8d84_0002561c",$d,00000000
"00025620","|static|_FUN_001e9020_00025620",$d,00000000
"0002562c","|static|_INVALID_|static|_TEXT:0001c117_0002562c",$d,00000000
"00025650","|static|_DAT_008ca38c_00025650",$d,00000000
"0002565c","|static|_FUN_0057ba40_0002565c",$d,00000000
"00025660","|static|_FUN_001f4c9c_00025660",$d,00000000
"00025664","|static|_LAB_0057b988_00025664",$d,00000000
"00025668","|static|_FUN_0057ba54_00025668",$d,00000000
"0002566c","|static|_FUN_001f4e44_0002566c",$d,00000000
"00025670","|static|_FUN_0057b98c_00025670",$d,00000000
"00025674","|static|_FUN_0057b990_00025674",$d,00000000
"00025678","|static|_FUN_001f4dc0_00025678",$d,00000000
"0002567c","|static|_LAB_0057ba24_0002567c",$d,00000000
"00025680","|static|_FUN_001f4e30_00025680",$d,00000000
"00025684","|static|_FUN_001f4ae4_00025684",$d,00000000
"00025688","|static|_FUN_00521a38_00025688",$d,00000000
"0002568c","|static|_FUN_00521064_0002568c",$d,00000000
"00025698","|static|_FUN_007119f8_00025698",$d,00000000
"0002569c","|static|_INVALID_|static|_TEXT:0001c117_0002569c",$d,00000000
"000256a8","|static|_FUN_001f3ce0_000256a8",$d,00000000
"000256ac","|static|_FUN_001e8cd0_000256ac",$d,00000000
"000256b0","|static|_FUN_001e8cf4_000256b0",$d,00000000
"000256b8","|static|_FUN_001f4b6c_000256b8",$d,00000000
"000256bc","|static|_FUN_00711a04_000256bc",$d,00000000
"000256c4","|static|_INVALID_|static|_TEXT:0001c117_000256c4",$d,00000000
"000256c8","|static|_FUN_001f4e94_000256c8",$d,00000000
"000256cc","|static|_FUN_001f4fc8_000256cc",$d,00000000
"000256d4","|static|_FUN_001f4a68_000256d4",$d,00000000
"000256e0","|static|_FUN_001e8d84_000256e0",$d,00000000
"000256e4","|static|_FUN_001e9020_000256e4",$d,00000000
"000256e8","|static|_INVALID_|static|_TEXT:0001c117_000256e8",$d,00000000
"000256ec","|static|_INVALID_|static|_TEXT:0001c117_000256ec",$d,00000000
"000256f8","|static|_DAT_008ca3d0_000256f8",$d,00000000
"00025704","|static|_FUN_0057ba40_00025704",$d,00000000
"00025708","|static|_FUN_001f4c9c_00025708",$d,00000000
"0002570c","|static|_LAB_0057b988_0002570c",$d,00000000
"00025710","|static|_FUN_0057ba54_00025710",$d,00000000
"00025714","|static|_FUN_001f4e44_00025714",$d,00000000
"00025718","|static|_FUN_0057b98c_00025718",$d,00000000
"0002571c","|static|_FUN_0057b990_0002571c",$d,00000000
"00025720","|static|_FUN_001f4dc0_00025720",$d,00000000
"00025724","|static|_LAB_0057ba24_00025724",$d,00000000
"00025728","|static|_FUN_001f4e30_00025728",$d,00000000
"0002572c","|static|_FUN_001f4ae4_0002572c",$d,00000000
"00025730","|static|_FUN_00521a38_00025730",$d,00000000
"00025734","|static|_FUN_00521064_00025734",$d,00000000
"00025740","|static|_INVALID_|static|_TEXT:0001c117_00025740",$d,00000000
"00025744","|static|_INVALID_|static|_TEXT:0001c117_00025744",$d,00000000
"00025750","|static|_FUN_001f3ce0_00025750",$d,00000000
"00025754","|static|_INVALID_|static|_TEXT:0001c117_00025754",$d,00000000
"00025758","|static|_INVALID_|static|_TEXT:0001c117_00025758",$d,00000000
"00025760","|static|_FUN_001f4b6c_00025760",$d,00000000
"00025764","|static|_INVALID_|static|_TEXT:0001c117_00025764",$d,00000000
"0002576c","|static|_INVALID_|static|_TEXT:0001c117_0002576c",$d,00000000
"00025770","|static|_FUN_001f4e94_00025770",$d,00000000
"00025774","|static|_FUN_001f4fc8_00025774",$d,00000000
"0002577c","|static|_FUN_001f4a68_0002577c",$d,00000000
"000257b4","|static|_DAT_008ca3d0_000257b4",$d,00000000
"000257c0","|static|_INVALID_|static|_TEXT:0001c117_000257c0",$d,00000000
"000257c4","|static|_INVALID_|static|_TEXT:0001c117_000257c4",$d,00000000
"000257c8","|static|_INVALID_|static|_TEXT:0001c117_000257c8",$d,00000000
"000257cc","|static|_INVALID_|static|_TEXT:0001c117_000257cc",$d,00000000
"000257d0","|static|_INVALID_|static|_TEXT:0001c117_000257d0",$d,00000000
"000257d4","|static|_INVALID_|static|_TEXT:0001c117_000257d4",$d,00000000
"000257dc","|static|_FUN_002705fc_000257dc",$d,00000000
"000257e0","|static|_FUN_0027066c_000257e0",$d,00000000
"00025810","|static|_DAT_008ca38c_00025810",$d,00000000
"0002581c","|static|_INVALID_|static|_TEXT:0001c117_0002581c",$d,00000000
"00025820","|static|_INVALID_|static|_TEXT:0001c117_00025820",$d,00000000
"00025824","|static|_INVALID_|static|_TEXT:0001c117_00025824",$d,00000000
"00025828","|static|_INVALID_|static|_TEXT:0001c117_00025828",$d,00000000
"0002582c","|static|_INVALID_|static|_TEXT:0001c117_0002582c",$d,00000000
"00025830","|static|_INVALID_|static|_TEXT:0001c117_00025830",$d,00000000
"00025838","|static|_FUN_002705fc_00025838",$d,00000000
"0002583c","|static|_FUN_0027066c_0002583c",$d,00000000
"00025848","|static|_DAT_008cc070_00025848",$d,00000000
"00025854","|static|_FUN_002fc024_00025854",$d,00000000
"00025858","|static|_FUN_00321840_00025858",$d,00000000
"0002585c","|static|_FUN_003217a0_0002585c",$d,00000000
"00025870","|static|_FUN_0033f430_00025870",$d,00000000
"00025880","|static|_DAT_008cbc04_00025880",$d,00000000
"0002588c","|static|_FUN_002fc024_0002588c",$d,00000000
"00025890","|static|_FUN_00321840_00025890",$d,00000000
"00025894","|static|_FUN_003217a0_00025894",$d,00000000
"000258a8","|static|_FUN_003217d4_000258a8",$d,00000000
"000258b8","|static|_DAT_008cba60_000258b8",$d,00000000
"000258c4","|static|_FUN_002fc024_000258c4",$d,00000000
"000258c8","|static|_FUN_002fcb58_000258c8",$d,00000000
"000258cc","|static|_FUN_002fbe58_000258cc",$d,00000000
"0002590c","|static|_DAT_008cba60_0002590c",$d,00000000
"00025918","|static|_FUN_002fc014_00025918",$d,00000000
"0002591c","|static|_FUN_00778f8c_0002591c",$d,00000000
"00025920","|static|_FUN_00779114_00025920",$d,00000000
"0002592c","|static|_INVALID_|static|_TEXT:0001c117_0002592c",$d,00000000
"00025934","|static|_FUN_002705fc_00025934",$d,00000000
"00025938","|static|_FUN_0027066c_00025938",$d,00000000
"00025968","|static|_DAT_008cbc04_00025968",$d,00000000
"00025974","|static|_FUN_002fc014_00025974",$d,00000000
"00025978","|static|_FUN_00779038_00025978",$d,00000000
"0002597c","|static|_FUN_00779148_0002597c",$d,00000000
"00025988","|static|_FUN_00779398_00025988",$d,00000000
"00025990","|static|_FUN_002705fc_00025990",$d,00000000
"00025994","|static|_FUN_0027066c_00025994",$d,00000000
"000259c4","|static|_DAT_008cc070_000259c4",$d,00000000
"000259d0","|static|_FUN_002fc014_000259d0",$d,00000000
"000259d4","|static|_FUN_00779038_000259d4",$d,00000000
"000259d8","|static|_FUN_00779148_000259d8",$d,00000000
"000259e4","|static|_FUN_0033f420_000259e4",$d,00000000
"000259ec","|static|_FUN_002705fc_000259ec",$d,00000000
"000259f0","|static|_FUN_0027066c_000259f0",$d,00000000
"00025a2c","|static|_FUN_002fc014_00025a2c",$d,00000000
"00025a30","|static|_FUN_00779038_00025a30",$d,00000000
"00025a34","|static|_FUN_00779148_00025a34",$d,00000000
"00025a40","|static|_FUN_0033f420_00025a40",$d,00000000
"00025a64","|static|_FUN_002fc024_00025a64",$d,00000000
"00025a68","|static|_FUN_00321840_00025a68",$d,00000000
"00025a6c","|static|_FUN_003217a0_00025a6c",$d,00000000
"00025a80","|static|_FUN_0033f430_00025a80",$d,00000000
"00025ac0","|static|_FUN_002fc014_00025ac0",$d,00000000
"00025ac4","|static|_FUN_00779038_00025ac4",$d,00000000
"00025ad4","|static|_FUN_0033f420_00025ad4",$d,00000000
"00025af8","|static|_FUN_002fc024_00025af8",$d,00000000
"00025afc","|static|_FUN_00321840_00025afc",$d,00000000
"00025b14","|static|_FUN_0033f430_00025b14",$d,00000000
"00025b30","|static|_FUN_0057ba40_00025b30",$d,00000000
"00025b34","|static|_FUN_001f4c9c_00025b34",$d,00000000
"00025b38","|static|_LAB_0057b988_00025b38",$d,00000000
"00025b3c","|static|_FUN_0057ba54_00025b3c",$d,00000000
"00025b40","|static|_FUN_001f4e44_00025b40",$d,00000000
"00025b44","|static|_FUN_0057b98c_00025b44",$d,00000000
"00025b4c","|static|_FUN_001f4dc0_00025b4c",$d,00000000
"00025b54","|static|_FUN_001f4e30_00025b54",$d,00000000
"00025b58","|static|_FUN_001f4ae4_00025b58",$d,00000000
"00025b5c","|static|_FUN_00521a38_00025b5c",$d,00000000
"00025b60","|static|_FUN_00521064_00025b60",$d,00000000
"00025b6c","|static|_FUN_007119f8_00025b6c",$d,00000000
"00025b70","|static|_INVALID_|static|_TEXT:0001c117_00025b70",$d,00000000
"00025b80","|static|_FUN_001e8cd0_00025b80",$d,00000000
"00025b84","|static|_FUN_001e8cf4_00025b84",$d,00000000
"00025b90","|static|_FUN_00711a04_00025b90",$d,00000000
"00025b98","|static|_INVALID_|static|_TEXT:0001c117_00025b98",$d,00000000
"00025ba0","|static|_FUN_001f4fc8_00025ba0",$d,00000000
"00025bb4","|static|_FUN_001e8d84_00025bb4",$d,00000000
"00025bb8","|static|_FUN_001e9020_00025bb8",$d,00000000
"00025bc4","|static|_INVALID_|static|_TEXT:0001c117_00025bc4",$d,00000000
"00025bf4","|static|_FUN_0057ba40_00025bf4",$d,00000000
"00025bf8","|static|_FUN_001f4c9c_00025bf8",$d,00000000
"00025bfc","|static|_LAB_0057b988_00025bfc",$d,00000000
"00025c00","|static|_FUN_0057ba54_00025c00",$d,00000000
"00025c04","|static|_FUN_001f4e44_00025c04",$d,00000000
"00025c08","|static|_FUN_0057b98c_00025c08",$d,00000000
"00025c10","|static|_FUN_001f4dc0_00025c10",$d,00000000
"00025c18","|static|_FUN_001f4e30_00025c18",$d,00000000
"00025c1c","|static|_FUN_001f4ae4_00025c1c",$d,00000000
"00025c20","|static|_FUN_00521a38_00025c20",$d,00000000
"00025c24","|static|_FUN_00521064_00025c24",$d,00000000
"00025c30","|static|_FUN_007119f8_00025c30",$d,00000000
"00025c34","|static|_INVALID_|static|_TEXT:0001c117_00025c34",$d,00000000
"00025c44","|static|_FUN_001e8cd0_00025c44",$d,00000000
"00025c48","|static|_FUN_001e8cf4_00025c48",$d,00000000
"00025c54","|static|_FUN_00711a04_00025c54",$d,00000000
"00025c5c","|static|_INVALID_|static|_TEXT:0001c117_00025c5c",$d,00000000
"00025c64","|static|_FUN_001f4fc8_00025c64",$d,00000000
"00025c78","|static|_FUN_001e8d84_00025c78",$d,00000000
"00025c7c","|static|_FUN_001e9020_00025c7c",$d,00000000
"00025c88","|static|_INVALID_|static|_TEXT:0001c117_00025c88",$d,00000000
"00025cac","|static|_DAT_008ca38c_00025cac",$d,00000000
"00025cb8","|static|_FUN_0057ba40_00025cb8",$d,00000000
"00025cbc","|static|_FUN_001f4c9c_00025cbc",$d,00000000
"00025cc0","|static|_LAB_0057b988_00025cc0",$d,00000000
"00025cc4","|static|_FUN_0057ba54_00025cc4",$d,00000000
"00025cc8","|static|_FUN_001f4e44_00025cc8",$d,00000000
"00025ccc","|static|_FUN_0057b98c_00025ccc",$d,00000000
"00025cd0","|static|_FUN_0057b990_00025cd0",$d,00000000
"00025cd4","|static|_FUN_001f4dc0_00025cd4",$d,00000000
"00025cd8","|static|_LAB_0057ba24_00025cd8",$d,00000000
"00025cdc","|static|_FUN_001f4e30_00025cdc",$d,00000000
"00025ce0","|static|_FUN_001f4ae4_00025ce0",$d,00000000
"00025ce4","|static|_FUN_00521a38_00025ce4",$d,00000000
"00025ce8","|static|_FUN_00521064_00025ce8",$d,00000000
"00025cf4","|static|_FUN_007119f8_00025cf4",$d,00000000
"00025cf8","|static|_INVALID_|static|_TEXT:0001c117_00025cf8",$d,00000000
"00025d04","|static|_FUN_001f3ce0_00025d04",$d,00000000
"00025d08","|static|_FUN_001e8cd0_00025d08",$d,00000000
"00025d0c","|static|_FUN_001e8cf4_00025d0c",$d,00000000
"00025d14","|static|_FUN_001f4b6c_00025d14",$d,00000000
"00025d18","|static|_FUN_00711a04_00025d18",$d,00000000
"00025d20","|static|_INVALID_|static|_TEXT:0001c117_00025d20",$d,00000000
"00025d24","|static|_FUN_001f4e94_00025d24",$d,00000000
"00025d28","|static|_FUN_001f4fc8_00025d28",$d,00000000
"00025d30","|static|_FUN_001f4a68_00025d30",$d,00000000
"00025d3c","|static|_FUN_001e8d84_00025d3c",$d,00000000
"00025d40","|static|_FUN_001e9020_00025d40",$d,00000000
"00025d44","|static|_INVALID_|static|_TEXT:0001c117_00025d44",$d,00000000
"00025d48","|static|_INVALID_|static|_TEXT:0001c117_00025d48",$d,00000000
"00025d54","|static|_DAT_008ca3d0_00025d54",$d,00000000
"00025d60","|static|_FUN_0057ba40_00025d60",$d,00000000
"00025d64","|static|_FUN_001f4c9c_00025d64",$d,00000000
"00025d68","|static|_LAB_0057b988_00025d68",$d,00000000
"00025d6c","|static|_FUN_0057ba54_00025d6c",$d,00000000
"00025d70","|static|_FUN_001f4e44_00025d70",$d,00000000
"00025d74","|static|_FUN_0057b98c_00025d74",$d,00000000
"00025d78","|static|_FUN_0057b990_00025d78",$d,00000000
"00025d7c","|static|_FUN_001f4dc0_00025d7c",$d,00000000
"00025d80","|static|_LAB_0057ba24_00025d80",$d,00000000
"00025d84","|static|_FUN_001f4e30_00025d84",$d,00000000
"00025d88","|static|_FUN_001f4ae4_00025d88",$d,00000000
"00025d8c","|static|_FUN_00521a38_00025d8c",$d,00000000
"00025d90","|static|_FUN_00521064_00025d90",$d,00000000
"00025d9c","|static|_INVALID_|static|_TEXT:0001c117_00025d9c",$d,00000000
"00025da0","|static|_INVALID_|static|_TEXT:0001c117_00025da0",$d,00000000
"00025dac","|static|_FUN_001f3ce0_00025dac",$d,00000000
"00025db0","|static|_INVALID_|static|_TEXT:0001c117_00025db0",$d,00000000
"00025db4","|static|_INVALID_|static|_TEXT:0001c117_00025db4",$d,00000000
"00025dbc","|static|_FUN_001f4b6c_00025dbc",$d,00000000
"00025dc0","|static|_INVALID_|static|_TEXT:0001c117_00025dc0",$d,00000000
"00025dc8","|static|_INVALID_|static|_TEXT:0001c117_00025dc8",$d,00000000
"00025dcc","|static|_FUN_001f4e94_00025dcc",$d,00000000
"00025dd0","|static|_FUN_001f4fc8_00025dd0",$d,00000000
"00025dd8","|static|_FUN_001f4a68_00025dd8",$d,00000000
"00025e10","|static|_DAT_008ca3d0_00025e10",$d,00000000
"00025e1c","|static|_INVALID_|static|_TEXT:0001c117_00025e1c",$d,00000000
"00025e20","|static|_INVALID_|static|_TEXT:0001c117_00025e20",$d,00000000
"00025e24","|static|_INVALID_|static|_TEXT:0001c117_00025e24",$d,00000000
"00025e28","|static|_INVALID_|static|_TEXT:0001c117_00025e28",$d,00000000
"00025e2c","|static|_INVALID_|static|_TEXT:0001c117_00025e2c",$d,00000000
"00025e30","|static|_INVALID_|static|_TEXT:0001c117_00025e30",$d,00000000
"00025e38","|static|_FUN_002705fc_00025e38",$d,00000000
"00025e3c","|static|_FUN_0027066c_00025e3c",$d,00000000
"00025e6c","|static|_DAT_008ca38c_00025e6c",$d,00000000
"00025e78","|static|_INVALID_|static|_TEXT:0001c117_00025e78",$d,00000000
"00025e7c","|static|_INVALID_|static|_TEXT:0001c117_00025e7c",$d,00000000
"00025e80","|static|_INVALID_|static|_TEXT:0001c117_00025e80",$d,00000000
"00025e84","|static|_INVALID_|static|_TEXT:0001c117_00025e84",$d,00000000
"00025e88","|static|_INVALID_|static|_TEXT:0001c117_00025e88",$d,00000000
"00025e8c","|static|_INVALID_|static|_TEXT:0001c117_00025e8c",$d,00000000
"00025e94","|static|_FUN_002705fc_00025e94",$d,00000000
"00025e98","|static|_FUN_0027066c_00025e98",$d,00000000
"00025ea4","|static|_DAT_008cc070_00025ea4",$d,00000000
"00025eb0","|static|_FUN_002fc024_00025eb0",$d,00000000
"00025eb4","|static|_FUN_00321840_00025eb4",$d,00000000
"00025eb8","|static|_FUN_003217a0_00025eb8",$d,00000000
"00025ecc","|static|_FUN_0033f430_00025ecc",$d,00000000
"00025edc","|static|_DAT_008cbc04_00025edc",$d,00000000
"00025ee8","|static|_FUN_002fc024_00025ee8",$d,00000000
"00025eec","|static|_FUN_00321840_00025eec",$d,00000000
"00025ef0","|static|_FUN_003217a0_00025ef0",$d,00000000
"00025f04","|static|_FUN_003217d4_00025f04",$d,00000000
"00025f14","|static|_DAT_008cba60_00025f14",$d,00000000
"00025f20","|static|_FUN_002fc024_00025f20",$d,00000000
"00025f24","|static|_FUN_002fcb58_00025f24",$d,00000000
"00025f28","|static|_FUN_002fbe58_00025f28",$d,00000000
"00025f68","|static|_DAT_008cba60_00025f68",$d,00000000
"00025f74","|static|_FUN_002fc014_00025f74",$d,00000000
"00025f78","|static|_FUN_00778f8c_00025f78",$d,00000000
"00025f7c","|static|_FUN_00779114_00025f7c",$d,00000000
"00025f88","|static|_INVALID_|static|_TEXT:0001c117_00025f88",$d,00000000
"00025f90","|static|_FUN_002705fc_00025f90",$d,00000000
"00025f94","|static|_FUN_0027066c_00025f94",$d,00000000
"00025fc4","|static|_DAT_008cbc04_00025fc4",$d,00000000
"00025fd0","|static|_FUN_002fc014_00025fd0",$d,00000000
"00025fd4","|static|_FUN_00779038_00025fd4",$d,00000000
"00025fd8","|static|_FUN_00779148_00025fd8",$d,00000000
"00025fe4","|static|_FUN_00779398_00025fe4",$d,00000000
"00025fec","|static|_FUN_002705fc_00025fec",$d,00000000
"00025ff0","|static|_FUN_0027066c_00025ff0",$d,00000000
"00026020","|static|_DAT_008cc070_00026020",$d,00000000
"0002602c","|static|_FUN_002fc014_0002602c",$d,00000000
"00026030","|static|_FUN_00779038_00026030",$d,00000000
"00026034","|static|_FUN_00779148_00026034",$d,00000000
"00026040","|static|_FUN_0033f420_00026040",$d,00000000
"00026048","|static|_FUN_002705fc_00026048",$d,00000000
"0002604c","|static|_FUN_0027066c_0002604c",$d,00000000
"00026088","|static|_FUN_002fc014_00026088",$d,00000000
"0002608c","|static|_FUN_00779038_0002608c",$d,00000000
"00026090","|static|_FUN_00779148_00026090",$d,00000000
"0002609c","|static|_FUN_0033f420_0002609c",$d,00000000
"000260c0","|static|_FUN_002fc024_000260c0",$d,00000000
"000260c4","|static|_FUN_00321840_000260c4",$d,00000000
"000260c8","|static|_FUN_003217a0_000260c8",$d,00000000
"000260dc","|static|_FUN_0033f430_000260dc",$d,00000000
"0002611c","|static|_FUN_002fc014_0002611c",$d,00000000
"00026120","|static|_FUN_00779038_00026120",$d,00000000
"00026124","|static|_FUN_00779148_00026124",$d,00000000
"00026130","|static|_FUN_0033f420_00026130",$d,00000000
"00026154","|static|_FUN_002fc024_00026154",$d,00000000
"00026158","|static|_FUN_00321840_00026158",$d,00000000
"0002615c","|static|_FUN_003217a0_0002615c",$d,00000000
"00026170","|static|_FUN_0033f430_00026170",$d,00000000
"0002618c","|static|_FUN_0057ba40_0002618c",$d,00000000
"00026190","|static|_FUN_001f4c9c_00026190",$d,00000000
"00026194","|static|_LAB_0057b988_00026194",$d,00000000
"00026198","|static|_FUN_0057ba54_00026198",$d,00000000
"0002619c","|static|_FUN_001f4e44_0002619c",$d,00000000
"000261a0","|static|_FUN_0057b98c_000261a0",$d,00000000
"000261a8","|static|_FUN_001f4dc0_000261a8",$d,00000000
"000261b0","|static|_FUN_001f4e30_000261b0",$d,00000000
"000261b4","|static|_FUN_001f4ae4_000261b4",$d,00000000
"000261b8","|static|_FUN_00521a38_000261b8",$d,00000000
"000261bc","|static|_FUN_00521064_000261bc",$d,00000000
"000261c8","|static|_FUN_007119f8_000261c8",$d,00000000
"000261cc","|static|_INVALID_|static|_TEXT:0001c117_000261cc",$d,00000000
"000261dc","|static|_FUN_001e8cd0_000261dc",$d,00000000
"000261e0","|static|_FUN_001e8cf4_000261e0",$d,00000000
"000261ec","|static|_FUN_00711a04_000261ec",$d,00000000
"000261f4","|static|_INVALID_|static|_TEXT:0001c117_000261f4",$d,00000000
"000261fc","|static|_FUN_001f4fc8_000261fc",$d,00000000
"00026210","|static|_FUN_001e8d84_00026210",$d,00000000
"00026214","|static|_FUN_001e9020_00026214",$d,00000000
"00026220","|static|_INVALID_|static|_TEXT:0001c117_00026220",$d,00000000
"00026244","|static|_DAT_008ca38c_00026244",$d,00000000
"00026250","|static|_FUN_0057ba40_00026250",$d,00000000
"00026254","|static|_FUN_001f4c9c_00026254",$d,00000000
"00026258","|static|_LAB_0057b988_00026258",$d,00000000
"0002625c","|static|_FUN_0057ba54_0002625c",$d,00000000
"00026260","|static|_FUN_001f4e44_00026260",$d,00000000
"00026264","|static|_FUN_0057b98c_00026264",$d,00000000
"00026268","|static|_FUN_0057b990_00026268",$d,00000000
"0002626c","|static|_FUN_001f4dc0_0002626c",$d,00000000
"00026270","|static|_LAB_0057ba24_00026270",$d,00000000
"00026274","|static|_FUN_001f4e30_00026274",$d,00000000
"00026278","|static|_FUN_001f4ae4_00026278",$d,00000000
"0002627c","|static|_FUN_00521a38_0002627c",$d,00000000
"00026280","|static|_FUN_00521064_00026280",$d,00000000
"0002628c","|static|_FUN_007119f8_0002628c",$d,00000000
"00026290","|static|_INVALID_|static|_TEXT:0001c117_00026290",$d,00000000
"0002629c","|static|_FUN_001f3ce0_0002629c",$d,00000000
"000262a0","|static|_FUN_001e8cd0_000262a0",$d,00000000
"000262a4","|static|_FUN_001e8cf4_000262a4",$d,00000000
"000262ac","|static|_FUN_001f4b6c_000262ac",$d,00000000
"000262b0","|static|_FUN_00711a04_000262b0",$d,00000000
"000262b8","|static|_INVALID_|static|_TEXT:0001c117_000262b8",$d,00000000
"000262bc","|static|_FUN_001f4e94_000262bc",$d,00000000
"000262c0","|static|_FUN_001f4fc8_000262c0",$d,00000000
"000262c8","|static|_FUN_001f4a68_000262c8",$d,00000000
"000262d4","|static|_FUN_001e8d84_000262d4",$d,00000000
"000262d8","|static|_FUN_001e9020_000262d8",$d,00000000
"000262dc","|static|_INVALID_|static|_TEXT:0001c117_000262dc",$d,00000000
"000262e0","|static|_INVALID_|static|_TEXT:0001c117_000262e0",$d,00000000
"000262ec","|static|_DAT_008ca3d0_000262ec",$d,00000000
"000262f8","|static|_FUN_0057ba40_000262f8",$d,00000000
"000262fc","|static|_FUN_001f4c9c_000262fc",$d,00000000
"00026300","|static|_LAB_0057b988_00026300",$d,00000000
"00026304","|static|_FUN_0057ba54_00026304",$d,00000000
"00026308","|static|_FUN_001f4e44_00026308",$d,00000000
"0002630c","|static|_FUN_0057b98c_0002630c",$d,00000000
"00026310","|static|_FUN_0057b990_00026310",$d,00000000
"00026314","|static|_FUN_001f4dc0_00026314",$d,00000000
"00026318","|static|_LAB_0057ba24_00026318",$d,00000000
"0002631c","|static|_FUN_001f4e30_0002631c",$d,00000000
"00026320","|static|_FUN_001f4ae4_00026320",$d,00000000
"00026324","|static|_FUN_00521a38_00026324",$d,00000000
"00026328","|static|_FUN_00521064_00026328",$d,00000000
"00026334","|static|_INVALID_|static|_TEXT:0001c117_00026334",$d,00000000
"00026338","|static|_INVALID_|static|_TEXT:0001c117_00026338",$d,00000000
"00026344","|static|_FUN_001f3ce0_00026344",$d,00000000
"00026348","|static|_INVALID_|static|_TEXT:0001c117_00026348",$d,00000000
"0002634c","|static|_INVALID_|static|_TEXT:0001c117_0002634c",$d,00000000
"00026354","|static|_FUN_001f4b6c_00026354",$d,00000000
"00026358","|static|_INVALID_|static|_TEXT:0001c117_00026358",$d,00000000
"00026360","|static|_INVALID_|static|_TEXT:0001c117_00026360",$d,00000000
"00026364","|static|_FUN_001f4e94_00026364",$d,00000000
"00026368","|static|_FUN_001f4fc8_00026368",$d,00000000
"00026370","|static|_FUN_001f4a68_00026370",$d,00000000
"000263a8","|static|_DAT_008ca3d0_000263a8",$d,00000000
"000263b4","|static|_INVALID_|static|_TEXT:0001c117_000263b4",$d,00000000
"000263b8","|static|_INVALID_|static|_TEXT:0001c117_000263b8",$d,00000000
"000263bc","|static|_INVALID_|static|_TEXT:0001c117_000263bc",$d,00000000
"000263c0","|static|_INVALID_|static|_TEXT:0001c117_000263c0",$d,00000000
"000263c4","|static|_INVALID_|static|_TEXT:0001c117_000263c4",$d,00000000
"000263c8","|static|_INVALID_|static|_TEXT:0001c117_000263c8",$d,00000000
"000263d0","|static|_FUN_002705fc_000263d0",$d,00000000
"000263d4","|static|_FUN_0027066c_000263d4",$d,00000000
"00026404","|static|_DAT_008ca38c_00026404",$d,00000000
"00026410","|static|_INVALID_|static|_TEXT:0001c117_00026410",$d,00000000
"00026414","|static|_INVALID_|static|_TEXT:0001c117_00026414",$d,00000000
"00026418","|static|_INVALID_|static|_TEXT:0001c117_00026418",$d,00000000
"0002641c","|static|_INVALID_|static|_TEXT:0001c117_0002641c",$d,00000000
"00026420","|static|_INVALID_|static|_TEXT:0001c117_00026420",$d,00000000
"00026424","|static|_INVALID_|static|_TEXT:0001c117_00026424",$d,00000000
"0002642c","|static|_FUN_002705fc_0002642c",$d,00000000
"00026430","|static|_FUN_0027066c_00026430",$d,00000000
"0002643c","|static|_DAT_008cc070_0002643c",$d,00000000
"00026448","|static|_FUN_002fc024_00026448",$d,00000000
"0002644c","|static|_FUN_00321840_0002644c",$d,00000000
"00026450","|static|_FUN_003217a0_00026450",$d,00000000
"00026464","|static|_FUN_0033f430_00026464",$d,00000000
"00026474","|static|_DAT_008cbc04_00026474",$d,00000000
"00026480","|static|_FUN_002fc024_00026480",$d,00000000
"00026484","|static|_FUN_00321840_00026484",$d,00000000
"00026488","|static|_FUN_003217a0_00026488",$d,00000000
"0002649c","|static|_FUN_003217d4_0002649c",$d,00000000
"000264ac","|static|_DAT_008cba60_000264ac",$d,00000000
"000264b8","|static|_FUN_002fc024_000264b8",$d,00000000
"000264bc","|static|_FUN_002fcb58_000264bc",$d,00000000
"000264c0","|static|_FUN_002fbe58_000264c0",$d,00000000
"00026500","|static|_DAT_008cba60_00026500",$d,00000000
"0002650c","|static|_FUN_002fc014_0002650c",$d,00000000
"00026510","|static|_FUN_00778f8c_00026510",$d,00000000
"00026514","|static|_FUN_00779114_00026514",$d,00000000
"00026520","|static|_INVALID_|static|_TEXT:0001c117_00026520",$d,00000000
"00026528","|static|_FUN_002705fc_00026528",$d,00000000
"0002652c","|static|_FUN_0027066c_0002652c",$d,00000000
"0002655c","|static|_DAT_008cbc04_0002655c",$d,00000000
"00026568","|static|_FUN_002fc014_00026568",$d,00000000
"0002656c","|static|_FUN_00779038_0002656c",$d,00000000
"00026570","|static|_FUN_00779148_00026570",$d,00000000
"0002657c","|static|_FUN_00779398_0002657c",$d,00000000
"00026584","|static|_FUN_002705fc_00026584",$d,00000000
"00026588","|static|_FUN_0027066c_00026588",$d,00000000
"000265b8","|static|_DAT_008cc070_000265b8",$d,00000000
"000265c4","|static|_FUN_002fc014_000265c4",$d,00000000
"000265c8","|static|_FUN_00779038_000265c8",$d,00000000
"000265cc","|static|_FUN_00779148_000265cc",$d,00000000
"000265d8","|static|_FUN_0033f420_000265d8",$d,00000000
"000265e0","|static|_FUN_002705fc_000265e0",$d,00000000
"000265e4","|static|_FUN_0027066c_000265e4",$d,00000000
"00026620","|static|_FUN_002fc014_00026620",$d,00000000
"00026624","|static|_FUN_00779038_00026624",$d,00000000
"00026628","|static|_FUN_00779148_00026628",$d,00000000
"00026634","|static|_FUN_0033f420_00026634",$d,00000000
"00026658","|static|_FUN_002fc024_00026658",$d,00000000
"0002665c","|static|_FUN_00321840_0002665c",$d,00000000
"00026660","|static|_FUN_003217a0_00026660",$d,00000000
"00026674","|static|_FUN_0033f430_00026674",$d,00000000
"00026690","|static|_FUN_0057ba40_00026690",$d,00000000
"00026694","|static|_FUN_001f4c9c_00026694",$d,00000000
"00026698","|static|_LAB_0057b988_00026698",$d,00000000
"0002669c","|static|_FUN_0057ba54_0002669c",$d,00000000
"000266a0","|static|_FUN_001f4e44_000266a0",$d,00000000
"000266a4","|static|_FUN_0057b98c_000266a4",$d,00000000
"000266ac","|static|_FUN_001f4dc0_000266ac",$d,00000000
"000266b4","|static|_FUN_001f4e30_000266b4",$d,00000000
"000266b8","|static|_FUN_001f4ae4_000266b8",$d,00000000
"000266bc","|static|_FUN_00521a38_000266bc",$d,00000000
"000266c0","|static|_FUN_00521064_000266c0",$d,00000000
"000266cc","|static|_FUN_007119f8_000266cc",$d,00000000
"000266d0","|static|_INVALID_|static|_TEXT:0001c117_000266d0",$d,00000000
"000266e0","|static|_FUN_001e8cd0_000266e0",$d,00000000
"000266e4","|static|_FUN_001e8cf4_000266e4",$d,00000000
"000266f0","|static|_FUN_00711a04_000266f0",$d,00000000
"000266f8","|static|_INVALID_|static|_TEXT:0001c117_000266f8",$d,00000000
"00026700","|static|_FUN_001f4fc8_00026700",$d,00000000
"00026714","|static|_FUN_001e8d84_00026714",$d,00000000
"00026718","|static|_FUN_001e9020_00026718",$d,00000000
"00026724","|static|_INVALID_|static|_TEXT:0001c117_00026724",$d,00000000
"00026748","|static|_DAT_008ca38c_00026748",$d,00000000
"00026754","|static|_FUN_0057ba40_00026754",$d,00000000
"00026758","|static|_FUN_001f4c9c_00026758",$d,00000000
"0002675c","|static|_LAB_0057b988_0002675c",$d,00000000
"00026760","|static|_FUN_0057ba54_00026760",$d,00000000
"00026764","|static|_FUN_001f4e44_00026764",$d,00000000
"00026768","|static|_FUN_0057b98c_00026768",$d,00000000
"0002676c","|static|_FUN_0057b990_0002676c",$d,00000000
"00026770","|static|_FUN_001f4dc0_00026770",$d,00000000
"00026774","|static|_LAB_0057ba24_00026774",$d,00000000
"00026778","|static|_FUN_001f4e30_00026778",$d,00000000
"0002677c","|static|_FUN_001f4ae4_0002677c",$d,00000000
"00026780","|static|_FUN_00521a38_00026780",$d,00000000
"00026784","|static|_FUN_00521064_00026784",$d,00000000
"00026790","|static|_FUN_007119f8_00026790",$d,00000000
"00026794","|static|_INVALID_|static|_TEXT:0001c117_00026794",$d,00000000
"000267a0","|static|_FUN_001f3ce0_000267a0",$d,00000000
"000267a4","|static|_FUN_001e8cd0_000267a4",$d,00000000
"000267a8","|static|_FUN_001e8cf4_000267a8",$d,00000000
"000267b0","|static|_FUN_001f4b6c_000267b0",$d,00000000
"000267b4","|static|_FUN_00711a04_000267b4",$d,00000000
"000267bc","|static|_INVALID_|static|_TEXT:0001c117_000267bc",$d,00000000
"000267c0","|static|_FUN_001f4e94_000267c0",$d,00000000
"000267c4","|static|_FUN_001f4fc8_000267c4",$d,00000000
"000267cc","|static|_FUN_001f4a68_000267cc",$d,00000000
"000267d8","|static|_FUN_001e8d84_000267d8",$d,00000000
"000267dc","|static|_FUN_001e9020_000267dc",$d,00000000
"000267e0","|static|_INVALID_|static|_TEXT:0001c117_000267e0",$d,00000000
"000267e4","|static|_INVALID_|static|_TEXT:0001c117_000267e4",$d,00000000
"000267f0","|static|_DAT_008ca3d0_000267f0",$d,00000000
"000267fc","|static|_FUN_0057ba40_000267fc",$d,00000000
"00026800","|static|_FUN_001f4c9c_00026800",$d,00000000
"00026804","|static|_LAB_0057b988_00026804",$d,00000000
"00026808","|static|_FUN_0057ba54_00026808",$d,00000000
"0002680c","|static|_FUN_001f4e44_0002680c",$d,00000000
"00026810","|static|_FUN_0057b98c_00026810",$d,00000000
"00026814","|static|_FUN_0057b990_00026814",$d,00000000
"00026818","|static|_FUN_001f4dc0_00026818",$d,00000000
"0002681c","|static|_LAB_0057ba24_0002681c",$d,00000000
"00026820","|static|_FUN_001f4e30_00026820",$d,00000000
"00026824","|static|_FUN_001f4ae4_00026824",$d,00000000
"00026828","|static|_FUN_00521a38_00026828",$d,00000000
"0002682c","|static|_FUN_00521064_0002682c",$d,00000000
"00026838","|static|_INVALID_|static|_TEXT:0001c117_00026838",$d,00000000
"0002683c","|static|_INVALID_|static|_TEXT:0001c117_0002683c",$d,00000000
"00026848","|static|_FUN_001f3ce0_00026848",$d,00000000
"0002684c","|static|_INVALID_|static|_TEXT:0001c117_0002684c",$d,00000000
"00026850","|static|_INVALID_|static|_TEXT:0001c117_00026850",$d,00000000
"00026858","|static|_FUN_001f4b6c_00026858",$d,00000000
"0002685c","|static|_INVALID_|static|_TEXT:0001c117_0002685c",$d,00000000
"00026864","|static|_INVALID_|static|_TEXT:0001c117_00026864",$d,00000000
"00026868","|static|_FUN_001f4e94_00026868",$d,00000000
"0002686c","|static|_FUN_001f4fc8_0002686c",$d,00000000
"00026874","|static|_FUN_001f4a68_00026874",$d,00000000
"000268ac","|static|_DAT_008ca3d0_000268ac",$d,00000000
"000268b8","|static|_INVALID_|static|_TEXT:0001c117_000268b8",$d,00000000
"000268bc","|static|_INVALID_|static|_TEXT:0001c117_000268bc",$d,00000000
"000268c0","|static|_INVALID_|static|_TEXT:0001c117_000268c0",$d,00000000
"000268c4","|static|_INVALID_|static|_TEXT:0001c117_000268c4",$d,00000000
"000268c8","|static|_INVALID_|static|_TEXT:0001c117_000268c8",$d,00000000
"000268cc","|static|_INVALID_|static|_TEXT:0001c117_000268cc",$d,00000000
"000268d4","|static|_FUN_002705fc_000268d4",$d,00000000
"000268d8","|static|_FUN_0027066c_000268d8",$d,00000000
"00026908","|static|_DAT_008ca38c_00026908",$d,00000000
"00026914","|static|_INVALID_|static|_TEXT:0001c117_00026914",$d,00000000
"00026918","|static|_INVALID_|static|_TEXT:0001c117_00026918",$d,00000000
"0002691c","|static|_INVALID_|static|_TEXT:0001c117_0002691c",$d,00000000
"00026920","|static|_INVALID_|static|_TEXT:0001c117_00026920",$d,00000000
"00026924","|static|_INVALID_|static|_TEXT:0001c117_00026924",$d,00000000
"00026928","|static|_INVALID_|static|_TEXT:0001c117_00026928",$d,00000000
"00026930","|static|_FUN_002705fc_00026930",$d,00000000
"00026934","|static|_FUN_0027066c_00026934",$d,00000000
"00026940","|static|_DAT_008cc070_00026940",$d,00000000
"0002694c","|static|_FUN_002fc024_0002694c",$d,00000000
"00026950","|static|_FUN_00321840_00026950",$d,00000000
"00026954","|static|_FUN_003217a0_00026954",$d,00000000
"00026968","|static|_FUN_0033f430_00026968",$d,00000000
"00026978","|static|_DAT_008cbc04_00026978",$d,00000000
"00026984","|static|_FUN_002fc024_00026984",$d,00000000
"00026988","|static|_FUN_00321840_00026988",$d,00000000
"0002698c","|static|_FUN_003217a0_0002698c",$d,00000000
"000269a0","|static|_FUN_003217d4_000269a0",$d,00000000
"000269b0","|static|_DAT_008cba60_000269b0",$d,00000000
"000269bc","|static|_FUN_002fc024_000269bc",$d,00000000
"000269c0","|static|_FUN_002fcb58_000269c0",$d,00000000
"000269c4","|static|_FUN_002fbe58_000269c4",$d,00000000
"00026a04","|static|_DAT_008cba60_00026a04",$d,00000000
"00026a10","|static|_FUN_002fc014_00026a10",$d,00000000
"00026a14","|static|_FUN_00778f8c_00026a14",$d,00000000
"00026a18","|static|_FUN_00779114_00026a18",$d,00000000
"00026a24","|static|_INVALID_|static|_TEXT:0001c117_00026a24",$d,00000000
"00026a2c","|static|_FUN_002705fc_00026a2c",$d,00000000
"00026a30","|static|_FUN_0027066c_00026a30",$d,00000000
"00026a60","|static|_DAT_008cbc04_00026a60",$d,00000000
"00026a6c","|static|_FUN_002fc014_00026a6c",$d,00000000
"00026a70","|static|_FUN_00779038_00026a70",$d,00000000
"00026a74","|static|_FUN_00779148_00026a74",$d,00000000
"00026a80","|static|_FUN_00779398_00026a80",$d,00000000
"00026a88","|static|_FUN_002705fc_00026a88",$d,00000000
"00026a8c","|static|_FUN_0027066c_00026a8c",$d,00000000
"00026abc","|static|_DAT_008cc070_00026abc",$d,00000000
"00026ac8","|static|_FUN_002fc014_00026ac8",$d,00000000
"00026acc","|static|_FUN_00779038_00026acc",$d,00000000
"00026ad0","|static|_FUN_00779148_00026ad0",$d,00000000
"00026adc","|static|_FUN_0033f420_00026adc",$d,00000000
"00026ae4","|static|_FUN_002705fc_00026ae4",$d,00000000
"00026ae8","|static|_FUN_0027066c_00026ae8",$d,00000000
"00026b24","|static|_FUN_002fc014_00026b24",$d,00000000
"00026b28","|static|_FUN_00779038_00026b28",$d,00000000
"00026b2c","|static|_FUN_00779148_00026b2c",$d,00000000
"00026b38","|static|_FUN_0033f420_00026b38",$d,00000000
"00026b5c","|static|_FUN_002fc024_00026b5c",$d,00000000
"00026b60","|static|_FUN_00321840_00026b60",$d,00000000
"00026b64","|static|_FUN_003217a0_00026b64",$d,00000000
"00026b78","|static|_FUN_0033f430_00026b78",$d,00000000
"00026b94","|static|_FUN_0057ba40_00026b94",$d,00000000
"00026b98","|static|_FUN_001f4c9c_00026b98",$d,00000000
"00026b9c","|static|_LAB_0057b988_00026b9c",$d,00000000
"00026ba0","|static|_FUN_0057ba54_00026ba0",$d,00000000
"00026ba4","|static|_FUN_001f4e44_00026ba4",$d,00000000
"00026ba8","|static|_FUN_0057b98c_00026ba8",$d,00000000
"00026bb0","|static|_FUN_001f4dc0_00026bb0",$d,00000000
"00026bb8","|static|_FUN_001f4e30_00026bb8",$d,00000000
"00026bbc","|static|_FUN_001f4ae4_00026bbc",$d,00000000
"00026bc0","|static|_FUN_00521a38_00026bc0",$d,00000000
"00026bc4","|static|_FUN_00521064_00026bc4",$d,00000000
"00026bd0","|static|_FUN_007119f8_00026bd0",$d,00000000
"00026bd4","|static|_INVALID_|static|_TEXT:0001c117_00026bd4",$d,00000000
"00026be4","|static|_FUN_001e8cd0_00026be4",$d,00000000
"00026be8","|static|_FUN_001e8cf4_00026be8",$d,00000000
"00026bf4","|static|_FUN_00711a04_00026bf4",$d,00000000
"00026bfc","|static|_INVALID_|static|_TEXT:0001c117_00026bfc",$d,00000000
"00026c04","|static|_FUN_001f4fc8_00026c04",$d,00000000
"00026c18","|static|_FUN_001e8d84_00026c18",$d,00000000
"00026c1c","|static|_FUN_001e9020_00026c1c",$d,00000000
"00026c28","|static|_INVALID_|static|_TEXT:0001c117_00026c28",$d,00000000
"00026c4c","|static|_DAT_008ca38c_00026c4c",$d,00000000
"00026c58","|static|_FUN_0057ba40_00026c58",$d,00000000
"00026c5c","|static|_FUN_001f4c9c_00026c5c",$d,00000000
"00026c60","|static|_LAB_0057b988_00026c60",$d,00000000
"00026c64","|static|_FUN_0057ba54_00026c64",$d,00000000
"00026c68","|static|_FUN_001f4e44_00026c68",$d,00000000
"00026c6c","|static|_FUN_0057b98c_00026c6c",$d,00000000
"00026c70","|static|_FUN_0057b990_00026c70",$d,00000000
"00026c74","|static|_FUN_001f4dc0_00026c74",$d,00000000
"00026c78","|static|_LAB_0057ba24_00026c78",$d,00000000
"00026c7c","|static|_FUN_001f4e30_00026c7c",$d,00000000
"00026c80","|static|_FUN_001f4ae4_00026c80",$d,00000000
"00026c84","|static|_FUN_00521a38_00026c84",$d,00000000
"00026c88","|static|_FUN_00521064_00026c88",$d,00000000
"00026c94","|static|_FUN_007119f8_00026c94",$d,00000000
"00026c98","|static|_INVALID_|static|_TEXT:0001c117_00026c98",$d,00000000
"00026ca4","|static|_FUN_001f3ce0_00026ca4",$d,00000000
"00026ca8","|static|_FUN_001e8cd0_00026ca8",$d,00000000
"00026cac","|static|_FUN_001e8cf4_00026cac",$d,00000000
"00026cb4","|static|_FUN_001f4b6c_00026cb4",$d,00000000
"00026cb8","|static|_FUN_00711a04_00026cb8",$d,00000000
"00026cc0","|static|_INVALID_|static|_TEXT:0001c117_00026cc0",$d,00000000
"00026cc4","|static|_FUN_001f4e94_00026cc4",$d,00000000
"00026cc8","|static|_FUN_001f4fc8_00026cc8",$d,00000000
"00026cd0","|static|_FUN_001f4a68_00026cd0",$d,00000000
"00026cdc","|static|_FUN_001e8d84_00026cdc",$d,00000000
"00026ce0","|static|_FUN_001e9020_00026ce0",$d,00000000
"00026ce4","|static|_INVALID_|static|_TEXT:0001c117_00026ce4",$d,00000000
"00026ce8","|static|_INVALID_|static|_TEXT:0001c117_00026ce8",$d,00000000
"00026cf4","|static|_DAT_008ca3d0_00026cf4",$d,00000000
"00026d00","|static|_FUN_0057ba40_00026d00",$d,00000000
"00026d04","|static|_FUN_001f4c9c_00026d04",$d,00000000
"00026d08","|static|_LAB_0057b988_00026d08",$d,00000000
"00026d0c","|static|_FUN_0057ba54_00026d0c",$d,00000000
"00026d10","|static|_FUN_001f4e44_00026d10",$d,00000000
"00026d14","|static|_FUN_0057b98c_00026d14",$d,00000000
"00026d18","|static|_FUN_0057b990_00026d18",$d,00000000
"00026d1c","|static|_FUN_001f4dc0_00026d1c",$d,00000000
"00026d20","|static|_LAB_0057ba24_00026d20",$d,00000000
"00026d24","|static|_FUN_001f4e30_00026d24",$d,00000000
"00026d28","|static|_FUN_001f4ae4_00026d28",$d,00000000
"00026d2c","|static|_FUN_00521a38_00026d2c",$d,00000000
"00026d30","|static|_FUN_00521064_00026d30",$d,00000000
"00026d3c","|static|_INVALID_|static|_TEXT:0001c117_00026d3c",$d,00000000
"00026d40","|static|_INVALID_|static|_TEXT:0001c117_00026d40",$d,00000000
"00026d4c","|static|_FUN_001f3ce0_00026d4c",$d,00000000
"00026d50","|static|_INVALID_|static|_TEXT:0001c117_00026d50",$d,00000000
"00026d54","|static|_INVALID_|static|_TEXT:0001c117_00026d54",$d,00000000
"00026d5c","|static|_FUN_001f4b6c_00026d5c",$d,00000000
"00026d60","|static|_INVALID_|static|_TEXT:0001c117_00026d60",$d,00000000
"00026d68","|static|_INVALID_|static|_TEXT:0001c117_00026d68",$d,00000000
"00026d6c","|static|_FUN_001f4e94_00026d6c",$d,00000000
"00026d70","|static|_FUN_001f4fc8_00026d70",$d,00000000
"00026d78","|static|_FUN_001f4a68_00026d78",$d,00000000
"00026db0","|static|_DAT_008ca3d0_00026db0",$d,00000000
"00026dbc","|static|_INVALID_|static|_TEXT:0001c117_00026dbc",$d,00000000
"00026dc0","|static|_INVALID_|static|_TEXT:0001c117_00026dc0",$d,00000000
"00026dc4","|static|_INVALID_|static|_TEXT:0001c117_00026dc4",$d,00000000
"00026dc8","|static|_INVALID_|static|_TEXT:0001c117_00026dc8",$d,00000000
"00026dcc","|static|_INVALID_|static|_TEXT:0001c117_00026dcc",$d,00000000
"00026dd0","|static|_INVALID_|static|_TEXT:0001c117_00026dd0",$d,00000000
"00026dd8","|static|_FUN_002705fc_00026dd8",$d,00000000
"00026ddc","|static|_FUN_0027066c_00026ddc",$d,00000000
"00026e0c","|static|_DAT_008ca38c_00026e0c",$d,00000000
"00026e18","|static|_INVALID_|static|_TEXT:0001c117_00026e18",$d,00000000
"00026e1c","|static|_INVALID_|static|_TEXT:0001c117_00026e1c",$d,00000000
"00026e20","|static|_INVALID_|static|_TEXT:0001c117_00026e20",$d,00000000
"00026e24","|static|_INVALID_|static|_TEXT:0001c117_00026e24",$d,00000000
"00026e28","|static|_INVALID_|static|_TEXT:0001c117_00026e28",$d,00000000
"00026e2c","|static|_INVALID_|static|_TEXT:0001c117_00026e2c",$d,00000000
"00026e34","|static|_FUN_002705fc_00026e34",$d,00000000
"00026e38","|static|_FUN_0027066c_00026e38",$d,00000000
"00026e44","|static|_DAT_008cc070_00026e44",$d,00000000
"00026e50","|static|_FUN_002fc024_00026e50",$d,00000000
"00026e54","|static|_FUN_00321840_00026e54",$d,00000000
"00026e58","|static|_FUN_003217a0_00026e58",$d,00000000
"00026e6c","|static|_FUN_0033f430_00026e6c",$d,00000000
"00026e7c","|static|_DAT_008cbc04_00026e7c",$d,00000000
"00026e88","|static|_FUN_002fc024_00026e88",$d,00000000
"00026e8c","|static|_FUN_00321840_00026e8c",$d,00000000
"00026e90","|static|_FUN_003217a0_00026e90",$d,00000000
"00026ea4","|static|_FUN_003217d4_00026ea4",$d,00000000
"00026eb4","|static|_DAT_008cba60_00026eb4",$d,00000000
"00026ec0","|static|_FUN_002fc024_00026ec0",$d,00000000
"00026ec4","|static|_FUN_002fcb58_00026ec4",$d,00000000
"00026ec8","|static|_FUN_002fbe58_00026ec8",$d,00000000
"00026f08","|static|_DAT_008cba60_00026f08",$d,00000000
"00026f14","|static|_FUN_002fc014_00026f14",$d,00000000
"00026f18","|static|_FUN_00778f8c_00026f18",$d,00000000
"00026f1c","|static|_FUN_00779114_00026f1c",$d,00000000
"00026f28","|static|_INVALID_|static|_TEXT:0001c117_00026f28",$d,00000000
"00026f30","|static|_FUN_002705fc_00026f30",$d,00000000
"00026f34","|static|_FUN_0027066c_00026f34",$d,00000000
"00026f64","|static|_DAT_008cbc04_00026f64",$d,00000000
"00026f70","|static|_FUN_002fc014_00026f70",$d,00000000
"00026f74","|static|_FUN_00779038_00026f74",$d,00000000
"00026f78","|static|_FUN_00779148_00026f78",$d,00000000
"00026f84","|static|_FUN_00779398_00026f84",$d,00000000
"00026f8c","|static|_FUN_002705fc_00026f8c",$d,00000000
"00026f90","|static|_FUN_0027066c_00026f90",$d,00000000
"00026fc0","|static|_DAT_008cc070_00026fc0",$d,00000000
"00026fcc","|static|_FUN_002fc014_00026fcc",$d,00000000
"00026fd0","|static|_FUN_00779038_00026fd0",$d,00000000
"00026fd4","|static|_FUN_00779148_00026fd4",$d,00000000
"00026fe0","|static|_FUN_0033f420_00026fe0",$d,00000000
"00026fe8","|static|_FUN_002705fc_00026fe8",$d,00000000
"00026fec","|static|_FUN_0027066c_00026fec",$d,00000000
"00027028","|static|_FUN_002fc014_00027028",$d,00000000
"0002702c","|static|_FUN_00779038_0002702c",$d,00000000
"00027030","|static|_FUN_00779148_00027030",$d,00000000
"0002703c","|static|_FUN_0033f420_0002703c",$d,00000000
"00027060","|static|_FUN_002fc024_00027060",$d,00000000
"00027064","|static|_FUN_00321840_00027064",$d,00000000
"00027068","|static|_FUN_003217a0_00027068",$d,00000000
"0002707c","|static|_FUN_0033f430_0002707c",$d,00000000
"00027098","|static|_FUN_0057ba40_00027098",$d,00000000
"0002709c","|static|_FUN_001f4c9c_0002709c",$d,00000000
"000270a0","|static|_LAB_0057b988_000270a0",$d,00000000
"000270a4","|static|_FUN_0057ba54_000270a4",$d,00000000
"000270a8","|static|_FUN_001f4e44_000270a8",$d,00000000
"000270ac","|static|_FUN_0057b98c_000270ac",$d,00000000
"000270b4","|static|_FUN_001f4dc0_000270b4",$d,00000000
"000270bc","|static|_FUN_001f4e30_000270bc",$d,00000000
"000270c0","|static|_FUN_001f4ae4_000270c0",$d,00000000
"000270c4","|static|_FUN_00521a38_000270c4",$d,00000000
"000270c8","|static|_FUN_00521064_000270c8",$d,00000000
"000270d4","|static|_FUN_007119f8_000270d4",$d,00000000
"000270d8","|static|_INVALID_|static|_TEXT:0001c117_000270d8",$d,00000000
"000270e8","|static|_FUN_001e8cd0_000270e8",$d,00000000
"000270ec","|static|_FUN_001e8cf4_000270ec",$d,00000000
"000270f8","|static|_FUN_00711a04_000270f8",$d,00000000
"00027100","|static|_INVALID_|static|_TEXT:0001c117_00027100",$d,00000000
"00027108","|static|_FUN_001f4fc8_00027108",$d,00000000
"0002711c","|static|_FUN_001e8d84_0002711c",$d,00000000
"00027120","|static|_FUN_001e9020_00027120",$d,00000000
"0002712c","|static|_INVALID_|static|_TEXT:0001c117_0002712c",$d,00000000
"00027150","|static|_DAT_008ca38c_00027150",$d,00000000
"0002715c","|static|_FUN_0057ba40_0002715c",$d,00000000
"00027160","|static|_FUN_001f4c9c_00027160",$d,00000000
"00027164","|static|_LAB_0057b988_00027164",$d,00000000
"00027168","|static|_FUN_0057ba54_00027168",$d,00000000
"0002716c","|static|_FUN_001f4e44_0002716c",$d,00000000
"00027170","|static|_FUN_0057b98c_00027170",$d,00000000
"00027174","|static|_FUN_0057b990_00027174",$d,00000000
"00027178","|static|_FUN_001f4dc0_00027178",$d,00000000
"0002717c","|static|_LAB_0057ba24_0002717c",$d,00000000
"00027180","|static|_FUN_001f4e30_00027180",$d,00000000
"00027184","|static|_FUN_001f4ae4_00027184",$d,00000000
"00027188","|static|_FUN_00521a38_00027188",$d,00000000
"0002718c","|static|_FUN_00521064_0002718c",$d,00000000
"00027198","|static|_FUN_007119f8_00027198",$d,00000000
"0002719c","|static|_INVALID_|static|_TEXT:0001c117_0002719c",$d,00000000
"000271a8","|static|_FUN_001f3ce0_000271a8",$d,00000000
"000271ac","|static|_FUN_001e8cd0_000271ac",$d,00000000
"000271b0","|static|_FUN_001e8cf4_000271b0",$d,00000000
"000271b8","|static|_FUN_001f4b6c_000271b8",$d,00000000
"000271bc","|static|_FUN_00711a04_000271bc",$d,00000000
"000271c4","|static|_INVALID_|static|_TEXT:0001c117_000271c4",$d,00000000
"000271c8","|static|_FUN_001f4e94_000271c8",$d,00000000
"000271cc","|static|_FUN_001f4fc8_000271cc",$d,00000000
"000271d4","|static|_FUN_001f4a68_000271d4",$d,00000000
"000271e0","|static|_FUN_001e8d84_000271e0",$d,00000000
"000271e4","|static|_FUN_001e9020_000271e4",$d,00000000
"000271e8","|static|_INVALID_|static|_TEXT:0001c117_000271e8",$d,00000000
"000271ec","|static|_INVALID_|static|_TEXT:0001c117_000271ec",$d,00000000
"000271f8","|static|_DAT_008ca3d0_000271f8",$d,00000000
"00027204","|static|_FUN_0057ba40_00027204",$d,00000000
"00027208","|static|_FUN_001f4c9c_00027208",$d,00000000
"0002720c","|static|_LAB_0057b988_0002720c",$d,00000000
"00027210","|static|_FUN_0057ba54_00027210",$d,00000000
"00027214","|static|_FUN_001f4e44_00027214",$d,00000000
"00027218","|static|_FUN_0057b98c_00027218",$d,00000000
"0002721c","|static|_FUN_0057b990_0002721c",$d,00000000
"00027220","|static|_FUN_001f4dc0_00027220",$d,00000000
"00027224","|static|_LAB_0057ba24_00027224",$d,00000000
"00027228","|static|_FUN_001f4e30_00027228",$d,00000000
"0002722c","|static|_FUN_001f4ae4_0002722c",$d,00000000
"00027230","|static|_FUN_00521a38_00027230",$d,00000000
"00027234","|static|_FUN_00521064_00027234",$d,00000000
"00027240","|static|_INVALID_|static|_TEXT:0001c117_00027240",$d,00000000
"00027244","|static|_INVALID_|static|_TEXT:0001c117_00027244",$d,00000000
"00027250","|static|_FUN_001f3ce0_00027250",$d,00000000
"00027254","|static|_INVALID_|static|_TEXT:0001c117_00027254",$d,00000000
"00027258","|static|_INVALID_|static|_TEXT:0001c117_00027258",$d,00000000
"00027260","|static|_FUN_001f4b6c_00027260",$d,00000000
"00027264","|static|_INVALID_|static|_TEXT:0001c117_00027264",$d,00000000
"0002726c","|static|_INVALID_|static|_TEXT:0001c117_0002726c",$d,00000000
"00027270","|static|_FUN_001f4e94_00027270",$d,00000000
"00027274","|static|_FUN_001f4fc8_00027274",$d,00000000
"0002727c","|static|_FUN_001f4a68_0002727c",$d,00000000
"000272b4","|static|_DAT_008ca3d0_000272b4",$d,00000000
"000272c0","|static|_INVALID_|static|_TEXT:0001c117_000272c0",$d,00000000
"000272c4","|static|_INVALID_|static|_TEXT:0001c117_000272c4",$d,00000000
"000272c8","|static|_INVALID_|static|_TEXT:0001c117_000272c8",$d,00000000
"000272cc","|static|_INVALID_|static|_TEXT:0001c117_000272cc",$d,00000000
"000272d0","|static|_INVALID_|static|_TEXT:0001c117_000272d0",$d,00000000
"000272d4","|static|_INVALID_|static|_TEXT:0001c117_000272d4",$d,00000000
"000272dc","|static|_FUN_002705fc_000272dc",$d,00000000
"000272e0","|static|_FUN_0027066c_000272e0",$d,00000000
"00027310","|static|_DAT_008ca38c_00027310",$d,00000000
"0002731c","|static|_INVALID_|static|_TEXT:0001c117_0002731c",$d,00000000
"00027320","|static|_INVALID_|static|_TEXT:0001c117_00027320",$d,00000000
"00027324","|static|_INVALID_|static|_TEXT:0001c117_00027324",$d,00000000
"00027328","|static|_INVALID_|static|_TEXT:0001c117_00027328",$d,00000000
"0002732c","|static|_INVALID_|static|_TEXT:0001c117_0002732c",$d,00000000
"00027330","|static|_INVALID_|static|_TEXT:0001c117_00027330",$d,00000000
"00027338","|static|_FUN_002705fc_00027338",$d,00000000
"0002733c","|static|_FUN_0027066c_0002733c",$d,00000000
"00027348","|static|_DAT_008cc070_00027348",$d,00000000
"00027354","|static|_FUN_002fc024_00027354",$d,00000000
"00027358","|static|_FUN_00321840_00027358",$d,00000000
"0002735c","|static|_FUN_003217a0_0002735c",$d,00000000
"00027370","|static|_FUN_0033f430_00027370",$d,00000000
"00027380","|static|_DAT_008cbc04_00027380",$d,00000000
"0002738c","|static|_FUN_002fc024_0002738c",$d,00000000
"00027390","|static|_FUN_00321840_00027390",$d,00000000
"00027394","|static|_FUN_003217a0_00027394",$d,00000000
"000273a8","|static|_FUN_003217d4_000273a8",$d,00000000
"000273b8","|static|_DAT_008cba60_000273b8",$d,00000000
"000273c4","|static|_FUN_002fc024_000273c4",$d,00000000
"000273c8","|static|_FUN_002fcb58_000273c8",$d,00000000
"000273cc","|static|_FUN_002fbe58_000273cc",$d,00000000
"0002740c","|static|_DAT_008cba60_0002740c",$d,00000000
"00027418","|static|_FUN_002fc014_00027418",$d,00000000
"0002741c","|static|_FUN_00778f8c_0002741c",$d,00000000
"00027420","|static|_FUN_00779114_00027420",$d,00000000
"0002742c","|static|_INVALID_|static|_TEXT:0001c117_0002742c",$d,00000000
"00027434","|static|_FUN_002705fc_00027434",$d,00000000
"00027438","|static|_FUN_0027066c_00027438",$d,00000000
"00027468","|static|_DAT_008cbc04_00027468",$d,00000000
"00027474","|static|_FUN_002fc014_00027474",$d,00000000
"00027478","|static|_FUN_00779038_00027478",$d,00000000
"0002747c","|static|_FUN_00779148_0002747c",$d,00000000
"00027488","|static|_FUN_00779398_00027488",$d,00000000
"00027490","|static|_FUN_002705fc_00027490",$d,00000000
"00027494","|static|_FUN_0027066c_00027494",$d,00000000
"000274c4","|static|_DAT_008cc070_000274c4",$d,00000000
"000274d0","|static|_FUN_002fc014_000274d0",$d,00000000
"000274d4","|static|_FUN_00779038_000274d4",$d,00000000
"000274d8","|static|_FUN_00779148_000274d8",$d,00000000
"000274e4","|static|_FUN_0033f420_000274e4",$d,00000000
"000274ec","|static|_FUN_002705fc_000274ec",$d,00000000
"000274f0","|static|_FUN_0027066c_000274f0",$d,00000000
"0002752c","|static|_FUN_002fc014_0002752c",$d,00000000
"00027530","|static|_FUN_00779038_00027530",$d,00000000
"00027534","|static|_FUN_00779148_00027534",$d,00000000
"00027540","|static|_FUN_0033f420_00027540",$d,00000000
"00027564","|static|_FUN_002fc024_00027564",$d,00000000
"00027568","|static|_FUN_00321840_00027568",$d,00000000
"0002756c","|static|_FUN_003217a0_0002756c",$d,00000000
"00027580","|static|_FUN_0033f430_00027580",$d,00000000
"0002759c","|static|_FUN_0057ba40_0002759c",$d,00000000
"000275a0","|static|_FUN_001f4c9c_000275a0",$d,00000000
"000275a4","|static|_LAB_0057b988_000275a4",$d,00000000
"000275a8","|static|_FUN_0057ba54_000275a8",$d,00000000
"000275ac","|static|_FUN_001f4e44_000275ac",$d,00000000
"000275b0","|static|_FUN_0057b98c_000275b0",$d,00000000
"000275b8","|static|_FUN_001f4dc0_000275b8",$d,00000000
"000275c0","|static|_FUN_001f4e30_000275c0",$d,00000000
"000275c4","|static|_FUN_001f4ae4_000275c4",$d,00000000
"000275c8","|static|_FUN_00521a38_000275c8",$d,00000000
"000275cc","|static|_FUN_00521064_000275cc",$d,00000000
"000275d8","|static|_FUN_007119f8_000275d8",$d,00000000
"000275dc","|static|_INVALID_|static|_TEXT:0001c117_000275dc",$d,00000000
"000275ec","|static|_FUN_001e8cd0_000275ec",$d,00000000
"000275f0","|static|_FUN_001e8cf4_000275f0",$d,00000000
"000275fc","|static|_FUN_00711a04_000275fc",$d,00000000
"00027604","|static|_INVALID_|static|_TEXT:0001c117_00027604",$d,00000000
"0002760c","|static|_FUN_001f4fc8_0002760c",$d,00000000
"00027620","|static|_FUN_001e8d84_00027620",$d,00000000
"00027624","|static|_FUN_001e9020_00027624",$d,00000000
"00027630","|static|_INVALID_|static|_TEXT:0001c117_00027630",$d,00000000
"00027654","|static|_DAT_008ca38c_00027654",$d,00000000
"00027660","|static|_FUN_0057ba40_00027660",$d,00000000
"00027664","|static|_FUN_001f4c9c_00027664",$d,00000000
"00027668","|static|_LAB_0057b988_00027668",$d,00000000
"0002766c","|static|_FUN_0057ba54_0002766c",$d,00000000
"00027670","|static|_FUN_001f4e44_00027670",$d,00000000
"00027674","|static|_FUN_0057b98c_00027674",$d,00000000
"00027678","|static|_FUN_0057b990_00027678",$d,00000000
"0002767c","|static|_FUN_001f4dc0_0002767c",$d,00000000
"00027680","|static|_LAB_0057ba24_00027680",$d,00000000
"00027684","|static|_FUN_001f4e30_00027684",$d,00000000
"00027688","|static|_FUN_001f4ae4_00027688",$d,00000000
"0002768c","|static|_FUN_00521a38_0002768c",$d,00000000
"00027690","|static|_FUN_00521064_00027690",$d,00000000
"0002769c","|static|_FUN_007119f8_0002769c",$d,00000000
"000276a0","|static|_INVALID_|static|_TEXT:0001c117_000276a0",$d,00000000
"000276ac","|static|_FUN_001f3ce0_000276ac",$d,00000000
"000276b0","|static|_FUN_001e8cd0_000276b0",$d,00000000
"000276b4","|static|_FUN_001e8cf4_000276b4",$d,00000000
"000276bc","|static|_FUN_001f4b6c_000276bc",$d,00000000
"000276c0","|static|_FUN_00711a04_000276c0",$d,00000000
"000276c8","|static|_INVALID_|static|_TEXT:0001c117_000276c8",$d,00000000
"000276cc","|static|_FUN_001f4e94_000276cc",$d,00000000
"000276d0","|static|_FUN_001f4fc8_000276d0",$d,00000000
"000276d8","|static|_FUN_001f4a68_000276d8",$d,00000000
"000276e4","|static|_FUN_001e8d84_000276e4",$d,00000000
"000276e8","|static|_FUN_001e9020_000276e8",$d,00000000
"000276ec","|static|_INVALID_|static|_TEXT:0001c117_000276ec",$d,00000000
"000276f0","|static|_INVALID_|static|_TEXT:0001c117_000276f0",$d,00000000
"000276fc","|static|_DAT_008ca3d0_000276fc",$d,00000000
"00027708","|static|_FUN_0057ba40_00027708",$d,00000000
"0002770c","|static|_FUN_001f4c9c_0002770c",$d,00000000
"00027710","|static|_LAB_0057b988_00027710",$d,00000000
"00027714","|static|_FUN_0057ba54_00027714",$d,00000000
"00027718","|static|_FUN_001f4e44_00027718",$d,00000000
"0002771c","|static|_FUN_0057b98c_0002771c",$d,00000000
"00027720","|static|_FUN_0057b990_00027720",$d,00000000
"00027724","|static|_FUN_001f4dc0_00027724",$d,00000000
"00027728","|static|_LAB_0057ba24_00027728",$d,00000000
"0002772c","|static|_FUN_001f4e30_0002772c",$d,00000000
"00027730","|static|_FUN_001f4ae4_00027730",$d,00000000
"00027734","|static|_FUN_00521a38_00027734",$d,00000000
"00027738","|static|_FUN_00521064_00027738",$d,00000000
"00027744","|static|_INVALID_|static|_TEXT:0001c117_00027744",$d,00000000
"00027748","|static|_INVALID_|static|_TEXT:0001c117_00027748",$d,00000000
"00027754","|static|_FUN_001f3ce0_00027754",$d,00000000
"00027758","|static|_INVALID_|static|_TEXT:0001c117_00027758",$d,00000000
"0002775c","|static|_INVALID_|static|_TEXT:0001c117_0002775c",$d,00000000
"00027764","|static|_FUN_001f4b6c_00027764",$d,00000000
"00027768","|static|_INVALID_|static|_TEXT:0001c117_00027768",$d,00000000
"00027770","|static|_INVALID_|static|_TEXT:0001c117_00027770",$d,00000000
"00027774","|static|_FUN_001f4e94_00027774",$d,00000000
"00027778","|static|_FUN_001f4fc8_00027778",$d,00000000
"00027780","|static|_FUN_001f4a68_00027780",$d,00000000
"000277b8","|static|_DAT_008ca3d0_000277b8",$d,00000000
"000277c4","|static|_INVALID_|static|_TEXT:0001c117_000277c4",$d,00000000
"000277c8","|static|_INVALID_|static|_TEXT:0001c117_000277c8",$d,00000000
"000277cc","|static|_INVALID_|static|_TEXT:0001c117_000277cc",$d,00000000
"000277d0","|static|_INVALID_|static|_TEXT:0001c117_000277d0",$d,00000000
"000277d4","|static|_INVALID_|static|_TEXT:0001c117_000277d4",$d,00000000
"000277d8","|static|_INVALID_|static|_TEXT:0001c117_000277d8",$d,00000000
"000277e0","|static|_FUN_002705fc_000277e0",$d,00000000
"000277e4","|static|_FUN_0027066c_000277e4",$d,00000000
"00027814","|static|_DAT_008ca38c_00027814",$d,00000000
"00027820","|static|_INVALID_|static|_TEXT:0001c117_00027820",$d,00000000
"00027824","|static|_INVALID_|static|_TEXT:0001c117_00027824",$d,00000000
"00027828","|static|_INVALID_|static|_TEXT:0001c117_00027828",$d,00000000
"0002782c","|static|_INVALID_|static|_TEXT:0001c117_0002782c",$d,00000000
"00027830","|static|_INVALID_|static|_TEXT:0001c117_00027830",$d,00000000
"00027834","|static|_INVALID_|static|_TEXT:0001c117_00027834",$d,00000000
"0002783c","|static|_FUN_002705fc_0002783c",$d,00000000
"00027840","|static|_FUN_0027066c_00027840",$d,00000000
"0002784c","|static|_DAT_008cc070_0002784c",$d,00000000
"00027858","|static|_FUN_002fc024_00027858",$d,00000000
"0002785c","|static|_FUN_00321840_0002785c",$d,00000000
"00027860","|static|_FUN_003217a0_00027860",$d,00000000
"00027874","|static|_FUN_0033f430_00027874",$d,00000000
"00027884","|static|_DAT_008cbc04_00027884",$d,00000000
"00027890","|static|_FUN_002fc024_00027890",$d,00000000
"00027894","|static|_FUN_00321840_00027894",$d,00000000
"00027898","|static|_FUN_003217a0_00027898",$d,00000000
"000278ac","|static|_FUN_003217d4_000278ac",$d,00000000
"000278bc","|static|_DAT_008cba60_000278bc",$d,00000000
"000278c8","|static|_FUN_002fc024_000278c8",$d,00000000
"000278cc","|static|_FUN_002fcb58_000278cc",$d,00000000
"000278d0","|static|_FUN_002fbe58_000278d0",$d,00000000
"00027910","|static|_DAT_008cba60_00027910",$d,00000000
"0002791c","|static|_FUN_002fc014_0002791c",$d,00000000
"00027920","|static|_FUN_00778f8c_00027920",$d,00000000
"00027924","|static|_FUN_00779114_00027924",$d,00000000
"00027930","|static|_INVALID_|static|_TEXT:0001c117_00027930",$d,00000000
"00027938","|static|_FUN_002705fc_00027938",$d,00000000
"0002793c","|static|_FUN_0027066c_0002793c",$d,00000000
"0002796c","|static|_DAT_008cbc04_0002796c",$d,00000000
"00027978","|static|_FUN_002fc014_00027978",$d,00000000
"0002797c","|static|_FUN_00779038_0002797c",$d,00000000
"00027980","|static|_FUN_00779148_00027980",$d,00000000
"0002798c","|static|_FUN_00779398_0002798c",$d,00000000
"00027994","|static|_FUN_002705fc_00027994",$d,00000000
"00027998","|static|_FUN_0027066c_00027998",$d,00000000
"000279c8","|static|_DAT_008cc070_000279c8",$d,00000000
"000279d4","|static|_FUN_002fc014_000279d4",$d,00000000
"000279d8","|static|_FUN_00779038_000279d8",$d,00000000
"000279dc","|static|_FUN_00779148_000279dc",$d,00000000
"000279e8","|static|_FUN_0033f420_000279e8",$d,00000000
"000279f0","|static|_FUN_002705fc_000279f0",$d,00000000
"000279f4","|static|_FUN_0027066c_000279f4",$d,00000000
"00027a30","|static|_FUN_002fc014_00027a30",$d,00000000
"00027a34","|static|_FUN_00779038_00027a34",$d,00000000
"00027a38","|static|_FUN_00779148_00027a38",$d,00000000
"00027a44","|static|_FUN_0033f420_00027a44",$d,00000000
"00027a68","|static|_FUN_002fc024_00027a68",$d,00000000
"00027a6c","|static|_FUN_00321840_00027a6c",$d,00000000
"00027a70","|static|_FUN_003217a0_00027a70",$d,00000000
"00027a84","|static|_FUN_0033f430_00027a84",$d,00000000
"00027aa0","|static|_FUN_0057ba40_00027aa0",$d,00000000
"00027aa4","|static|_FUN_001f4c9c_00027aa4",$d,00000000
"00027aa8","|static|_LAB_0057b988_00027aa8",$d,00000000
"00027aac","|static|_FUN_0057ba54_00027aac",$d,00000000
"00027ab0","|static|_FUN_001f4e44_00027ab0",$d,00000000
"00027ab4","|static|_FUN_0057b98c_00027ab4",$d,00000000
"00027abc","|static|_FUN_001f4dc0_00027abc",$d,00000000
"00027ac4","|static|_FUN_001f4e30_00027ac4",$d,00000000
"00027ac8","|static|_FUN_001f4ae4_00027ac8",$d,00000000
"00027acc","|static|_FUN_00521a38_00027acc",$d,00000000
"00027ad0","|static|_FUN_00521064_00027ad0",$d,00000000
"00027adc","|static|_FUN_007119f8_00027adc",$d,00000000
"00027ae0","|static|_INVALID_|static|_TEXT:0001c117_00027ae0",$d,00000000
"00027af0","|static|_FUN_001e8cd0_00027af0",$d,00000000
"00027af4","|static|_FUN_001e8cf4_00027af4",$d,00000000
"00027b00","|static|_FUN_00711a04_00027b00",$d,00000000
"00027b08","|static|_INVALID_|static|_TEXT:0001c117_00027b08",$d,00000000
"00027b10","|static|_FUN_001f4fc8_00027b10",$d,00000000
"00027b24","|static|_FUN_001e8d84_00027b24",$d,00000000
"00027b28","|static|_FUN_001e9020_00027b28",$d,00000000
"00027b34","|static|_INVALID_|static|_TEXT:0001c117_00027b34",$d,00000000
"00027b58","|static|_DAT_008ca38c_00027b58",$d,00000000
"00027b64","|static|_FUN_0057ba40_00027b64",$d,00000000
"00027b68","|static|_FUN_001f4c9c_00027b68",$d,00000000
"00027b6c","|static|_LAB_0057b988_00027b6c",$d,00000000
"00027b70","|static|_FUN_0057ba54_00027b70",$d,00000000
"00027b74","|static|_FUN_001f4e44_00027b74",$d,00000000
"00027b78","|static|_FUN_0057b98c_00027b78",$d,00000000
"00027b7c","|static|_FUN_0057b990_00027b7c",$d,00000000
"00027b80","|static|_FUN_001f4dc0_00027b80",$d,00000000
"00027b84","|static|_LAB_0057ba24_00027b84",$d,00000000
"00027b88","|static|_FUN_001f4e30_00027b88",$d,00000000
"00027b8c","|static|_FUN_001f4ae4_00027b8c",$d,00000000
"00027b90","|static|_FUN_00521a38_00027b90",$d,00000000
"00027b94","|static|_FUN_00521064_00027b94",$d,00000000
"00027ba0","|static|_FUN_007119f8_00027ba0",$d,00000000
"00027ba4","|static|_INVALID_|static|_TEXT:0001c117_00027ba4",$d,00000000
"00027bb0","|static|_FUN_001f3ce0_00027bb0",$d,00000000
"00027bb4","|static|_FUN_001e8cd0_00027bb4",$d,00000000
"00027bb8","|static|_FUN_001e8cf4_00027bb8",$d,00000000
"00027bc0","|static|_FUN_001f4b6c_00027bc0",$d,00000000
"00027bc4","|static|_FUN_00711a04_00027bc4",$d,00000000
"00027bcc","|static|_INVALID_|static|_TEXT:0001c117_00027bcc",$d,00000000
"00027bd0","|static|_FUN_001f4e94_00027bd0",$d,00000000
"00027bd4","|static|_FUN_001f4fc8_00027bd4",$d,00000000
"00027bdc","|static|_FUN_001f4a68_00027bdc",$d,00000000
"00027be8","|static|_FUN_001e8d84_00027be8",$d,00000000
"00027bec","|static|_FUN_001e9020_00027bec",$d,00000000
"00027bf0","|static|_INVALID_|static|_TEXT:0001c117_00027bf0",$d,00000000
"00027bf4","|static|_INVALID_|static|_TEXT:0001c117_00027bf4",$d,00000000
"00027c00","|static|_DAT_008ca3d0_00027c00",$d,00000000
"00027c0c","|static|_FUN_0057ba40_00027c0c",$d,00000000
"00027c10","|static|_FUN_001f4c9c_00027c10",$d,00000000
"00027c14","|static|_LAB_0057b988_00027c14",$d,00000000
"00027c18","|static|_FUN_0057ba54_00027c18",$d,00000000
"00027c1c","|static|_FUN_001f4e44_00027c1c",$d,00000000
"00027c20","|static|_FUN_0057b98c_00027c20",$d,00000000
"00027c24","|static|_FUN_0057b990_00027c24",$d,00000000
"00027c28","|static|_FUN_001f4dc0_00027c28",$d,00000000
"00027c2c","|static|_LAB_0057ba24_00027c2c",$d,00000000
"00027c30","|static|_FUN_001f4e30_00027c30",$d,00000000
"00027c34","|static|_FUN_001f4ae4_00027c34",$d,00000000
"00027c38","|static|_FUN_00521a38_00027c38",$d,00000000
"00027c3c","|static|_FUN_00521064_00027c3c",$d,00000000
"00027c48","|static|_INVALID_|static|_TEXT:0001c117_00027c48",$d,00000000
"00027c4c","|static|_INVALID_|static|_TEXT:0001c117_00027c4c",$d,00000000
"00027c58","|static|_FUN_001f3ce0_00027c58",$d,00000000
"00027c5c","|static|_INVALID_|static|_TEXT:0001c117_00027c5c",$d,00000000
"00027c60","|static|_INVALID_|static|_TEXT:0001c117_00027c60",$d,00000000
"00027c68","|static|_FUN_001f4b6c_00027c68",$d,00000000
"00027c6c","|static|_INVALID_|static|_TEXT:0001c117_00027c6c",$d,00000000
"00027c74","|static|_INVALID_|static|_TEXT:0001c117_00027c74",$d,00000000
"00027c78","|static|_FUN_001f4e94_00027c78",$d,00000000
"00027c7c","|static|_FUN_001f4fc8_00027c7c",$d,00000000
"00027c84","|static|_FUN_001f4a68_00027c84",$d,00000000
"00027cbc","|static|_DAT_008ca3d0_00027cbc",$d,00000000
"00027cc8","|static|_INVALID_|static|_TEXT:0001c117_00027cc8",$d,00000000
"00027ccc","|static|_INVALID_|static|_TEXT:0001c117_00027ccc",$d,00000000
"00027cd0","|static|_INVALID_|static|_TEXT:0001c117_00027cd0",$d,00000000
"00027cd4","|static|_INVALID_|static|_TEXT:0001c117_00027cd4",$d,00000000
"00027cd8","|static|_INVALID_|static|_TEXT:0001c117_00027cd8",$d,00000000
"00027cdc","|static|_INVALID_|static|_TEXT:0001c117_00027cdc",$d,00000000
"00027ce4","|static|_FUN_002705fc_00027ce4",$d,00000000
"00027ce8","|static|_FUN_0027066c_00027ce8",$d,00000000
"00027d18","|static|_DAT_008ca38c_00027d18",$d,00000000
"00027d24","|static|_INVALID_|static|_TEXT:0001c117_00027d24",$d,00000000
"00027d28","|static|_INVALID_|static|_TEXT:0001c117_00027d28",$d,00000000
"00027d2c","|static|_INVALID_|static|_TEXT:0001c117_00027d2c",$d,00000000
"00027d30","|static|_INVALID_|static|_TEXT:0001c117_00027d30",$d,00000000
"00027d34","|static|_INVALID_|static|_TEXT:0001c117_00027d34",$d,00000000
"00027d38","|static|_INVALID_|static|_TEXT:0001c117_00027d38",$d,00000000
"00027d40","|static|_FUN_002705fc_00027d40",$d,00000000
"00027d44","|static|_FUN_0027066c_00027d44",$d,00000000
"00027d50","|static|_DAT_008cc070_00027d50",$d,00000000
"00027d5c","|static|_FUN_002fc024_00027d5c",$d,00000000
"00027d60","|static|_FUN_00321840_00027d60",$d,00000000
"00027d64","|static|_FUN_003217a0_00027d64",$d,00000000
"00027d78","|static|_FUN_0033f430_00027d78",$d,00000000
"00027d88","|static|_DAT_008cbc04_00027d88",$d,00000000
"00027d94","|static|_FUN_002fc024_00027d94",$d,00000000
"00027d98","|static|_FUN_00321840_00027d98",$d,00000000
"00027d9c","|static|_FUN_003217a0_00027d9c",$d,00000000
"00027db0","|static|_FUN_003217d4_00027db0",$d,00000000
"00027dc0","|static|_DAT_008cba60_00027dc0",$d,00000000
"00027dcc","|static|_FUN_002fc024_00027dcc",$d,00000000
"00027dd0","|static|_FUN_002fcb58_00027dd0",$d,00000000
"00027dd4","|static|_FUN_002fbe58_00027dd4",$d,00000000
"00027e14","|static|_DAT_008cba60_00027e14",$d,00000000
"00027e20","|static|_FUN_002fc014_00027e20",$d,00000000
"00027e24","|static|_FUN_00778f8c_00027e24",$d,00000000
"00027e28","|static|_FUN_00779114_00027e28",$d,00000000
"00027e34","|static|_INVALID_|static|_TEXT:0001c117_00027e34",$d,00000000
"00027e3c","|static|_FUN_002705fc_00027e3c",$d,00000000
"00027e40","|static|_FUN_0027066c_00027e40",$d,00000000
"00027e70","|static|_DAT_008cbc04_00027e70",$d,00000000
"00027e7c","|static|_FUN_002fc014_00027e7c",$d,00000000
"00027e80","|static|_FUN_00779038_00027e80",$d,00000000
"00027e84","|static|_FUN_00779148_00027e84",$d,00000000
"00027e90","|static|_FUN_00779398_00027e90",$d,00000000
"00027e98","|static|_FUN_002705fc_00027e98",$d,00000000
"00027e9c","|static|_FUN_0027066c_00027e9c",$d,00000000
"00027ecc","|static|_DAT_008cc070_00027ecc",$d,00000000
"00027ed8","|static|_FUN_002fc014_00027ed8",$d,00000000
"00027edc","|static|_FUN_00779038_00027edc",$d,00000000
"00027ee0","|static|_FUN_00779148_00027ee0",$d,00000000
"00027eec","|static|_FUN_0033f420_00027eec",$d,00000000
"00027ef4","|static|_FUN_002705fc_00027ef4",$d,00000000
"00027ef8","|static|_FUN_0027066c_00027ef8",$d,00000000
"00027f34","|static|_FUN_002fc014_00027f34",$d,00000000
"00027f38","|static|_FUN_00779038_00027f38",$d,00000000
"00027f3c","|static|_FUN_00779148_00027f3c",$d,00000000
"00027f48","|static|_FUN_0033f420_00027f48",$d,00000000
"00027f6c","|static|_FUN_002fc024_00027f6c",$d,00000000
"00027f70","|static|_FUN_00321840_00027f70",$d,00000000
"00027f74","|static|_FUN_003217a0_00027f74",$d,00000000
"00027f88","|static|_FUN_0033f430_00027f88",$d,00000000
"00027fa4","|static|_FUN_0057ba40_00027fa4",$d,00000000
"00027fa8","|static|_FUN_001f4c9c_00027fa8",$d,00000000
"00027fac","|static|_LAB_0057b988_00027fac",$d,00000000
"00027fb0","|static|_FUN_0057ba54_00027fb0",$d,00000000
"00027fb4","|static|_FUN_001f4e44_00027fb4",$d,00000000
"00027fb8","|static|_FUN_0057b98c_00027fb8",$d,00000000
"00027fc0","|static|_FUN_001f4dc0_00027fc0",$d,00000000
"00027fc8","|static|_FUN_001f4e30_00027fc8",$d,00000000
"00027fcc","|static|_FUN_001f4ae4_00027fcc",$d,00000000
"00027fd0","|static|_FUN_00521a38_00027fd0",$d,00000000
"00027fd4","|static|_FUN_00521064_00027fd4",$d,00000000
"00027fe0","|static|_FUN_007119f8_00027fe0",$d,00000000
"00027fe4","|static|_INVALID_|static|_TEXT:0001c117_00027fe4",$d,00000000
"00027ff4","|static|_FUN_001e8cd0_00027ff4",$d,00000000
"00027ff8","|static|_FUN_001e8cf4_00027ff8",$d,00000000
"00028004","|static|_FUN_00711a04_00028004",$d,00000000
"0002800c","|static|_INVALID_|static|_TEXT:0001c117_0002800c",$d,00000000
"00028014","|static|_FUN_001f4fc8_00028014",$d,00000000
"00028028","|static|_FUN_001e8d84_00028028",$d,00000000
"0002802c","|static|_FUN_001e9020_0002802c",$d,00000000
"00028038","|static|_INVALID_|static|_TEXT:0001c117_00028038",$d,00000000
"0002805c","|static|_DAT_008ca38c_0002805c",$d,00000000
"00028068","|static|_FUN_0057ba40_00028068",$d,00000000
"0002806c","|static|_FUN_001f4c9c_0002806c",$d,00000000
"00028070","|static|_LAB_0057b988_00028070",$d,00000000
"00028074","|static|_FUN_0057ba54_00028074",$d,00000000
"00028078","|static|_FUN_001f4e44_00028078",$d,00000000
"0002807c","|static|_FUN_0057b98c_0002807c",$d,00000000
"00028080","|static|_FUN_0057b990_00028080",$d,00000000
"00028084","|static|_FUN_001f4dc0_00028084",$d,00000000
"00028088","|static|_LAB_0057ba24_00028088",$d,00000000
"0002808c","|static|_FUN_001f4e30_0002808c",$d,00000000
"00028090","|static|_FUN_001f4ae4_00028090",$d,00000000
"00028094","|static|_FUN_00521a38_00028094",$d,00000000
"00028098","|static|_FUN_00521064_00028098",$d,00000000
"000280a4","|static|_FUN_007119f8_000280a4",$d,00000000
"000280a8","|static|_INVALID_|static|_TEXT:0001c117_000280a8",$d,00000000
"000280b4","|static|_FUN_001f3ce0_000280b4",$d,00000000
"000280b8","|static|_FUN_001e8cd0_000280b8",$d,00000000
"000280bc","|static|_FUN_001e8cf4_000280bc",$d,00000000
"000280c4","|static|_FUN_001f4b6c_000280c4",$d,00000000
"000280c8","|static|_FUN_00711a04_000280c8",$d,00000000
"000280d0","|static|_INVALID_|static|_TEXT:0001c117_000280d0",$d,00000000
"000280d4","|static|_FUN_001f4e94_000280d4",$d,00000000
"000280d8","|static|_FUN_001f4fc8_000280d8",$d,00000000
"000280e0","|static|_FUN_001f4a68_000280e0",$d,00000000
"000280ec","|static|_FUN_001e8d84_000280ec",$d,00000000
"000280f0","|static|_FUN_001e9020_000280f0",$d,00000000
"000280f4","|static|_INVALID_|static|_TEXT:0001c117_000280f4",$d,00000000
"000280f8","|static|_INVALID_|static|_TEXT:0001c117_000280f8",$d,00000000
"00028104","|static|_DAT_008ca3d0_00028104",$d,00000000
"00028110","|static|_FUN_0057ba40_00028110",$d,00000000
"00028114","|static|_FUN_001f4c9c_00028114",$d,00000000
"00028118","|static|_LAB_0057b988_00028118",$d,00000000
"0002811c","|static|_FUN_0057ba54_0002811c",$d,00000000
"00028120","|static|_FUN_001f4e44_00028120",$d,00000000
"00028124","|static|_FUN_0057b98c_00028124",$d,00000000
"00028128","|static|_FUN_0057b990_00028128",$d,00000000
"0002812c","|static|_FUN_001f4dc0_0002812c",$d,00000000
"00028130","|static|_LAB_0057ba24_00028130",$d,00000000
"00028134","|static|_FUN_001f4e30_00028134",$d,00000000
"00028138","|static|_FUN_001f4ae4_00028138",$d,00000000
"0002813c","|static|_FUN_00521a38_0002813c",$d,00000000
"00028140","|static|_FUN_00521064_00028140",$d,00000000
"0002814c","|static|_INVALID_|static|_TEXT:0001c117_0002814c",$d,00000000
"00028150","|static|_INVALID_|static|_TEXT:0001c117_00028150",$d,00000000
"0002815c","|static|_FUN_001f3ce0_0002815c",$d,00000000
"00028160","|static|_INVALID_|static|_TEXT:0001c117_00028160",$d,00000000
"00028164","|static|_INVALID_|static|_TEXT:0001c117_00028164",$d,00000000
"0002816c","|static|_FUN_001f4b6c_0002816c",$d,00000000
"00028170","|static|_INVALID_|static|_TEXT:0001c117_00028170",$d,00000000
"00028178","|static|_INVALID_|static|_TEXT:0001c117_00028178",$d,00000000
"0002817c","|static|_FUN_001f4e94_0002817c",$d,00000000
"00028180","|static|_FUN_001f4fc8_00028180",$d,00000000
"00028188","|static|_FUN_001f4a68_00028188",$d,00000000
"000281c0","|static|_DAT_008ca3d0_000281c0",$d,00000000
"000281cc","|static|_INVALID_|static|_TEXT:0001c117_000281cc",$d,00000000
"000281d0","|static|_INVALID_|static|_TEXT:0001c117_000281d0",$d,00000000
"000281d4","|static|_INVALID_|static|_TEXT:0001c117_000281d4",$d,00000000
"000281d8","|static|_INVALID_|static|_TEXT:0001c117_000281d8",$d,00000000
"000281dc","|static|_INVALID_|static|_TEXT:0001c117_000281dc",$d,00000000
"000281e0","|static|_INVALID_|static|_TEXT:0001c117_000281e0",$d,00000000
"000281e8","|static|_FUN_002705fc_000281e8",$d,00000000
"000281ec","|static|_FUN_0027066c_000281ec",$d,00000000
"0002821c","|static|_DAT_008ca38c_0002821c",$d,00000000
"00028228","|static|_INVALID_|static|_TEXT:0001c117_00028228",$d,00000000
"0002822c","|static|_INVALID_|static|_TEXT:0001c117_0002822c",$d,00000000
"00028230","|static|_INVALID_|static|_TEXT:0001c117_00028230",$d,00000000
"00028234","|static|_INVALID_|static|_TEXT:0001c117_00028234",$d,00000000
"00028238","|static|_INVALID_|static|_TEXT:0001c117_00028238",$d,00000000
"0002823c","|static|_INVALID_|static|_TEXT:0001c117_0002823c",$d,00000000
"00028244","|static|_FUN_002705fc_00028244",$d,00000000
"00028248","|static|_FUN_0027066c_00028248",$d,00000000
"00028254","|static|_DAT_008cc070_00028254",$d,00000000
"00028260","|static|_FUN_002fc024_00028260",$d,00000000
"00028264","|static|_FUN_00321840_00028264",$d,00000000
"00028268","|static|_FUN_003217a0_00028268",$d,00000000
"0002827c","|static|_FUN_0033f430_0002827c",$d,00000000
"0002828c","|static|_DAT_008cbc04_0002828c",$d,00000000
"00028298","|static|_FUN_002fc024_00028298",$d,00000000
"0002829c","|static|_FUN_00321840_0002829c",$d,00000000
"000282a0","|static|_FUN_003217a0_000282a0",$d,00000000
"000282b4","|static|_FUN_003217d4_000282b4",$d,00000000
"000282c4","|static|_DAT_008cba60_000282c4",$d,00000000
"000282d0","|static|_FUN_002fc024_000282d0",$d,00000000
"000282d4","|static|_FUN_002fcb58_000282d4",$d,00000000
"000282d8","|static|_FUN_002fbe58_000282d8",$d,00000000
"00028318","|static|_DAT_008cba60_00028318",$d,00000000
"00028324","|static|_FUN_002fc014_00028324",$d,00000000
"00028328","|static|_FUN_00778f8c_00028328",$d,00000000
"0002832c","|static|_FUN_00779114_0002832c",$d,00000000
"00028338","|static|_INVALID_|static|_TEXT:0001c117_00028338",$d,00000000
"00028340","|static|_FUN_002705fc_00028340",$d,00000000
"00028344","|static|_FUN_0027066c_00028344",$d,00000000
"00028374","|static|_DAT_008cbc04_00028374",$d,00000000
"00028380","|static|_FUN_002fc014_00028380",$d,00000000
"00028384","|static|_FUN_00779038_00028384",$d,00000000
"00028388","|static|_FUN_00779148_00028388",$d,00000000
"00028394","|static|_FUN_00779398_00028394",$d,00000000
"0002839c","|static|_FUN_002705fc_0002839c",$d,00000000
"000283a0","|static|_FUN_0027066c_000283a0",$d,00000000
"000283d0","|static|_DAT_008cc070_000283d0",$d,00000000
"000283dc","|static|_FUN_002fc014_000283dc",$d,00000000
"000283e0","|static|_FUN_00779038_000283e0",$d,00000000
"000283e4","|static|_FUN_00779148_000283e4",$d,00000000
"000283f0","|static|_FUN_0033f420_000283f0",$d,00000000
"000283f8","|static|_FUN_002705fc_000283f8",$d,00000000
"000283fc","|static|_FUN_0027066c_000283fc",$d,00000000
"00028438","|static|_FUN_002fc014_00028438",$d,00000000
"0002843c","|static|_FUN_00779038_0002843c",$d,00000000
"00028440","|static|_FUN_00779148_00028440",$d,00000000
"0002844c","|static|_FUN_0033f420_0002844c",$d,00000000
"00028470","|static|_FUN_002fc024_00028470",$d,00000000
"00028474","|static|_FUN_00321840_00028474",$d,00000000
"00028478","|static|_FUN_003217a0_00028478",$d,00000000
"0002848c","|static|_FUN_0033f430_0002848c",$d,00000000
"000284a8","|static|_FUN_0057ba40_000284a8",$d,00000000
"000284ac","|static|_FUN_001f4c9c_000284ac",$d,00000000
"000284b0","|static|_LAB_0057b988_000284b0",$d,00000000
"000284b4","|static|_FUN_0057ba54_000284b4",$d,00000000
"000284b8","|static|_FUN_001f4e44_000284b8",$d,00000000
"000284bc","|static|_FUN_0057b98c_000284bc",$d,00000000
"000284c4","|static|_FUN_001f4dc0_000284c4",$d,00000000
"000284cc","|static|_FUN_001f4e30_000284cc",$d,00000000
"000284d0","|static|_FUN_001f4ae4_000284d0",$d,00000000
"000284d4","|static|_FUN_00521a38_000284d4",$d,00000000
"000284d8","|static|_FUN_00521064_000284d8",$d,00000000
"000284e4","|static|_FUN_007119f8_000284e4",$d,00000000
"000284e8","|static|_INVALID_|static|_TEXT:0001c117_000284e8",$d,00000000
"000284f8","|static|_FUN_001e8cd0_000284f8",$d,00000000
"000284fc","|static|_FUN_001e8cf4_000284fc",$d,00000000
"00028508","|static|_FUN_00711a04_00028508",$d,00000000
"00028510","|static|_INVALID_|static|_TEXT:0001c117_00028510",$d,00000000
"00028518","|static|_FUN_001f4fc8_00028518",$d,00000000
"0002852c","|static|_FUN_001e8d84_0002852c",$d,00000000
"00028530","|static|_FUN_001e9020_00028530",$d,00000000
"0002853c","|static|_INVALID_|static|_TEXT:0001c117_0002853c",$d,00000000
"00028560","|static|_DAT_008ca38c_00028560",$d,00000000
"0002856c","|static|_FUN_0057ba40_0002856c",$d,00000000
"00028570","|static|_FUN_001f4c9c_00028570",$d,00000000
"00028574","|static|_LAB_0057b988_00028574",$d,00000000
"00028578","|static|_FUN_0057ba54_00028578",$d,00000000
"0002857c","|static|_FUN_001f4e44_0002857c",$d,00000000
"00028580","|static|_FUN_0057b98c_00028580",$d,00000000
"00028584","|static|_FUN_0057b990_00028584",$d,00000000
"00028588","|static|_FUN_001f4dc0_00028588",$d,00000000
"0002858c","|static|_LAB_0057ba24_0002858c",$d,00000000
"00028590","|static|_FUN_001f4e30_00028590",$d,00000000
"00028594","|static|_FUN_001f4ae4_00028594",$d,00000000
"00028598","|static|_FUN_00521a38_00028598",$d,00000000
"0002859c","|static|_FUN_00521064_0002859c",$d,00000000
"000285a8","|static|_FUN_007119f8_000285a8",$d,00000000
"000285ac","|static|_INVALID_|static|_TEXT:0001c117_000285ac",$d,00000000
"000285b8","|static|_FUN_001f3ce0_000285b8",$d,00000000
"000285bc","|static|_FUN_001e8cd0_000285bc",$d,00000000
"000285c0","|static|_FUN_001e8cf4_000285c0",$d,00000000
"000285c8","|static|_FUN_001f4b6c_000285c8",$d,00000000
"000285cc","|static|_FUN_00711a04_000285cc",$d,00000000
"000285d4","|static|_INVALID_|static|_TEXT:0001c117_000285d4",$d,00000000
"000285d8","|static|_FUN_001f4e94_000285d8",$d,00000000
"000285dc","|static|_FUN_001f4fc8_000285dc",$d,00000000
"000285e4","|static|_FUN_001f4a68_000285e4",$d,00000000
"000285f0","|static|_FUN_001e8d84_000285f0",$d,00000000
"000285f4","|static|_FUN_001e9020_000285f4",$d,00000000
"000285f8","|static|_INVALID_|static|_TEXT:0001c117_000285f8",$d,00000000
"000285fc","|static|_INVALID_|static|_TEXT:0001c117_000285fc",$d,00000000
"00028608","|static|_DAT_008ca3d0_00028608",$d,00000000
"00028614","|static|_FUN_0057ba40_00028614",$d,00000000
"00028618","|static|_FUN_001f4c9c_00028618",$d,00000000
"0002861c","|static|_LAB_0057b988_0002861c",$d,00000000
"00028620","|static|_FUN_0057ba54_00028620",$d,00000000
"00028624","|static|_FUN_001f4e44_00028624",$d,00000000
"00028628","|static|_FUN_0057b98c_00028628",$d,00000000
"0002862c","|static|_FUN_0057b990_0002862c",$d,00000000
"00028630","|static|_FUN_001f4dc0_00028630",$d,00000000
"00028634","|static|_LAB_0057ba24_00028634",$d,00000000
"00028638","|static|_FUN_001f4e30_00028638",$d,00000000
"0002863c","|static|_FUN_001f4ae4_0002863c",$d,00000000
"00028640","|static|_FUN_00521a38_00028640",$d,00000000
"00028644","|static|_FUN_00521064_00028644",$d,00000000
"00028650","|static|_INVALID_|static|_TEXT:0001c117_00028650",$d,00000000
"00028654","|static|_INVALID_|static|_TEXT:0001c117_00028654",$d,00000000
"00028660","|static|_FUN_001f3ce0_00028660",$d,00000000
"00028664","|static|_INVALID_|static|_TEXT:0001c117_00028664",$d,00000000
"00028668","|static|_INVALID_|static|_TEXT:0001c117_00028668",$d,00000000
"00028670","|static|_FUN_001f4b6c_00028670",$d,00000000
"00028674","|static|_INVALID_|static|_TEXT:0001c117_00028674",$d,00000000
"0002867c","|static|_INVALID_|static|_TEXT:0001c117_0002867c",$d,00000000
"00028680","|static|_FUN_001f4e94_00028680",$d,00000000
"00028684","|static|_FUN_001f4fc8_00028684",$d,00000000
"0002868c","|static|_FUN_001f4a68_0002868c",$d,00000000
"000286c4","|static|_DAT_008ca3d0_000286c4",$d,00000000
"000286d0","|static|_INVALID_|static|_TEXT:0001c117_000286d0",$d,00000000
"000286d4","|static|_INVALID_|static|_TEXT:0001c117_000286d4",$d,00000000
"000286d8","|static|_INVALID_|static|_TEXT:0001c117_000286d8",$d,00000000
"000286dc","|static|_INVALID_|static|_TEXT:0001c117_000286dc",$d,00000000
"000286e0","|static|_INVALID_|static|_TEXT:0001c117_000286e0",$d,00000000
"000286e4","|static|_INVALID_|static|_TEXT:0001c117_000286e4",$d,00000000
"000286ec","|static|_FUN_002705fc_000286ec",$d,00000000
"000286f0","|static|_FUN_0027066c_000286f0",$d,00000000
"00028720","|static|_DAT_008ca38c_00028720",$d,00000000
"0002872c","|static|_INVALID_|static|_TEXT:0001c117_0002872c",$d,00000000
"00028730","|static|_INVALID_|static|_TEXT:0001c117_00028730",$d,00000000
"00028734","|static|_INVALID_|static|_TEXT:0001c117_00028734",$d,00000000
"00028738","|static|_INVALID_|static|_TEXT:0001c117_00028738",$d,00000000
"0002873c","|static|_INVALID_|static|_TEXT:0001c117_0002873c",$d,00000000
"00028740","|static|_INVALID_|static|_TEXT:0001c117_00028740",$d,00000000
"00028748","|static|_FUN_002705fc_00028748",$d,00000000
"0002874c","|static|_FUN_0027066c_0002874c",$d,00000000
"00028758","|static|_DAT_008cc070_00028758",$d,00000000
"00028764","|static|_FUN_002fc024_00028764",$d,00000000
"00028768","|static|_FUN_00321840_00028768",$d,00000000
"0002876c","|static|_FUN_003217a0_0002876c",$d,00000000
"00028780","|static|_FUN_0033f430_00028780",$d,00000000
"00028790","|static|_DAT_008cbc04_00028790",$d,00000000
"0002879c","|static|_FUN_002fc024_0002879c",$d,00000000
"000287a0","|static|_FUN_00321840_000287a0",$d,00000000
"000287a4","|static|_FUN_003217a0_000287a4",$d,00000000
"000287b8","|static|_FUN_003217d4_000287b8",$d,00000000
"000287c8","|static|_DAT_008cba60_000287c8",$d,00000000
"000287d4","|static|_FUN_002fc024_000287d4",$d,00000000
"000287d8","|static|_FUN_002fcb58_000287d8",$d,00000000
"000287dc","|static|_FUN_002fbe58_000287dc",$d,00000000
"0002881c","|static|_DAT_008cba60_0002881c",$d,00000000
"00028828","|static|_FUN_002fc014_00028828",$d,00000000
"0002882c","|static|_FUN_00778f8c_0002882c",$d,00000000
"00028830","|static|_FUN_00779114_00028830",$d,00000000
"0002883c","|static|_INVALID_|static|_TEXT:0001c117_0002883c",$d,00000000
"00028844","|static|_FUN_002705fc_00028844",$d,00000000
"00028848","|static|_FUN_0027066c_00028848",$d,00000000
"00028878","|static|_DAT_008cbc04_00028878",$d,00000000
"00028884","|static|_FUN_002fc014_00028884",$d,00000000
"00028888","|static|_FUN_00779038_00028888",$d,00000000
"0002888c","|static|_FUN_00779148_0002888c",$d,00000000
"00028898","|static|_FUN_00779398_00028898",$d,00000000
"000288a0","|static|_FUN_002705fc_000288a0",$d,00000000
"000288a4","|static|_FUN_0027066c_000288a4",$d,00000000
"000288d4","|static|_DAT_008cc070_000288d4",$d,00000000
"000288e0","|static|_FUN_002fc014_000288e0",$d,00000000
"000288e4","|static|_FUN_00779038_000288e4",$d,00000000
"000288e8","|static|_FUN_00779148_000288e8",$d,00000000
"000288f4","|static|_FUN_0033f420_000288f4",$d,00000000
"000288fc","|static|_FUN_002705fc_000288fc",$d,00000000
"00028900","|static|_FUN_0027066c_00028900",$d,00000000
"0002893c","|static|_FUN_002fc014_0002893c",$d,00000000
"00028940","|static|_FUN_00779038_00028940",$d,00000000
"00028944","|static|_FUN_00779148_00028944",$d,00000000
"00028950","|static|_FUN_0033f420_00028950",$d,00000000
"00028974","|static|_FUN_002fc024_00028974",$d,00000000
"00028978","|static|_FUN_00321840_00028978",$d,00000000
"0002897c","|static|_FUN_003217a0_0002897c",$d,00000000
"00028990","|static|_FUN_0033f430_00028990",$d,00000000
"000289ac","|static|_FUN_0057ba40_000289ac",$d,00000000
"000289b0","|static|_FUN_001f4c9c_000289b0",$d,00000000
"000289b4","|static|_LAB_0057b988_000289b4",$d,00000000
"000289b8","|static|_FUN_0057ba54_000289b8",$d,00000000
"000289bc","|static|_FUN_001f4e44_000289bc",$d,00000000
"000289c0","|static|_FUN_0057b98c_000289c0",$d,00000000
"000289c8","|static|_FUN_001f4dc0_000289c8",$d,00000000
"000289d0","|static|_FUN_001f4e30_000289d0",$d,00000000
"000289d4","|static|_FUN_001f4ae4_000289d4",$d,00000000
"000289d8","|static|_FUN_00521a38_000289d8",$d,00000000
"000289dc","|static|_FUN_00521064_000289dc",$d,00000000
"000289e8","|static|_FUN_007119f8_000289e8",$d,00000000
"000289ec","|static|_INVALID_|static|_TEXT:0001c117_000289ec",$d,00000000
"000289fc","|static|_FUN_001e8cd0_000289fc",$d,00000000
"00028a00","|static|_FUN_001e8cf4_00028a00",$d,00000000
"00028a0c","|static|_FUN_00711a04_00028a0c",$d,00000000
"00028a14","|static|_INVALID_|static|_TEXT:0001c117_00028a14",$d,00000000
"00028a1c","|static|_FUN_001f4fc8_00028a1c",$d,00000000
"00028a30","|static|_FUN_001e8d84_00028a30",$d,00000000
"00028a34","|static|_FUN_001e9020_00028a34",$d,00000000
"00028a40","|static|_INVALID_|static|_TEXT:0001c117_00028a40",$d,00000000
"00028a64","|static|_DAT_008ca38c_00028a64",$d,00000000
"00028a70","|static|_FUN_0057ba40_00028a70",$d,00000000
"00028a74","|static|_FUN_001f4c9c_00028a74",$d,00000000
"00028a78","|static|_LAB_0057b988_00028a78",$d,00000000
"00028a7c","|static|_FUN_0057ba54_00028a7c",$d,00000000
"00028a80","|static|_FUN_001f4e44_00028a80",$d,00000000
"00028a84","|static|_FUN_0057b98c_00028a84",$d,00000000
"00028a88","|static|_FUN_0057b990_00028a88",$d,00000000
"00028a8c","|static|_FUN_001f4dc0_00028a8c",$d,00000000
"00028a90","|static|_LAB_0057ba24_00028a90",$d,00000000
"00028a94","|static|_FUN_001f4e30_00028a94",$d,00000000
"00028a98","|static|_FUN_001f4ae4_00028a98",$d,00000000
"00028a9c","|static|_FUN_00521a38_00028a9c",$d,00000000
"00028aa0","|static|_FUN_00521064_00028aa0",$d,00000000
"00028aac","|static|_FUN_007119f8_00028aac",$d,00000000
"00028ab0","|static|_INVALID_|static|_TEXT:0001c117_00028ab0",$d,00000000
"00028abc","|static|_FUN_001f3ce0_00028abc",$d,00000000
"00028ac0","|static|_FUN_001e8cd0_00028ac0",$d,00000000
"00028ac4","|static|_FUN_001e8cf4_00028ac4",$d,00000000
"00028acc","|static|_FUN_001f4b6c_00028acc",$d,00000000
"00028ad0","|static|_FUN_00711a04_00028ad0",$d,00000000
"00028ad8","|static|_INVALID_|static|_TEXT:0001c117_00028ad8",$d,00000000
"00028adc","|static|_FUN_001f4e94_00028adc",$d,00000000
"00028ae0","|static|_FUN_001f4fc8_00028ae0",$d,00000000
"00028ae8","|static|_FUN_001f4a68_00028ae8",$d,00000000
"00028af4","|static|_FUN_001e8d84_00028af4",$d,00000000
"00028af8","|static|_FUN_001e9020_00028af8",$d,00000000
"00028afc","|static|_INVALID_|static|_TEXT:0001c117_00028afc",$d,00000000
"00028b00","|static|_INVALID_|static|_TEXT:0001c117_00028b00",$d,00000000
"00028b0c","|static|_DAT_008ca3d0_00028b0c",$d,00000000
"00028b18","|static|_FUN_0057ba40_00028b18",$d,00000000
"00028b1c","|static|_FUN_001f4c9c_00028b1c",$d,00000000
"00028b20","|static|_LAB_0057b988_00028b20",$d,00000000
"00028b24","|static|_FUN_0057ba54_00028b24",$d,00000000
"00028b28","|static|_FUN_001f4e44_00028b28",$d,00000000
"00028b2c","|static|_FUN_0057b98c_00028b2c",$d,00000000
"00028b30","|static|_FUN_0057b990_00028b30",$d,00000000
"00028b34","|static|_FUN_001f4dc0_00028b34",$d,00000000
"00028b38","|static|_LAB_0057ba24_00028b38",$d,00000000
"00028b3c","|static|_FUN_001f4e30_00028b3c",$d,00000000
"00028b40","|static|_FUN_001f4ae4_00028b40",$d,00000000
"00028b44","|static|_FUN_00521a38_00028b44",$d,00000000
"00028b48","|static|_FUN_00521064_00028b48",$d,00000000
"00028b54","|static|_INVALID_|static|_TEXT:0001c117_00028b54",$d,00000000
"00028b58","|static|_INVALID_|static|_TEXT:0001c117_00028b58",$d,00000000
"00028b64","|static|_FUN_001f3ce0_00028b64",$d,00000000
"00028b68","|static|_INVALID_|static|_TEXT:0001c117_00028b68",$d,00000000
"00028b6c","|static|_INVALID_|static|_TEXT:0001c117_00028b6c",$d,00000000
"00028b74","|static|_FUN_001f4b6c_00028b74",$d,00000000
"00028b78","|static|_INVALID_|static|_TEXT:0001c117_00028b78",$d,00000000
"00028b80","|static|_INVALID_|static|_TEXT:0001c117_00028b80",$d,00000000
"00028b84","|static|_FUN_001f4e94_00028b84",$d,00000000
"00028b88","|static|_FUN_001f4fc8_00028b88",$d,00000000
"00028b90","|static|_FUN_001f4a68_00028b90",$d,00000000
"00028bc8","|static|_DAT_008ca3d0_00028bc8",$d,00000000
"00028bd4","|static|_INVALID_|static|_TEXT:0001c117_00028bd4",$d,00000000
"00028bd8","|static|_INVALID_|static|_TEXT:0001c117_00028bd8",$d,00000000
"00028bdc","|static|_INVALID_|static|_TEXT:0001c117_00028bdc",$d,00000000
"00028be0","|static|_INVALID_|static|_TEXT:0001c117_00028be0",$d,00000000
"00028be4","|static|_INVALID_|static|_TEXT:0001c117_00028be4",$d,00000000
"00028be8","|static|_INVALID_|static|_TEXT:0001c117_00028be8",$d,00000000
"00028bf0","|static|_FUN_002705fc_00028bf0",$d,00000000
"00028bf4","|static|_FUN_0027066c_00028bf4",$d,00000000
"00028c24","|static|_DAT_008ca38c_00028c24",$d,00000000
"00028c30","|static|_INVALID_|static|_TEXT:0001c117_00028c30",$d,00000000
"00028c34","|static|_INVALID_|static|_TEXT:0001c117_00028c34",$d,00000000
"00028c38","|static|_INVALID_|static|_TEXT:0001c117_00028c38",$d,00000000
"00028c3c","|static|_INVALID_|static|_TEXT:0001c117_00028c3c",$d,00000000
"00028c40","|static|_INVALID_|static|_TEXT:0001c117_00028c40",$d,00000000
"00028c44","|static|_INVALID_|static|_TEXT:0001c117_00028c44",$d,00000000
"00028c4c","|static|_FUN_002705fc_00028c4c",$d,00000000
"00028c50","|static|_FUN_0027066c_00028c50",$d,00000000
"00028c5c","|static|_DAT_008cc070_00028c5c",$d,00000000
"00028c68","|static|_FUN_002fc024_00028c68",$d,00000000
"00028c6c","|static|_FUN_00321840_00028c6c",$d,00000000
"00028c70","|static|_FUN_003217a0_00028c70",$d,00000000
"00028c84","|static|_FUN_0033f430_00028c84",$d,00000000
"00028c94","|static|_DAT_008cbc04_00028c94",$d,00000000
"00028ca0","|static|_FUN_002fc024_00028ca0",$d,00000000
"00028ca4","|static|_FUN_00321840_00028ca4",$d,00000000
"00028ca8","|static|_FUN_003217a0_00028ca8",$d,00000000
"00028cbc","|static|_FUN_003217d4_00028cbc",$d,00000000
"00028ccc","|static|_DAT_008cba60_00028ccc",$d,00000000
"00028cd8","|static|_FUN_002fc024_00028cd8",$d,00000000
"00028cdc","|static|_FUN_002fcb58_00028cdc",$d,00000000
"00028ce0","|static|_FUN_002fbe58_00028ce0",$d,00000000
"00028d20","|static|_DAT_008cba60_00028d20",$d,00000000
"00028d2c","|static|_FUN_002fc014_00028d2c",$d,00000000
"00028d30","|static|_FUN_00778f8c_00028d30",$d,00000000
"00028d34","|static|_FUN_00779114_00028d34",$d,00000000
"00028d40","|static|_INVALID_|static|_TEXT:0001c117_00028d40",$d,00000000
"00028d48","|static|_FUN_002705fc_00028d48",$d,00000000
"00028d4c","|static|_FUN_0027066c_00028d4c",$d,00000000
"00028d7c","|static|_DAT_008cbc04_00028d7c",$d,00000000
"00028d88","|static|_FUN_002fc014_00028d88",$d,00000000
"00028d8c","|static|_FUN_00779038_00028d8c",$d,00000000
"00028d90","|static|_FUN_00779148_00028d90",$d,00000000
"00028d9c","|static|_FUN_00779398_00028d9c",$d,00000000
"00028da4","|static|_FUN_002705fc_00028da4",$d,00000000
"00028da8","|static|_FUN_0027066c_00028da8",$d,00000000
"00028dd8","|static|_DAT_008cc070_00028dd8",$d,00000000
"00028de4","|static|_FUN_002fc014_00028de4",$d,00000000
"00028de8","|static|_FUN_00779038_00028de8",$d,00000000
"00028dec","|static|_FUN_00779148_00028dec",$d,00000000
"00028df8","|static|_FUN_0033f420_00028df8",$d,00000000
"00028e00","|static|_FUN_002705fc_00028e00",$d,00000000
"00028e04","|static|_FUN_0027066c_00028e04",$d,00000000
"00028e40","|static|_FUN_002fc014_00028e40",$d,00000000
"00028e44","|static|_FUN_00779038_00028e44",$d,00000000
"00028e48","|static|_FUN_00779148_00028e48",$d,00000000
"00028e54","|static|_FUN_0033f420_00028e54",$d,00000000
"00028e78","|static|_FUN_002fc024_00028e78",$d,00000000
"00028e7c","|static|_FUN_00321840_00028e7c",$d,00000000
"00028e80","|static|_FUN_003217a0_00028e80",$d,00000000
"00028e94","|static|_FUN_0033f430_00028e94",$d,00000000
"00028eb0","|static|_FUN_0057ba40_00028eb0",$d,00000000
"00028eb4","|static|_FUN_001f4c9c_00028eb4",$d,00000000
"00028eb8","|static|_LAB_0057b988_00028eb8",$d,00000000
"00028ebc","|static|_FUN_0057ba54_00028ebc",$d,00000000
"00028ec0","|static|_FUN_001f4e44_00028ec0",$d,00000000
"00028ec4","|static|_FUN_0057b98c_00028ec4",$d,00000000
"00028ecc","|static|_FUN_001f4dc0_00028ecc",$d,00000000
"00028ed4","|static|_FUN_001f4e30_00028ed4",$d,00000000
"00028ed8","|static|_FUN_001f4ae4_00028ed8",$d,00000000
"00028edc","|static|_FUN_00521a38_00028edc",$d,00000000
"00028ee0","|static|_FUN_00521064_00028ee0",$d,00000000
"00028eec","|static|_FUN_007119f8_00028eec",$d,00000000
"00028ef0","|static|_INVALID_|static|_TEXT:0001c117_00028ef0",$d,00000000
"00028f00","|static|_FUN_001e8cd0_00028f00",$d,00000000
"00028f04","|static|_FUN_001e8cf4_00028f04",$d,00000000
"00028f10","|static|_FUN_00711a04_00028f10",$d,00000000
"00028f18","|static|_INVALID_|static|_TEXT:0001c117_00028f18",$d,00000000
"00028f20","|static|_FUN_001f4fc8_00028f20",$d,00000000
"00028f34","|static|_FUN_001e8d84_00028f34",$d,00000000
"00028f38","|static|_FUN_001e9020_00028f38",$d,00000000
"00028f44","|static|_INVALID_|static|_TEXT:0001c117_00028f44",$d,00000000
"00028f68","|static|_DAT_008ca38c_00028f68",$d,00000000
"00028f74","|static|_FUN_0057ba40_00028f74",$d,00000000
"00028f78","|static|_FUN_001f4c9c_00028f78",$d,00000000
"00028f7c","|static|_LAB_0057b988_00028f7c",$d,00000000
"00028f80","|static|_FUN_0057ba54_00028f80",$d,00000000
"00028f84","|static|_FUN_001f4e44_00028f84",$d,00000000
"00028f88","|static|_FUN_0057b98c_00028f88",$d,00000000
"00028f8c","|static|_FUN_0057b990_00028f8c",$d,00000000
"00028f90","|static|_FUN_001f4dc0_00028f90",$d,00000000
"00028f94","|static|_LAB_0057ba24_00028f94",$d,00000000
"00028f98","|static|_FUN_001f4e30_00028f98",$d,00000000
"00028f9c","|static|_FUN_001f4ae4_00028f9c",$d,00000000
"00028fa0","|static|_FUN_00521a38_00028fa0",$d,00000000
"00028fa4","|static|_FUN_00521064_00028fa4",$d,00000000
"00028fb0","|static|_FUN_007119f8_00028fb0",$d,00000000
"00028fb4","|static|_INVALID_|static|_TEXT:0001c117_00028fb4",$d,00000000
"00028fc0","|static|_FUN_001f3ce0_00028fc0",$d,00000000
"00028fc4","|static|_FUN_001e8cd0_00028fc4",$d,00000000
"00028fc8","|static|_FUN_001e8cf4_00028fc8",$d,00000000
"00028fd0","|static|_FUN_001f4b6c_00028fd0",$d,00000000
"00028fd4","|static|_FUN_00711a04_00028fd4",$d,00000000
"00028fdc","|static|_INVALID_|static|_TEXT:0001c117_00028fdc",$d,00000000
"00028fe0","|static|_FUN_001f4e94_00028fe0",$d,00000000
"00028fe4","|static|_FUN_001f4fc8_00028fe4",$d,00000000
"00028fec","|static|_FUN_001f4a68_00028fec",$d,00000000
"00028ff8","|static|_FUN_001e8d84_00028ff8",$d,00000000
"00028ffc","|static|_FUN_001e9020_00028ffc",$d,00000000
"00029000","|static|_INVALID_|static|_TEXT:0001c117_00029000",$d,00000000
"00029004","|static|_INVALID_|static|_TEXT:0001c117_00029004",$d,00000000
"00029010","|static|_DAT_008ca3d0_00029010",$d,00000000
"0002901c","|static|_FUN_0057ba40_0002901c",$d,00000000
"00029020","|static|_FUN_001f4c9c_00029020",$d,00000000
"00029024","|static|_LAB_0057b988_00029024",$d,00000000
"00029028","|static|_FUN_0057ba54_00029028",$d,00000000
"0002902c","|static|_FUN_001f4e44_0002902c",$d,00000000
"00029030","|static|_FUN_0057b98c_00029030",$d,00000000
"00029034","|static|_FUN_0057b990_00029034",$d,00000000
"00029038","|static|_FUN_001f4dc0_00029038",$d,00000000
"0002903c","|static|_LAB_0057ba24_0002903c",$d,00000000
"00029040","|static|_FUN_001f4e30_00029040",$d,00000000
"00029044","|static|_FUN_001f4ae4_00029044",$d,00000000
"00029048","|static|_FUN_00521a38_00029048",$d,00000000
"0002904c","|static|_FUN_00521064_0002904c",$d,00000000
"00029058","|static|_INVALID_|static|_TEXT:0001c117_00029058",$d,00000000
"0002905c","|static|_INVALID_|static|_TEXT:0001c117_0002905c",$d,00000000
"00029068","|static|_FUN_001f3ce0_00029068",$d,00000000
"0002906c","|static|_INVALID_|static|_TEXT:0001c117_0002906c",$d,00000000
"00029070","|static|_INVALID_|static|_TEXT:0001c117_00029070",$d,00000000
"00029078","|static|_FUN_001f4b6c_00029078",$d,00000000
"0002907c","|static|_INVALID_|static|_TEXT:0001c117_0002907c",$d,00000000
"00029084","|static|_INVALID_|static|_TEXT:0001c117_00029084",$d,00000000
"00029088","|static|_FUN_001f4e94_00029088",$d,00000000
"0002908c","|static|_FUN_001f4fc8_0002908c",$d,00000000
"00029094","|static|_FUN_001f4a68_00029094",$d,00000000
"000290cc","|static|_DAT_008ca3d0_000290cc",$d,00000000
"000290d8","|static|_INVALID_|static|_TEXT:0001c117_000290d8",$d,00000000
"000290dc","|static|_INVALID_|static|_TEXT:0001c117_000290dc",$d,00000000
"000290e0","|static|_INVALID_|static|_TEXT:0001c117_000290e0",$d,00000000
"000290e4","|static|_INVALID_|static|_TEXT:0001c117_000290e4",$d,00000000
"000290e8","|static|_INVALID_|static|_TEXT:0001c117_000290e8",$d,00000000
"000290ec","|static|_INVALID_|static|_TEXT:0001c117_000290ec",$d,00000000
"000290f4","|static|_FUN_002705fc_000290f4",$d,00000000
"000290f8","|static|_FUN_0027066c_000290f8",$d,00000000
"00029128","|static|_DAT_008ca38c_00029128",$d,00000000
"00029134","|static|_INVALID_|static|_TEXT:0001c117_00029134",$d,00000000
"00029138","|static|_INVALID_|static|_TEXT:0001c117_00029138",$d,00000000
"0002913c","|static|_INVALID_|static|_TEXT:0001c117_0002913c",$d,00000000
"00029140","|static|_INVALID_|static|_TEXT:0001c117_00029140",$d,00000000
"00029144","|static|_INVALID_|static|_TEXT:0001c117_00029144",$d,00000000
"00029148","|static|_INVALID_|static|_TEXT:0001c117_00029148",$d,00000000
"00029150","|static|_FUN_002705fc_00029150",$d,00000000
"00029154","|static|_FUN_0027066c_00029154",$d,00000000
"00029160","|static|_DAT_008cc070_00029160",$d,00000000
"0002916c","|static|_FUN_002fc024_0002916c",$d,00000000
"00029170","|static|_FUN_00321840_00029170",$d,00000000
"00029174","|static|_FUN_003217a0_00029174",$d,00000000
"00029188","|static|_FUN_0033f430_00029188",$d,00000000
"00029198","|static|_DAT_008cbc04_00029198",$d,00000000
"000291a4","|static|_FUN_002fc024_000291a4",$d,00000000
"000291a8","|static|_FUN_00321840_000291a8",$d,00000000
"000291ac","|static|_FUN_003217a0_000291ac",$d,00000000
"000291c0","|static|_FUN_003217d4_000291c0",$d,00000000
"000291d0","|static|_DAT_008cba60_000291d0",$d,00000000
"000291dc","|static|_FUN_002fc024_000291dc",$d,00000000
"000291e0","|static|_FUN_002fcb58_000291e0",$d,00000000
"000291e4","|static|_FUN_002fbe58_000291e4",$d,00000000
"00029224","|static|_DAT_008cba60_00029224",$d,00000000
"00029230","|static|_FUN_002fc014_00029230",$d,00000000
"00029234","|static|_FUN_00778f8c_00029234",$d,00000000
"00029238","|static|_FUN_00779114_00029238",$d,00000000
"00029244","|static|_INVALID_|static|_TEXT:0001c117_00029244",$d,00000000
"0002924c","|static|_FUN_002705fc_0002924c",$d,00000000
"00029250","|static|_FUN_0027066c_00029250",$d,00000000
"00029280","|static|_DAT_008cbc04_00029280",$d,00000000
"0002928c","|static|_FUN_002fc014_0002928c",$d,00000000
"00029290","|static|_FUN_00779038_00029290",$d,00000000
"00029294","|static|_FUN_00779148_00029294",$d,00000000
"000292a0","|static|_FUN_00779398_000292a0",$d,00000000
"000292a8","|static|_FUN_002705fc_000292a8",$d,00000000
"000292ac","|static|_FUN_0027066c_000292ac",$d,00000000
"000292dc","|static|_DAT_008cc070_000292dc",$d,00000000
"000292e8","|static|_FUN_002fc014_000292e8",$d,00000000
"000292ec","|static|_FUN_00779038_000292ec",$d,00000000
"000292f0","|static|_FUN_00779148_000292f0",$d,00000000
"000292fc","|static|_FUN_0033f420_000292fc",$d,00000000
"00029304","|static|_FUN_002705fc_00029304",$d,00000000
"00029308","|static|_FUN_0027066c_00029308",$d,00000000
"00029344","|static|_FUN_002fc014_00029344",$d,00000000
"00029348","|static|_FUN_00779038_00029348",$d,00000000
"0002934c","|static|_FUN_00779148_0002934c",$d,00000000
"00029358","|static|_FUN_0033f420_00029358",$d,00000000
"0002937c","|static|_FUN_002fc024_0002937c",$d,00000000
"00029380","|static|_FUN_00321840_00029380",$d,00000000
"00029384","|static|_FUN_003217a0_00029384",$d,00000000
"00029398","|static|_FUN_0033f430_00029398",$d,00000000
"000293b4","|static|_FUN_0057ba40_000293b4",$d,00000000
"000293b8","|static|_FUN_001f4c9c_000293b8",$d,00000000
"000293bc","|static|_LAB_0057b988_000293bc",$d,00000000
"000293c0","|static|_FUN_0057ba54_000293c0",$d,00000000
"000293c4","|static|_FUN_001f4e44_000293c4",$d,00000000
"000293c8","|static|_FUN_0057b98c_000293c8",$d,00000000
"000293d0","|static|_FUN_001f4dc0_000293d0",$d,00000000
"000293d8","|static|_FUN_001f4e30_000293d8",$d,00000000
"000293dc","|static|_FUN_001f4ae4_000293dc",$d,00000000
"000293e0","|static|_FUN_00521a38_000293e0",$d,00000000
"000293e4","|static|_FUN_00521064_000293e4",$d,00000000
"000293f0","|static|_FUN_007119f8_000293f0",$d,00000000
"000293f4","|static|_INVALID_|static|_TEXT:0001c117_000293f4",$d,00000000
"00029404","|static|_FUN_001e8cd0_00029404",$d,00000000
"00029408","|static|_FUN_001e8cf4_00029408",$d,00000000
"00029414","|static|_FUN_00711a04_00029414",$d,00000000
"0002941c","|static|_INVALID_|static|_TEXT:0001c117_0002941c",$d,00000000
"00029424","|static|_FUN_001f4fc8_00029424",$d,00000000
"00029438","|static|_FUN_001e8d84_00029438",$d,00000000
"0002943c","|static|_FUN_001e9020_0002943c",$d,00000000
"00029448","|static|_INVALID_|static|_TEXT:0001c117_00029448",$d,00000000
"00029480","|static|_FUN_0057ba40_00029480",$d,00000000
"00029484","|static|_FUN_001f4c9c_00029484",$d,00000000
"00029488","|static|_LAB_0057b988_00029488",$d,00000000
"0002948c","|static|_FUN_0057ba54_0002948c",$d,00000000
"00029490","|static|_FUN_001f4e44_00029490",$d,00000000
"00029494","|static|_FUN_0057b98c_00029494",$d,00000000
"0002949c","|static|_FUN_001f4dc0_0002949c",$d,00000000
"000294a4","|static|_FUN_001f4e30_000294a4",$d,00000000
"000294a8","|static|_FUN_001f4ae4_000294a8",$d,00000000
"000294ac","|static|_FUN_00521a38_000294ac",$d,00000000
"000294b0","|static|_FUN_00521064_000294b0",$d,00000000
"000294bc","|static|_FUN_007119f8_000294bc",$d,00000000
"000294c0","|static|_INVALID_|static|_TEXT:0001c117_000294c0",$d,00000000
"000294d0","|static|_FUN_001e8cd0_000294d0",$d,00000000
"000294d4","|static|_FUN_001e8cf4_000294d4",$d,00000000
"000294e0","|static|_FUN_00711a04_000294e0",$d,00000000
"000294e8","|static|_INVALID_|static|_TEXT:0001c117_000294e8",$d,00000000
"000294f0","|static|_FUN_001f4fc8_000294f0",$d,00000000
"00029504","|static|_FUN_001e8d84_00029504",$d,00000000
"00029508","|static|_FUN_001e9020_00029508",$d,00000000
"00029514","|static|_INVALID_|static|_TEXT:0001c117_00029514",$d,00000000
"00029538","|static|_DAT_008ca38c_00029538",$d,00000000
"00029544","|static|_FUN_0057ba40_00029544",$d,00000000
"00029548","|static|_FUN_001f4c9c_00029548",$d,00000000
"0002954c","|static|_LAB_0057b988_0002954c",$d,00000000
"00029550","|static|_FUN_0057ba54_00029550",$d,00000000
"00029554","|static|_FUN_001f4e44_00029554",$d,00000000
"00029558","|static|_FUN_0057b98c_00029558",$d,00000000
"0002955c","|static|_FUN_0057b990_0002955c",$d,00000000
"00029560","|static|_FUN_001f4dc0_00029560",$d,00000000
"00029564","|static|_LAB_0057ba24_00029564",$d,00000000
"00029568","|static|_FUN_001f4e30_00029568",$d,00000000
"0002956c","|static|_FUN_001f4ae4_0002956c",$d,00000000
"00029570","|static|_FUN_00521a38_00029570",$d,00000000
"00029574","|static|_FUN_00521064_00029574",$d,00000000
"00029580","|static|_FUN_007119f8_00029580",$d,00000000
"00029584","|static|_INVALID_|static|_TEXT:0001c117_00029584",$d,00000000
"00029590","|static|_FUN_001f3ce0_00029590",$d,00000000
"00029594","|static|_FUN_001e8cd0_00029594",$d,00000000
"00029598","|static|_FUN_001e8cf4_00029598",$d,00000000
"000295a0","|static|_FUN_001f4b6c_000295a0",$d,00000000
"000295a4","|static|_FUN_00711a04_000295a4",$d,00000000
"000295ac","|static|_INVALID_|static|_TEXT:0001c117_000295ac",$d,00000000
"000295b0","|static|_FUN_001f4e94_000295b0",$d,00000000
"000295b4","|static|_FUN_001f4fc8_000295b4",$d,00000000
"000295bc","|static|_FUN_001f4a68_000295bc",$d,00000000
"000295c8","|static|_FUN_001e8d84_000295c8",$d,00000000
"000295cc","|static|_FUN_001e9020_000295cc",$d,00000000
"000295d0","|static|_INVALID_|static|_TEXT:0001c117_000295d0",$d,00000000
"000295d4","|static|_INVALID_|static|_TEXT:0001c117_000295d4",$d,00000000
"000295e0","|static|_DAT_008ca3d0_000295e0",$d,00000000
"000295ec","|static|_FUN_0057ba40_000295ec",$d,00000000
"000295f0","|static|_FUN_001f4c9c_000295f0",$d,00000000
"000295f4","|static|_LAB_0057b988_000295f4",$d,00000000
"000295f8","|static|_FUN_0057ba54_000295f8",$d,00000000
"000295fc","|static|_FUN_001f4e44_000295fc",$d,00000000
"00029600","|static|_FUN_0057b98c_00029600",$d,00000000
"00029604","|static|_FUN_0057b990_00029604",$d,00000000
"00029608","|static|_FUN_001f4dc0_00029608",$d,00000000
"0002960c","|static|_LAB_0057ba24_0002960c",$d,00000000
"00029610","|static|_FUN_001f4e30_00029610",$d,00000000
"00029614","|static|_FUN_001f4ae4_00029614",$d,00000000
"00029618","|static|_FUN_00521a38_00029618",$d,00000000
"0002961c","|static|_FUN_00521064_0002961c",$d,00000000
"00029628","|static|_INVALID_|static|_TEXT:0001c117_00029628",$d,00000000
"0002962c","|static|_INVALID_|static|_TEXT:0001c117_0002962c",$d,00000000
"00029638","|static|_FUN_001f3ce0_00029638",$d,00000000
"0002963c","|static|_INVALID_|static|_TEXT:0001c117_0002963c",$d,00000000
"00029640","|static|_INVALID_|static|_TEXT:0001c117_00029640",$d,00000000
"00029648","|static|_FUN_001f4b6c_00029648",$d,00000000
"0002964c","|static|_INVALID_|static|_TEXT:0001c117_0002964c",$d,00000000
"00029654","|static|_INVALID_|static|_TEXT:0001c117_00029654",$d,00000000
"00029658","|static|_FUN_001f4e94_00029658",$d,00000000
"0002965c","|static|_FUN_001f4fc8_0002965c",$d,00000000
"00029664","|static|_FUN_001f4a68_00029664",$d,00000000
"0002969c","|static|_DAT_008ca3d0_0002969c",$d,00000000
"000296a8","|static|_INVALID_|static|_TEXT:0001c117_000296a8",$d,00000000
"000296ac","|static|_INVALID_|static|_TEXT:0001c117_000296ac",$d,00000000
"000296b0","|static|_INVALID_|static|_TEXT:0001c117_000296b0",$d,00000000
"000296b4","|static|_INVALID_|static|_TEXT:0001c117_000296b4",$d,00000000
"000296b8","|static|_INVALID_|static|_TEXT:0001c117_000296b8",$d,00000000
"000296bc","|static|_INVALID_|static|_TEXT:0001c117_000296bc",$d,00000000
"000296c4","|static|_FUN_002705fc_000296c4",$d,00000000
"000296c8","|static|_FUN_0027066c_000296c8",$d,00000000
"000296f8","|static|_DAT_008ca38c_000296f8",$d,00000000
"00029704","|static|_INVALID_|static|_TEXT:0001c117_00029704",$d,00000000
"00029708","|static|_INVALID_|static|_TEXT:0001c117_00029708",$d,00000000
"0002970c","|static|_INVALID_|static|_TEXT:0001c117_0002970c",$d,00000000
"00029710","|static|_INVALID_|static|_TEXT:0001c117_00029710",$d,00000000
"00029714","|static|_INVALID_|static|_TEXT:0001c117_00029714",$d,00000000
"00029718","|static|_INVALID_|static|_TEXT:0001c117_00029718",$d,00000000
"00029720","|static|_FUN_002705fc_00029720",$d,00000000
"00029724","|static|_FUN_0027066c_00029724",$d,00000000
"00029730","|static|_DAT_008cc070_00029730",$d,00000000
"0002973c","|static|_FUN_002fc024_0002973c",$d,00000000
"00029740","|static|_FUN_00321840_00029740",$d,00000000
"00029744","|static|_FUN_003217a0_00029744",$d,00000000
"00029758","|static|_FUN_0033f430_00029758",$d,00000000
"00029768","|static|_DAT_008cbc04_00029768",$d,00000000
"00029774","|static|_FUN_002fc024_00029774",$d,00000000
"00029778","|static|_FUN_00321840_00029778",$d,00000000
"0002977c","|static|_FUN_003217a0_0002977c",$d,00000000
"00029790","|static|_FUN_003217d4_00029790",$d,00000000
"000297a0","|static|_DAT_008cba60_000297a0",$d,00000000
"000297ac","|static|_FUN_002fc024_000297ac",$d,00000000
"000297b0","|static|_FUN_002fcb58_000297b0",$d,00000000
"000297b4","|static|_FUN_002fbe58_000297b4",$d,00000000
"000297f4","|static|_DAT_008cba60_000297f4",$d,00000000
"00029800","|static|_FUN_002fc014_00029800",$d,00000000
"00029804","|static|_FUN_00778f8c_00029804",$d,00000000
"00029808","|static|_FUN_00779114_00029808",$d,00000000
"00029814","|static|_INVALID_|static|_TEXT:0001c117_00029814",$d,00000000
"0002981c","|static|_FUN_002705fc_0002981c",$d,00000000
"00029820","|static|_FUN_0027066c_00029820",$d,00000000
"00029850","|static|_DAT_008cbc04_00029850",$d,00000000
"0002985c","|static|_FUN_002fc014_0002985c",$d,00000000
"00029860","|static|_FUN_00779038_00029860",$d,00000000
"00029864","|static|_FUN_00779148_00029864",$d,00000000
"00029870","|static|_FUN_00779398_00029870",$d,00000000
"00029878","|static|_FUN_002705fc_00029878",$d,00000000
"0002987c","|static|_FUN_0027066c_0002987c",$d,00000000
"000298ac","|static|_DAT_008cc070_000298ac",$d,00000000
"000298b8","|static|_FUN_002fc014_000298b8",$d,00000000
"000298bc","|static|_FUN_00779038_000298bc",$d,00000000
"000298c0","|static|_FUN_00779148_000298c0",$d,00000000
"000298cc","|static|_FUN_0033f420_000298cc",$d,00000000
"000298d4","|static|_FUN_002705fc_000298d4",$d,00000000
"000298d8","|static|_FUN_0027066c_000298d8",$d,00000000
"00029914","|static|_FUN_002fc014_00029914",$d,00000000
"00029918","|static|_FUN_00779038_00029918",$d,00000000
"0002991c","|static|_FUN_00779148_0002991c",$d,00000000
"00029928","|static|_FUN_0033f420_00029928",$d,00000000
"0002994c","|static|_FUN_002fc024_0002994c",$d,00000000
"00029950","|static|_FUN_00321840_00029950",$d,00000000
"00029954","|static|_FUN_003217a0_00029954",$d,00000000
"00029968","|static|_FUN_0033f430_00029968",$d,00000000
"000299a8","|static|_FUN_002fc014_000299a8",$d,00000000
"000299ac","|static|_FUN_00779038_000299ac",$d,00000000
"000299bc","|static|_FUN_0033f420_000299bc",$d,00000000
"000299e0","|static|_FUN_002fc024_000299e0",$d,00000000
"000299e4","|static|_FUN_00321840_000299e4",$d,00000000
"000299fc","|static|_FUN_0033f430_000299fc",$d,00000000
"00029a18","|static|_FUN_0057ba40_00029a18",$d,00000000
"00029a1c","|static|_FUN_001f4c9c_00029a1c",$d,00000000
"00029a20","|static|_LAB_0057b988_00029a20",$d,00000000
"00029a24","|static|_FUN_0057ba54_00029a24",$d,00000000
"00029a28","|static|_FUN_001f4e44_00029a28",$d,00000000
"00029a2c","|static|_FUN_0057b98c_00029a2c",$d,00000000
"00029a34","|static|_FUN_001f4dc0_00029a34",$d,00000000
"00029a3c","|static|_FUN_001f4e30_00029a3c",$d,00000000
"00029a40","|static|_FUN_001f4ae4_00029a40",$d,00000000
"00029a44","|static|_FUN_00521a38_00029a44",$d,00000000
"00029a48","|static|_FUN_00521064_00029a48",$d,00000000
"00029a54","|static|_FUN_007119f8_00029a54",$d,00000000
"00029a58","|static|_INVALID_|static|_TEXT:0001c117_00029a58",$d,00000000
"00029a68","|static|_FUN_001e8cd0_00029a68",$d,00000000
"00029a6c","|static|_FUN_001e8cf4_00029a6c",$d,00000000
"00029a78","|static|_FUN_00711a04_00029a78",$d,00000000
"00029a80","|static|_INVALID_|static|_TEXT:0001c117_00029a80",$d,00000000
"00029a88","|static|_FUN_001f4fc8_00029a88",$d,00000000
"00029a9c","|static|_FUN_001e8d84_00029a9c",$d,00000000
"00029aa0","|static|_FUN_001e9020_00029aa0",$d,00000000
"00029aac","|static|_INVALID_|static|_TEXT:0001c117_00029aac",$d,00000000
"00029adc","|static|_FUN_0057ba40_00029adc",$d,00000000
"00029ae0","|static|_FUN_001f4c9c_00029ae0",$d,00000000
"00029ae4","|static|_LAB_0057b988_00029ae4",$d,00000000
"00029ae8","|static|_FUN_0057ba54_00029ae8",$d,00000000
"00029aec","|static|_FUN_001f4e44_00029aec",$d,00000000
"00029af0","|static|_FUN_0057b98c_00029af0",$d,00000000
"00029af8","|static|_FUN_001f4dc0_00029af8",$d,00000000
"00029b00","|static|_FUN_001f4e30_00029b00",$d,00000000
"00029b04","|static|_FUN_001f4ae4_00029b04",$d,00000000
"00029b08","|static|_FUN_00521a38_00029b08",$d,00000000
"00029b0c","|static|_FUN_00521064_00029b0c",$d,00000000
"00029b18","|static|_FUN_007119f8_00029b18",$d,00000000
"00029b1c","|static|_INVALID_|static|_TEXT:0001c117_00029b1c",$d,00000000
"00029b2c","|static|_FUN_001e8cd0_00029b2c",$d,00000000
"00029b30","|static|_FUN_001e8cf4_00029b30",$d,00000000
"00029b3c","|static|_FUN_00711a04_00029b3c",$d,00000000
"00029b44","|static|_INVALID_|static|_TEXT:0001c117_00029b44",$d,00000000
"00029b4c","|static|_FUN_001f4fc8_00029b4c",$d,00000000
"00029b60","|static|_FUN_001e8d84_00029b60",$d,00000000
"00029b64","|static|_FUN_001e9020_00029b64",$d,00000000
"00029b70","|static|_INVALID_|static|_TEXT:0001c117_00029b70",$d,00000000
"00029b94","|static|_DAT_008ca38c_00029b94",$d,00000000
"00029ba0","|static|_FUN_0057ba40_00029ba0",$d,00000000
"00029ba4","|static|_FUN_001f4c9c_00029ba4",$d,00000000
"00029ba8","|static|_LAB_0057b988_00029ba8",$d,00000000
"00029bac","|static|_FUN_0057ba54_00029bac",$d,00000000
"00029bb0","|static|_FUN_001f4e44_00029bb0",$d,00000000
"00029bb4","|static|_FUN_0057b98c_00029bb4",$d,00000000
"00029bb8","|static|_FUN_0057b990_00029bb8",$d,00000000
"00029bbc","|static|_FUN_001f4dc0_00029bbc",$d,00000000
"00029bc0","|static|_LAB_0057ba24_00029bc0",$d,00000000
"00029bc4","|static|_FUN_001f4e30_00029bc4",$d,00000000
"00029bc8","|static|_FUN_001f4ae4_00029bc8",$d,00000000
"00029bcc","|static|_FUN_00521a38_00029bcc",$d,00000000
"00029bd0","|static|_FUN_00521064_00029bd0",$d,00000000
"00029bdc","|static|_FUN_007119f8_00029bdc",$d,00000000
"00029be0","|static|_INVALID_|static|_TEXT:0001c117_00029be0",$d,00000000
"00029bec","|static|_FUN_001f3ce0_00029bec",$d,00000000
"00029bf0","|static|_FUN_001e8cd0_00029bf0",$d,00000000
"00029bf4","|static|_FUN_001e8cf4_00029bf4",$d,00000000
"00029bfc","|static|_FUN_001f4b6c_00029bfc",$d,00000000
"00029c00","|static|_FUN_00711a04_00029c00",$d,00000000
"00029c08","|static|_INVALID_|static|_TEXT:0001c117_00029c08",$d,00000000
"00029c0c","|static|_FUN_001f4e94_00029c0c",$d,00000000
"00029c10","|static|_FUN_001f4fc8_00029c10",$d,00000000
"00029c18","|static|_FUN_001f4a68_00029c18",$d,00000000
"00029c24","|static|_FUN_001e8d84_00029c24",$d,00000000
"00029c28","|static|_FUN_001e9020_00029c28",$d,00000000
"00029c2c","|static|_INVALID_|static|_TEXT:0001c117_00029c2c",$d,00000000
"00029c30","|static|_INVALID_|static|_TEXT:0001c117_00029c30",$d,00000000
"00029c3c","|static|_DAT_008ca3d0_00029c3c",$d,00000000
"00029c48","|static|_FUN_0057ba40_00029c48",$d,00000000
"00029c4c","|static|_FUN_001f4c9c_00029c4c",$d,00000000
"00029c50","|static|_LAB_0057b988_00029c50",$d,00000000
"00029c54","|static|_FUN_0057ba54_00029c54",$d,00000000
"00029c58","|static|_FUN_001f4e44_00029c58",$d,00000000
"00029c5c","|static|_FUN_0057b98c_00029c5c",$d,00000000
"00029c60","|static|_FUN_0057b990_00029c60",$d,00000000
"00029c64","|static|_FUN_001f4dc0_00029c64",$d,00000000
"00029c68","|static|_LAB_0057ba24_00029c68",$d,00000000
"00029c6c","|static|_FUN_001f4e30_00029c6c",$d,00000000
"00029c70","|static|_FUN_001f4ae4_00029c70",$d,00000000
"00029c74","|static|_FUN_00521a38_00029c74",$d,00000000
"00029c78","|static|_FUN_00521064_00029c78",$d,00000000
"00029c84","|static|_INVALID_|static|_TEXT:0001c117_00029c84",$d,00000000
"00029c88","|static|_INVALID_|static|_TEXT:0001c117_00029c88",$d,00000000
"00029c94","|static|_FUN_001f3ce0_00029c94",$d,00000000
"00029c98","|static|_INVALID_|static|_TEXT:0001c117_00029c98",$d,00000000
"00029c9c","|static|_INVALID_|static|_TEXT:0001c117_00029c9c",$d,00000000
"00029ca4","|static|_FUN_001f4b6c_00029ca4",$d,00000000
"00029ca8","|static|_INVALID_|static|_TEXT:0001c117_00029ca8",$d,00000000
"00029cb0","|static|_INVALID_|static|_TEXT:0001c117_00029cb0",$d,00000000
"00029cb4","|static|_FUN_001f4e94_00029cb4",$d,00000000
"00029cb8","|static|_FUN_001f4fc8_00029cb8",$d,00000000
"00029cc0","|static|_FUN_001f4a68_00029cc0",$d,00000000
"00029cf8","|static|_DAT_008ca3d0_00029cf8",$d,00000000
"00029d04","|static|_INVALID_|static|_TEXT:0001c117_00029d04",$d,00000000
"00029d08","|static|_INVALID_|static|_TEXT:0001c117_00029d08",$d,00000000
"00029d0c","|static|_INVALID_|static|_TEXT:0001c117_00029d0c",$d,00000000
"00029d10","|static|_INVALID_|static|_TEXT:0001c117_00029d10",$d,00000000
"00029d14","|static|_INVALID_|static|_TEXT:0001c117_00029d14",$d,00000000
"00029d18","|static|_INVALID_|static|_TEXT:0001c117_00029d18",$d,00000000
"00029d20","|static|_FUN_002705fc_00029d20",$d,00000000
"00029d24","|static|_FUN_0027066c_00029d24",$d,00000000
"00029d54","|static|_DAT_008ca38c_00029d54",$d,00000000
"00029d60","|static|_INVALID_|static|_TEXT:0001c117_00029d60",$d,00000000
"00029d64","|static|_INVALID_|static|_TEXT:0001c117_00029d64",$d,00000000
"00029d68","|static|_INVALID_|static|_TEXT:0001c117_00029d68",$d,00000000
"00029d6c","|static|_INVALID_|static|_TEXT:0001c117_00029d6c",$d,00000000
"00029d70","|static|_INVALID_|static|_TEXT:0001c117_00029d70",$d,00000000
"00029d74","|static|_INVALID_|static|_TEXT:0001c117_00029d74",$d,00000000
"00029d7c","|static|_FUN_002705fc_00029d7c",$d,00000000
"00029d80","|static|_FUN_0027066c_00029d80",$d,00000000
"00029d8c","|static|_DAT_008cc070_00029d8c",$d,00000000
"00029d98","|static|_FUN_002fc024_00029d98",$d,00000000
"00029d9c","|static|_FUN_00321840_00029d9c",$d,00000000
"00029da0","|static|_FUN_003217a0_00029da0",$d,00000000
"00029db4","|static|_FUN_0033f430_00029db4",$d,00000000
"00029dc4","|static|_DAT_008cbc04_00029dc4",$d,00000000
"00029dd0","|static|_FUN_002fc024_00029dd0",$d,00000000
"00029dd4","|static|_FUN_00321840_00029dd4",$d,00000000
"00029dd8","|static|_FUN_003217a0_00029dd8",$d,00000000
"00029dec","|static|_FUN_003217d4_00029dec",$d,00000000
"00029dfc","|static|_DAT_008cba60_00029dfc",$d,00000000
"00029e08","|static|_FUN_002fc024_00029e08",$d,00000000
"00029e0c","|static|_FUN_002fcb58_00029e0c",$d,00000000
"00029e10","|static|_FUN_002fbe58_00029e10",$d,00000000
"00029e50","|static|_DAT_008cba60_00029e50",$d,00000000
"00029e5c","|static|_FUN_002fc014_00029e5c",$d,00000000
"00029e60","|static|_FUN_00778f8c_00029e60",$d,00000000
"00029e64","|static|_FUN_00779114_00029e64",$d,00000000
"00029e70","|static|_INVALID_|static|_TEXT:0001c117_00029e70",$d,00000000
"00029e78","|static|_FUN_002705fc_00029e78",$d,00000000
"00029e7c","|static|_FUN_0027066c_00029e7c",$d,00000000
"00029eac","|static|_DAT_008cbc04_00029eac",$d,00000000
"00029eb8","|static|_FUN_002fc014_00029eb8",$d,00000000
"00029ebc","|static|_FUN_00779038_00029ebc",$d,00000000
"00029ec0","|static|_FUN_00779148_00029ec0",$d,00000000
"00029ecc","|static|_FUN_00779398_00029ecc",$d,00000000
"00029ed4","|static|_FUN_002705fc_00029ed4",$d,00000000
"00029ed8","|static|_FUN_0027066c_00029ed8",$d,00000000
"00029f08","|static|_DAT_008cc070_00029f08",$d,00000000
"00029f14","|static|_FUN_002fc014_00029f14",$d,00000000
"00029f18","|static|_FUN_00779038_00029f18",$d,00000000
"00029f1c","|static|_FUN_00779148_00029f1c",$d,00000000
"00029f28","|static|_FUN_0033f420_00029f28",$d,00000000
"00029f30","|static|_FUN_002705fc_00029f30",$d,00000000
"00029f34","|static|_FUN_0027066c_00029f34",$d,00000000
"00029f70","|static|_FUN_002fc014_00029f70",$d,00000000
"00029f74","|static|_FUN_00779038_00029f74",$d,00000000
"00029f78","|static|_FUN_00779148_00029f78",$d,00000000
"00029f84","|static|_FUN_0033f420_00029f84",$d,00000000
"00029fa8","|static|_FUN_002fc024_00029fa8",$d,00000000
"00029fac","|static|_FUN_00321840_00029fac",$d,00000000
"00029fb0","|static|_FUN_003217a0_00029fb0",$d,00000000
"00029fc4","|static|_FUN_0033f430_00029fc4",$d,00000000
"0002a004","|static|_FUN_002fc014_0002a004",$d,00000000
"0002a008","|static|_FUN_00779038_0002a008",$d,00000000
"0002a00c","|static|_FUN_00779148_0002a00c",$d,00000000
"0002a018","|static|_FUN_0033f420_0002a018",$d,00000000
"0002a03c","|static|_FUN_002fc024_0002a03c",$d,00000000
"0002a040","|static|_FUN_00321840_0002a040",$d,00000000
"0002a044","|static|_FUN_003217a0_0002a044",$d,00000000
"0002a058","|static|_FUN_0033f430_0002a058",$d,00000000
"0002a074","|static|_FUN_0057ba40_0002a074",$d,00000000
"0002a078","|static|_FUN_001f4c9c_0002a078",$d,00000000
"0002a07c","|static|_LAB_0057b988_0002a07c",$d,00000000
"0002a080","|static|_FUN_0057ba54_0002a080",$d,00000000
"0002a084","|static|_FUN_001f4e44_0002a084",$d,00000000
"0002a088","|static|_FUN_0057b98c_0002a088",$d,00000000
"0002a090","|static|_FUN_001f4dc0_0002a090",$d,00000000
"0002a098","|static|_FUN_001f4e30_0002a098",$d,00000000
"0002a09c","|static|_FUN_001f4ae4_0002a09c",$d,00000000
"0002a0a0","|static|_FUN_00521a38_0002a0a0",$d,00000000
"0002a0a4","|static|_FUN_00521064_0002a0a4",$d,00000000
"0002a0b0","|static|_FUN_007119f8_0002a0b0",$d,00000000
"0002a0b4","|static|_INVALID_|static|_TEXT:0001c117_0002a0b4",$d,00000000
"0002a0c4","|static|_FUN_001e8cd0_0002a0c4",$d,00000000
"0002a0c8","|static|_FUN_001e8cf4_0002a0c8",$d,00000000
"0002a0d4","|static|_FUN_00711a04_0002a0d4",$d,00000000
"0002a0dc","|static|_INVALID_|static|_TEXT:0001c117_0002a0dc",$d,00000000
"0002a0e4","|static|_FUN_001f4fc8_0002a0e4",$d,00000000
"0002a0f8","|static|_FUN_001e8d84_0002a0f8",$d,00000000
"0002a0fc","|static|_FUN_001e9020_0002a0fc",$d,00000000
"0002a108","|static|_INVALID_|static|_TEXT:0001c117_0002a108",$d,00000000
"0002a12c","|static|_DAT_008ca38c_0002a12c",$d,00000000
"0002a138","|static|_FUN_0057ba40_0002a138",$d,00000000
"0002a13c","|static|_FUN_001f4c9c_0002a13c",$d,00000000
"0002a140","|static|_LAB_0057b988_0002a140",$d,00000000
"0002a144","|static|_FUN_0057ba54_0002a144",$d,00000000
"0002a148","|static|_FUN_001f4e44_0002a148",$d,00000000
"0002a14c","|static|_FUN_0057b98c_0002a14c",$d,00000000
"0002a150","|static|_FUN_0057b990_0002a150",$d,00000000
"0002a154","|static|_FUN_001f4dc0_0002a154",$d,00000000
"0002a158","|static|_LAB_0057ba24_0002a158",$d,00000000
"0002a15c","|static|_FUN_001f4e30_0002a15c",$d,00000000
"0002a160","|static|_FUN_001f4ae4_0002a160",$d,00000000
"0002a164","|static|_FUN_00521a38_0002a164",$d,00000000
"0002a168","|static|_FUN_00521064_0002a168",$d,00000000
"0002a174","|static|_FUN_007119f8_0002a174",$d,00000000
"0002a178","|static|_INVALID_|static|_TEXT:0001c117_0002a178",$d,00000000
"0002a184","|static|_FUN_001f3ce0_0002a184",$d,00000000
"0002a188","|static|_FUN_001e8cd0_0002a188",$d,00000000
"0002a18c","|static|_FUN_001e8cf4_0002a18c",$d,00000000
"0002a194","|static|_FUN_001f4b6c_0002a194",$d,00000000
"0002a198","|static|_FUN_00711a04_0002a198",$d,00000000
"0002a1a0","|static|_INVALID_|static|_TEXT:0001c117_0002a1a0",$d,00000000
"0002a1a4","|static|_FUN_001f4e94_0002a1a4",$d,00000000
"0002a1a8","|static|_FUN_001f4fc8_0002a1a8",$d,00000000
"0002a1b0","|static|_FUN_001f4a68_0002a1b0",$d,00000000
"0002a1bc","|static|_FUN_001e8d84_0002a1bc",$d,00000000
"0002a1c0","|static|_FUN_001e9020_0002a1c0",$d,00000000
"0002a1c4","|static|_INVALID_|static|_TEXT:0001c117_0002a1c4",$d,00000000
"0002a1c8","|static|_INVALID_|static|_TEXT:0001c117_0002a1c8",$d,00000000
"0002a1d4","|static|_DAT_008ca3d0_0002a1d4",$d,00000000
"0002a1e0","|static|_FUN_0057ba40_0002a1e0",$d,00000000
"0002a1e4","|static|_FUN_001f4c9c_0002a1e4",$d,00000000
"0002a1e8","|static|_LAB_0057b988_0002a1e8",$d,00000000
"0002a1ec","|static|_FUN_0057ba54_0002a1ec",$d,00000000
"0002a1f0","|static|_FUN_001f4e44_0002a1f0",$d,00000000
"0002a1f4","|static|_FUN_0057b98c_0002a1f4",$d,00000000
"0002a1f8","|static|_FUN_0057b990_0002a1f8",$d,00000000
"0002a1fc","|static|_FUN_001f4dc0_0002a1fc",$d,00000000
"0002a200","|static|_LAB_0057ba24_0002a200",$d,00000000
"0002a204","|static|_FUN_001f4e30_0002a204",$d,00000000
"0002a208","|static|_FUN_001f4ae4_0002a208",$d,00000000
"0002a20c","|static|_FUN_00521a38_0002a20c",$d,00000000
"0002a210","|static|_FUN_00521064_0002a210",$d,00000000
"0002a21c","|static|_INVALID_|static|_TEXT:0001c117_0002a21c",$d,00000000
"0002a220","|static|_INVALID_|static|_TEXT:0001c117_0002a220",$d,00000000
"0002a22c","|static|_FUN_001f3ce0_0002a22c",$d,00000000
"0002a230","|static|_INVALID_|static|_TEXT:0001c117_0002a230",$d,00000000
"0002a234","|static|_INVALID_|static|_TEXT:0001c117_0002a234",$d,00000000
"0002a23c","|static|_FUN_001f4b6c_0002a23c",$d,00000000
"0002a240","|static|_INVALID_|static|_TEXT:0001c117_0002a240",$d,00000000
"0002a248","|static|_INVALID_|static|_TEXT:0001c117_0002a248",$d,00000000
"0002a24c","|static|_FUN_001f4e94_0002a24c",$d,00000000
"0002a250","|static|_FUN_001f4fc8_0002a250",$d,00000000
"0002a258","|static|_FUN_001f4a68_0002a258",$d,00000000
"0002a290","|static|_DAT_008ca3d0_0002a290",$d,00000000
"0002a29c","|static|_INVALID_|static|_TEXT:0001c117_0002a29c",$d,00000000
"0002a2a0","|static|_INVALID_|static|_TEXT:0001c117_0002a2a0",$d,00000000
"0002a2a4","|static|_INVALID_|static|_TEXT:0001c117_0002a2a4",$d,00000000
"0002a2a8","|static|_INVALID_|static|_TEXT:0001c117_0002a2a8",$d,00000000
"0002a2ac","|static|_INVALID_|static|_TEXT:0001c117_0002a2ac",$d,00000000
"0002a2b0","|static|_INVALID_|static|_TEXT:0001c117_0002a2b0",$d,00000000
"0002a2b8","|static|_FUN_002705fc_0002a2b8",$d,00000000
"0002a2bc","|static|_FUN_0027066c_0002a2bc",$d,00000000
"0002a2ec","|static|_DAT_008ca38c_0002a2ec",$d,00000000
"0002a2f8","|static|_INVALID_|static|_TEXT:0001c117_0002a2f8",$d,00000000
"0002a2fc","|static|_INVALID_|static|_TEXT:0001c117_0002a2fc",$d,00000000
"0002a300","|static|_INVALID_|static|_TEXT:0001c117_0002a300",$d,00000000
"0002a304","|static|_INVALID_|static|_TEXT:0001c117_0002a304",$d,00000000
"0002a308","|static|_INVALID_|static|_TEXT:0001c117_0002a308",$d,00000000
"0002a30c","|static|_INVALID_|static|_TEXT:0001c117_0002a30c",$d,00000000
"0002a314","|static|_FUN_002705fc_0002a314",$d,00000000
"0002a318","|static|_FUN_0027066c_0002a318",$d,00000000
"0002a324","|static|_DAT_008cc070_0002a324",$d,00000000
"0002a330","|static|_FUN_002fc024_0002a330",$d,00000000
"0002a334","|static|_FUN_00321840_0002a334",$d,00000000
"0002a338","|static|_FUN_003217a0_0002a338",$d,00000000
"0002a34c","|static|_FUN_0033f430_0002a34c",$d,00000000
"0002a35c","|static|_DAT_008cbc04_0002a35c",$d,00000000
"0002a368","|static|_FUN_002fc024_0002a368",$d,00000000
"0002a36c","|static|_FUN_00321840_0002a36c",$d,00000000
"0002a370","|static|_FUN_003217a0_0002a370",$d,00000000
"0002a384","|static|_FUN_003217d4_0002a384",$d,00000000
"0002a394","|static|_DAT_008cba60_0002a394",$d,00000000
"0002a3a0","|static|_FUN_002fc024_0002a3a0",$d,00000000
"0002a3a4","|static|_FUN_002fcb58_0002a3a4",$d,00000000
"0002a3a8","|static|_FUN_002fbe58_0002a3a8",$d,00000000
"0002a3e8","|static|_DAT_008cba60_0002a3e8",$d,00000000
"0002a3f4","|static|_FUN_002fc014_0002a3f4",$d,00000000
"0002a3f8","|static|_FUN_00778f8c_0002a3f8",$d,00000000
"0002a3fc","|static|_FUN_00779114_0002a3fc",$d,00000000
"0002a408","|static|_INVALID_|static|_TEXT:0001c117_0002a408",$d,00000000
"0002a410","|static|_FUN_002705fc_0002a410",$d,00000000
"0002a414","|static|_FUN_0027066c_0002a414",$d,00000000
"0002a444","|static|_DAT_008cbc04_0002a444",$d,00000000
"0002a450","|static|_FUN_002fc014_0002a450",$d,00000000
"0002a454","|static|_FUN_00779038_0002a454",$d,00000000
"0002a458","|static|_FUN_00779148_0002a458",$d,00000000
"0002a464","|static|_FUN_00779398_0002a464",$d,00000000
"0002a46c","|static|_FUN_002705fc_0002a46c",$d,00000000
"0002a470","|static|_FUN_0027066c_0002a470",$d,00000000
"0002a4a0","|static|_DAT_008cc070_0002a4a0",$d,00000000
"0002a4ac","|static|_FUN_002fc014_0002a4ac",$d,00000000
"0002a4b0","|static|_FUN_00779038_0002a4b0",$d,00000000
"0002a4b4","|static|_FUN_00779148_0002a4b4",$d,00000000
"0002a4c0","|static|_FUN_0033f420_0002a4c0",$d,00000000
"0002a4c8","|static|_FUN_002705fc_0002a4c8",$d,00000000
"0002a4cc","|static|_FUN_0027066c_0002a4cc",$d,00000000
"0002a508","|static|_FUN_002fc014_0002a508",$d,00000000
"0002a50c","|static|_FUN_00779038_0002a50c",$d,00000000
"0002a510","|static|_FUN_00779148_0002a510",$d,00000000
"0002a51c","|static|_FUN_0033f420_0002a51c",$d,00000000
"0002a540","|static|_FUN_002fc024_0002a540",$d,00000000
"0002a544","|static|_FUN_00321840_0002a544",$d,00000000
"0002a548","|static|_FUN_003217a0_0002a548",$d,00000000
"0002a55c","|static|_FUN_0033f430_0002a55c",$d,00000000
"0002a578","|static|_FUN_0057ba40_0002a578",$d,00000000
"0002a57c","|static|_FUN_001f4c9c_0002a57c",$d,00000000
"0002a580","|static|_LAB_0057b988_0002a580",$d,00000000
"0002a584","|static|_FUN_0057ba54_0002a584",$d,00000000
"0002a588","|static|_FUN_001f4e44_0002a588",$d,00000000
"0002a58c","|static|_FUN_0057b98c_0002a58c",$d,00000000
"0002a594","|static|_FUN_001f4dc0_0002a594",$d,00000000
"0002a59c","|static|_FUN_001f4e30_0002a59c",$d,00000000
"0002a5a0","|static|_FUN_001f4ae4_0002a5a0",$d,00000000
"0002a5a4","|static|_FUN_00521a38_0002a5a4",$d,00000000
"0002a5a8","|static|_FUN_00521064_0002a5a8",$d,00000000
"0002a5b4","|static|_FUN_007119f8_0002a5b4",$d,00000000
"0002a5b8","|static|_INVALID_|static|_TEXT:0001c117_0002a5b8",$d,00000000
"0002a5c8","|static|_FUN_001e8cd0_0002a5c8",$d,00000000
"0002a5cc","|static|_FUN_001e8cf4_0002a5cc",$d,00000000
"0002a5d8","|static|_FUN_00711a04_0002a5d8",$d,00000000
"0002a5e0","|static|_INVALID_|static|_TEXT:0001c117_0002a5e0",$d,00000000
"0002a5e8","|static|_FUN_001f4fc8_0002a5e8",$d,00000000
"0002a5fc","|static|_FUN_001e8d84_0002a5fc",$d,00000000
"0002a600","|static|_FUN_001e9020_0002a600",$d,00000000
"0002a60c","|static|_INVALID_|static|_TEXT:0001c117_0002a60c",$d,00000000
"0002a630","|static|_DAT_008ca38c_0002a630",$d,00000000
"0002a63c","|static|_FUN_0057ba40_0002a63c",$d,00000000
"0002a640","|static|_FUN_001f4c9c_0002a640",$d,00000000
"0002a644","|static|_LAB_0057b988_0002a644",$d,00000000
"0002a648","|static|_FUN_0057ba54_0002a648",$d,00000000
"0002a64c","|static|_FUN_001f4e44_0002a64c",$d,00000000
"0002a650","|static|_FUN_0057b98c_0002a650",$d,00000000
"0002a654","|static|_FUN_0057b990_0002a654",$d,00000000
"0002a658","|static|_FUN_001f4dc0_0002a658",$d,00000000
"0002a65c","|static|_LAB_0057ba24_0002a65c",$d,00000000
"0002a660","|static|_FUN_001f4e30_0002a660",$d,00000000
"0002a664","|static|_FUN_001f4ae4_0002a664",$d,00000000
"0002a668","|static|_FUN_00521a38_0002a668",$d,00000000
"0002a66c","|static|_FUN_00521064_0002a66c",$d,00000000
"0002a678","|static|_FUN_007119f8_0002a678",$d,00000000
"0002a67c","|static|_INVALID_|static|_TEXT:0001c117_0002a67c",$d,00000000
"0002a688","|static|_FUN_001f3ce0_0002a688",$d,00000000
"0002a68c","|static|_FUN_001e8cd0_0002a68c",$d,00000000
"0002a690","|static|_FUN_001e8cf4_0002a690",$d,00000000
"0002a698","|static|_FUN_001f4b6c_0002a698",$d,00000000
"0002a69c","|static|_FUN_00711a04_0002a69c",$d,00000000
"0002a6a4","|static|_INVALID_|static|_TEXT:0001c117_0002a6a4",$d,00000000
"0002a6a8","|static|_FUN_001f4e94_0002a6a8",$d,00000000
"0002a6ac","|static|_FUN_001f4fc8_0002a6ac",$d,00000000
"0002a6b4","|static|_FUN_001f4a68_0002a6b4",$d,00000000
"0002a6c0","|static|_FUN_001e8d84_0002a6c0",$d,00000000
"0002a6c4","|static|_FUN_001e9020_0002a6c4",$d,00000000
"0002a6c8","|static|_INVALID_|static|_TEXT:0001c117_0002a6c8",$d,00000000
"0002a6cc","|static|_INVALID_|static|_TEXT:0001c117_0002a6cc",$d,00000000
"0002a6d8","|static|_DAT_008ca3d0_0002a6d8",$d,00000000
"0002a6e4","|static|_FUN_0057ba40_0002a6e4",$d,00000000
"0002a6e8","|static|_FUN_001f4c9c_0002a6e8",$d,00000000
"0002a6ec","|static|_LAB_0057b988_0002a6ec",$d,00000000
"0002a6f0","|static|_FUN_0057ba54_0002a6f0",$d,00000000
"0002a6f4","|static|_FUN_001f4e44_0002a6f4",$d,00000000
"0002a6f8","|static|_FUN_0057b98c_0002a6f8",$d,00000000
"0002a6fc","|static|_FUN_0057b990_0002a6fc",$d,00000000
"0002a700","|static|_FUN_001f4dc0_0002a700",$d,00000000
"0002a704","|static|_LAB_0057ba24_0002a704",$d,00000000
"0002a708","|static|_FUN_001f4e30_0002a708",$d,00000000
"0002a70c","|static|_FUN_001f4ae4_0002a70c",$d,00000000
"0002a710","|static|_FUN_00521a38_0002a710",$d,00000000
"0002a714","|static|_FUN_00521064_0002a714",$d,00000000
"0002a720","|static|_INVALID_|static|_TEXT:0001c117_0002a720",$d,00000000
"0002a724","|static|_INVALID_|static|_TEXT:0001c117_0002a724",$d,00000000
"0002a730","|static|_FUN_001f3ce0_0002a730",$d,00000000
"0002a734","|static|_INVALID_|static|_TEXT:0001c117_0002a734",$d,00000000
"0002a738","|static|_INVALID_|static|_TEXT:0001c117_0002a738",$d,00000000
"0002a740","|static|_FUN_001f4b6c_0002a740",$d,00000000
"0002a744","|static|_INVALID_|static|_TEXT:0001c117_0002a744",$d,00000000
"0002a74c","|static|_INVALID_|static|_TEXT:0001c117_0002a74c",$d,00000000
"0002a750","|static|_FUN_001f4e94_0002a750",$d,00000000
"0002a754","|static|_FUN_001f4fc8_0002a754",$d,00000000
"0002a75c","|static|_FUN_001f4a68_0002a75c",$d,00000000
"0002a794","|static|_DAT_008ca3d0_0002a794",$d,00000000
"0002a7a0","|static|_INVALID_|static|_TEXT:0001c117_0002a7a0",$d,00000000
"0002a7a4","|static|_INVALID_|static|_TEXT:0001c117_0002a7a4",$d,00000000
"0002a7a8","|static|_INVALID_|static|_TEXT:0001c117_0002a7a8",$d,00000000
"0002a7ac","|static|_INVALID_|static|_TEXT:0001c117_0002a7ac",$d,00000000
"0002a7b0","|static|_INVALID_|static|_TEXT:0001c117_0002a7b0",$d,00000000
"0002a7b4","|static|_INVALID_|static|_TEXT:0001c117_0002a7b4",$d,00000000
"0002a7bc","|static|_FUN_002705fc_0002a7bc",$d,00000000
"0002a7c0","|static|_FUN_0027066c_0002a7c0",$d,00000000
"0002a7f0","|static|_DAT_008ca38c_0002a7f0",$d,00000000
"0002a7fc","|static|_INVALID_|static|_TEXT:0001c117_0002a7fc",$d,00000000
"0002a800","|static|_INVALID_|static|_TEXT:0001c117_0002a800",$d,00000000
"0002a804","|static|_INVALID_|static|_TEXT:0001c117_0002a804",$d,00000000
"0002a808","|static|_INVALID_|static|_TEXT:0001c117_0002a808",$d,00000000
"0002a80c","|static|_INVALID_|static|_TEXT:0001c117_0002a80c",$d,00000000
"0002a810","|static|_INVALID_|static|_TEXT:0001c117_0002a810",$d,00000000
"0002a818","|static|_FUN_002705fc_0002a818",$d,00000000
"0002a81c","|static|_FUN_0027066c_0002a81c",$d,00000000
"0002a828","|static|_DAT_008cc070_0002a828",$d,00000000
"0002a834","|static|_FUN_002fc024_0002a834",$d,00000000
"0002a838","|static|_FUN_00321840_0002a838",$d,00000000
"0002a83c","|static|_FUN_003217a0_0002a83c",$d,00000000
"0002a850","|static|_FUN_0033f430_0002a850",$d,00000000
"0002a860","|static|_DAT_008cbc04_0002a860",$d,00000000
"0002a86c","|static|_FUN_002fc024_0002a86c",$d,00000000
"0002a870","|static|_FUN_00321840_0002a870",$d,00000000
"0002a874","|static|_FUN_003217a0_0002a874",$d,00000000
"0002a888","|static|_FUN_003217d4_0002a888",$d,00000000
"0002a898","|static|_DAT_008cba60_0002a898",$d,00000000
"0002a8a4","|static|_FUN_002fc024_0002a8a4",$d,00000000
"0002a8a8","|static|_FUN_002fcb58_0002a8a8",$d,00000000
"0002a8ac","|static|_FUN_002fbe58_0002a8ac",$d,00000000
"0002a8ec","|static|_DAT_008cba60_0002a8ec",$d,00000000
"0002a8f8","|static|_FUN_002fc014_0002a8f8",$d,00000000
"0002a8fc","|static|_FUN_00778f8c_0002a8fc",$d,00000000
"0002a900","|static|_FUN_00779114_0002a900",$d,00000000
"0002a90c","|static|_INVALID_|static|_TEXT:0001c117_0002a90c",$d,00000000
"0002a914","|static|_FUN_002705fc_0002a914",$d,00000000
"0002a918","|static|_FUN_0027066c_0002a918",$d,00000000
"0002a948","|static|_DAT_008cbc04_0002a948",$d,00000000
"0002a954","|static|_FUN_002fc014_0002a954",$d,00000000
"0002a958","|static|_FUN_00779038_0002a958",$d,00000000
"0002a95c","|static|_FUN_00779148_0002a95c",$d,00000000
"0002a968","|static|_FUN_00779398_0002a968",$d,00000000
"0002a970","|static|_FUN_002705fc_0002a970",$d,00000000
"0002a974","|static|_FUN_0027066c_0002a974",$d,00000000
"0002a9a4","|static|_DAT_008cc070_0002a9a4",$d,00000000
"0002a9b0","|static|_FUN_002fc014_0002a9b0",$d,00000000
"0002a9b4","|static|_FUN_00779038_0002a9b4",$d,00000000
"0002a9b8","|static|_FUN_00779148_0002a9b8",$d,00000000
"0002a9c4","|static|_FUN_0033f420_0002a9c4",$d,00000000
"0002a9cc","|static|_FUN_002705fc_0002a9cc",$d,00000000
"0002a9d0","|static|_FUN_0027066c_0002a9d0",$d,00000000
"0002aa0c","|static|_FUN_002fc014_0002aa0c",$d,00000000
"0002aa10","|static|_FUN_00779038_0002aa10",$d,00000000
"0002aa14","|static|_FUN_00779148_0002aa14",$d,00000000
"0002aa20","|static|_FUN_0033f420_0002aa20",$d,00000000
"0002aa44","|static|_FUN_002fc024_0002aa44",$d,00000000
"0002aa48","|static|_FUN_00321840_0002aa48",$d,00000000
"0002aa4c","|static|_FUN_003217a0_0002aa4c",$d,00000000
"0002aa60","|static|_FUN_0033f430_0002aa60",$d,00000000
"0002aa68","|static|_DAT_008f9a3c_0002aa68",$d,00000000
"0002b530","|static|_DAT_008f9a4c_0002b530",$d,00000000
"0002b550","|static|_DAT_008f9a4c_0002b550",$d,00000000
"0002b570","|static|_DAT_008f9a4c_0002b570",$d,00000000
"0002b590","|static|_DAT_008f9a4c_0002b590",$d,00000000
"0002b5b0","|static|_DAT_008f9a4c_0002b5b0",$d,00000000
"0002b5d0","|static|_DAT_008f9a4c_0002b5d0",$d,00000000
"0002b5f0","|static|_DAT_008f9a4c_0002b5f0",$d,00000000
"0002b610","|static|_DAT_008f9a2c_0002b610",$d,00000000
"0002b618","|static|_DAT_008f9a2c_0002b618",$d,00000000
"0002b620","|static|_DAT_008f9a2c_0002b620",$d,00000000
"0002b628","|static|_DAT_008f9a2c_0002b628",$d,00000000
"0002b630","|static|_DAT_008f9a2c_0002b630",$d,00000000
"0002b638","|static|_DAT_008f9a2c_0002b638",$d,00000000
"0002b640","|static|_DAT_008f9a2c_0002b640",$d,00000000
"0002b648","|static|_DAT_008f9a2c_0002b648",$d,00000000
"0002b650","|static|_DAT_008f9a2c_0002b650",$d,00000000
"0002b658","|static|_DAT_008f9a2c_0002b658",$d,00000000
"0002b660","|static|_DAT_008f9a2c_0002b660",$d,00000000
"0002b668","|static|_DAT_008f9a2c_0002b668",$d,00000000
"0002b670","|static|_DAT_008f9a2c_0002b670",$d,00000000
"0002b678","|static|_DAT_008f9a2c_0002b678",$d,00000000
"0002b680","|static|_DAT_008f9a2c_0002b680",$d,00000000
"0002b688","|static|_DAT_008f9a2c_0002b688",$d,00000000
"0002b690","|static|_DAT_008f9a2c_0002b690",$d,00000000
"0002b698","|static|_DAT_008f9a2c_0002b698",$d,00000000
"0002b6a0","|static|_DAT_008f9a2c_0002b6a0",$d,00000000
"0002b6a8","|static|_DAT_008f9a2c_0002b6a8",$d,00000000
"0002b6b0","|static|_DAT_008f9a2c_0002b6b0",$d,00000000
"0002b6b8","|static|_DAT_008f9a2c_0002b6b8",$d,00000000
"0002b6c0","|static|_DAT_008f9a2c_0002b6c0",$d,00000000
"0002b6c8","|static|_DAT_008f9a2c_0002b6c8",$d,00000000
"0002b6d0","|static|_DAT_008f9a2c_0002b6d0",$d,00000000
"0002b6d8","|static|_DAT_008f9a2c_0002b6d8",$d,00000000
"0002b6e0","|static|_DAT_008f9a2c_0002b6e0",$d,00000000
"0002b6e8","|static|_DAT_008f9a2c_0002b6e8",$d,00000000
"0002b6f0","|static|_DAT_008f9a2c_0002b6f0",$d,00000000
"0002b6f8","|static|_DAT_008f9a4c_0002b6f8",$d,00000000
"0002b718","|static|_DAT_008f9a3c_0002b718",$d,00000000
"0002b724","|static|_DAT_008f9a4c_0002b724",$d,00000000
"0002b744","|static|_DAT_008f9a4c_0002b744",$d,00000000
"0002b764","|static|_DAT_008f9a4c_0002b764",$d,00000000
"0002b784","|static|_DAT_008f9a4c_0002b784",$d,00000000
"0002b7a4","|static|_DAT_008f9a3c_0002b7a4",$d,00000000
"0002b7b0","|static|_DAT_008f9a4c_0002b7b0",$d,00000000
"0002b7d0","|static|_DAT_008f9a4c_0002b7d0",$d,00000000
"0002b7f0","|static|_DAT_008f9a4c_0002b7f0",$d,00000000
"0002b810","|static|_DAT_008f9a4c_0002b810",$d,00000000
"0002b820","|static|_DAT_008cc29c_0002b820",$d,00000000
"0002b828","|static|_DAT_008cc070_0002b828",$d,00000000
"0002b830","|static|_DAT_008f9a3c_0002b830",$d,00000000
"0002b83c","|static|_DAT_008f9a4c_0002b83c",$d,00000000
"0002b84c","|static|_DAT_008cc29c_0002b84c",$d,00000000
"0002b854","|static|_DAT_008cc070_0002b854",$d,00000000
"0002b85c","|static|_DAT_008f9a4c_0002b85c",$d,00000000
"0002b87c","|static|_DAT_008f9a4c_0002b87c",$d,00000000
"0002b89c","|static|_DAT_008f9a4c_0002b89c",$d,00000000
"0002b8bc","|static|_DAT_008f9a4c_0002b8bc",$d,00000000
"0002b8dc","|static|_DAT_008f9a3c_0002b8dc",$d,00000000
"0002b8e4","|static|_DAT_008cc244_0002b8e4",$d,00000000
"0002b8e8","|static|_DAT_008f9a4c_0002b8e8",$d,00000000
"0002b8f8","|static|_DAT_008ca38c_0002b8f8",$d,00000000
"0002b900","|static|_DAT_008cc070_0002b900",$d,00000000
"0002b908","|static|_DAT_008f9a4c_0002b908",$d,00000000
"0002b928","|static|_DAT_008f9a4c_0002b928",$d,00000000
"0002b948","|static|_DAT_008f9a4c_0002b948",$d,00000000
"0002b968","|static|_DAT_008f9a4c_0002b968",$d,00000000
"0002b988","|static|_DAT_008f9a4c_0002b988",$d,00000000
"0002b9a8","|static|_DAT_008f9a3c_0002b9a8",$d,00000000
"0002b9b4","|static|_DAT_008f9a4c_0002b9b4",$d,00000000
"0002b9d4","|static|_DAT_008f9a4c_0002b9d4",$d,00000000
"0002b9f4","|static|_DAT_008f9a3c_0002b9f4",$d,00000000
"0002ba00","|static|_DAT_008f9a3c_0002ba00",$d,00000000
"0002ba08","|static|_DAT_008cc244_0002ba08",$d,00000000
"0002ba0c","|static|_DAT_008f9a4c_0002ba0c",$d,00000000
"0002ba2c","|static|_DAT_008f9a3c_0002ba2c",$d,00000000
"0002ba34","|static|_DAT_008cc244_0002ba34",$d,00000000
"0002ba38","|static|_DAT_008f9a4c_0002ba38",$d,00000000
"0002ba58","|static|_DAT_008f9a4c_0002ba58",$d,00000000
"0002ba78","|static|_DAT_008f9a2c_0002ba78",$d,00000000
"0002ba80","|static|_DAT_008f9a3c_0002ba80",$d,00000000
"0002ba8c","|static|_DAT_008f9a3c_0002ba8c",$d,00000000
"0002ba98","|static|_DAT_008f9a3c_0002ba98",$d,00000000
"0002baa4","|static|_DAT_008f9a3c_0002baa4",$d,00000000
"0002bab0","|static|_DAT_008f9a2c_0002bab0",$d,00000000
"0002bab8","|static|_DAT_008f9a3c_0002bab8",$d,00000000
"0002bac4","|static|_DAT_008f9a3c_0002bac4",$d,00000000
"0002bad0","|static|_DAT_008f9a3c_0002bad0",$d,00000000
"0002badc","|static|_DAT_008f9a3c_0002badc",$d,00000000
"0002bae8","|static|_DAT_008f9a2c_0002bae8",$d,00000000
"0002baf0","|static|_DAT_008f9a3c_0002baf0",$d,00000000
"0002bafc","|static|_DAT_008f9a3c_0002bafc",$d,00000000
"0002bb08","|static|_DAT_008f9a2c_0002bb08",$d,00000000
"0002bb10","|static|_DAT_008f9a3c_0002bb10",$d,00000000
"0002bb1c","|static|_DAT_008f9a3c_0002bb1c",$d,00000000
"0002c334","|static|_FUN_0057ba40_0002c334",$d,00000000
"0002c338","|static|_FUN_001f4c9c_0002c338",$d,00000000
"0002c33c","|static|_LAB_0057b988_0002c33c",$d,00000000
"0002c340","|static|_FUN_0057ba54_0002c340",$d,00000000
"0002c344","|static|_FUN_001f4e44_0002c344",$d,00000000
"0002c348","|static|_FUN_0057b98c_0002c348",$d,00000000
"0002c350","|static|_FUN_001f4dc0_0002c350",$d,00000000
"0002c358","|static|_FUN_001f4e30_0002c358",$d,00000000
"0002c35c","|static|_FUN_001f4ae4_0002c35c",$d,00000000
"0002c360","|static|_FUN_00521a38_0002c360",$d,00000000
"0002c364","|static|_FUN_00521064_0002c364",$d,00000000
"0002c370","|static|_FUN_007119f8_0002c370",$d,00000000
"0002c384","|static|_FUN_001e8cd0_0002c384",$d,00000000
"0002c388","|static|_FUN_001e8cf4_0002c388",$d,00000000
"0002c394","|static|_FUN_00711a04_0002c394",$d,00000000
"0002c3a4","|static|_FUN_001f4fc8_0002c3a4",$d,00000000
"0002c3b8","|static|_FUN_001e8d84_0002c3b8",$d,00000000
"0002c3bc","|static|_FUN_001e9020_0002c3bc",$d,00000000
"0002c400","|static|_FUN_002fc024_0002c400",$d,00000000
"0002c404","|static|_FUN_00321840_0002c404",$d,00000000
"0002c41c","|static|_FUN_0033f430_0002c41c",$d,00000000
"0002c46c","|static|_FUN_002fc014_0002c46c",$d,00000000
"0002c470","|static|_FUN_00779038_0002c470",$d,00000000
"0002c480","|static|_FUN_0033f420_0002c480",$d,00000000
"0002c4f0","|static|_FUN_0057ba40_0002c4f0",$d,00000000
"0002c4f4","|static|_FUN_001f4c9c_0002c4f4",$d,00000000
"0002c4f8","|static|_LAB_0057b988_0002c4f8",$d,00000000
"0002c4fc","|static|_FUN_0057ba54_0002c4fc",$d,00000000
"0002c500","|static|_FUN_001f4e44_0002c500",$d,00000000
"0002c504","|static|_FUN_0057b98c_0002c504",$d,00000000
"0002c50c","|static|_FUN_001f4dc0_0002c50c",$d,00000000
"0002c514","|static|_FUN_001f4e30_0002c514",$d,00000000
"0002c518","|static|_FUN_001f4ae4_0002c518",$d,00000000
"0002c51c","|static|_FUN_00521a38_0002c51c",$d,00000000
"0002c520","|static|_FUN_00521064_0002c520",$d,00000000
"0002c52c","|static|_FUN_007119f8_0002c52c",$d,00000000
"0002c540","|static|_FUN_001e8cd0_0002c540",$d,00000000
"0002c544","|static|_FUN_001e8cf4_0002c544",$d,00000000
"0002c550","|static|_FUN_00711a04_0002c550",$d,00000000
"0002c560","|static|_FUN_001f4fc8_0002c560",$d,00000000
"0002c574","|static|_FUN_001e8d84_0002c574",$d,00000000
"0002c578","|static|_FUN_001e9020_0002c578",$d,00000000
"0002c5bc","|static|_FUN_002fc024_0002c5bc",$d,00000000
"0002c5c0","|static|_FUN_00321840_0002c5c0",$d,00000000
"0002c5d8","|static|_FUN_0033f430_0002c5d8",$d,00000000
"0002c628","|static|_FUN_002fc014_0002c628",$d,00000000
"0002c62c","|static|_FUN_00779038_0002c62c",$d,00000000
"0002c63c","|static|_FUN_0033f420_0002c63c",$d,00000000
"0002c6ac","|static|_FUN_0057ba40_0002c6ac",$d,00000000
"0002c6b0","|static|_FUN_001f4c9c_0002c6b0",$d,00000000
"0002c6b4","|static|_LAB_0057b988_0002c6b4",$d,00000000
"0002c6b8","|static|_FUN_0057ba54_0002c6b8",$d,00000000
"0002c6bc","|static|_FUN_001f4e44_0002c6bc",$d,00000000
"0002c6c0","|static|_FUN_0057b98c_0002c6c0",$d,00000000
"0002c6c8","|static|_FUN_001f4dc0_0002c6c8",$d,00000000
"0002c6d0","|static|_FUN_001f4e30_0002c6d0",$d,00000000
"0002c6d4","|static|_FUN_001f4ae4_0002c6d4",$d,00000000
"0002c6d8","|static|_FUN_00521a38_0002c6d8",$d,00000000
"0002c6dc","|static|_FUN_00521064_0002c6dc",$d,00000000
"0002c6e8","|static|_FUN_007119f8_0002c6e8",$d,00000000
"0002c6fc","|static|_FUN_001e8cd0_0002c6fc",$d,00000000
"0002c71c","|static|_FUN_001f4fc8_0002c71c",$d,00000000
"0002c730","|static|_FUN_001e8d84_0002c730",$d,00000000
"0002c734","|static|_FUN_001e9020_0002c734",$d,00000000
"0002c770","|static|_FUN_002fc024_0002c770",$d,00000000
"0002c774","|static|_FUN_00321840_0002c774",$d,00000000
"0002c778","|static|_FUN_003217a0_0002c778",$d,00000000
"0002c78c","|static|_FUN_0033f430_0002c78c",$d,00000000
"0002c7dc","|static|_FUN_002fc014_0002c7dc",$d,00000000
"0002c7e0","|static|_FUN_00779038_0002c7e0",$d,00000000
"0002c7e4","|static|_FUN_00779148_0002c7e4",$d,00000000
"0002c7f0","|static|_FUN_0033f420_0002c7f0",$d,00000000
"0002c854","|static|_FUN_0057ba40_0002c854",$d,00000000
"0002c858","|static|_FUN_001f4c9c_0002c858",$d,00000000
"0002c85c","|static|_LAB_0057b988_0002c85c",$d,00000000
"0002c860","|static|_FUN_0057ba54_0002c860",$d,00000000
"0002c864","|static|_FUN_001f4e44_0002c864",$d,00000000
"0002c868","|static|_FUN_0057b98c_0002c868",$d,00000000
"0002c870","|static|_FUN_001f4dc0_0002c870",$d,00000000
"0002c878","|static|_FUN_001f4e30_0002c878",$d,00000000
"0002c87c","|static|_FUN_001f4ae4_0002c87c",$d,00000000
"0002c880","|static|_FUN_00521a38_0002c880",$d,00000000
"0002c884","|static|_FUN_00521064_0002c884",$d,00000000
"0002c890","|static|_FUN_007119f8_0002c890",$d,00000000
"0002c8a4","|static|_FUN_001e8cd0_0002c8a4",$d,00000000
"0002c8a8","|static|_FUN_001e8cf4_0002c8a8",$d,00000000
"0002c8b4","|static|_FUN_00711a04_0002c8b4",$d,00000000
"0002c8c4","|static|_FUN_001f4fc8_0002c8c4",$d,00000000
"0002c8d8","|static|_FUN_001e8d84_0002c8d8",$d,00000000
"0002c8dc","|static|_FUN_001e9020_0002c8dc",$d,00000000
"0002c918","|static|_FUN_002fc024_0002c918",$d,00000000
"0002c91c","|static|_FUN_00321840_0002c91c",$d,00000000
"0002c920","|static|_FUN_003217a0_0002c920",$d,00000000
"0002c934","|static|_FUN_0033f430_0002c934",$d,00000000
"0002c984","|static|_FUN_002fc014_0002c984",$d,00000000
"0002c988","|static|_FUN_00779038_0002c988",$d,00000000
"0002c98c","|static|_FUN_00779148_0002c98c",$d,00000000
"0002c998","|static|_FUN_0033f420_0002c998",$d,00000000
"0002c9fc","|static|_FUN_0057ba40_0002c9fc",$d,00000000
"0002ca00","|static|_FUN_001f4c9c_0002ca00",$d,00000000
"0002ca04","|static|_LAB_0057b988_0002ca04",$d,00000000
"0002ca08","|static|_FUN_0057ba54_0002ca08",$d,00000000
"0002ca0c","|static|_FUN_001f4e44_0002ca0c",$d,00000000
"0002ca10","|static|_FUN_0057b98c_0002ca10",$d,00000000
"0002ca18","|static|_FUN_001f4dc0_0002ca18",$d,00000000
"0002ca20","|static|_FUN_001f4e30_0002ca20",$d,00000000
"0002ca24","|static|_FUN_001f4ae4_0002ca24",$d,00000000
"0002ca28","|static|_FUN_00521a38_0002ca28",$d,00000000
"0002ca2c","|static|_FUN_00521064_0002ca2c",$d,00000000
"0002ca38","|static|_FUN_007119f8_0002ca38",$d,00000000
"0002ca4c","|static|_FUN_001e8cd0_0002ca4c",$d,00000000
"0002ca50","|static|_FUN_001e8cf4_0002ca50",$d,00000000
"0002ca6c","|static|_FUN_001f4fc8_0002ca6c",$d,00000000
"0002ca80","|static|_FUN_001e8d84_0002ca80",$d,00000000
"0002ca84","|static|_FUN_001e9020_0002ca84",$d,00000000
"0002cac0","|static|_FUN_002fc024_0002cac0",$d,00000000
"0002cac4","|static|_FUN_00321840_0002cac4",$d,00000000
"0002cac8","|static|_FUN_003217a0_0002cac8",$d,00000000
"0002cadc","|static|_FUN_0033f430_0002cadc",$d,00000000
"0002cb2c","|static|_FUN_002fc014_0002cb2c",$d,00000000
"0002cb30","|static|_FUN_00779038_0002cb30",$d,00000000
"0002cb34","|static|_FUN_00779148_0002cb34",$d,00000000
"0002cb40","|static|_FUN_0033f420_0002cb40",$d,00000000
"0002cba4","|static|_FUN_0057ba40_0002cba4",$d,00000000
"0002cba8","|static|_FUN_001f4c9c_0002cba8",$d,00000000
"0002cbac","|static|_LAB_0057b988_0002cbac",$d,00000000
"0002cbb0","|static|_FUN_0057ba54_0002cbb0",$d,00000000
"0002cbb4","|static|_FUN_001f4e44_0002cbb4",$d,00000000
"0002cbb8","|static|_FUN_0057b98c_0002cbb8",$d,00000000
"0002cbc0","|static|_FUN_001f4dc0_0002cbc0",$d,00000000
"0002cbc8","|static|_FUN_001f4e30_0002cbc8",$d,00000000
"0002cbcc","|static|_FUN_001f4ae4_0002cbcc",$d,00000000
"0002cbd0","|static|_FUN_00521a38_0002cbd0",$d,00000000
"0002cbd4","|static|_FUN_00521064_0002cbd4",$d,00000000
"0002cbe0","|static|_FUN_007119f8_0002cbe0",$d,00000000
"0002cbf4","|static|_FUN_001e8cd0_0002cbf4",$d,00000000
"0002cbf8","|static|_FUN_001e8cf4_0002cbf8",$d,00000000
"0002cc04","|static|_FUN_00711a04_0002cc04",$d,00000000
"0002cc14","|static|_FUN_001f4fc8_0002cc14",$d,00000000
"0002cc28","|static|_FUN_001e8d84_0002cc28",$d,00000000
"0002cc68","|static|_FUN_002fc024_0002cc68",$d,00000000
"0002cc6c","|static|_FUN_00321840_0002cc6c",$d,00000000
"0002cc70","|static|_FUN_003217a0_0002cc70",$d,00000000
"0002cc84","|static|_FUN_0033f430_0002cc84",$d,00000000
"0002ccd4","|static|_FUN_002fc014_0002ccd4",$d,00000000
"0002ccd8","|static|_FUN_00779038_0002ccd8",$d,00000000
"0002ccdc","|static|_FUN_00779148_0002ccdc",$d,00000000
"0002cce8","|static|_FUN_0033f420_0002cce8",$d,00000000
"0002cd4c","|static|_FUN_0057ba40_0002cd4c",$d,00000000
"0002cd50","|static|_FUN_001f4c9c_0002cd50",$d,00000000
"0002cd54","|static|_LAB_0057b988_0002cd54",$d,00000000
"0002cd58","|static|_FUN_0057ba54_0002cd58",$d,00000000
"0002cd5c","|static|_FUN_001f4e44_0002cd5c",$d,00000000
"0002cd60","|static|_FUN_0057b98c_0002cd60",$d,00000000
"0002cd68","|static|_FUN_001f4dc0_0002cd68",$d,00000000
"0002cd70","|static|_FUN_001f4e30_0002cd70",$d,00000000
"0002cd74","|static|_FUN_001f4ae4_0002cd74",$d,00000000
"0002cd78","|static|_FUN_00521a38_0002cd78",$d,00000000
"0002cd7c","|static|_FUN_00521064_0002cd7c",$d,00000000
"0002cd88","|static|_FUN_007119f8_0002cd88",$d,00000000
"0002cd9c","|static|_FUN_001e8cd0_0002cd9c",$d,00000000
"0002cda0","|static|_FUN_001e8cf4_0002cda0",$d,00000000
"0002cdac","|static|_FUN_00711a04_0002cdac",$d,00000000
"0002cdbc","|static|_FUN_001f4fc8_0002cdbc",$d,00000000
"0002cdd0","|static|_FUN_001e8d84_0002cdd0",$d,00000000
"0002cdd4","|static|_FUN_001e9020_0002cdd4",$d,00000000
"0002ce10","|static|_FUN_002fc024_0002ce10",$d,00000000
"0002ce14","|static|_FUN_00321840_0002ce14",$d,00000000
"0002ce18","|static|_FUN_003217a0_0002ce18",$d,00000000
"0002ce2c","|static|_FUN_0033f430_0002ce2c",$d,00000000
"0002ce7c","|static|_FUN_002fc014_0002ce7c",$d,00000000
"0002ce80","|static|_FUN_00779038_0002ce80",$d,00000000
"0002ce84","|static|_FUN_00779148_0002ce84",$d,00000000
"0002ce90","|static|_FUN_0033f420_0002ce90",$d,00000000
"0002cef4","|static|_INVALID_|static|_TEXT:0001c117_0002cef4",$d,00000000
"0002cef8","|static|_INVALID_|static|_TEXT:0001c117_0002cef8",$d,00000000
"0002cf04","|static|_INVALID_|static|_TEXT:0001c117_0002cf04",$d,00000000
"0002cf08","|static|_INVALID_|static|_TEXT:0001c117_0002cf08",$d,00000000
"0002cf14","|static|_INVALID_|static|_TEXT:0001c117_0002cf14",$d,00000000
"0002cf18","|static|_INVALID_|static|_TEXT:0001c117_0002cf18",$d,00000000
"0002cf24","|static|_INVALID_|static|_TEXT:0001c117_0002cf24",$d,00000000
"0002cf28","|static|_INVALID_|static|_TEXT:0001c117_0002cf28",$d,00000000
"0002cf34","|static|_INVALID_|static|_TEXT:0001c117_0002cf34",$d,00000000
"0002cf38","|static|_INVALID_|static|_TEXT:0001c117_0002cf38",$d,00000000
"0002cf44","|static|_INVALID_|static|_TEXT:0001c117_0002cf44",$d,00000000
"0002cf48","|static|_INVALID_|static|_TEXT:0001c117_0002cf48",$d,00000000
"0002cf54","|static|_INVALID_|static|_TEXT:0001c117_0002cf54",$d,00000000
"0002cf58","|static|_INVALID_|static|_TEXT:0001c117_0002cf58",$d,00000000
"0002cf64","|static|_INVALID_|static|_TEXT:0001c117_0002cf64",$d,00000000
"0002cf68","|static|_INVALID_|static|_TEXT:0001c117_0002cf68",$d,00000000
"0002cf74","|static|_INVALID_|static|_TEXT:0001c117_0002cf74",$d,00000000
"0002cf78","|static|_INVALID_|static|_TEXT:0001c117_0002cf78",$d,00000000
"0002cf84","|static|_INVALID_|static|_TEXT:0001c117_0002cf84",$d,00000000
"0002cf88","|static|_INVALID_|static|_TEXT:0001c117_0002cf88",$d,00000000
"0002cf94","|static|_INVALID_|static|_TEXT:0001c117_0002cf94",$d,00000000
"0002cf98","|static|_INVALID_|static|_TEXT:0001c117_0002cf98",$d,00000000
"0002cfa4","|static|_INVALID_|static|_TEXT:0001c117_0002cfa4",$d,00000000
"0002cfa8","|static|_INVALID_|static|_TEXT:0001c117_0002cfa8",$d,00000000
"0002cfb4","|static|_INVALID_|static|_TEXT:0001c117_0002cfb4",$d,00000000
"0002cfb8","|static|_INVALID_|static|_TEXT:0001c117_0002cfb8",$d,00000000
"0002cfc4","|static|_INVALID_|static|_TEXT:0001c117_0002cfc4",$d,00000000
"0002cfc8","|static|_INVALID_|static|_TEXT:0001c117_0002cfc8",$d,00000000
"0002cfd4","|static|_INVALID_|static|_TEXT:0001c117_0002cfd4",$d,00000000
"0002cfd8","|static|_INVALID_|static|_TEXT:0001c117_0002cfd8",$d,00000000
"0002cfe4","|static|_INVALID_|static|_TEXT:0001c117_0002cfe4",$d,00000000
"0002cfe8","|static|_INVALID_|static|_TEXT:0001c117_0002cfe8",$d,00000000
"0002cff4","|static|_INVALID_|static|_TEXT:0001c117_0002cff4",$d,00000000
"0002cff8","|static|_INVALID_|static|_TEXT:0001c117_0002cff8",$d,00000000
"0002d004","|static|_INVALID_|static|_TEXT:0001c117_0002d004",$d,00000000
"0002d008","|static|_INVALID_|static|_TEXT:0001c117_0002d008",$d,00000000
"0002d014","|static|_INVALID_|static|_TEXT:0001c117_0002d014",$d,00000000
"0002d018","|static|_INVALID_|static|_TEXT:0001c117_0002d018",$d,00000000
"0002d024","|static|_INVALID_|static|_TEXT:0001c117_0002d024",$d,00000000
"0002d028","|static|_INVALID_|static|_TEXT:0001c117_0002d028",$d,00000000
"0002d034","|static|_INVALID_|static|_TEXT:0001c117_0002d034",$d,00000000
"0002d038","|static|_INVALID_|static|_TEXT:0001c117_0002d038",$d,00000000
"0002d044","|static|_INVALID_|static|_TEXT:0001c117_0002d044",$d,00000000
"0002d048","|static|_INVALID_|static|_TEXT:0001c117_0002d048",$d,00000000
"0002d054","|static|_INVALID_|static|_TEXT:0001c117_0002d054",$d,00000000
"0002d058","|static|_INVALID_|static|_TEXT:0001c117_0002d058",$d,00000000
"0002d064","|static|_INVALID_|static|_TEXT:0001c117_0002d064",$d,00000000
"0002d068","|static|_INVALID_|static|_TEXT:0001c117_0002d068",$d,00000000
"0002d074","|static|_INVALID_|static|_TEXT:0001c117_0002d074",$d,00000000
"0002d078","|static|_INVALID_|static|_TEXT:0001c117_0002d078",$d,00000000
"0002d084","|static|_INVALID_|static|_TEXT:0001c117_0002d084",$d,00000000
"0002d088","|static|_INVALID_|static|_TEXT:0001c117_0002d088",$d,00000000
"0002d094","|static|_INVALID_|static|_TEXT:0001c117_0002d094",$d,00000000
"0002d098","|static|_INVALID_|static|_TEXT:0001c117_0002d098",$d,00000000
"0002d0a4","|static|_INVALID_|static|_TEXT:0001c117_0002d0a4",$d,00000000
"0002d0a8","|static|_INVALID_|static|_TEXT:0001c117_0002d0a8",$d,00000000
"0002d0b4","|static|_INVALID_|static|_TEXT:0001c117_0002d0b4",$d,00000000
"0002d0b8","|static|_INVALID_|static|_TEXT:0001c117_0002d0b8",$d,00000000
"0002d0d0","|static|_FUN_0057ba40_0002d0d0",$d,00000000
"0002d0d4","|static|_FUN_001f4c9c_0002d0d4",$d,00000000
"0002d0d8","|static|_LAB_0057b988_0002d0d8",$d,00000000
"0002d0dc","|static|_FUN_0057ba54_0002d0dc",$d,00000000
"0002d0e0","|static|_FUN_001f4e44_0002d0e0",$d,00000000
"0002d0e4","|static|_FUN_0057b98c_0002d0e4",$d,00000000
"0002d0ec","|static|_FUN_001f4dc0_0002d0ec",$d,00000000
"0002d0f4","|static|_FUN_001f4e30_0002d0f4",$d,00000000
"0002d0f8","|static|_FUN_001f4ae4_0002d0f8",$d,00000000
"0002d0fc","|static|_FUN_00521a38_0002d0fc",$d,00000000
"0002d100","|static|_FUN_00521064_0002d100",$d,00000000
"0002d10c","|static|_FUN_007119f8_0002d10c",$d,00000000
"0002d120","|static|_FUN_001e8cd0_0002d120",$d,00000000
"0002d124","|static|_FUN_001e8cf4_0002d124",$d,00000000
"0002d130","|static|_FUN_00711a04_0002d130",$d,00000000
"0002d140","|static|_FUN_001f4fc8_0002d140",$d,00000000
"0002d154","|static|_FUN_001e8d84_0002d154",$d,00000000
"0002d158","|static|_FUN_001e9020_0002d158",$d,00000000
"0002d194","|static|_FUN_002fc024_0002d194",$d,00000000
"0002d198","|static|_FUN_00321840_0002d198",$d,00000000
"0002d19c","|static|_FUN_003217a0_0002d19c",$d,00000000
"0002d1b0","|static|_FUN_0033f430_0002d1b0",$d,00000000
"0002d200","|static|_FUN_002fc014_0002d200",$d,00000000
"0002d204","|static|_FUN_00779038_0002d204",$d,00000000
"0002d208","|static|_FUN_00779148_0002d208",$d,00000000
"0002d214","|static|_FUN_0033f420_0002d214",$d,00000000
"0002d2b8","|static|_FUN_0057ba40_0002d2b8",$d,00000000
"0002d2bc","|static|_FUN_001f4c9c_0002d2bc",$d,00000000
"0002d2c0","|static|_LAB_0057b988_0002d2c0",$d,00000000
"0002d2c4","|static|_FUN_0057ba54_0002d2c4",$d,00000000
"0002d2c8","|static|_FUN_001f4e44_0002d2c8",$d,00000000
"0002d2cc","|static|_FUN_0057b98c_0002d2cc",$d,00000000
"0002d2d4","|static|_FUN_001f4dc0_0002d2d4",$d,00000000
"0002d2dc","|static|_FUN_001f4e30_0002d2dc",$d,00000000
"0002d2e0","|static|_FUN_001f4ae4_0002d2e0",$d,00000000
"0002d2e4","|static|_FUN_00521a38_0002d2e4",$d,00000000
"0002d2e8","|static|_FUN_00521064_0002d2e8",$d,00000000
"0002d2f4","|static|_FUN_007119f8_0002d2f4",$d,00000000
"0002d308","|static|_FUN_001e8cd0_0002d308",$d,00000000
"0002d30c","|static|_FUN_001e8cf4_0002d30c",$d,00000000
"0002d318","|static|_FUN_00711a04_0002d318",$d,00000000
"0002d328","|static|_FUN_001f4fc8_0002d328",$d,00000000
"0002d33c","|static|_FUN_001e8d84_0002d33c",$d,00000000
"0002d340","|static|_FUN_001e9020_0002d340",$d,00000000
"0002d37c","|static|_FUN_002fc024_0002d37c",$d,00000000
"0002d380","|static|_FUN_00321840_0002d380",$d,00000000
"0002d384","|static|_FUN_003217a0_0002d384",$d,00000000
"0002d398","|static|_FUN_0033f430_0002d398",$d,00000000
"0002d3d8","|static|_FUN_002fc014_0002d3d8",$d,00000000
"0002d3dc","|static|_FUN_00779038_0002d3dc",$d,00000000
"0002d3e0","|static|_FUN_00779148_0002d3e0",$d,00000000
"0002d3ec","|static|_FUN_0033f420_0002d3ec",$d,00000000
"0002d410","|static|_FUN_0057ba40_0002d410",$d,00000000
"0002d414","|static|_FUN_001f4c9c_0002d414",$d,00000000
"0002d418","|static|_LAB_0057b988_0002d418",$d,00000000
"0002d41c","|static|_FUN_0057ba54_0002d41c",$d,00000000
"0002d420","|static|_FUN_001f4e44_0002d420",$d,00000000
"0002d424","|static|_FUN_0057b98c_0002d424",$d,00000000
"0002d42c","|static|_FUN_001f4dc0_0002d42c",$d,00000000
"0002d434","|static|_FUN_001f4e30_0002d434",$d,00000000
"0002d438","|static|_FUN_001f4ae4_0002d438",$d,00000000
"0002d43c","|static|_FUN_00521a38_0002d43c",$d,00000000
"0002d440","|static|_FUN_00521064_0002d440",$d,00000000
"0002d44c","|static|_FUN_007119f8_0002d44c",$d,00000000
"0002d460","|static|_FUN_001e8cd0_0002d460",$d,00000000
"0002d464","|static|_FUN_001e8cf4_0002d464",$d,00000000
"0002d470","|static|_FUN_00711a04_0002d470",$d,00000000
"0002d480","|static|_FUN_001f4fc8_0002d480",$d,00000000
"0002d4d4","|static|_FUN_002fc024_0002d4d4",$d,00000000
"0002d4d8","|static|_FUN_00321840_0002d4d8",$d,00000000
"0002d4dc","|static|_FUN_003217a0_0002d4dc",$d,00000000
"0002d4f0","|static|_FUN_0033f430_0002d4f0",$d,00000000
"0002d540","|static|_FUN_002fc014_0002d540",$d,00000000
"0002d544","|static|_FUN_00779038_0002d544",$d,00000000
"0002d548","|static|_FUN_00779148_0002d548",$d,00000000
"0002d554","|static|_FUN_0033f420_0002d554",$d,00000000
"0002d5c4","|static|_FUN_0057ba40_0002d5c4",$d,00000000
"0002d5c8","|static|_FUN_001f4c9c_0002d5c8",$d,00000000
"0002d5cc","|static|_LAB_0057b988_0002d5cc",$d,00000000
"0002d5d0","|static|_FUN_0057ba54_0002d5d0",$d,00000000
"0002d5d4","|static|_FUN_001f4e44_0002d5d4",$d,00000000
"0002d5d8","|static|_FUN_0057b98c_0002d5d8",$d,00000000
"0002d5e0","|static|_FUN_001f4dc0_0002d5e0",$d,00000000
"0002d5e8","|static|_FUN_001f4e30_0002d5e8",$d,00000000
"0002d5ec","|static|_FUN_001f4ae4_0002d5ec",$d,00000000
"0002d5f0","|static|_FUN_00521a38_0002d5f0",$d,00000000
"0002d5f4","|static|_FUN_00521064_0002d5f4",$d,00000000
"0002d600","|static|_FUN_007119f8_0002d600",$d,00000000
"0002d614","|static|_FUN_001e8cd0_0002d614",$d,00000000
"0002d624","|static|_FUN_00711a04_0002d624",$d,00000000
"0002d634","|static|_FUN_001f4fc8_0002d634",$d,00000000
"0002d648","|static|_FUN_001e8d84_0002d648",$d,00000000
"0002d64c","|static|_FUN_001e9020_0002d64c",$d,00000000
"0002d690","|static|_FUN_002fc024_0002d690",$d,00000000
"0002d694","|static|_FUN_00321840_0002d694",$d,00000000
"0002d6ac","|static|_FUN_0033f430_0002d6ac",$d,00000000
"0002d6fc","|static|_FUN_002fc014_0002d6fc",$d,00000000
"0002d700","|static|_FUN_00779038_0002d700",$d,00000000
"0002d710","|static|_FUN_0033f420_0002d710",$d,00000000
"0002d780","|static|_FUN_0057ba40_0002d780",$d,00000000
"0002d784","|static|_FUN_001f4c9c_0002d784",$d,00000000
"0002d788","|static|_LAB_0057b988_0002d788",$d,00000000
"0002d78c","|static|_FUN_0057ba54_0002d78c",$d,00000000
"0002d790","|static|_FUN_001f4e44_0002d790",$d,00000000
"0002d794","|static|_FUN_0057b98c_0002d794",$d,00000000
"0002d79c","|static|_FUN_001f4dc0_0002d79c",$d,00000000
"0002d7a4","|static|_FUN_001f4e30_0002d7a4",$d,00000000
"0002d7a8","|static|_FUN_001f4ae4_0002d7a8",$d,00000000
"0002d7ac","|static|_FUN_00521a38_0002d7ac",$d,00000000
"0002d7b0","|static|_FUN_00521064_0002d7b0",$d,00000000
"0002d7bc","|static|_FUN_007119f8_0002d7bc",$d,00000000
"0002d7d0","|static|_FUN_001e8cd0_0002d7d0",$d,00000000
"0002d7d4","|static|_FUN_001e8cf4_0002d7d4",$d,00000000
"0002d7e0","|static|_FUN_00711a04_0002d7e0",$d,00000000
"0002d7f0","|static|_FUN_001f4fc8_0002d7f0",$d,00000000
"0002d804","|static|_FUN_001e8d84_0002d804",$d,00000000
"0002d808","|static|_FUN_001e9020_0002d808",$d,00000000
"0002d844","|static|_FUN_002fc024_0002d844",$d,00000000
"0002d848","|static|_FUN_00321840_0002d848",$d,00000000
"0002d84c","|static|_FUN_003217a0_0002d84c",$d,00000000
"0002d860","|static|_FUN_0033f430_0002d860",$d,00000000
"0002d8b0","|static|_FUN_002fc014_0002d8b0",$d,00000000
"0002d8b4","|static|_FUN_00779038_0002d8b4",$d,00000000
"0002d8b8","|static|_FUN_00779148_0002d8b8",$d,00000000
"0002d8c4","|static|_FUN_0033f420_0002d8c4",$d,00000000
"0002d928","|static|_FUN_0057ba40_0002d928",$d,00000000
"0002d92c","|static|_FUN_001f4c9c_0002d92c",$d,00000000
"0002d930","|static|_LAB_0057b988_0002d930",$d,00000000
"0002d934","|static|_FUN_0057ba54_0002d934",$d,00000000
"0002d938","|static|_FUN_001f4e44_0002d938",$d,00000000
"0002d93c","|static|_FUN_0057b98c_0002d93c",$d,00000000
"0002d944","|static|_FUN_001f4dc0_0002d944",$d,00000000
"0002d94c","|static|_FUN_001f4e30_0002d94c",$d,00000000
"0002d950","|static|_FUN_001f4ae4_0002d950",$d,00000000
"0002d954","|static|_FUN_00521a38_0002d954",$d,00000000
"0002d958","|static|_FUN_00521064_0002d958",$d,00000000
"0002d964","|static|_FUN_007119f8_0002d964",$d,00000000
"0002d978","|static|_FUN_001e8cd0_0002d978",$d,00000000
"0002d97c","|static|_FUN_001e8cf4_0002d97c",$d,00000000
"0002d988","|static|_FUN_00711a04_0002d988",$d,00000000
"0002d998","|static|_FUN_001f4fc8_0002d998",$d,00000000
"0002d9ac","|static|_FUN_001e8d84_0002d9ac",$d,00000000
"0002d9b0","|static|_FUN_001e9020_0002d9b0",$d,00000000
"0002d9ec","|static|_FUN_002fc024_0002d9ec",$d,00000000
"0002d9f0","|static|_FUN_00321840_0002d9f0",$d,00000000
"0002d9f4","|static|_FUN_003217a0_0002d9f4",$d,00000000
"0002da08","|static|_FUN_0033f430_0002da08",$d,00000000
"0002da58","|static|_FUN_002fc014_0002da58",$d,00000000
"0002da5c","|static|_FUN_00779038_0002da5c",$d,00000000
"0002da60","|static|_FUN_00779148_0002da60",$d,00000000
"0002da6c","|static|_FUN_0033f420_0002da6c",$d,00000000
"0002dacc","|static|_FUN_00529d8c_0002dacc",$d,00000000
"0002dad4","|static|_LAB_00520f64_0002dad4",$d,00000000
"0002dad8","|static|_FUN_00529da0_0002dad8",$d,00000000
"0002dae0","|static|_LAB_00520f6c_0002dae0",$d,00000000
"0002dae4","|static|_FUN_00529cf4_0002dae4",$d,00000000
"0002daec","|static|_LAB_00521068_0002daec",$d,00000000
"0002daf0","|static|_FUN_00529d78_0002daf0",$d,00000000
"0002daf8","|static|_FUN_00521a3c_0002daf8",$d,00000000
"0002dafc","|static|_FUN_00521064_0002dafc",$d,00000000
"0002db30","|static|_FUN_0057ba40_0002db30",$d,00000000
"0002db34","|static|_FUN_001f4c9c_0002db34",$d,00000000
"0002db38","|static|_LAB_0057b988_0002db38",$d,00000000
"0002db3c","|static|_FUN_0057ba54_0002db3c",$d,00000000
"0002db40","|static|_FUN_001f4e44_0002db40",$d,00000000
"0002db44","|static|_FUN_0057b98c_0002db44",$d,00000000
"0002db4c","|static|_FUN_001f4dc0_0002db4c",$d,00000000
"0002db54","|static|_FUN_001f4e30_0002db54",$d,00000000
"0002db58","|static|_FUN_001f4ae4_0002db58",$d,00000000
"0002db5c","|static|_FUN_00521a38_0002db5c",$d,00000000
"0002db60","|static|_FUN_00521064_0002db60",$d,00000000
"0002db6c","|static|_FUN_007119f8_0002db6c",$d,00000000
"0002db80","|static|_FUN_001e8cd0_0002db80",$d,00000000
"0002db84","|static|_FUN_001e8cf4_0002db84",$d,00000000
"0002db90","|static|_FUN_00711a04_0002db90",$d,00000000
"0002dba0","|static|_FUN_001f4fc8_0002dba0",$d,00000000
"0002dbb4","|static|_FUN_001e8d84_0002dbb4",$d,00000000
"0002dbb8","|static|_FUN_001e9020_0002dbb8",$d,00000000
"0002dbfc","|static|_FUN_002fc024_0002dbfc",$d,00000000
"0002dc00","|static|_FUN_00321840_0002dc00",$d,00000000
"0002dc18","|static|_FUN_0033f430_0002dc18",$d,00000000
"0002dc68","|static|_FUN_002fc014_0002dc68",$d,00000000
"0002dc6c","|static|_FUN_00779038_0002dc6c",$d,00000000
"0002dc7c","|static|_FUN_0033f420_0002dc7c",$d,00000000
"0002dcec","|static|_FUN_0057ba40_0002dcec",$d,00000000
"0002dcf0","|static|_FUN_001f4c9c_0002dcf0",$d,00000000
"0002dcf4","|static|_LAB_0057b988_0002dcf4",$d,00000000
"0002dcf8","|static|_FUN_0057ba54_0002dcf8",$d,00000000
"0002dcfc","|static|_FUN_001f4e44_0002dcfc",$d,00000000
"0002dd00","|static|_FUN_0057b98c_0002dd00",$d,00000000
"0002dd08","|static|_FUN_001f4dc0_0002dd08",$d,00000000
"0002dd10","|static|_FUN_001f4e30_0002dd10",$d,00000000
"0002dd14","|static|_FUN_001f4ae4_0002dd14",$d,00000000
"0002dd18","|static|_FUN_00521a38_0002dd18",$d,00000000
"0002dd1c","|static|_FUN_00521064_0002dd1c",$d,00000000
"0002dd28","|static|_FUN_007119f8_0002dd28",$d,00000000
"0002dd3c","|static|_FUN_001e8cd0_0002dd3c",$d,00000000
"0002dd40","|static|_FUN_001e8cf4_0002dd40",$d,00000000
"0002dd4c","|static|_FUN_00711a04_0002dd4c",$d,00000000
"0002dd5c","|static|_FUN_001f4fc8_0002dd5c",$d,00000000
"0002dd70","|static|_FUN_001e8d84_0002dd70",$d,00000000
"0002dd74","|static|_FUN_001e9020_0002dd74",$d,00000000
"0002ddb0","|static|_FUN_002fc024_0002ddb0",$d,00000000
"0002ddb4","|static|_FUN_00321840_0002ddb4",$d,00000000
"0002ddb8","|static|_FUN_003217a0_0002ddb8",$d,00000000
"0002ddcc","|static|_FUN_0033f430_0002ddcc",$d,00000000
"0002de1c","|static|_FUN_002fc014_0002de1c",$d,00000000
"0002de20","|static|_FUN_00779038_0002de20",$d,00000000
"0002de24","|static|_FUN_00779148_0002de24",$d,00000000
"0002de30","|static|_FUN_0033f420_0002de30",$d,00000000
"0002de94","|static|_FUN_0057ba40_0002de94",$d,00000000
"0002de98","|static|_FUN_001f4c9c_0002de98",$d,00000000
"0002de9c","|static|_LAB_0057b988_0002de9c",$d,00000000
"0002dea0","|static|_FUN_0057ba54_0002dea0",$d,00000000
"0002dea4","|static|_FUN_001f4e44_0002dea4",$d,00000000
"0002dea8","|static|_FUN_0057b98c_0002dea8",$d,00000000
"0002deb0","|static|_FUN_001f4dc0_0002deb0",$d,00000000
"0002deb8","|static|_FUN_001f4e30_0002deb8",$d,00000000
"0002debc","|static|_FUN_001f4ae4_0002debc",$d,00000000
"0002dec0","|static|_FUN_00521a38_0002dec0",$d,00000000
"0002dec4","|static|_FUN_00521064_0002dec4",$d,00000000
"0002ded0","|static|_FUN_007119f8_0002ded0",$d,00000000
"0002dee4","|static|_FUN_001e8cd0_0002dee4",$d,00000000
"0002dee8","|static|_FUN_001e8cf4_0002dee8",$d,00000000
"0002def4","|static|_FUN_00711a04_0002def4",$d,00000000
"0002df04","|static|_FUN_001f4fc8_0002df04",$d,00000000
"0002df18","|static|_FUN_001e8d84_0002df18",$d,00000000
"0002df1c","|static|_FUN_001e9020_0002df1c",$d,00000000
"0002df58","|static|_FUN_002fc024_0002df58",$d,00000000
"0002df5c","|static|_FUN_00321840_0002df5c",$d,00000000
"0002df60","|static|_FUN_003217a0_0002df60",$d,00000000
"0002df74","|static|_FUN_0033f430_0002df74",$d,00000000
"0002dfc4","|static|_FUN_002fc014_0002dfc4",$d,00000000
"0002dfc8","|static|_FUN_00779038_0002dfc8",$d,00000000
"0002dfcc","|static|_FUN_00779148_0002dfcc",$d,00000000
"0002dfd8","|static|_FUN_0033f420_0002dfd8",$d,00000000
"0002e048","|static|_FUN_0057ba40_0002e048",$d,00000000
"0002e050","|static|_LAB_0057b988_0002e050",$d,00000000
"0002e054","|static|_FUN_0057ba54_0002e054",$d,00000000
"0002e05c","|static|_FUN_0057b98c_0002e05c",$d,00000000
"0002e060","|static|_FUN_0057b990_0002e060",$d,00000000
"0002e068","|static|_LAB_0057ba24_0002e068",$d,00000000
"0002e074","|static|_FUN_00521a38_0002e074",$d,00000000
"0002e078","|static|_FUN_00521064_0002e078",$d,00000000
"0002e0a4","|static|_FUN_002fc024_0002e0a4",$d,00000000
"0002e0a8","|static|_FUN_00321840_0002e0a8",$d,00000000
"0002e0ac","|static|_FUN_003217a0_0002e0ac",$d,00000000
"0002e0c0","|static|_FUN_0033f430_0002e0c0",$d,00000000
"0002e100","|static|_FUN_002fc014_0002e100",$d,00000000
"0002e104","|static|_FUN_00779038_0002e104",$d,00000000
"0002e108","|static|_FUN_00779148_0002e108",$d,00000000
"0002e114","|static|_FUN_0033f420_0002e114",$d,00000000
"0002e19c","|static|_FUN_0057ba40_0002e19c",$d,00000000
"0002e1a0","|static|_FUN_001f4c9c_0002e1a0",$d,00000000
"0002e1a4","|static|_LAB_0057b988_0002e1a4",$d,00000000
"0002e1a8","|static|_FUN_0057ba54_0002e1a8",$d,00000000
"0002e1ac","|static|_FUN_001f4e44_0002e1ac",$d,00000000
"0002e1b0","|static|_FUN_0057b98c_0002e1b0",$d,00000000
"0002e1b8","|static|_FUN_001f4dc0_0002e1b8",$d,00000000
"0002e1c0","|static|_FUN_001f4e30_0002e1c0",$d,00000000
"0002e1c4","|static|_FUN_001f4ae4_0002e1c4",$d,00000000
"0002e1c8","|static|_FUN_00521a38_0002e1c8",$d,00000000
"0002e1cc","|static|_FUN_00521064_0002e1cc",$d,00000000
"0002e1d8","|static|_FUN_007119f8_0002e1d8",$d,00000000
"0002e1dc","|static|_INVALID_|static|_TEXT:0001c117_0002e1dc",$d,00000000
"0002e1ec","|static|_FUN_001e8cd0_0002e1ec",$d,00000000
"0002e1f0","|static|_FUN_001e8cf4_0002e1f0",$d,00000000
"0002e1fc","|static|_FUN_00711a04_0002e1fc",$d,00000000
"0002e204","|static|_INVALID_|static|_TEXT:0001c117_0002e204",$d,00000000
"0002e20c","|static|_FUN_001f4fc8_0002e20c",$d,00000000
"0002e220","|static|_FUN_001e8d84_0002e220",$d,00000000
"0002e224","|static|_FUN_001e9020_0002e224",$d,00000000
"0002e230","|static|_INVALID_|static|_TEXT:0001c117_0002e230",$d,00000000
"0002e260","|static|_FUN_002fc024_0002e260",$d,00000000
"0002e264","|static|_FUN_00321840_0002e264",$d,00000000
"0002e268","|static|_FUN_003217a0_0002e268",$d,00000000
"0002e27c","|static|_FUN_0033f430_0002e27c",$d,00000000
"0002e2bc","|static|_FUN_002fc014_0002e2bc",$d,00000000
"0002e2c0","|static|_FUN_00779038_0002e2c0",$d,00000000
"0002e2c4","|static|_FUN_00779148_0002e2c4",$d,00000000
"0002e2d0","|static|_FUN_0033f420_0002e2d0",$d,00000000
"0002e2f4","|static|_FUN_0057ba40_0002e2f4",$d,00000000
"0002e2fc","|static|_LAB_0057b988_0002e2fc",$d,00000000
"0002e300","|static|_FUN_0057ba54_0002e300",$d,00000000
"0002e308","|static|_FUN_0057b98c_0002e308",$d,00000000
"0002e30c","|static|_FUN_0057b990_0002e30c",$d,00000000
"0002e314","|static|_LAB_0057ba24_0002e314",$d,00000000
"0002e318","|static|_FUN_0057ba2c_0002e318",$d,00000000
"0002e320","|static|_FUN_00521a38_0002e320",$d,00000000
"0002e324","|static|_FUN_00521064_0002e324",$d,00000000
"0002e350","|static|_FUN_002fc024_0002e350",$d,00000000
"0002e354","|static|_FUN_00321840_0002e354",$d,00000000
"0002e358","|static|_FUN_003217a0_0002e358",$d,00000000
"0002e36c","|static|_FUN_0033f430_0002e36c",$d,00000000
"0002e3ac","|static|_FUN_002fc014_0002e3ac",$d,00000000
"0002e3b0","|static|_FUN_00779038_0002e3b0",$d,00000000
"0002e3b4","|static|_FUN_00779148_0002e3b4",$d,00000000
"0002e3c0","|static|_FUN_0033f420_0002e3c0",$d,00000000
"0002e408","|static|_FUN_0057ba40_0002e408",$d,00000000
"0002e40c","|static|_FUN_001f4c9c_0002e40c",$d,00000000
"0002e410","|static|_LAB_0057b988_0002e410",$d,00000000
"0002e414","|static|_FUN_0057ba54_0002e414",$d,00000000
"0002e41c","|static|_FUN_0057b98c_0002e41c",$d,00000000
"0002e424","|static|_FUN_001f4dc0_0002e424",$d,00000000
"0002e42c","|static|_FUN_001f4e30_0002e42c",$d,00000000
"0002e430","|static|_FUN_001f4ae4_0002e430",$d,00000000
"0002e434","|static|_FUN_00521a38_0002e434",$d,00000000
"0002e438","|static|_FUN_00521064_0002e438",$d,00000000
"0002e444","|static|_FUN_007119f8_0002e444",$d,00000000
"0002e458","|static|_FUN_001e8cd0_0002e458",$d,00000000
"0002e45c","|static|_FUN_001e8cf4_0002e45c",$d,00000000
"0002e478","|static|_FUN_001f4fc8_0002e478",$d,00000000
"0002e48c","|static|_FUN_001e8d84_0002e48c",$d,00000000
"0002e490","|static|_FUN_001e9020_0002e490",$d,00000000
"0002e4d0","|static|_FUN_002fc024_0002e4d0",$d,00000000
"0002e4d4","|static|_FUN_00321840_0002e4d4",$d,00000000
"0002e4d8","|static|_FUN_003217a0_0002e4d8",$d,00000000
"0002e53c","|static|_FUN_002fc014_0002e53c",$d,00000000
"0002e540","|static|_FUN_00779038_0002e540",$d,00000000
"0002e544","|static|_FUN_00779148_0002e544",$d,00000000
"0002e5b4","|static|_FUN_0057ba40_0002e5b4",$d,00000000
"0002e5b8","|static|_FUN_001f4c9c_0002e5b8",$d,00000000
"0002e5bc","|static|_LAB_0057b988_0002e5bc",$d,00000000
"0002e5c0","|static|_FUN_0057ba54_0002e5c0",$d,00000000
"0002e5c4","|static|_FUN_001f4e44_0002e5c4",$d,00000000
"0002e5c8","|static|_FUN_0057b98c_0002e5c8",$d,00000000
"0002e5d0","|static|_FUN_001f4dc0_0002e5d0",$d,00000000
"0002e5d8","|static|_FUN_001f4e30_0002e5d8",$d,00000000
"0002e5dc","|static|_FUN_001f4ae4_0002e5dc",$d,00000000
"0002e5e0","|static|_FUN_00521a38_0002e5e0",$d,00000000
"0002e5e4","|static|_FUN_00521064_0002e5e4",$d,00000000
"0002e5f0","|static|_FUN_007119f8_0002e5f0",$d,00000000
"0002e604","|static|_FUN_001e8cd0_0002e604",$d,00000000
"0002e608","|static|_FUN_001e8cf4_0002e608",$d,00000000
"0002e614","|static|_FUN_00711a04_0002e614",$d,00000000
"0002e624","|static|_FUN_001f4fc8_0002e624",$d,00000000
"0002e638","|static|_FUN_001e8d84_0002e638",$d,00000000
"0002e63c","|static|_FUN_001e9020_0002e63c",$d,00000000
"0002e678","|static|_FUN_002fc024_0002e678",$d,00000000
"0002e67c","|static|_FUN_00321840_0002e67c",$d,00000000
"0002e680","|static|_FUN_003217a0_0002e680",$d,00000000
"0002e694","|static|_FUN_0033f430_0002e694",$d,00000000
"0002e6e4","|static|_FUN_002fc014_0002e6e4",$d,00000000
"0002e6e8","|static|_FUN_00779038_0002e6e8",$d,00000000
"0002e6ec","|static|_FUN_00779148_0002e6ec",$d,00000000
"0002e6f8","|static|_FUN_0033f420_0002e6f8",$d,00000000
"0002e75c","|static|_FUN_0057ba40_0002e75c",$d,00000000
"0002e760","|static|_FUN_001f4c9c_0002e760",$d,00000000
"0002e764","|static|_LAB_0057b988_0002e764",$d,00000000
"0002e768","|static|_FUN_0057ba54_0002e768",$d,00000000
"0002e76c","|static|_FUN_001f4e44_0002e76c",$d,00000000
"0002e770","|static|_FUN_0057b98c_0002e770",$d,00000000
"0002e778","|static|_FUN_001f4dc0_0002e778",$d,00000000
"0002e780","|static|_FUN_001f4e30_0002e780",$d,00000000
"0002e784","|static|_FUN_001f4ae4_0002e784",$d,00000000
"0002e788","|static|_FUN_00521a38_0002e788",$d,00000000
"0002e78c","|static|_FUN_00521064_0002e78c",$d,00000000
"0002e798","|static|_FUN_007119f8_0002e798",$d,00000000
"0002e7ac","|static|_FUN_001e8cd0_0002e7ac",$d,00000000
"0002e7b0","|static|_FUN_001e8cf4_0002e7b0",$d,00000000
"0002e7bc","|static|_FUN_00711a04_0002e7bc",$d,00000000
"0002e7cc","|static|_FUN_001f4fc8_0002e7cc",$d,00000000
"0002e7e0","|static|_FUN_001e8d84_0002e7e0",$d,00000000
"0002e7e4","|static|_FUN_001e9020_0002e7e4",$d,00000000
"0002e820","|static|_FUN_002fc024_0002e820",$d,00000000
"0002e824","|static|_FUN_00321840_0002e824",$d,00000000
"0002e828","|static|_FUN_003217a0_0002e828",$d,00000000
"0002e83c","|static|_FUN_0033f430_0002e83c",$d,00000000
"0002e88c","|static|_FUN_002fc014_0002e88c",$d,00000000
"0002e890","|static|_FUN_00779038_0002e890",$d,00000000
"0002e894","|static|_FUN_00779148_0002e894",$d,00000000
"0002e8a0","|static|_FUN_0033f420_0002e8a0",$d,00000000
"0002e904","|static|_FUN_0057ba40_0002e904",$d,00000000
"0002e908","|static|_FUN_001f4c9c_0002e908",$d,00000000
"0002e90c","|static|_LAB_0057b988_0002e90c",$d,00000000
"0002e910","|static|_FUN_0057ba54_0002e910",$d,00000000
"0002e914","|static|_FUN_001f4e44_0002e914",$d,00000000
"0002e918","|static|_FUN_0057b98c_0002e918",$d,00000000
"0002e920","|static|_FUN_001f4dc0_0002e920",$d,00000000
"0002e928","|static|_FUN_001f4e30_0002e928",$d,00000000
"0002e92c","|static|_FUN_001f4ae4_0002e92c",$d,00000000
"0002e930","|static|_FUN_00521a38_0002e930",$d,00000000
"0002e934","|static|_FUN_00521064_0002e934",$d,00000000
"0002e940","|static|_FUN_007119f8_0002e940",$d,00000000
"0002e954","|static|_FUN_001e8cd0_0002e954",$d,00000000
"0002e958","|static|_FUN_001e8cf4_0002e958",$d,00000000
"0002e974","|static|_FUN_001f4fc8_0002e974",$d,00000000
"0002e988","|static|_FUN_001e8d84_0002e988",$d,00000000
"0002e98c","|static|_FUN_001e9020_0002e98c",$d,00000000
"0002e9cc","|static|_FUN_002fc024_0002e9cc",$d,00000000
"0002e9d0","|static|_FUN_00321840_0002e9d0",$d,00000000
"0002e9e8","|static|_FUN_0033f430_0002e9e8",$d,00000000
"0002ea38","|static|_FUN_002fc014_0002ea38",$d,00000000
"0002ea3c","|static|_FUN_00779038_0002ea3c",$d,00000000
"0002ea4c","|static|_FUN_0033f420_0002ea4c",$d,00000000
"0002eaac","|static|_FUN_00529d8c_0002eaac",$d,00000000
"0002eab4","|static|_LAB_00520f64_0002eab4",$d,00000000
"0002eab8","|static|_FUN_00529da0_0002eab8",$d,00000000
"0002eac0","|static|_LAB_00520f6c_0002eac0",$d,00000000
"0002eac4","|static|_FUN_00529cf4_0002eac4",$d,00000000
"0002eacc","|static|_LAB_00521068_0002eacc",$d,00000000
"0002ead0","|static|_FUN_00529d78_0002ead0",$d,00000000
"0002ead4","|static|_FUN_00521a04_0002ead4",$d,00000000
"0002ead8","|static|_FUN_00521a3c_0002ead8",$d,00000000
"0002eadc","|static|_FUN_00521064_0002eadc",$d,00000000
"0002eaf8","|static|_FUN_0057ba40_0002eaf8",$d,00000000
"0002eafc","|static|_FUN_001f4c9c_0002eafc",$d,00000000
"0002eb00","|static|_LAB_0057b988_0002eb00",$d,00000000
"0002eb04","|static|_FUN_0057ba54_0002eb04",$d,00000000
"0002eb08","|static|_FUN_001f4e44_0002eb08",$d,00000000
"0002eb0c","|static|_FUN_0057b98c_0002eb0c",$d,00000000
"0002eb14","|static|_FUN_001f4dc0_0002eb14",$d,00000000
"0002eb1c","|static|_FUN_001f4e30_0002eb1c",$d,00000000
"0002eb20","|static|_FUN_001f4ae4_0002eb20",$d,00000000
"0002eb24","|static|_FUN_00521a38_0002eb24",$d,00000000
"0002eb28","|static|_FUN_00521064_0002eb28",$d,00000000
"0002eb34","|static|_FUN_007119f8_0002eb34",$d,00000000
"0002eb38","|static|_INVALID_|static|_TEXT:0001c117_0002eb38",$d,00000000
"0002eb48","|static|_FUN_001e8cd0_0002eb48",$d,00000000
"0002eb4c","|static|_FUN_001e8cf4_0002eb4c",$d,00000000
"0002eb58","|static|_FUN_00711a04_0002eb58",$d,00000000
"0002eb60","|static|_INVALID_|static|_TEXT:0001c117_0002eb60",$d,00000000
"0002eb68","|static|_FUN_001f4fc8_0002eb68",$d,00000000
"0002eb7c","|static|_FUN_001e8d84_0002eb7c",$d,00000000
"0002eb80","|static|_FUN_001e9020_0002eb80",$d,00000000
"0002eb8c","|static|_INVALID_|static|_TEXT:0001c117_0002eb8c",$d,00000000
"0002ebbc","|static|_FUN_002fc024_0002ebbc",$d,00000000
"0002ebc0","|static|_FUN_00321840_0002ebc0",$d,00000000
"0002ebc4","|static|_FUN_003217a0_0002ebc4",$d,00000000
"0002ebd8","|static|_FUN_0033f430_0002ebd8",$d,00000000
"0002ec18","|static|_FUN_002fc014_0002ec18",$d,00000000
"0002ec1c","|static|_FUN_00779038_0002ec1c",$d,00000000
"0002ec20","|static|_FUN_00779148_0002ec20",$d,00000000
"0002ec2c","|static|_FUN_0033f420_0002ec2c",$d,00000000
"0002ec84","|static|_FUN_0057ba40_0002ec84",$d,00000000
"0002ec88","|static|_FUN_001f4c9c_0002ec88",$d,00000000
"0002ec8c","|static|_LAB_0057b988_0002ec8c",$d,00000000
"0002ec90","|static|_FUN_0057ba54_0002ec90",$d,00000000
"0002ec94","|static|_FUN_001f4e44_0002ec94",$d,00000000
"0002ec98","|static|_FUN_0057b98c_0002ec98",$d,00000000
"0002eca0","|static|_FUN_001f4dc0_0002eca0",$d,00000000
"0002eca8","|static|_FUN_001f4e30_0002eca8",$d,00000000
"0002ecac","|static|_FUN_001f4ae4_0002ecac",$d,00000000
"0002ecb0","|static|_FUN_00521a38_0002ecb0",$d,00000000
"0002ecb4","|static|_FUN_00521064_0002ecb4",$d,00000000
"0002ecd4","|static|_FUN_001e8cd0_0002ecd4",$d,00000000
"0002ecd8","|static|_FUN_001e8cf4_0002ecd8",$d,00000000
"0002ece4","|static|_FUN_00711a04_0002ece4",$d,00000000
"0002ecf4","|static|_FUN_001f4fc8_0002ecf4",$d,00000000
"0002ed08","|static|_FUN_001e8d84_0002ed08",$d,00000000
"0002ed0c","|static|_FUN_001e9020_0002ed0c",$d,00000000
"0002ed54","|static|_FUN_00321840_0002ed54",$d,00000000
"0002ed58","|static|_FUN_003217a0_0002ed58",$d,00000000
"0002ed6c","|static|_FUN_0033f430_0002ed6c",$d,00000000
"0002edc0","|static|_FUN_00779038_0002edc0",$d,00000000
"0002edc4","|static|_FUN_00779148_0002edc4",$d,00000000
"0002edd0","|static|_FUN_0033f420_0002edd0",$d,00000000
"0002ee34","|static|_FUN_0057ba40_0002ee34",$d,00000000
"0002ee38","|static|_FUN_001f4c9c_0002ee38",$d,00000000
"0002ee3c","|static|_LAB_0057b988_0002ee3c",$d,00000000
"0002ee40","|static|_FUN_0057ba54_0002ee40",$d,00000000
"0002ee44","|static|_FUN_001f4e44_0002ee44",$d,00000000
"0002ee48","|static|_FUN_0057b98c_0002ee48",$d,00000000
"0002ee50","|static|_FUN_001f4dc0_0002ee50",$d,00000000
"0002ee58","|static|_FUN_001f4e30_0002ee58",$d,00000000
"0002ee5c","|static|_FUN_001f4ae4_0002ee5c",$d,00000000
"0002ee60","|static|_FUN_00521a38_0002ee60",$d,00000000
"0002ee64","|static|_FUN_00521064_0002ee64",$d,00000000
"0002ee70","|static|_FUN_007119f8_0002ee70",$d,00000000
"0002ee84","|static|_FUN_001e8cd0_0002ee84",$d,00000000
"0002ee88","|static|_FUN_001e8cf4_0002ee88",$d,00000000
"0002ee94","|static|_FUN_00711a04_0002ee94",$d,00000000
"0002eea4","|static|_FUN_001f4fc8_0002eea4",$d,00000000
"0002eeb8","|static|_FUN_001e8d84_0002eeb8",$d,00000000
"0002eebc","|static|_FUN_001e9020_0002eebc",$d,00000000
"0002eef8","|static|_FUN_002fc024_0002eef8",$d,00000000
"0002eefc","|static|_FUN_00321840_0002eefc",$d,00000000
"0002ef00","|static|_FUN_003217a0_0002ef00",$d,00000000
"0002ef14","|static|_FUN_0033f430_0002ef14",$d,00000000
"0002ef64","|static|_FUN_002fc014_0002ef64",$d,00000000
"0002ef68","|static|_FUN_00779038_0002ef68",$d,00000000
"0002ef6c","|static|_FUN_00779148_0002ef6c",$d,00000000
"0002ef78","|static|_FUN_0033f420_0002ef78",$d,00000000
"0002efe8","|static|_FUN_0057ba40_0002efe8",$d,00000000
"0002efec","|static|_FUN_001f4c9c_0002efec",$d,00000000
"0002eff0","|static|_LAB_0057b988_0002eff0",$d,00000000
"0002eff4","|static|_FUN_0057ba54_0002eff4",$d,00000000
"0002eff8","|static|_FUN_001f4e44_0002eff8",$d,00000000
"0002effc","|static|_FUN_0057b98c_0002effc",$d,00000000
"0002f004","|static|_FUN_001f4dc0_0002f004",$d,00000000
"0002f00c","|static|_FUN_001f4e30_0002f00c",$d,00000000
"0002f010","|static|_FUN_001f4ae4_0002f010",$d,00000000
"0002f014","|static|_FUN_00521a38_0002f014",$d,00000000
"0002f018","|static|_FUN_00521064_0002f018",$d,00000000
"0002f024","|static|_FUN_007119f8_0002f024",$d,00000000
"0002f038","|static|_FUN_001e8cd0_0002f038",$d,00000000
"0002f03c","|static|_FUN_001e8cf4_0002f03c",$d,00000000
"0002f048","|static|_FUN_00711a04_0002f048",$d,00000000
"0002f058","|static|_FUN_001f4fc8_0002f058",$d,00000000
"0002f06c","|static|_FUN_001e8d84_0002f06c",$d,00000000
"0002f070","|static|_FUN_001e9020_0002f070",$d,00000000
"0002f0ac","|static|_FUN_002fc024_0002f0ac",$d,00000000
"0002f0b0","|static|_FUN_00321840_0002f0b0",$d,00000000
"0002f0b4","|static|_FUN_003217a0_0002f0b4",$d,00000000
"0002f0c8","|static|_FUN_0033f430_0002f0c8",$d,00000000
"0002f118","|static|_FUN_002fc014_0002f118",$d,00000000
"0002f11c","|static|_FUN_00779038_0002f11c",$d,00000000
"0002f120","|static|_FUN_00779148_0002f120",$d,00000000
"0002f12c","|static|_FUN_0033f420_0002f12c",$d,00000000
"0002f190","|static|_FUN_0057ba40_0002f190",$d,00000000
"0002f194","|static|_FUN_001f4c9c_0002f194",$d,00000000
"0002f198","|static|_LAB_0057b988_0002f198",$d,00000000
"0002f19c","|static|_FUN_0057ba54_0002f19c",$d,00000000
"0002f1a0","|static|_FUN_001f4e44_0002f1a0",$d,00000000
"0002f1a4","|static|_FUN_0057b98c_0002f1a4",$d,00000000
"0002f1ac","|static|_FUN_001f4dc0_0002f1ac",$d,00000000
"0002f1b4","|static|_FUN_001f4e30_0002f1b4",$d,00000000
"0002f1b8","|static|_FUN_001f4ae4_0002f1b8",$d,00000000
"0002f1bc","|static|_FUN_00521a38_0002f1bc",$d,00000000
"0002f1c0","|static|_FUN_00521064_0002f1c0",$d,00000000
"0002f1cc","|static|_FUN_007119f8_0002f1cc",$d,00000000
"0002f1e0","|static|_FUN_001e8cd0_0002f1e0",$d,00000000
"0002f1e4","|static|_FUN_001e8cf4_0002f1e4",$d,00000000
"0002f1f0","|static|_FUN_00711a04_0002f1f0",$d,00000000
"0002f200","|static|_FUN_001f4fc8_0002f200",$d,00000000
"0002f214","|static|_FUN_001e8d84_0002f214",$d,00000000
"0002f218","|static|_FUN_001e9020_0002f218",$d,00000000
"0002f254","|static|_FUN_002fc024_0002f254",$d,00000000
"0002f258","|static|_FUN_00321840_0002f258",$d,00000000
"0002f25c","|static|_FUN_003217a0_0002f25c",$d,00000000
"0002f270","|static|_FUN_0033f430_0002f270",$d,00000000
"0002f2c0","|static|_FUN_002fc014_0002f2c0",$d,00000000
"0002f2c4","|static|_FUN_00779038_0002f2c4",$d,00000000
"0002f2c8","|static|_FUN_00779148_0002f2c8",$d,00000000
"0002f2d4","|static|_FUN_0033f420_0002f2d4",$d,00000000
"0002f338","|static|_FUN_0057ba40_0002f338",$d,00000000
"0002f33c","|static|_FUN_001f4c9c_0002f33c",$d,00000000
"0002f340","|static|_LAB_0057b988_0002f340",$d,00000000
"0002f344","|static|_FUN_0057ba54_0002f344",$d,00000000
"0002f348","|static|_FUN_001f4e44_0002f348",$d,00000000
"0002f34c","|static|_FUN_0057b98c_0002f34c",$d,00000000
"0002f354","|static|_FUN_001f4dc0_0002f354",$d,00000000
"0002f35c","|static|_FUN_001f4e30_0002f35c",$d,00000000
"0002f360","|static|_FUN_001f4ae4_0002f360",$d,00000000
"0002f364","|static|_FUN_00521a38_0002f364",$d,00000000
"0002f368","|static|_FUN_00521064_0002f368",$d,00000000
"0002f374","|static|_FUN_007119f8_0002f374",$d,00000000
"0002f388","|static|_FUN_001e8cd0_0002f388",$d,00000000
"0002f38c","|static|_FUN_001e8cf4_0002f38c",$d,00000000
"0002f398","|static|_FUN_00711a04_0002f398",$d,00000000
"0002f3a8","|static|_FUN_001f4fc8_0002f3a8",$d,00000000
"0002f3bc","|static|_FUN_001e8d84_0002f3bc",$d,00000000
"0002f3c0","|static|_FUN_001e9020_0002f3c0",$d,00000000
"0002f3fc","|static|_FUN_002fc024_0002f3fc",$d,00000000
"0002f400","|static|_FUN_00321840_0002f400",$d,00000000
"0002f404","|static|_FUN_003217a0_0002f404",$d,00000000
"0002f418","|static|_FUN_0033f430_0002f418",$d,00000000
"0002f468","|static|_FUN_002fc014_0002f468",$d,00000000
"0002f46c","|static|_FUN_00779038_0002f46c",$d,00000000
"0002f470","|static|_FUN_00779148_0002f470",$d,00000000
"0002f47c","|static|_FUN_0033f420_0002f47c",$d,00000000
"0002f4e0","|static|_FUN_0057ba40_0002f4e0",$d,00000000
"0002f4e4","|static|_FUN_001f4c9c_0002f4e4",$d,00000000
"0002f4e8","|static|_LAB_0057b988_0002f4e8",$d,00000000
"0002f4ec","|static|_FUN_0057ba54_0002f4ec",$d,00000000
"0002f4f0","|static|_FUN_001f4e44_0002f4f0",$d,00000000
"0002f4f4","|static|_FUN_0057b98c_0002f4f4",$d,00000000
"0002f4fc","|static|_FUN_001f4dc0_0002f4fc",$d,00000000
"0002f504","|static|_FUN_001f4e30_0002f504",$d,00000000
"0002f508","|static|_FUN_001f4ae4_0002f508",$d,00000000
"0002f50c","|static|_FUN_00521a38_0002f50c",$d,00000000
"0002f510","|static|_FUN_00521064_0002f510",$d,00000000
"0002f51c","|static|_FUN_007119f8_0002f51c",$d,00000000
"0002f520","|static|_INVALID_|static|_TEXT:0001c117_0002f520",$d,00000000
"0002f530","|static|_FUN_001e8cd0_0002f530",$d,00000000
"0002f534","|static|_FUN_001e8cf4_0002f534",$d,00000000
"0002f540","|static|_FUN_00711a04_0002f540",$d,00000000
"0002f548","|static|_INVALID_|static|_TEXT:0001c117_0002f548",$d,00000000
"0002f550","|static|_FUN_001f4fc8_0002f550",$d,00000000
"0002f564","|static|_FUN_001e8d84_0002f564",$d,00000000
"0002f568","|static|_FUN_001e9020_0002f568",$d,00000000
"0002f574","|static|_INVALID_|static|_TEXT:0001c117_0002f574",$d,00000000
"0002f5ac","|static|_FUN_002fc024_0002f5ac",$d,00000000
"0002f5b0","|static|_FUN_00321840_0002f5b0",$d,00000000
"0002f5c8","|static|_FUN_0033f430_0002f5c8",$d,00000000
"0002f608","|static|_FUN_002fc014_0002f608",$d,00000000
"0002f60c","|static|_FUN_00779038_0002f60c",$d,00000000
"0002f61c","|static|_FUN_0033f420_0002f61c",$d,00000000
"0002f680","|static|_FUN_0057ba40_0002f680",$d,00000000
"0002f684","|static|_FUN_001f4c9c_0002f684",$d,00000000
"0002f688","|static|_LAB_0057b988_0002f688",$d,00000000
"0002f68c","|static|_FUN_0057ba54_0002f68c",$d,00000000
"0002f690","|static|_FUN_001f4e44_0002f690",$d,00000000
"0002f694","|static|_FUN_0057b98c_0002f694",$d,00000000
"0002f69c","|static|_FUN_001f4dc0_0002f69c",$d,00000000
"0002f6a4","|static|_FUN_001f4e30_0002f6a4",$d,00000000
"0002f6a8","|static|_FUN_001f4ae4_0002f6a8",$d,00000000
"0002f6ac","|static|_FUN_00521a38_0002f6ac",$d,00000000
"0002f6b0","|static|_FUN_00521064_0002f6b0",$d,00000000
"0002f6bc","|static|_FUN_007119f8_0002f6bc",$d,00000000
"0002f6d0","|static|_FUN_001e8cd0_0002f6d0",$d,00000000
"0002f6d4","|static|_FUN_001e8cf4_0002f6d4",$d,00000000
"0002f6e0","|static|_FUN_00711a04_0002f6e0",$d,00000000
"0002f6f0","|static|_FUN_001f4fc8_0002f6f0",$d,00000000
"0002f704","|static|_FUN_001e8d84_0002f704",$d,00000000
"0002f708","|static|_FUN_001e9020_0002f708",$d,00000000
"0002f744","|static|_FUN_002fc024_0002f744",$d,00000000
"0002f748","|static|_FUN_00321840_0002f748",$d,00000000
"0002f74c","|static|_FUN_003217a0_0002f74c",$d,00000000
"0002f760","|static|_FUN_0033f430_0002f760",$d,00000000
"0002f7b0","|static|_FUN_002fc014_0002f7b0",$d,00000000
"0002f7b4","|static|_FUN_00779038_0002f7b4",$d,00000000
"0002f7b8","|static|_FUN_00779148_0002f7b8",$d,00000000
"0002f7c4","|static|_FUN_0033f420_0002f7c4",$d,00000000
"0002f834","|static|_FUN_0057ba40_0002f834",$d,00000000
"0002f838","|static|_FUN_001f4c9c_0002f838",$d,00000000
"0002f83c","|static|_LAB_0057b988_0002f83c",$d,00000000
"0002f840","|static|_FUN_0057ba54_0002f840",$d,00000000
"0002f844","|static|_FUN_001f4e44_0002f844",$d,00000000
"0002f848","|static|_FUN_0057b98c_0002f848",$d,00000000
"0002f850","|static|_FUN_001f4dc0_0002f850",$d,00000000
"0002f858","|static|_FUN_001f4e30_0002f858",$d,00000000
"0002f85c","|static|_FUN_001f4ae4_0002f85c",$d,00000000
"0002f860","|static|_FUN_00521a38_0002f860",$d,00000000
"0002f864","|static|_FUN_00521064_0002f864",$d,00000000
"0002f870","|static|_FUN_007119f8_0002f870",$d,00000000
"0002f884","|static|_FUN_001e8cd0_0002f884",$d,00000000
"0002f888","|static|_FUN_001e8cf4_0002f888",$d,00000000
"0002f894","|static|_FUN_00711a04_0002f894",$d,00000000
"0002f8a4","|static|_FUN_001f4fc8_0002f8a4",$d,00000000
"0002f8b8","|static|_FUN_001e8d84_0002f8b8",$d,00000000
"0002f8bc","|static|_FUN_001e9020_0002f8bc",$d,00000000
"0002f8f8","|static|_FUN_002fc024_0002f8f8",$d,00000000
"0002f8fc","|static|_FUN_00321840_0002f8fc",$d,00000000
"0002f900","|static|_FUN_003217a0_0002f900",$d,00000000
"0002f914","|static|_FUN_0033f430_0002f914",$d,00000000
"0002f964","|static|_FUN_002fc014_0002f964",$d,00000000
"0002f968","|static|_FUN_00779038_0002f968",$d,00000000
"0002f96c","|static|_FUN_00779148_0002f96c",$d,00000000
"0002f978","|static|_FUN_0033f420_0002f978",$d,00000000
"0002f9d8","|static|_FUN_00529d8c_0002f9d8",$d,00000000
"0002f9e0","|static|_LAB_00520f64_0002f9e0",$d,00000000
"0002f9e4","|static|_FUN_00529da0_0002f9e4",$d,00000000
"0002f9ec","|static|_LAB_00520f6c_0002f9ec",$d,00000000
"0002f9f0","|static|_FUN_00529cf4_0002f9f0",$d,00000000
"0002f9f8","|static|_LAB_00521068_0002f9f8",$d,00000000
"0002f9fc","|static|_FUN_00529d78_0002f9fc",$d,00000000
"0002fa04","|static|_FUN_00521a3c_0002fa04",$d,00000000
"0002fa08","|static|_FUN_00521064_0002fa08",$d,00000000
"0002fa38","|static|_FUN_00529d8c_0002fa38",$d,00000000
"0002fa40","|static|_LAB_00520f64_0002fa40",$d,00000000
"0002fa44","|static|_FUN_00529da0_0002fa44",$d,00000000
"0002fa4c","|static|_LAB_00520f6c_0002fa4c",$d,00000000
"0002fa50","|static|_FUN_00529cf4_0002fa50",$d,00000000
"0002fa58","|static|_LAB_00521068_0002fa58",$d,00000000
"0002fa5c","|static|_FUN_00529d78_0002fa5c",$d,00000000
"0002fa60","|static|_FUN_00521a04_0002fa60",$d,00000000
"0002fa64","|static|_FUN_00521a3c_0002fa64",$d,00000000
"0002fa68","|static|_FUN_00521064_0002fa68",$d,00000000
"0002fa84","|static|_FUN_0057ba40_0002fa84",$d,00000000
"0002fa88","|static|_FUN_001f4c9c_0002fa88",$d,00000000
"0002fa8c","|static|_LAB_0057b988_0002fa8c",$d,00000000
"0002fa90","|static|_FUN_0057ba54_0002fa90",$d,00000000
"0002fa94","|static|_FUN_001f4e44_0002fa94",$d,00000000
"0002fa98","|static|_FUN_0057b98c_0002fa98",$d,00000000
"0002faa0","|static|_FUN_001f4dc0_0002faa0",$d,00000000
"0002faa8","|static|_FUN_001f4e30_0002faa8",$d,00000000
"0002faac","|static|_FUN_001f4ae4_0002faac",$d,00000000
"0002fab0","|static|_FUN_00521a38_0002fab0",$d,00000000
"0002fab4","|static|_FUN_00521064_0002fab4",$d,00000000
"0002fac0","|static|_FUN_007119f8_0002fac0",$d,00000000
"0002fad4","|static|_FUN_001e8cd0_0002fad4",$d,00000000
"0002fad8","|static|_FUN_001e8cf4_0002fad8",$d,00000000
"0002fae4","|static|_FUN_00711a04_0002fae4",$d,00000000
"0002faf4","|static|_FUN_001f4fc8_0002faf4",$d,00000000
"0002fb08","|static|_FUN_001e8d84_0002fb08",$d,00000000
"0002fb0c","|static|_FUN_001e9020_0002fb0c",$d,00000000
"0002fb50","|static|_FUN_002fc024_0002fb50",$d,00000000
"0002fb54","|static|_FUN_00321840_0002fb54",$d,00000000
"0002fb6c","|static|_FUN_0033f430_0002fb6c",$d,00000000
"0002fbbc","|static|_FUN_002fc014_0002fbbc",$d,00000000
"0002fbc0","|static|_FUN_00779038_0002fbc0",$d,00000000
"0002fbd0","|static|_FUN_0033f420_0002fbd0",$d,00000000
"0002fc40","|static|_FUN_0057ba40_0002fc40",$d,00000000
"0002fc44","|static|_FUN_001f4c9c_0002fc44",$d,00000000
"0002fc48","|static|_LAB_0057b988_0002fc48",$d,00000000
"0002fc4c","|static|_FUN_0057ba54_0002fc4c",$d,00000000
"0002fc50","|static|_FUN_001f4e44_0002fc50",$d,00000000
"0002fc54","|static|_FUN_0057b98c_0002fc54",$d,00000000
"0002fc5c","|static|_FUN_001f4dc0_0002fc5c",$d,00000000
"0002fc64","|static|_FUN_001f4e30_0002fc64",$d,00000000
"0002fc68","|static|_FUN_001f4ae4_0002fc68",$d,00000000
"0002fc6c","|static|_FUN_00521a38_0002fc6c",$d,00000000
"0002fc70","|static|_FUN_00521064_0002fc70",$d,00000000
"0002fc7c","|static|_FUN_007119f8_0002fc7c",$d,00000000
"0002fc90","|static|_FUN_001e8cd0_0002fc90",$d,00000000
"0002fc94","|static|_FUN_001e8cf4_0002fc94",$d,00000000
"0002fca0","|static|_FUN_00711a04_0002fca0",$d,00000000
"0002fcb0","|static|_FUN_001f4fc8_0002fcb0",$d,00000000
"0002fd04","|static|_FUN_002fc024_0002fd04",$d,00000000
"0002fd08","|static|_FUN_00321840_0002fd08",$d,00000000
"0002fd0c","|static|_FUN_003217a0_0002fd0c",$d,00000000
"0002fd20","|static|_FUN_0033f430_0002fd20",$d,00000000
"0002fd70","|static|_FUN_002fc014_0002fd70",$d,00000000
"0002fd74","|static|_FUN_00779038_0002fd74",$d,00000000
"0002fd78","|static|_FUN_00779148_0002fd78",$d,00000000
"0002fd84","|static|_FUN_0033f420_0002fd84",$d,00000000
"0002fde8","|static|_FUN_0057ba40_0002fde8",$d,00000000
"0002fdec","|static|_FUN_001f4c9c_0002fdec",$d,00000000
"0002fdf0","|static|_LAB_0057b988_0002fdf0",$d,00000000
"0002fdf4","|static|_FUN_0057ba54_0002fdf4",$d,00000000
"0002fdf8","|static|_FUN_001f4e44_0002fdf8",$d,00000000
"0002fdfc","|static|_FUN_0057b98c_0002fdfc",$d,00000000
"0002fe04","|static|_FUN_001f4dc0_0002fe04",$d,00000000
"0002fe0c","|static|_FUN_001f4e30_0002fe0c",$d,00000000
"0002fe10","|static|_FUN_001f4ae4_0002fe10",$d,00000000
"0002fe14","|static|_FUN_00521a38_0002fe14",$d,00000000
"0002fe18","|static|_FUN_00521064_0002fe18",$d,00000000
"0002fe24","|static|_FUN_007119f8_0002fe24",$d,00000000
"0002fe38","|static|_FUN_001e8cd0_0002fe38",$d,00000000
"0002fe3c","|static|_FUN_001e8cf4_0002fe3c",$d,00000000
"0002fe48","|static|_FUN_00711a04_0002fe48",$d,00000000
"0002fe58","|static|_FUN_001f4fc8_0002fe58",$d,00000000
"0002fe70","|static|_FUN_001e9020_0002fe70",$d,00000000
"0002feac","|static|_FUN_002fc024_0002feac",$d,00000000
"0002feb0","|static|_FUN_00321840_0002feb0",$d,00000000
"0002feb4","|static|_FUN_003217a0_0002feb4",$d,00000000
"0002fec8","|static|_FUN_0033f430_0002fec8",$d,00000000
"0002ff18","|static|_FUN_002fc014_0002ff18",$d,00000000
"0002ff1c","|static|_FUN_00779038_0002ff1c",$d,00000000
"0002ff20","|static|_FUN_00779148_0002ff20",$d,00000000
"0002ff2c","|static|_FUN_0033f420_0002ff2c",$d,00000000
"0002fff0","|static|_INVALID_|static|_TEXT:0001c117_0002fff0",$d,00000000
"0002fff4","|static|_INVALID_|static|_TEXT:0001c117_0002fff4",$d,00000000
"0002fff8","|static|_INVALID_|static|_TEXT:0001c117_0002fff8",$d,00000000
"0002fffc","|static|_INVALID_|static|_TEXT:0001c117_0002fffc",$d,00000000
