Location,Name,Mode,Size
"00000010","DAT_00000010",$d,00000000
"00000180","DAT_000043d0_00000180",$t,0000005c
"000001e4","FUN_000001e4",$t,00000024
"0000021c","FUN_0000021c",$t,00000022
"000002ec","FUN_000002ec",$t,00000022
"00000328","FUN_00000328",$t,00000020
"000003e4","FUN_000003e4",$t,000000b0
"00000498","|static|_DAT_0095bfdc_00000498",$d,00000000
"0000049c","|static|_DAT_0095c71c_0000049c",$d,00000000
"00000538","FUN_00000538",$t,0000005c
"00000610","|static|_DAT_00a8349c_00000610",$d,00000000
"00000614","FUN_00000614",$t,0000001e
"00000634","FUN_00000634",$t,00000018
"00000650","FUN_00000650",$a,00000004
"00000654","|static|_FUN_001beaa8_00000654",$d,00000000
"00000658","FUN_00000658",$a,00000004
"0000065c","|static|_FUN_0030403c_0000065c",$d,00000000
"00000660","FUN_00000660",$a,00000004
"00000664","|static|_INVALID_|static|_TEXT:002040cd_00000664",$d,00000000
"0000066c","|static|_INVALID_|static|_TEXT:00006c15_0000066c",$d,00000000
"00000670","FUN_00000670",$a,00000004
"00000674","|static|_INVALID_|static|_TEXT:00204101_00000674",$d,00000000
"00000678","FUN_00000678",$a,00000004
"0000067c","|static|_FUN_003041bc_0000067c",$d,00000000
"00000680","FUN_00000680",$a,00000004
"00000684","ModuleKotobuki_INVALID_ModuleKotobuki_TEXT:00000001_00000684",$d,00000000
"0000068c","ModuleKotobuki_INVALID_ModuleKotobuki_TEXT:000000fd_0000068c",$d,00000000
"00000690","FUN_00000690",$a,00000004
"00000694","ModuleKotobuki_INVALID_ModuleKotobuki_TEXT:00000125_00000694",$d,00000000
"0000069c","|static|_INVALID_|static|_TEXT:00203e7d_0000069c",$d,00000000
"000006a4","|static|_INVALID_|static|_TEXT:0020081d_000006a4",$d,00000000
"000006a8","FUN_000006a8",$a,00000004
"000006ac","|static|_FUN_00724424_000006ac",$d,00000000
"000006b0","FUN_000006b0",$a,00000004
"000006b4","|static|_FUN_002fc934_000006b4",$d,00000000
"000006b8","FUN_000006b8",$a,00000004
"000006bc","|static|_FUN_002fcb34_000006bc",$d,00000000
"000006c0","FUN_000006c0",$a,00000004
"000006c4","|static|_FUN_002fe574_000006c4",$d,00000000
"000006c8","FUN_000006c8",$a,00000004
"000006cc","|static|_FUN_002f777c_000006cc",$d,00000000
"000006d0","FUN_000006d0",$a,00000004
"000006d4","|static|_FUN_00305f44_000006d4",$d,00000000
"000006d8","FUN_000006d8",$a,00000004
"000006dc","|static|_FUN_001b7ce8_000006dc",$d,00000000
"000006e0","FUN_000006e0",$a,00000004
"000006e4","|static|_FUN_002fb94c_000006e4",$d,00000000
"000006e8","FUN_000006e8",$a,00000004
"000006ec","|static|_FUN_002fcbb0_000006ec",$d,00000000
"000006f0","FUN_000006f0",$a,00000004
"000006f4","|static|_caseD_b_000006f4",$d,00000000
"000006f8","FUN_000006f8",$a,00000004
"000006fc","|static|_FUN_002bf814_000006fc",$d,00000000
"00000700","FUN_00000700",$a,00000004
"00000704","|static|_FUN_006ab5b8_00000704",$d,00000000
"00000708","FUN_00000708",$a,00000004
"0000070c","|static|_FUN_00306978_0000070c",$d,00000000
"00000710","FUN_00000710",$a,00000004
"00000714","|static|_FUN_002e6500_00000714",$d,00000000
"00000718","FUN_00000718",$a,00000004
"0000071c","|static|_FUN_002ff6f8_0000071c",$d,00000000
"00000720","FUN_00000720",$a,00000004
"00000724","|static|_FUN_0056af2c_00000724",$d,00000000
"00000728","FUN_00000728",$a,00000004
"0000072c","|static|_FUN_0057b990_0000072c",$d,00000000
"00000730","FUN_00000730",$a,00000004
"00000734","|static|_FUN_004ed778_00000734",$d,00000000
"00000738","FUN_00000738",$a,00000004
"0000073c","|static|_FUN_00745bd8_0000073c",$d,00000000
"00000744","|static|_FUN_0052e3ec_00000744",$d,00000000
"0000074c","|static|_LAB_0057ba24_0000074c",$d,00000000
"00000750","FUN_00000750",$a,00000004
"00000754","|static|_FUN_0031758c_00000754",$d,00000000
"00000758","FUN_00000758",$a,00000004
"0000075c","|static|_FUN_004ee4c8_0000075c",$d,00000000
"00000760","FUN_00000760",$a,00000004
"00000764","|static|_FUN_004f1294_00000764",$d,00000000
"0000076c","|static|_FUN_004edd20_0000076c",$d,00000000
"00000770","FUN_00000770",$a,00000004
"00000774","|static|_FUN_0047df5c_00000774",$d,00000000
"00000778","FUN_00000778",$a,00000004
"0000077c","|static|_FUN_0047df24_0000077c",$d,00000000
"00000780","FUN_00000780",$a,00000004
"00000784","|static|_FUN_003171b4_00000784",$d,00000000
"00000788","FUN_00000788",$a,00000004
"0000078c","|static|_FUN_001c05c4_0000078c",$d,00000000
"00000790","FUN_00000790",$a,00000004
"00000794","|static|_FUN_002e6368_00000794",$d,00000000
"00000798","FUN_00000798",$a,00000004
"0000079c","|static|_FUN_002f747c_0000079c",$d,00000000
"000007a0","FUN_000007a0",$a,00000004
"000007a4","|static|_FUN_002073dc_000007a4",$d,00000000
"000007a8","FUN_000007a8",$a,00000004
"000007ac","|static|_FUN_0028d370_000007ac",$d,00000000
"000007b0","FUN_000007b0",$a,00000004
"000007b4","|static|_FUN_002fbe98_000007b4",$d,00000000
"000007b8","FUN_000007b8",$a,00000004
"000007bc","|static|_FUN_0055cb58_000007bc",$d,00000000
"000007c0","FUN_000007c0",$a,00000004
"000007c4","|static|_FUN_0074ddfc_000007c4",$d,00000000
"000007c8","FUN_000007c8",$a,00000004
"000007cc","|static|_FUN_002f74c8_000007cc",$d,00000000
"000007d0","FUN_000007d0",$a,00000004
"000007d4","|static|_FUN_002f74e0_000007d4",$d,00000000
"000007d8","FUN_000007d8",$a,00000004
"000007dc","|static|_FUN_0076e7c8_000007dc",$d,00000000
"000007e0","FUN_000007e0",$a,00000004
"000007e4","|static|_FUN_0056aedc_000007e4",$d,00000000
"000007e8","FUN_000007e8",$a,00000004
"000007ec","|static|_FUN_001c06c0_000007ec",$d,00000000
"000007f0","FUN_000007f0",$a,00000004
"000007f4","|static|_FUN_002075d4_000007f4",$d,00000000
"000007f8","FUN_000007f8",$a,00000004
"000007fc","|static|_FUN_006ef39c_000007fc",$d,00000000
"00000800","FUN_00000800",$a,00000004
"00000804","|static|_FUN_006c5c60_00000804",$d,00000000
"00000808","FUN_00000808",$a,00000004
"0000080c","|static|_FUN_006f83a8_0000080c",$d,00000000
"00000810","FUN_00000810",$a,00000004
"00000814","|static|_FUN_006aca10_00000814",$d,00000000
"00000818","FUN_00000818",$a,00000004
"0000081c","|static|_LAB_006ac8e0_0000081c",$d,00000000
"00000820","FUN_00000820",$a,00000004
"00000824","|static|_FUN_006c3a58_00000824",$d,00000000
"00000828","FUN_00000828",$a,00000004
"0000082c","|static|_FUN_0055cabc_0000082c",$d,00000000
"00000830","FUN_00000830",$a,00000004
"00000834","|static|_caseD_3_00000834",$d,00000000
"00000838","FUN_00000838",$a,00000004
"0000083c","|static|_FUN_001c058c_0000083c",$d,00000000
"00000840","FUN_00000840",$a,00000004
"00000844","|static|_FUN_006ac950_00000844",$d,00000000
"00000848","FUN_00000848",$a,00000004
"0000084c","|static|_FUN_001c05d0_0000084c",$d,00000000
"00000850","FUN_00000850",$a,00000004
"00000854","|static|_FUN_001c06cc_00000854",$d,00000000
"00000858","FUN_00000858",$a,00000004
"0000085c","|static|_FUN_0052e1ec_0000085c",$d,00000000
"00000860","FUN_00000860",$a,00000004
"00000864","|static|_FUN_0056b0c0_00000864",$d,00000000
"00000868","FUN_00000868",$a,00000004
"0000086c","|static|_FUN_0056747c_0000086c",$d,00000000
"00000870","FUN_00000870",$a,00000004
"00000874","|static|_FUN_0014ef20_00000874",$d,00000000
"00000878","FUN_00000878",$a,00000004
"0000087c","|static|_FUN_00567580_0000087c",$d,00000000
"00000880","FUN_00000880",$a,00000004
"00000884","|static|_FUN_005676b8_00000884",$d,00000000
"00000888","FUN_00000888",$a,00000004
"0000088c","|static|_FUN_0027068c_0000088c",$d,00000000
"00000890","FUN_00000890",$a,00000004
"00000894","|static|_FUN_0057ba68_00000894",$d,00000000
"00000898","FUN_00000898",$a,00000004
"0000089c","|static|_FUN_002fd0c4_0000089c",$d,00000000
"000008a0","FUN_000008a0",$a,00000004
"000008a4","|static|_FUN_001c0728_000008a4",$d,00000000
"000008a8","FUN_000008a8",$a,00000004
"000008ac","|static|_FUN_006f83f8_000008ac",$d,00000000
"000008b0","FUN_000008b0",$a,00000004
"000008b4","|static|_FUN_006aca78_000008b4",$d,00000000
"000008b8","FUN_000008b8",$a,00000004
"000008bc","|static|_FUN_001382f4_000008bc",$d,00000000
"000008c0","FUN_000008c0",$a,00000004
"000008c4","|static|_FUN_003166a8_000008c4",$d,00000000
"000008c8","FUN_000008c8",$a,00000004
"000008cc","|static|_INVALID_|static|_TEXT:00201d0d_000008cc",$d,00000000
"000008d4","|static|_LAB_00313ac8_000008d4",$d,00000000
"000008d8","FUN_000008d8",$a,00000004
"000008dc","|static|_FUN_002fc8e8_000008dc",$d,00000000
"000008e0","FUN_000008e0",$a,00000004
"000008e4","|static|_FUN_002fbd54_000008e4",$d,00000000
"000008e8","FUN_000008e8",$a,00000004
"000008ec","|static|_FUN_001b4a8c_000008ec",$d,00000000
"000008f0","FUN_000008f0",$a,00000004
"000008f4","|static|_FUN_003052f0_000008f4",$d,00000000
"000008fc","|static|_FUN_002ffb64_000008fc",$d,00000000
"00000900","FUN_00000900",$a,00000004
"00000904","|static|_FUN_00747b44_00000904",$d,00000000
"00000908","FUN_00000908",$a,00000004
"0000090c","|static|_FUN_004f11c0_0000090c",$d,00000000
"00000910","FUN_00000910",$a,00000004
"00000914","|static|_FUN_004f1328_00000914",$d,00000000
"00000918","FUN_00000918",$a,00000004
"0000091c","|static|_FUN_00536650_0000091c",$d,00000000
"00000920","FUN_00000920",$a,00000004
"00000924","|static|_FUN_004f2c10_00000924",$d,00000000
"00000928","FUN_00000928",$a,00000004
"0000092c","|static|_FUN_001c16d8_0000092c",$d,00000000
"00000930","FUN_00000930",$a,00000004
"00000934","|static|_FUN_004f1270_00000934",$d,00000000
"00000938","FUN_00000938",$a,00000004
"0000093c","|static|_FUN_002504e0_0000093c",$d,00000000
"00000940","FUN_00000940",$a,00000004
"00000944","|static|_FUN_001c1ce8_00000944",$d,00000000
"00000948","FUN_00000948",$a,00000004
"0000094c","|static|_FUN_00565cc0_0000094c",$d,00000000
"00000950","FUN_00000950",$a,00000004
"00000954","|static|_FUN_002504d4_00000954",$d,00000000
"00000958","FUN_00000958",$a,00000004
"0000095c","|static|_FUN_005210a8_0000095c",$d,00000000
"00000960","FUN_00000960",$a,00000004
"00000964","|static|_FUN_00250354_00000964",$d,00000000
"00000968","FUN_00000968",$a,00000004
"0000096c","|static|_FUN_0020acc0_0000096c",$d,00000000
"00000974","|static|_FUN_0020ae08_00000974",$d,00000000
"0000097c","|static|_FUN_00766c68_0000097c",$d,00000000
"00000980","FUN_00000980",$a,00000004
"00000984","|static|_FUN_00300904_00000984",$d,00000000
"00000988","FUN_00000988",$a,00000004
"0000098c","|static|_FUN_006249b0_0000098c",$d,00000000
"00000994","|static|_FUN_00250438_00000994",$d,00000000
"0000099c","|static|_FUN_002503b0_0000099c",$d,00000000
"000009a4","|static|_FUN_006f8114_000009a4",$d,00000000
"000009a8","FUN_000009a8",$a,00000004
"000009ac","|static|_FUN_006c7aec_000009ac",$d,00000000
"000009b0","FUN_000009b0",$a,00000004
"000009b4","|static|_FUN_006f9574_000009b4",$d,00000000
"000009b8","FUN_000009b8",$a,00000004
"000009bc","|static|_FUN_005c2ce0_000009bc",$d,00000000
"000009c4","|static|_FUN_004f2d48_000009c4",$d,00000000
"000009c8","FUN_000009c8",$a,00000004
"000009cc","|static|_FUN_004ee364_000009cc",$d,00000000
"000009d0","FUN_000009d0",$a,00000004
"000009d4","|static|_FUN_001c1c94_000009d4",$d,00000000
"000009d8","FUN_000009d8",$a,00000004
"000009dc","|static|_FUN_006c5fa0_000009dc",$d,00000000
"000009e0","FUN_000009e0",$a,00000004
"000009e4","|static|_FUN_006eefa4_000009e4",$d,00000000
"000009e8","FUN_000009e8",$a,00000004
"000009ec","|static|_FUN_0052e294_000009ec",$d,00000000
"000009f0","FUN_000009f0",$a,00000004
"000009f4","|static|_FUN_004ee4b8_000009f4",$d,00000000
"000009f8","FUN_000009f8",$a,00000004
"000009fc","|static|_FUN_001c1cf4_000009fc",$d,00000000
"00000a00","FUN_00000a00",$a,00000004
"00000a04","|static|_FUN_004f147c_00000a04",$d,00000000
"00000a08","FUN_00000a08",$a,00000004
"00000a0c","|static|_FUN_006f815c_00000a0c",$d,00000000
"00000a10","FUN_00000a10",$a,00000004
"00000a14","|static|_FUN_00250510_00000a14",$d,00000000
"00000a1c","|static|_FUN_00250560_00000a1c",$d,00000000
"00000a20","FUN_00000a20",$a,00000004
"00000a24","|static|_thunk_FUN_006f7e8c_00000a24",$d,00000000
"00000a2c","|static|_FUN_006f8184_00000a2c",$d,00000000
"00000a34","|static|_thunk_FUN_004ee514_00000a34",$d,00000000
"00000a38","FUN_00000a38",$a,00000004
"00000a3c","|static|_thunk_FUN_00521ae0_00000a3c",$d,00000000
"00000a44","|static|_FUN_00220e18_00000a44",$d,00000000
"00000a48","FUN_00000a48",$a,00000004
"00000a4c","|static|_FUN_0074fdd0_00000a4c",$d,00000000
"00000a50","FUN_00000a50",$a,00000004
"00000a54","|static|_FUN_0021fe04_00000a54",$d,00000000
"00000a58","FUN_00000a58",$a,00000004
"00000a5c","|static|_FUN_00569544_00000a5c",$d,00000000
"00000a60","FUN_00000a60",$a,00000004
"00000a64","|static|_FUN_00222fc4_00000a64",$d,00000000
"00000a68","FUN_00000a68",$a,00000004
"00000a6c","|static|_FUN_0021fe54_00000a6c",$d,00000000
"00000a74","|static|_FUN_005204b0_00000a74",$d,00000000
"00000a78","FUN_00000a78",$a,00000004
"00000a7c","|static|_FUN_00222580_00000a7c",$d,00000000
"00000a80","FUN_00000a80",$a,00000004
"00000a84","|static|_FUN_00567e24_00000a84",$d,00000000
"00000a88","FUN_00000a88",$a,00000004
"00000a8c","|static|_FUN_002226cc_00000a8c",$d,00000000
"00000a90","FUN_00000a90",$a,00000004
"00000a94","|static|_FUN_002206c0_00000a94",$d,00000000
"00000a98","FUN_00000a98",$a,00000004
"00000a9c","|static|_FUN_00220110_00000a9c",$d,00000000
"00000aa0","FUN_00000aa0",$a,00000004
"00000aa4","|static|_FUN_002fe7cc_00000aa4",$d,00000000
"00000aa8","FUN_00000aa8",$a,00000004
"00000aac","|static|_FUN_00317148_00000aac",$d,00000000
"00000ab0","FUN_00000ab0",$a,00000004
"00000ab4","|static|_FUN_00752914_00000ab4",$d,00000000
"00000ab8","FUN_00000ab8",$a,00000004
"00000abc","|static|_FUN_0030f48c_00000abc",$d,00000000
"00000ac0","FUN_00000ac0",$a,00000004
"00000ac4","|static|_FUN_00222c80_00000ac4",$d,00000000
"00000ac8","FUN_00000ac8",$a,00000004
"00000acc","|static|_FUN_00220c94_00000acc",$d,00000000
"00000ad0","FUN_00000ad0",$a,00000004
"00000ad4","|static|_FUN_00568c10_00000ad4",$d,00000000
"00000ad8","FUN_00000ad8",$a,00000004
"00000adc","|static|_FUN_00223030_00000adc",$d,00000000
"00000ae4","|static|_FUN_002228d4_00000ae4",$d,00000000
"00000ae8","FUN_00000ae8",$a,00000004
"00000aec","|static|_FUN_00222ebc_00000aec",$d,00000000
"00000af0","FUN_00000af0",$a,00000004
"00000af4","|static|_FUN_00132364_00000af4",$d,00000000
"00000af8","FUN_00000af8",$a,00000004
"00000afc","|static|_FUN_00567ef0_00000afc",$d,00000000
"00000b00","FUN_00000b00",$a,00000004
"00000b04","|static|_thunk_FUN_00569480_00000b04",$d,00000000
"00000b08","FUN_00000b08",$a,00000004
"00000b0c","|static|_FUN_00521ae0_00000b0c",$d,00000000
"00000b10","FUN_00000b10",$a,00000004
"00000b14","|static|_FUN_00220584_00000b14",$d,00000000
"00000b18","FUN_00000b18",$a,00000004
"00000b1c","|static|_FUN_0031e810_00000b1c",$d,00000000
"00000b20","FUN_00000b20",$a,00000004
"00000b24","|static|_FUN_006a923c_00000b24",$d,00000000
"00000b28","FUN_00000b28",$a,00000004
"00000b2c","|static|_FUN_00220338_00000b2c",$d,00000000
"00000b30","FUN_00000b30",$a,00000004
"00000b34","|static|_FUN_0031e594_00000b34",$d,00000000
"00000b38","FUN_00000b38",$a,00000004
"00000b3c","|static|_FUN_0022155c_00000b3c",$d,00000000
"00000b40","FUN_00000b40",$a,00000004
"00000b44","|static|_FUN_0022105c_00000b44",$d,00000000
"00000b48","FUN_00000b48",$a,00000004
"00000b4c","|static|_FUN_00220274_00000b4c",$d,00000000
"00000b50","FUN_00000b50",$a,00000004
"00000b54","|static|_FUN_00220c28_00000b54",$d,00000000
"00000b58","FUN_00000b58",$a,00000004
"00000b5c","|static|_FUN_00220be0_00000b5c",$d,00000000
"00000b64","|static|_FUN_0031e570_00000b64",$d,00000000
"00000b68","FUN_00000b68",$a,00000004
"00000b6c","|static|_FUN_0031e8bc_00000b6c",$d,00000000
"00000b70","FUN_00000b70",$a,00000004
"00000b74","|static|_FUN_006c4280_00000b74",$d,00000000
"00000b78","FUN_00000b78",$a,00000004
"00000b7c","|static|_FUN_0031ec78_00000b7c",$d,00000000
"00000b80","FUN_00000b80",$a,00000004
"00000b84","|static|_FUN_002034f0_00000b84",$d,00000000
"00000b88","FUN_00000b88",$a,00000004
"00000b8c","|static|_FUN_0031e8d8_00000b8c",$d,00000000
"00000b90","FUN_00000b90",$a,00000004
"00000b94","|static|_FUN_002031d0_00000b94",$d,00000000
"00000b98","FUN_00000b98",$a,00000004
"00000b9c","|static|_FUN_0056878c_00000b9c",$d,00000000
"00000ba0","FUN_00000ba0",$a,00000004
"00000ba4","|static|_FUN_004b6d64_00000ba4",$d,00000000
"00000ba8","FUN_00000ba8",$a,00000004
"00000bac","|static|_FUN_007482b8_00000bac",$d,00000000
"00000bb0","FUN_00000bb0",$a,00000004
"00000bb4","|static|_FUN_0074830c_00000bb4",$d,00000000
"00000bbc","|static|_FUN_0031ebf0_00000bbc",$d,00000000
"00000bc4","|static|_FUN_002033a4_00000bc4",$d,00000000
"00000bc8","FUN_00000bc8",$a,00000004
"00000bcc","|static|_FUN_0031eb20_00000bcc",$d,00000000
"00000bd0","FUN_00000bd0",$a,00000004
"00000bd4","|static|_FUN_0020337c_00000bd4",$d,00000000
"00000bd8","FUN_00000bd8",$a,00000004
"00000bdc","|static|_FUN_005e3194_00000bdc",$d,00000000
"00000be0","FUN_00000be0",$a,00000004
"00000be4","|static|_FUN_0056988c_00000be4",$d,00000000
"00000be8","FUN_00000be8",$a,00000004
"00000bec","|static|_FUN_00569480_00000bec",$d,00000000
"00000bf0","FUN_00000bf0",$a,00000004
"00000bf4","|static|_FUN_005364c8_00000bf4",$d,00000000
"00000bf8","FUN_00000bf8",$a,00000004
"00000bfc","|static|_FUN_00536054_00000bfc",$d,00000000
"00000c00","FUN_00000c00",$a,00000004
"00000c04","|static|_FUN_00317a88_00000c04",$d,00000000
"00000c08","FUN_00000c08",$a,00000004
"00000c0c","|static|_FUN_00537028_00000c0c",$d,00000000
"00000c10","FUN_00000c10",$a,00000004
"00000c14","|static|_FUN_002f86c0_00000c14",$d,00000000
"00000c18","FUN_00000c18",$a,00000004
"00000c1c","|static|_FUN_0030b6c4_00000c1c",$d,00000000
"00000c20","FUN_00000c20",$a,00000004
"00000c24","|static|_FUN_002fb378_00000c24",$d,00000000
"00000c28","FUN_00000c28",$a,00000004
"00000c2c","|static|_FUN_0030a488_00000c2c",$d,00000000
"00000c30","FUN_00000c30",$a,00000004
"00000c34","|static|_FUN_002cfff4_00000c34",$d,00000000
"00000c38","FUN_00000c38",$a,00000004
"00000c3c","|static|_FUN_00624f00_00000c3c",$d,00000000
"00000c40","FUN_00000c40",$a,00000004
"00000c44","|static|_FUN_0056cddc_00000c44",$d,00000000
"00000c48","FUN_00000c48",$a,00000004
"00000c4c","|static|_FUN_0058d3b4_00000c4c",$d,00000000
"00000c50","FUN_00000c50",$a,00000004
"00000c54","|static|_FUN_00521a8c_00000c54",$d,00000000
"00000c58","FUN_00000c58",$a,00000004
"00000c5c","|static|_FUN_005673c8_00000c5c",$d,00000000
"00000c60","FUN_00000c60",$a,00000004
"00000c64","|static|_FUN_005371e0_00000c64",$d,00000000
"00000c6c","|static|_thunk_FUN_00317e2c_00000c6c",$d,00000000
"00000c74","|static|_FUN_00317dec_00000c74",$d,00000000
"00000c78","FUN_00000c78",$a,00000004
"00000c7c","|static|_FUN_002f9e1c_00000c7c",$d,00000000
"00000c84","|static|_FUN_005e32a0_00000c84",$d,00000000
"00000c88","FUN_00000c88",$a,00000004
"00000c8c","|static|_FUN_00230f24_00000c8c",$d,00000000
"00000c90","FUN_00000c90",$a,00000004
"00000c94","|static|_FUN_005dc374_00000c94",$d,00000000
"00000c9c","|static|_FUN_00290cfc_00000c9c",$d,00000000
"00000ca4","|static|_FUN_006bde98_00000ca4",$d,00000000
"00000cac","|static|_FUN_002d48ec_00000cac",$d,00000000
"00000cb0","FUN_00000cb0",$a,00000004
"00000cb4","|static|_FUN_0024b448_00000cb4",$d,00000000
"00000cb8","FUN_00000cb8",$a,00000004
"00000cbc","|static|_FUN_00720144_00000cbc",$d,00000000
"00000cc0","FUN_00000cc0",$a,00000004
"00000cc4","|static|_FUN_00303660_00000cc4",$d,00000000
"00000cc8","FUN_00000cc8",$a,00000004
"00000ccc","|static|_FUN_00768248_00000ccc",$d,00000000
"00000cd0","FUN_00000cd0",$a,00000004
"00000cd4","|static|_FUN_001c0038_00000cd4",$d,00000000
"00000cd8","FUN_00000cd8",$a,00000004
"00000cdc","|static|_FUN_006e4530_00000cdc",$d,00000000
"00000ce0","FUN_00000ce0",$a,00000004
"00000ce4","|static|_FUN_001bf6ac_00000ce4",$d,00000000
"00000cec","|static|_FUN_00292ca8_00000cec",$d,00000000
"00000cf0","FUN_00000cf0",$a,00000004
"00000cf4","|static|_FUN_006e9be8_00000cf4",$d,00000000
"00000cf8","FUN_00000cf8",$a,00000004
"00000cfc","|static|_FUN_006e9c2c_00000cfc",$d,00000000
"00000d04","|static|_FUN_00578054_00000d04",$d,00000000
"00000d0c","|static|_FUN_001c0378_00000d0c",$d,00000000
"00000d14","|static|_FUN_006ac784_00000d14",$d,00000000
"00000d1c","|static|_FUN_0029e154_00000d1c",$d,00000000
"00000d24","|static|_FUN_002fc20c_00000d24",$d,00000000
"00000d2c","|static|_FUN_0027b428_00000d2c",$d,00000000
"00000d34","|static|_FUN_0027ab7c_00000d34",$d,00000000
"00000d38","FUN_00000d38",$a,00000004
"00000d3c","|static|_FUN_002e6944_00000d3c",$d,00000000
"00000d40","FUN_00000d40",$a,00000004
"00000d44","|static|_FUN_001da158_00000d44",$d,00000000
"00000d48","FUN_00000d48",$a,00000004
"00000d4c","|static|_FUN_00614958_00000d4c",$d,00000000
"00000d50","FUN_00000d50",$a,00000004
"00000d54","|static|_FUN_006f8444_00000d54",$d,00000000
"00000d58","FUN_00000d58",$a,00000004
"00000d5c","|static|_FUN_0057a470_00000d5c",$d,00000000
"00000d60","FUN_00000d60",$a,00000004
"00000d64","|static|_FUN_006a8954_00000d64",$d,00000000
"00000d68","FUN_00000d68",$a,00000004
"00000d6c","|static|_FUN_001cd930_00000d6c",$d,00000000
"00000d70","FUN_00000d70",$a,00000004
"00000d74","|static|_FUN_006ee4b8_00000d74",$d,00000000
"00000d78","FUN_00000d78",$a,00000004
"00000d7c","|static|_FUN_006e480c_00000d7c",$d,00000000
"00000d80","FUN_00000d80",$a,00000004
"00000d84","|static|_FUN_006a5e44_00000d84",$d,00000000
"00000d88","FUN_00000d88",$a,00000004
"00000d8c","|static|_FUN_006a5e34_00000d8c",$d,00000000
"00000d90","FUN_00000d90",$a,00000004
"00000d94","|static|_FUN_007529a0_00000d94",$d,00000000
"00000d98","FUN_00000d98",$a,00000004
"00000d9c","|static|_FUN_00752a80_00000d9c",$d,00000000
"00000da0","FUN_00000da0",$a,00000004
"00000da4","|static|_FUN_002fe7a0_00000da4",$d,00000000
"00000da8","FUN_00000da8",$a,00000004
"00000dac","|static|_FUN_0023ad1c_00000dac",$d,00000000
"00000db0","FUN_00000db0",$a,00000004
"00000db4","|static|_FUN_006a5f0c_00000db4",$d,00000000
"00000db8","FUN_00000db8",$a,00000004
"00000dbc","|static|_FUN_0057b9dc_00000dbc",$d,00000000
"00000dc0","FUN_00000dc0",$a,00000004
"00000dc4","|static|_FUN_00307040_00000dc4",$d,00000000
"00000dc8","FUN_00000dc8",$a,00000004
"00000dcc","|static|_FUN_00306e58_00000dcc",$d,00000000
"00000dd0","FUN_00000dd0",$a,00000004
"00000dd4","|static|_FUN_00275a58_00000dd4",$d,00000000
"00000dd8","FUN_00000dd8",$a,00000004
"00000ddc","|static|_FUN_00306f60_00000ddc",$d,00000000
"00000de0","FUN_00000de0",$a,00000004
"00000de4","|static|_FUN_004edd6c_00000de4",$d,00000000
"00000de8","FUN_00000de8",$a,00000004
"00000dec","|static|_FUN_0031e204_00000dec",$d,00000000
"00000df0","FUN_00000df0",$a,00000004
"00000df4","|static|_FUN_00317e2c_00000df4",$d,00000000
"00000df8","FUN_00000df8",$a,00000004
"00000dfc","|static|_FUN_001abcd4_00000dfc",$d,00000000
"00000e00","FUN_00000e00",$a,00000004
"00000e04","|static|_FUN_004ef50c_00000e04",$d,00000000
"00000e08","FUN_00000e08",$a,00000004
"00000e0c","|static|_thunk_FUN_004ee514_00000e0c",$d,00000000
"00000e10","FUN_00000e10",$a,00000004
"00000e14","|static|_FUN_005f4c14_00000e14",$d,00000000
"00000e18","FUN_00000e18",$a,00000004
"00000e1c","|static|_FUN_003084cc_00000e1c",$d,00000000
"00000e20","FUN_00000e20",$a,00000004
"00000e24","|static|_INVALID_|static|_TEXT:001f76ad_00000e24",$d,00000000
"00000e28","FUN_00000e28",$a,00000004
"00000e2c","|static|_FUN_001c0780_00000e2c",$d,00000000
"00000e30","FUN_00000e30",$a,00000004
"00000e34","|static|_FUN_004ecf70_00000e34",$d,00000000
"00000e38","FUN_00000e38",$a,00000004
"00000e3c","|static|_FUN_002706ec_00000e3c",$d,00000000
"00000e40","FUN_00000e40",$a,00000004
"00000e44","|static|_FUN_00565a4c_00000e44",$d,00000000
"00000e48","FUN_00000e48",$a,00000004
"00000e4c","|static|_FUN_0055cb14_00000e4c",$d,00000000
"00000e50","FUN_00000e50",$a,00000004
"00000e54","|static|_FUN_002fccdc_00000e54",$d,00000000
"00000e5c","ModuleKotobuki_thunk_FUN_0000061c_00000e5c",$d,00000000
"00000e64","ModuleKotobuki_FUN_0000231c_00000e64",$d,00000000
"00000e6c","|static|_FUN_004f0e54_00000e6c",$d,00000000
"00000e70","FUN_00000e70",$a,00000004
"00000e74","|static|_FUN_006c7868_00000e74",$d,00000000
"00000e78","FUN_00000e78",$a,00000004
"00000e7c","|static|_FUN_0069dfe8_00000e7c",$d,00000000
"00000e80","FUN_00000e80",$a,00000004
"00000e84","|static|_FUN_006c3c00_00000e84",$d,00000000
"00000e88","FUN_00000e88",$a,00000004
"00000e8c","|static|_FUN_005c4e5c_00000e8c",$d,00000000
"00000e90","FUN_00000e90",$a,00000004
"00000e94","|static|_FUN_0068ec64_00000e94",$d,00000000
"00000e98","FUN_00000e98",$a,00000004
"00000e9c","|static|_FUN_0068f048_00000e9c",$d,00000000
"00000ea0","FUN_00000ea0",$a,00000004
"00000ea4","|static|_FUN_0075aaa4_00000ea4",$d,00000000
"00000ea8","FUN_00000ea8",$a,00000004
"00000eac","|static|_FUN_00768ffc_00000eac",$d,00000000
"00000eb0","FUN_00000eb0",$a,00000004
"00000eb4","|static|_FUN_005db218_00000eb4",$d,00000000
"00000eb8","FUN_00000eb8",$a,00000004
"00000ebc","|static|_FUN_002bfadc_00000ebc",$d,00000000
"00000ec0","FUN_00000ec0",$a,00000004
"00000ec4","|static|_FUN_002fd068_00000ec4",$d,00000000
"00000ec8","FUN_00000ec8",$a,00000004
"00000ecc","|static|_FUN_006b7380_00000ecc",$d,00000000
"00000ed0","FUN_00000ed0",$a,00000004
"00000ed4","|static|_FUN_00305a40_00000ed4",$d,00000000
"00000ed8","FUN_00000ed8",$a,00000004
"00000edc","|static|_FUN_006b8cb8_00000edc",$d,00000000
"00000ee0","FUN_00000ee0",$a,00000004
"00000ee4","|static|_FUN_007690dc_00000ee4",$d,00000000
"00000ee8","FUN_00000ee8",$a,00000004
"00000eec","|static|_FUN_00724578_00000eec",$d,00000000
"00000ef0","FUN_00000ef0",$a,00000004
"00000ef4","|static|_FUN_002390f8_00000ef4",$d,00000000
"00000ef8","FUN_00000ef8",$a,00000004
"00000efc","|static|_FUN_0071db38_00000efc",$d,00000000
"00000f04","|static|_FUN_005779a4_00000f04",$d,00000000
"00000f0c","|static|_FUN_005783f4_00000f0c",$d,00000000
"00000f14","|static|_INVALID_|static|_TEXT:00016d41_00000f14",$d,00000000
"00000f18","FUN_00000f18",$a,00000004
"00000f1c","|static|_FUN_0023014c_00000f1c",$d,00000000
"00000f20","FUN_00000f20",$a,00000004
"00000f24","|static|_FUN_0075596c_00000f24",$d,00000000
"00000f28","FUN_00000f28",$a,00000004
"00000f2c","|static|_FUN_005791c4_00000f2c",$d,00000000
"00000f30","FUN_00000f30",$a,00000004
"00000f34","|static|_FUN_0057afd4_00000f34",$d,00000000
"00000f38","FUN_00000f38",$a,00000004
"00000f3c","|static|_FUN_0058660c_00000f3c",$d,00000000
"00000f40","FUN_00000f40",$a,00000004
"00000f44","|static|_FUN_00584e8c_00000f44",$d,00000000
"00000f48","FUN_00000f48",$a,00000004
"00000f4c","ModuleKotobuki_FUN_000020d8_00000f4c",$d,00000000
"00000f50","FUN_00000f50",$a,00000004
"00000f54","|static|_FUN_005dd688_00000f54",$d,00000000
"00000f58","FUN_00000f58",$a,00000004
"00000f5c","|static|_FUN_0075cf88_00000f5c",$d,00000000
"00000f60","FUN_00000f60",$a,00000004
"00000f64","|static|_FUN_0060393c_00000f64",$d,00000000
"00000f68","FUN_00000f68",$a,00000004
"00000f6c","|static|_FUN_0070c848_00000f6c",$d,00000000
"00000f70","FUN_00000f70",$a,00000004
"00000f74","|static|_FUN_00755a98_00000f74",$d,00000000
"00000f78","FUN_00000f78",$a,00000004
"00000f7c","|static|_FUN_0023083c_00000f7c",$d,00000000
"00000f84","ModuleKotobuki_FUN_000009ac_00000f84",$d,00000000
"00000f8c","ModuleKotobuki_FUN_00000f08_00000f8c",$d,00000000
"00000f90","FUN_00000f90",$a,00000004
"00000f94","|static|_FUN_002fc900_00000f94",$d,00000000
"00000f98","FUN_00000f98",$a,00000004
"00000f9c","|static|_FUN_00602604_00000f9c",$d,00000000
"00000fa0","FUN_00000fa0",$a,00000004
"00000fa4","|static|_FUN_0070cba8_00000fa4",$d,00000000
"00000fa8","FUN_00000fa8",$a,00000004
"00000fac","|static|_FUN_00328a30_00000fac",$d,00000000
"00000fb0","FUN_00000fb0",$a,00000004
"00000fb4","|static|_FUN_0076e640_00000fb4",$d,00000000
"00000fb8","FUN_00000fb8",$a,00000004
"00000fbc","|static|_FUN_00231520_00000fbc",$d,00000000
"00000fc4","ModuleKotobuki_FUN_00001cec_00000fc4",$d,00000000
"00000fcc","|static|_FUN_0070c3d8_00000fcc",$d,00000000
"00000fd4","|static|_FUN_006eb990_00000fd4",$d,00000000
"00000fd8","FUN_00000fd8",$a,00000004
"00000fdc","|static|_FUN_001b788c_00000fdc",$d,00000000
"00000fe4","|static|_FUN_0032a2a4_00000fe4",$d,00000000
"00000fe8","FUN_00000fe8",$a,00000004
"00000fec","|static|_FUN_00747b34_00000fec",$d,00000000
"00000ff0","FUN_00000ff0",$a,00000004
"00000ff4","|static|_FUN_001abd24_00000ff4",$d,00000000
"00000ff8","FUN_00000ff8",$a,00000004
"00000ffc","|static|_FUN_0051cbf8_00000ffc",$d,00000000
"00001000","FUN_00001000",$a,00000004
"00001004","|static|_FUN_0062cc5c_00001004",$d,00000000
"00001008","FUN_00001008",$a,00000004
"0000100c","|static|_FUN_00314ce4_0000100c",$d,00000000
"00001010","FUN_00001010",$a,00000004
"00001014","|static|_FUN_0013bb30_00001014",$d,00000000
"00001018","FUN_00001018",$a,00000004
"0000101c","|static|_FUN_00307374_0000101c",$d,00000000
"00001020","FUN_00001020",$a,00000004
"00001024","|static|_FUN_00695584_00001024",$d,00000000
"00001028","FUN_00001028",$a,00000004
"0000102c","|static|_FUN_00752a10_0000102c",$d,00000000
"00001030","FUN_00001030",$a,00000004
"00001034","|static|_FUN_00306e7c_00001034",$d,00000000
"00001038","FUN_00001038",$a,00000004
"0000103c","|static|_FUN_0030716c_0000103c",$d,00000000
"00001040","FUN_00001040",$a,00000004
"00001044","|static|_FUN_00718e20_00001044",$d,00000000
"00001048","FUN_00001048",$a,00000004
"0000104c","|static|_FUN_006a6e90_0000104c",$d,00000000
"00001050","FUN_00001050",$a,00000004
"00001054","|static|_FUN_002feb00_00001054",$d,00000000
"00001058","FUN_00001058",$a,00000004
"0000105c","|static|_FUN_002fca6c_0000105c",$d,00000000
"00001060","FUN_00001060",$a,00000004
"00001064","|static|_FUN_002fccc4_00001064",$d,00000000
"00001068","FUN_00001068",$a,00000004
"0000106c","|static|_FUN_002fd010_0000106c",$d,00000000
"00001070","FUN_00001070",$a,00000004
"00001074","|static|_FUN_0051f70c_00001074",$d,00000000
"00001078","FUN_00001078",$a,00000004
"0000107c","|static|_FUN_003064ac_0000107c",$d,00000000
"00001080","FUN_00001080",$a,00000004
"00001084","|static|_FUN_003083bc_00001084",$d,00000000
"00001088","FUN_00001088",$a,00000004
"0000108c","|static|_FUN_003083e4_0000108c",$d,00000000
"00001090","FUN_00001090",$a,00000004
"00001094","|static|_FUN_003084c8_00001094",$d,00000000
"00001098","FUN_00001098",$a,00000004
"0000109c","|static|_FUN_0052dad0_0000109c",$d,00000000
"000010a0","FUN_000010a0",$a,00000004
"000010a4","|static|_FUN_007ca670_000010a4",$d,00000000
"000010a8","FUN_000010a8",$a,00000004
"000010ac","|static|_FUN_001b4b7c_000010ac",$d,00000000
"000010b0","FUN_000010b0",$a,00000004
"000010b4","|static|_FUN_004db784_000010b4",$d,00000000
"000010b8","FUN_000010b8",$a,00000004
"000010bc","|static|_FUN_007d141c_000010bc",$d,00000000
"000010c4","|static|_FUN_002304b4_000010c4",$d,00000000
"000010c8","FUN_000010c8",$a,00000004
"000010cc","|static|_FUN_007559ac_000010cc",$d,00000000
"000010d0","FUN_000010d0",$a,00000004
"000010d4","|static|_FUN_00217c48_000010d4",$d,00000000
"000010d8","FUN_000010d8",$a,00000004
"000010dc","|static|_FUN_002fe940_000010dc",$d,00000000
"000010e0","FUN_000010e0",$a,00000004
"000010e4","|static|_FUN_002371cc_000010e4",$d,00000000
"000010ec","|static|_FUN_00230e94_000010ec",$d,00000000
"000010f4","|static|_FUN_00230e98_000010f4",$d,00000000
"000010fc","|static|_FUN_002398ac_000010fc",$d,00000000
"00001100","FUN_00001100",$a,00000004
"00001104","|static|_FUN_0071b8d0_00001104",$d,00000000
"0000110c","|static|_LAB_00631a5c_0000110c",$d,00000000
"00001110","FUN_00001110",$a,00000004
"00001114","|static|_FUN_00578c6c_00001114",$d,00000000
"00001118","FUN_00001118",$a,00000004
"0000111c","|static|_FUN_00578988_0000111c",$d,00000000
"00001120","FUN_00001120",$a,00000004
"00001124","|static|_FUN_002e6450_00001124",$d,00000000
"00001128","FUN_00001128",$a,00000004
"0000112c","|static|_FUN_0070ac68_0000112c",$d,00000000
"00001130","FUN_00001130",$a,00000004
"00001134","|static|_FUN_002e66c0_00001134",$d,00000000
"00001138","FUN_00001138",$a,00000004
"0000113c","|static|_FUN_001c0898_0000113c",$d,00000000
"00001140","FUN_00001140",$a,00000004
"00001144","|static|_FUN_001cd668_00001144",$d,00000000
"00001148","FUN_00001148",$a,00000004
"0000114c","|static|_FUN_007d13dc_0000114c",$d,00000000
"00001150","FUN_00001150",$a,00000004
"00001154","|static|_FUN_006ea834_00001154",$d,00000000
"00001158","FUN_00001158",$a,00000004
"0000115c","|static|_FUN_002ff6f4_0000115c",$d,00000000
"00001160","FUN_00001160",$a,00000004
"00001164","|static|_FUN_0057b0d4_00001164",$d,00000000
"0000116c","|static|_FUN_0057b498_0000116c",$d,00000000
"00001174","|static|_FUN_0023a9dc_00001174",$d,00000000
"00001178","FUN_00001178",$a,00000004
"0000117c","|static|_FUN_0051cbdc_0000117c",$d,00000000
"00001180","FUN_00001180",$a,00000004
"00001184","|static|_FUN_005f4bfc_00001184",$d,00000000
"00001188","FUN_00001188",$a,00000004
"0000118c","|static|_FUN_002f825c_0000118c",$d,00000000
"00001190","FUN_00001190",$a,00000004
"00001194","|static|_FUN_0056d874_00001194",$d,00000000
"00001198","FUN_00001198",$a,00000004
"0000119c","|static|_FUN_0051f84c_0000119c",$d,00000000
"000011a0","FUN_000011a0",$a,00000004
"000011a4","|static|_INVALID_|static|_TEXT:001fe7dd_000011a4",$d,00000000
"000011a8","FUN_000011a8",$a,00000004
"000011ac","|static|_FUN_00134544_000011ac",$d,00000000
"000011b0","FUN_000011b0",$a,00000004
"000011b8","FUN_000011b8",$a,00000004
"000011bc","|static|_INVALID_|static|_TEXT:0001c115_000011bc",$d,00000000
"000011c0","FUN_000011c0",$a,00000004
"000011c4","|static|_FUN_00752690_000011c4",$d,00000000
"000011cc","|static|_FUN_0016d7f4_000011cc",$d,00000000
"000011d0","FUN_000011d0",$a,00000004
"000011d4","|static|_FUN_0032a2e8_000011d4",$d,00000000
"000011d8","FUN_000011d8",$a,00000004
"000011dc","|static|_FUN_0032a174_000011dc",$d,00000000
"000011e0","FUN_000011e0",$a,00000004
"000011e4","|static|_FUN_005fcca4_000011e4",$d,00000000
"000011ec","|static|_LAB_005f4b8c_000011ec",$d,00000000
"000011f4","|static|_LAB_005f4bdc_000011f4",$d,00000000
"000011f8","FUN_000011f8",$a,00000004
"000011fc","|static|_FUN_005fcf24_000011fc",$d,00000000
"00001200","FUN_00001200",$a,00000004
"00001204","|static|_FUN_00521a10_00001204",$d,00000000
"00001208","FUN_00001208",$a,00000004
"0000120c","|static|_LAB_00521a30_0000120c",$d,00000000
"00001210","FUN_00001210",$a,00000004
"00001214","|static|_FUN_002fd108_00001214",$d,00000000
"00001224","FUN_00001224",$a,00000130
"0000137c","FUN_0000137c",$a,000000a4
"00001420","|static|_DAT_008ae13c_00001420",$d,00000000
"00001490","|static|_DAT_00952c3c_00001490",$d,00000000
"0000149c","FUN_0000149c",$a,00000034
"000014d0","FUN_000014d0",$a,000000d0
"000015a4","FUN_000015a4",$a,00000058
"00001604","FUN_00001604",$a,00000048
"0000164c","FUN_0000164c",$a,00000044
"00001694","|static|_DAT_00950708_00001694",$d,00000000
"00001698","|static|_DAT_0095070d_00001698",$d,00000000
"000016fc","FUN_000016fc",$a,0000007c
"0000177c","FUN_0000177c",$a,00000084
"00001800","|static|_DAT_00ae5664_00001800",$d,00000000
"000018a0","FUN_000018a0",$a,00000028
"000018c8","|static|_DAT_00950364_000018c8",$d,00000000
"000018cc","FUN_000018cc",$a,00000060
"00001934","FUN_00001934",$a,00000030
"00001968","FUN_00001968",$a,000000a0
"00001a0c","|static|_DAT_0095c6d0_00001a0c",$d,00000000
"00001a14","|static|_DAT_00ae5664_00001a14",$d,00000000
"00001a1c","FUN_00001a1c",$a,00000040
"00001a5c","FUN_00001a5c",$a,000000b4
"00001b20","FUN_00001b20",$a,000000c4
"00001be4","|static|_DAT_00975bee_00001be4",$d,00000000
"00001c24","FUN_00001c24",$a,00000048
"00001c74","FUN_00001c74",$a,000001e4
"00001d44","switchD_00001d3c::switchdataD_00001d44",$d,00000000
"00001e80","FUN_00001e80",$a,000000a0
"00001f2c","|static|_DAT_00ae5664_00001f2c",$d,00000000
"00001f30","|static|_DAT_00975bee_00001f30",$d,00000000
"00001f38","FUN_00001f38",$a,000000b4
"00001fec","|static|_DAT_00ae5664_00001fec",$d,00000000
"00001ff0","|static|_DAT_00975bee_00001ff0",$d,00000000
"00002008","FUN_00002008",$a,00000050
"0000205c","FUN_0000205c",$a,000001a0
"00002204","|static|_DAT_0095c6d0_00002204",$d,00000000
"00002224","FUN_00002224",$a,00000240
"00002474","|static|_DAT_00975bee_00002474",$d,00000000
"00002480","FUN_00002480",$a,000000ec
"0000256c","FUN_0000256c",$a,0000023c
"000027d0","FUN_000027d0",$a,00000008
"000027d8","FUN_000027d8",$a,000000f0
"000028d4","|static|_FUN_003166a8_000028d4",$d,00000000
"000028f4","FUN_000028f4",$a,00000028
"0000291c","FUN_0000291c",$a,0000005c
"00002978","FUN_00002978",$a,00000048
"000029c8","FUN_000029c8",$a,0000037c
"00002d44","|static|_DAT_0094edc8_00002d44",$d,00000000
"00002d88","|static|_DAT_0094edc8_00002d88",$d,00000000
"00002d94","FUN_00002d94",$a,00000028
"00002ea4","|static|_DAT_0094edc8_00002ea4",$d,00000000
"00002ea8","FUN_00002ea8",$a,00000100
"00002fc4","FUN_00002fc4",$a,00000060
"00003028","|static|_DAT_00ae5664_00003028",$d,00000000
"0000302c","|static|_DAT_00975bee_0000302c",$d,00000000
"00003034","FUN_00003034",$a,000004ac
"0000328c","|static|_DAT_0094edc8_0000328c",$d,00000000
"0000353c","|static|_DAT_0094edc8_0000353c",$d,00000000
"0000354c","|static|_DAT_0095c71c_0000354c",$d,00000000
"000038c4","|static|_DAT_0085f2cc_000038c4",$d,00000000
"000038c8","|static|_DAT_0094edc8_000038c8",$d,00000000
"00003bb8","|static|_DAT_0094edd8_00003bb8",$d,00000000
"00003bbc","|static|_DAT_0085f2b4_00003bbc",$d,00000000
"00003bc4","|static|_DAT_0090b6d8_00003bc4",$d,00000000
"00003bd8","FUN_00003bd8",$a,00000168
"00003d58","FUN_00003d58",$a,000000f4
"00003f20","FUN_00003f20",$a,00000088
"00003fa8","|static|_DAT_0094fd58_00003fa8",$d,00000000
"00003fb4","FUN_00003fb4",$a,000000b0
"00004068","|static|_DAT_0094fd58_00004068",$d,00000000
"00004074","FUN_00004074",$a,00000078
"000040f4","FUN_000040f4",$a,000000a4
"00004198","|static|_DAT_0094fd58_00004198",$d,00000000
"00004204","switchD_000041fc::switchdataD_00004204",$d,00000000
"00004438","|static|_DAT_00af76f8_00004438",$d,00000000
"00004454","|static|_DAT_0094fc20_00004454",$d,00000000
"00004458","FUN_00004458",$a,0000008c
"000045b4","FUN_000045b4",$a,00000034
"000045e8","|static|_DAT_0094fc30_000045e8",$d,00000000
"000045ec","|static|_DAT_0094fc20_000045ec",$d,00000000
"000045f0","FUN_000045f0",$a,00000018
"00004698","FUN_00004698",$a,00000034
"000046dc","FUN_000046dc",$a,00000088
"00004764","|static|_DAT_0094fd58_00004764",$d,00000000
"00004770","FUN_00004770",$a,000000b0
"00004824","|static|_DAT_0094fd58_00004824",$d,00000000
"00004830","FUN_00004830",$a,0000007c
"000048b0","FUN_000048b0",$a,000000c0
"00004978","FUN_00004978",$a,000001cc
"00004b4c","FUN_00004b4c",$a,0000003c
"00004b88","FUN_00004b88",$a,00000390
"00004bdc","switchD_00004bd4::switchdataD_00004bdc",$d,00000000
"00004f30","|static|_DAT_0095c6d0_00004f30",$d,00000000
"00004f74","|static|_DAT_00af76f8_00004f74",$d,00000000
"00004f94","|static|_DAT_0094fc20_00004f94",$d,00000000
"00004f98","FUN_00004f98",$a,0000008c
"00005120","FUN_00005120",$a,00000060
"00005180","|static|_DAT_0094fc28_00005180",$d,00000000
"00005184","|static|_DAT_0094fc20_00005184",$d,00000000
"00005188","FUN_00005188",$a,00000018
"00005308","|static|_DAT_0094edc8_00005308",$d,00000000
"0000530c","FUN_0000530c",$a,00000244
"00005558","FUN_00005558",$a,0000005c
"000055b4","|static|_DAT_00952c3c_000055b4",$d,00000000
"000055cc","FUN_000055cc",$a,00000038
"0000560c","FUN_0000560c",$a,00000098
"000056a4","|static|_DAT_0094edc8_000056a4",$d,00000000
"000056a8","FUN_000056a8",$a,000001b8
"00005860","FUN_00005860",$a,00000248
"00005aa8","|static|_DAT_00950708_00005aa8",$d,00000000
"00005aac","|static|_DAT_0095070d_00005aac",$d,00000000
"00005ab0","|static|_DAT_00953aec_00005ab0",$d,00000000
"00005abc","FUN_00005abc",$a,00000438
"00005eac","|static|_DAT_0095c6d0_00005eac",$d,00000000
"00005f18","FUN_00005f18",$a,00000194
"000060ac","|static|_DAT_0095c6d0_000060ac",$d,00000000
"000060cc","FUN_000060cc",$a,00000038
"00006108","FUN_00006108",$a,000001ac
"00006394","FUN_00006394",$a,00000060
"000064e4","FUN_000064e4",$a,000000bc
"000065a0","|static|_DAT_00a84790_000065a0",$d,00000000
"000065a4","FUN_000065a4",$a,00000088
"0000662c","|static|_DAT_0085f2cc_0000662c",$d,00000000
"00006640","FUN_00006640",$a,000000f0
"000066c0","FUN_000066c0",$a,000000a8
"00006768","|static|_DAT_008f9b04_00006768",$d,00000000
"0000676c","FUN_0000676c",$a,0000035c
"00006ac0","|static|_DAT_008870f4_00006ac0",$d,00000000
"00006ad4","FUN_00006ad4",$a,0000012c
"00006b10","switchD_00006b08::switchdataD_00006b10",$d,00000000
"00006c1c","FUN_00006c1c",$a,000001a4
"00006c58","switchD_00006c50::switchdataD_00006c58",$d,00000000
"00006de8","FUN_00006de8",$a,0000010c
"00006ef4","FUN_00006ef4",$a,000000a0
"00006f94","|static|_DAT_008f8c14_00006f94",$d,00000000
"00006f98","|static|_DAT_008ed6a4_00006f98",$d,00000000
"00006f9c","|static|_DAT_008eb16c_00006f9c",$d,00000000
"00006fa0","FUN_00006fa0",$a,0000010c
"000070ac","FUN_000070ac",$a,0000018c
"00007240","|static|_FUN_0056988c_00007240",$d,00000000
"00007244","|static|_DAT_008f80b0_00007244",$d,00000000
"00007248","|static|_DAT_008f8b78_00007248",$d,00000000
"00007258","FUN_00007258",$a,000000d0
"00007330","|static|_FUN_002e6944_00007330",$d,00000000
"00007334","|static|_DAT_008f427c_00007334",$d,00000000
"00007338","FUN_00007338",$a,000001e0
"0000751c","|static|_DAT_00ae5664_0000751c",$d,00000000
"00007520","|static|_DAT_00975bee_00007520",$d,00000000
"00007544","FUN_00007544",$a,000001b0
"00007704","FUN_00007704",$a,000002f4
"00007a04","|static|_DAT_0095c6d0_00007a04",$d,00000000
"00007a0c","|static|_DAT_00ae5664_00007a0c",$d,00000000
"00007a14","FUN_00007a14",$a,000000d0
"00007ae8","FUN_00007ae8",$a,00000110
"00007c00","FUN_00007c00",$a,00000140
"00007d54","FUN_00007d54",$a,0000000c
"00007d60","|static|_DAT_0095c6d0_00007d60",$d,00000000
"00007d64","FUN_00007d64",$a,00000050
"00007e58","|static|_DAT_00a84790_00007e58",$d,00000000
"00007e5c","FUN_00007e5c",$a,00000030
"00007ee8","FUN_00007ee8",$a,00000038
"00007f28","FUN_00007f28",$a,00000060
"00007f8c","FUN_00007f8c",$a,0000005c
"00007fe8","|static|_DAT_0088069c_00007fe8",$d,00000000
"00007fec","|static|_DAT_009537c2_00007fec",$d,00000000
"00008010","|static|_DAT_0088069c_00008010",$d,00000000
"0000806c","FUN_0000806c",$a,00000108
"0000817c","|static|_DAT_008f9b04_0000817c",$d,00000000
"00008180","|static|_DAT_0095bfdc_00008180",$d,00000000
"00008278","|static|_DAT_008f7c50_00008278",$d,00000000
"0000827c","|static|_DAT_008f7794_0000827c",$d,00000000
"00008360","|static|_DAT_008f7c50_00008360",$d,00000000
"00008364","|static|_DAT_008f7794_00008364",$d,00000000
"000083c0","FUN_000083c0",$a,00000048
"00008420","FUN_00008420",$a,00000180
"000085a4","ModuleKotobuki_DAT_000043d0_000085a4",$d,00000000
"000085a8","|static|_DAT_008f8c14_000085a8",$d,00000000
"000085ac","|static|_DAT_008ed6a4_000085ac",$d,00000000
"000085b0","|static|_DAT_008eb16c_000085b0",$d,00000000
"000085b4","|static|_DAT_008f7c50_000085b4",$d,00000000
"000085b8","|static|_DAT_008f7794_000085b8",$d,00000000
"00008614","FUN_00008614",$a,00000048
"00008674","FUN_00008674",$a,00000180
"000087f8","ModuleKotobuki_DAT_000043d0_000087f8",$d,00000000
"000087fc","|static|_DAT_008f8c14_000087fc",$d,00000000
"00008800","|static|_DAT_008ed6a4_00008800",$d,00000000
"00008804","|static|_DAT_008eb16c_00008804",$d,00000000
"00008808","|static|_DAT_008f7c50_00008808",$d,00000000
"0000880c","|static|_DAT_008f7794_0000880c",$d,00000000
"00008870","|static|_DAT_008f427c_00008870",$d,00000000
"000088a8","|static|_DAT_008f427c_000088a8",$d,00000000
"000088ac","FUN_000088ac",$a,00000218
"00008ac4","|static|_DAT_00950148_00008ac4",$d,00000000
"00008ac8","|static|_DAT_008c9f1c_00008ac8",$d,00000000
"00008acc","|static|_DAT_00887222_00008acc",$d,00000000
"00008ad8","|static|_DAT_00887220_00008ad8",$d,00000000
"00008ae0","|static|_DAT_0094d930_00008ae0",$d,00000000
"00008ae4","|static|_DAT_0094d92c_00008ae4",$d,00000000
"00008b4c","FUN_00008b4c",$a,00000020
"00008b7c","FUN_00008b7c",$a,00000138
"00008cb4","FUN_00008cb4",$a,00000170
"00008e24","|static|_DAT_00a84790_00008e24",$d,00000000
"00008f50","|static|_DAT_0088069c_00008f50",$d,00000000
"00008f58","FUN_00008f58",$a,0000007c
"000090cc","|static|_DAT_008f7c50_000090cc",$d,00000000
"000090d0","|static|_DAT_008f7794_000090d0",$d,00000000
"000091b8","|static|_DAT_008f7c50_000091b8",$d,00000000
"000091bc","|static|_DAT_008f7794_000091bc",$d,00000000
"00009294","FUN_00009294",$a,00000048
"000092f4","FUN_000092f4",$a,00000180
"00009478","ModuleKotobuki_DAT_000043d0_00009478",$d,00000000
"0000947c","|static|_DAT_008f8c14_0000947c",$d,00000000
"00009480","|static|_DAT_008ed6a4_00009480",$d,00000000
"00009484","|static|_DAT_008eb16c_00009484",$d,00000000
"00009488","|static|_DAT_008f7c50_00009488",$d,00000000
"0000948c","|static|_DAT_008f7794_0000948c",$d,00000000
"000094e8","FUN_000094e8",$a,00000048
"00009548","FUN_00009548",$a,00000180
"000096cc","ModuleKotobuki_DAT_000043d0_000096cc",$d,00000000
"000096d0","|static|_DAT_008f8c14_000096d0",$d,00000000
"000096d4","|static|_DAT_008ed6a4_000096d4",$d,00000000
"000096d8","|static|_DAT_008eb16c_000096d8",$d,00000000
"000096dc","|static|_DAT_008f7c50_000096dc",$d,00000000
"000096e0","|static|_DAT_008f7794_000096e0",$d,00000000
"00009738","FUN_00009738",$a,00000048
"00009798","FUN_00009798",$a,00000180
"0000991c","ModuleKotobuki_DAT_000043d0_0000991c",$d,00000000
"00009920","|static|_DAT_008f8c14_00009920",$d,00000000
"00009924","|static|_DAT_008ed6a4_00009924",$d,00000000
"00009928","|static|_DAT_008eb16c_00009928",$d,00000000
"0000992c","|static|_DAT_008f7c50_0000992c",$d,00000000
"00009930","|static|_DAT_008f7794_00009930",$d,00000000
"0000998c","FUN_0000998c",$a,00000048
"000099ec","FUN_000099ec",$a,00000180
"00009b70","ModuleKotobuki_DAT_000043d0_00009b70",$d,00000000
"00009b74","|static|_DAT_008f8c14_00009b74",$d,00000000
"00009b78","|static|_DAT_008ed6a4_00009b78",$d,00000000
"00009b7c","|static|_DAT_008eb16c_00009b7c",$d,00000000
"00009b80","|static|_DAT_008f7c50_00009b80",$d,00000000
"00009b84","|static|_DAT_008f7794_00009b84",$d,00000000
"00009be0","FUN_00009be0",$a,00000048
"00009c40","FUN_00009c40",$a,00000180
"00009dc4","ModuleKotobuki_DAT_000043d0_00009dc4",$d,00000000
"00009dc8","|static|_DAT_008f8c14_00009dc8",$d,00000000
"00009dcc","|static|_DAT_008ed6a4_00009dcc",$d,00000000
"00009dd0","|static|_DAT_008eb16c_00009dd0",$d,00000000
"00009dd4","|static|_DAT_008f7c50_00009dd4",$d,00000000
"00009dd8","|static|_DAT_008f7794_00009dd8",$d,00000000
"00009e4c","FUN_00009e4c",$a,00000048
"00009eac","FUN_00009eac",$a,00000180
"0000a030","ModuleKotobuki_DAT_000043d0_0000a030",$d,00000000
"0000a034","|static|_DAT_008f8c14_0000a034",$d,00000000
"0000a038","|static|_DAT_008ed6a4_0000a038",$d,00000000
"0000a03c","|static|_DAT_008eb16c_0000a03c",$d,00000000
"0000a040","|static|_DAT_008f7c50_0000a040",$d,00000000
"0000a044","|static|_DAT_008f7794_0000a044",$d,00000000
"0000a048","FUN_0000a048",$a,00000398
"0000a19c","switchD_0000a194::switchdataD_0000a19c",$d,00000000
"0000a3f4","|static|_DAT_00950148_0000a3f4",$d,00000000
"0000a3f8","|static|_DAT_0095c71c_0000a3f8",$d,00000000
"0000a408","FUN_0000a408",$a,0000002c
"0000a444","FUN_0000a444",$a,0000008c
"0000a4d0","|static|_DAT_0095c71c_0000a4d0",$d,00000000
"0000a4d8","FUN_0000a4d8",$a,00000124
"0000a508","switchD_0000a500::switchdataD_0000a508",$d,00000000
"0000a614","|static|_DAT_0095c6d0_0000a614",$d,00000000
"0000a74c","FUN_0000a74c",$a,00000084
"0000a7d0","|static|_DAT_0095c6d0_0000a7d0",$d,00000000
"0000a7d4","FUN_0000a7d4",$a,00000024
"0000a8d8","|static|_DAT_0095c71c_0000a8d8",$d,00000000
"0000a8dc","|static|_DAT_0088069c_0000a8dc",$d,00000000
"0000a8e0","FUN_0000a8e0",$a,000000dc
"0000a9bc","|static|_DAT_00950148_0000a9bc",$d,00000000
"0000aa40","|static|_DAT_0095c6d0_0000aa40",$d,00000000
"0000aa44","|static|_DAT_0094fd3c_0000aa44",$d,00000000
"0000aa48","|static|_DAT_008f5324_0000aa48",$d,00000000
"0000aa4c","FUN_0000aa4c",$a,00000070
"0000aac0","|static|_DAT_0095c6d0_0000aac0",$d,00000000
"0000aac4","|static|_DAT_0094fd3c_0000aac4",$d,00000000
"0000aac8","|static|_DAT_008f5324_0000aac8",$d,00000000
"0000ab24","FUN_0000ab24",$a,00000048
"0000ab84","FUN_0000ab84",$a,00000180
"0000ad08","ModuleKotobuki_DAT_000043d0_0000ad08",$d,00000000
"0000ad0c","|static|_DAT_008f8c14_0000ad0c",$d,00000000
"0000ad10","|static|_DAT_008ed6a4_0000ad10",$d,00000000
"0000ad14","|static|_DAT_008eb16c_0000ad14",$d,00000000
"0000ad18","|static|_DAT_008f7c50_0000ad18",$d,00000000
"0000ad1c","|static|_DAT_008f7794_0000ad1c",$d,00000000
"0000ad74","FUN_0000ad74",$a,00000048
"0000add4","FUN_0000add4",$a,00000180
"0000af58","ModuleKotobuki_DAT_000043d0_0000af58",$d,00000000
"0000af5c","|static|_DAT_008f8c14_0000af5c",$d,00000000
"0000af60","|static|_DAT_008ed6a4_0000af60",$d,00000000
"0000af64","|static|_DAT_008eb16c_0000af64",$d,00000000
"0000af68","|static|_DAT_008f7c50_0000af68",$d,00000000
"0000af6c","|static|_DAT_008f7794_0000af6c",$d,00000000
"0000afe0","FUN_0000afe0",$a,00000048
"0000b040","FUN_0000b040",$a,00000180
"0000b1c4","ModuleKotobuki_DAT_000043d0_0000b1c4",$d,00000000
"0000b1c8","|static|_DAT_008f8c14_0000b1c8",$d,00000000
"0000b1cc","|static|_DAT_008ed6a4_0000b1cc",$d,00000000
"0000b1d0","|static|_DAT_008eb16c_0000b1d0",$d,00000000
"0000b1d4","|static|_DAT_008f7c50_0000b1d4",$d,00000000
"0000b1d8","|static|_DAT_008f7794_0000b1d8",$d,00000000
"0000b238","FUN_0000b238",$a,00000048
"0000b298","FUN_0000b298",$a,00000180
"0000b41c","ModuleKotobuki_DAT_000043d0_0000b41c",$d,00000000
"0000b420","|static|_DAT_008f8c14_0000b420",$d,00000000
"0000b424","|static|_DAT_008ed6a4_0000b424",$d,00000000
"0000b428","|static|_DAT_008eb16c_0000b428",$d,00000000
"0000b42c","|static|_DAT_008f7c50_0000b42c",$d,00000000
"0000b430","|static|_DAT_008f7794_0000b430",$d,00000000
"0000b434","FUN_0000b434",$a,00000028
"0000b45c","FUN_0000b45c",$a,00000054
"0000b4b0","|static|_DAT_0088069c_0000b4b0",$d,00000000
"0000b4b4","|static|_DAT_009537c2_0000b4b4",$d,00000000
"0000b4b8","FUN_0000b4b8",$a,00000034
"0000b4e8","|static|_DAT_0088069c_0000b4e8",$d,00000000
"0000b4ec","FUN_0000b4ec",$a,00000034
"0000b554","FUN_0000b554",$a,00000078
"0000b600","FUN_0000b600",$a,00000008
"0000b608","FUN_0000b608",$a,00000008
"0000b610","|static|_DAT_00a84790_0000b610",$d,00000000
"0000b6c4","|static|_DAT_008f80b0_0000b6c4",$d,00000000
"0000b6c8","|static|_DAT_008f8b78_0000b6c8",$d,00000000
"0000b6cc","FUN_0000b6cc",$a,00000014
"0000b6e0","|static|_DAT_00950150_0000b6e0",$d,00000000
"0000b6e4","FUN_0000b6e4",$a,000002d0
"0000b9b8","|static|_DAT_0095c6d0_0000b9b8",$d,00000000
"0000b9c4","|static|_DAT_00a83aec_0000b9c4",$d,00000000
"0000b9d0","|static|_DAT_00887302_0000b9d0",$d,00000000
"0000b9d4","FUN_0000b9d4",$a,0000059c
"0000bf80","|static|_DAT_0095c6d0_0000bf80",$d,00000000
"0000bf88","|static|_DAT_0085f2cc_0000bf88",$d,00000000
"0000bf90","FUN_0000bf90",$a,00000118
"0000c0ac","|static|_DAT_00a83aec_0000c0ac",$d,00000000
"0000c0c4","|static|_DAT_0095debc_0000c0c4",$d,00000000
"0000c0c8","|static|_DAT_0090aad4_0000c0c8",$d,00000000
"0000c0cc","FUN_0000c0cc",$a,000000f4
"0000c1cc","FUN_0000c1cc",$a,0000012c
"0000c2fc","|static|_DAT_00a84790_0000c2fc",$d,00000000
"0000c300","|static|_DAT_0095bfdc_0000c300",$d,00000000
"0000c304","|static|_DAT_0095c71c_0000c304",$d,00000000
"0000c308","FUN_0000c308",$a,0000010c
"0000c41c","|static|_DAT_0094ed74_0000c41c",$d,00000000
"0000c420","|static|_DAT_00a84790_0000c420",$d,00000000
"0000c424","FUN_0000c424",$a,00000054
"0000c478","|static|_DAT_0090aad4_0000c478",$d,00000000
"0000c47c","FUN_0000c47c",$a,00000030
"0000c4ac","FUN_0000c4ac",$a,0000003c
"0000c4f0","FUN_0000c4f0",$a,0000005c
"0000c548","FUN_0000c548",$a,00000074
"0000c5bc","FUN_0000c5bc",$a,0000005c
"0000c614","FUN_0000c614",$a,00000014
"0000c628","FUN_0000c628",$a,00000154
"0000c784","|static|_DAT_0083f9d4_0000c784",$d,00000000
"0000c788","|static|_DAT_00ae5664_0000c788",$d,00000000
"0000c78c","|static|_DAT_00975bee_0000c78c",$d,00000000
"0000c798","FUN_0000c798",$a,0000008c
"0000c82c","|static|_DAT_0088069c_0000c82c",$d,00000000
"0000c830","FUN_0000c830",$a,000000c0
"0000c8f0","|static|_DAT_00ae5664_0000c8f0",$d,00000000
"0000c8f4","|static|_DAT_00975bee_0000c8f4",$d,00000000
"0000c900","FUN_0000c900",$a,00000084
"0000c988","|static|_DAT_0088069c_0000c988",$d,00000000
"0000c994","FUN_0000c994",$a,0000008c
"0000ca20","|static|_DAT_00950154_0000ca20",$d,00000000
"0000ca24","FUN_0000ca24",$a,00000080
"0000caa4","|static|_DAT_0088069c_0000caa4",$d,00000000
"0000caa8","|static|_DAT_009537c2_0000caa8",$d,00000000
"0000cab0","FUN_0000cab0",$a,00000094
"0000cbc0","|static|_DAT_0088069c_0000cbc0",$d,00000000
"0000cbe0","FUN_0000cbe0",$a,00000088
"0000cc6c","|static|_DAT_0088069c_0000cc6c",$d,00000000
"0000cc74","FUN_0000cc74",$a,0000008c
"0000cd00","|static|_DAT_00950154_0000cd00",$d,00000000
"0000cd7c","|static|_DAT_0083f9d4_0000cd7c",$d,00000000
"0000cd80","|static|_DAT_0088069c_0000cd80",$d,00000000
"0000cd8c","FUN_0000cd8c",$a,00000084
"0000ce10","|static|_DAT_0083f9d4_0000ce10",$d,00000000
"0000ce14","FUN_0000ce14",$a,000000a8
"0000d028","|static|_DAT_008f8c14_0000d028",$d,00000000
"0000d02c","|static|_DAT_008ed6a4_0000d02c",$d,00000000
"0000d030","|static|_DAT_008eb16c_0000d030",$d,00000000
"0000d034","|static|_DAT_008f7794_0000d034",$d,00000000
"0000d040","FUN_0000d040",$a,0000007c
"0000d0bc","FUN_0000d0bc",$a,00000074
"0000d248","FUN_0000d248",$a,00000008
"0000d250","FUN_0000d250",$a,00000008
"0000d258","FUN_0000d258",$a,0000010c
"0000d2fc","switchD_0000d2f4::switchdataD_0000d2fc",$d,00000000
"0000d388","|static|_DAT_008906ec_0000d388",$d,00000000
"0000d394","FUN_0000d394",$a,00000484
"0000d6c0","|static|_DAT_008c9f1c_0000d6c0",$d,00000000
"0000d84c","|static|_DAT_00881168_0000d84c",$d,00000000
"0000d850","FUN_0000d850",$a,0000002c
"0000d880","FUN_0000d880",$a,00000040
"0000da24","FUN_0000da24",$a,00000034
"0000dacc","|static|_DAT_0095c6d0_0000dacc",$d,00000000
"0000dad0","|static|_DAT_0094fd3c_0000dad0",$d,00000000
"0000dad4","|static|_DAT_008f5324_0000dad4",$d,00000000
"0000db4c","|static|_DAT_0095c6d0_0000db4c",$d,00000000
"0000db50","|static|_DAT_0094fd3c_0000db50",$d,00000000
"0000db54","|static|_DAT_008f5324_0000db54",$d,00000000
"0000dbc8","FUN_0000dbc8",$a,00000110
"0000dce0","|static|_DAT_0094ed74_0000dce0",$d,00000000
"0000dce4","|static|_DAT_00a84790_0000dce4",$d,00000000
"0000decc","FUN_0000decc",$a,00000034
"0000df9c","|static|_DAT_008f427c_0000df9c",$d,00000000
"0000dfe0","|static|_DAT_008f427c_0000dfe0",$d,00000000
"0000dfe4","FUN_0000dfe4",$a,00000040
"0000e04c","FUN_0000e04c",$a,00000034
"0000e080","|static|_DAT_00950364_0000e080",$d,00000000
"0000e098","FUN_0000e098",$a,00000070
"0000e108","|static|_DAT_00952c3c_0000e108",$d,00000000
"0000e1e0","|static|_DAT_0085f2cc_0000e1e0",$d,00000000
"0000e1f4","|static|_FUN_001b4b7c_0000e1f4",$d,00000000
"0000e2c8","|static|_DAT_0085f2cc_0000e2c8",$d,00000000
"0000e2d4","|static|_DAT_00982080_0000e2d4",$d,00000000
"0000e2d8","|static|_DAT_00af76f8_0000e2d8",$d,00000000
"0000e2e0","|static|_DAT_008c9f1c_0000e2e0",$d,00000000
"0000e3ac","|static|_DAT_0085f2cc_0000e3ac",$d,00000000
"0000e3b8","|static|_DAT_00982080_0000e3b8",$d,00000000
"0000e3bc","|static|_DAT_00af76f8_0000e3bc",$d,00000000
"0000e3c4","|static|_DAT_008c9f1c_0000e3c4",$d,00000000
"0000e41c","|static|_DAT_0085f2cc_0000e41c",$d,00000000
"0000e564","nnroControlObject__0000e564",$a,00000074
"0000e578","switchD_0000e570::switchdataD_0000e578",$d,00000000
"0000e610","OnExit_0000e610",$d,00000001
"0000e614","OnLoad_0000e614",$d,00000001
"0000e618","OnUnresolved_0000e618",$d,00000001
"0000e628","FUN_0000e628",$a,00000074
"0000e69c","|static|_DAT_00952c3c_0000e69c",$d,00000000
"0000e6a4","|static|_DAT_0094fd3c_0000e6a4",$d,00000000
"0000e6a8","|static|_DAT_0094d934_0000e6a8",$d,00000000
"0000e730","FUN_0000e730",$a,00000044
"0000e76c","FUN_0000e76c",$a,00000018
"0000e7d0","FUN_0000e7d0",$a,0000003c
"0000e80c","FUN_0000e80c",$a,00000018
"0000e904","FUN_0000e904",$a,000000f8
"0000e9fc","FUN_0000e9fc",$a,0000009c
"0000ea98","FUN_0000ea98",$a,000000f8
"0000eb90","FUN_0000eb90",$a,0000009c
"0000ec2c","FUN_0000ec2c",$a,000000f8
"0000ed2c","FUN_0000ed2c",$a,00000004
"0000ed30","FUN_0000ed30",$a,00000018
"0000ed48","|static|_DAT_008c9f1c_0000ed48",$d,00000000
"0000ed4c","FUN_0000ed4c",$a,00000040
"0000ef0c","FUN_0000ef0c",$a,00000028
"0000f0a8","|static|_DAT_008cba60_0000f0a8",$d,00000000
"0000f0b4","|static|_FUN_002fc024_0000f0b4",$d,00000000
"0000f0b8","|static|_FUN_002fcb58_0000f0b8",$d,00000000
"0000f0bc","|static|_FUN_002fbe58_0000f0bc",$d,00000000
"0000f0fc","|static|_DAT_008cba60_0000f0fc",$d,00000000
"0000f108","|static|_FUN_002fc014_0000f108",$d,00000000
"0000f10c","|static|_FUN_00778f8c_0000f10c",$d,00000000
"0000f110","|static|_FUN_00779114_0000f110",$d,00000000
"0000f11c","|static|_INVALID_|static|_TEXT:0001c117_0000f11c",$d,00000000
"0000f124","|static|_FUN_002705fc_0000f124",$d,00000000
"0000f128","|static|_FUN_0027066c_0000f128",$d,00000000
"0000f388","|static|_DAT_008f9a3c_0000f388",$d,00000000
"0000f3e0","|static|_DAT_008f9a3c_0000f3e0",$d,00000000
"0000f430","|static|_DAT_008f9a3c_0000f430",$d,00000000
"0000f484","|static|_DAT_008f9a3c_0000f484",$d,00000000
"0000f5ac","|static|_DAT_008f9a3c_0000f5ac",$d,00000000
"0000f5b8","|static|_DAT_008f9a2c_0000f5b8",$d,00000000
"0000f5c0","|static|_DAT_008f9a4c_0000f5c0",$d,00000000
"0000f5d0","|static|_DAT_008cc29c_0000f5d0",$d,00000000
"0000f5d8","|static|_DAT_008cba60_0000f5d8",$d,00000000
"0000f5e8","|static|_DAT_008f9a3c_0000f5e8",$d,00000000
"0000f5f4","|static|_DAT_008f9a2c_0000f5f4",$d,00000000
"0000f5fc","|static|_DAT_008f9a3c_0000f5fc",$d,00000000
"0000f608","|static|_DAT_008f9a2c_0000f608",$d,00000000
"0000f610","|static|_DAT_008f9a4c_0000f610",$d,00000000
"0000f620","|static|_DAT_008cc244_0000f620",$d,00000000
"0000f630","|static|_DAT_008f9a3c_0000f630",$d,00000000
"0000f63c","|static|_DAT_008f9a3c_0000f63c",$d,00000000
"0000f644","|static|_DAT_008cc520_0000f644",$d,00000000
"0000f648","|static|_DAT_008f9a2c_0000f648",$d,00000000
"0000f650","|static|_DAT_008f9a4c_0000f650",$d,00000000
"0000f660","|static|_DAT_008cc244_0000f660",$d,00000000
"0000f670","|static|_DAT_008f9a3c_0000f670",$d,00000000
"0000f67c","|static|_DAT_008f9a3c_0000f67c",$d,00000000
"0000f688","|static|_DAT_008f9a3c_0000f688",$d,00000000
"0000f690","|static|_DAT_008ca230_0000f690",$d,00000000
"0000f694","|static|_DAT_008f9a3c_0000f694",$d,00000000
"0000f69c","ModuleKotobuki_DAT_00004030_0000f69c",$d,00000000
"0000f6a0","|static|_DAT_008f9a3c_0000f6a0",$d,00000000
"0000f6a8","ModuleKotobuki_DAT_00004030_0000f6a8",$d,00000000
"0000f6ac","|static|_DAT_008f9a3c_0000f6ac",$d,00000000
"0000f6b4","|static|_DAT_008cc340_0000f6b4",$d,00000000
"0000f6b8","|static|_DAT_008f9a3c_0000f6b8",$d,00000000
"0000f6c4","|static|_DAT_008f9a3c_0000f6c4",$d,00000000
"0000f6cc","ModuleKotobuki_DAT_00004030_0000f6cc",$d,00000000
"0000f6d0","|static|_DAT_008f9a3c_0000f6d0",$d,00000000
"0000f6d8","ModuleKotobuki_DAT_00004030_0000f6d8",$d,00000000
"0000f6dc","|static|_DAT_008f9a3c_0000f6dc",$d,00000000
"0000f6e4","ModuleKotobuki_DAT_00004030_0000f6e4",$d,00000000
"0000f6e8","|static|_DAT_008f9a3c_0000f6e8",$d,00000000
"0000f6f0","ModuleKotobuki_DAT_00004030_0000f6f0",$d,00000000
"0000f6f4","|static|_DAT_008f9a3c_0000f6f4",$d,00000000
"0000f6fc","ModuleKotobuki_DAT_00004030_0000f6fc",$d,00000000
"0000f700","|static|_DAT_008f9a3c_0000f700",$d,00000000
"0000f708","ModuleKotobuki_DAT_00004030_0000f708",$d,00000000
"0000f70c","|static|_DAT_008f9a3c_0000f70c",$d,00000000
"0000f714","|static|_DAT_008cbd28_0000f714",$d,00000000
"0000f718","|static|_DAT_008f9a3c_0000f718",$d,00000000
"0000f720","ModuleKotobuki_DAT_00004030_0000f720",$d,00000000
"0000f724","|static|_DAT_008f9a3c_0000f724",$d,00000000
"0000f72c","ModuleKotobuki_DAT_00004030_0000f72c",$d,00000000
"0000f730","|static|_DAT_008f9a3c_0000f730",$d,00000000
"0000f738","ModuleKotobuki_DAT_00004030_0000f738",$d,00000000
"0000f73c","|static|_DAT_008f9a3c_0000f73c",$d,00000000
"0000f744","ModuleKotobuki_DAT_00004030_0000f744",$d,00000000
"0000f748","|static|_DAT_008f9a3c_0000f748",$d,00000000
"0000f750","|static|_DAT_008cc244_0000f750",$d,00000000
"0000f754","|static|_DAT_008f9a3c_0000f754",$d,00000000
"0000f75c","|static|_DAT_008cc29c_0000f75c",$d,00000000
"0000f760","|static|_DAT_008f9a3c_0000f760",$d,00000000
"0000f768","|static|_DAT_008cc290_0000f768",$d,00000000
"0000f76c","|static|_DAT_008f9a3c_0000f76c",$d,00000000
"0000f778","|static|_DAT_008f9a3c_0000f778",$d,00000000
"0000f784","|static|_DAT_008f9a3c_0000f784",$d,00000000
"0000f790","|static|_DAT_008f9a3c_0000f790",$d,00000000
"0000f79c","|static|_DAT_008f9a3c_0000f79c",$d,00000000
"0000f7a8","|static|_DAT_008f9a3c_0000f7a8",$d,00000000
"0000f7b4","|static|_DAT_008f9a3c_0000f7b4",$d,00000000
"0000f7c0","|static|_DAT_008f9a3c_0000f7c0",$d,00000000
"0000f7cc","|static|_DAT_008f9a3c_0000f7cc",$d,00000000
"0000f7d8","|static|_DAT_008f9a3c_0000f7d8",$d,00000000
"0000f7e0","|static|_DAT_008cc8bc_0000f7e0",$d,00000000
"0000f7e4","|static|_DAT_008f9a3c_0000f7e4",$d,00000000
"0000f7ec","ModuleKotobuki_DAT_00004054_0000f7ec",$d,00000000
"0000f7f0","|static|_DAT_008f9a3c_0000f7f0",$d,00000000
"0000f7f8","ModuleKotobuki_DAT_00004054_0000f7f8",$d,00000000
"0000f7fc","|static|_DAT_008f9a3c_0000f7fc",$d,00000000
"0000f804","|static|_DAT_008cb108_0000f804",$d,00000000
"0000f808","|static|_DAT_008f9a3c_0000f808",$d,00000000
"0000f810","ModuleKotobuki_DAT_00004054_0000f810",$d,00000000
"0000f814","|static|_DAT_008f9a3c_0000f814",$d,00000000
"0000f81c","ModuleKotobuki_DAT_00004054_0000f81c",$d,00000000
"0000f820","|static|_DAT_008f9a3c_0000f820",$d,00000000
"0000f828","ModuleKotobuki_DAT_00004054_0000f828",$d,00000000
"0000f82c","|static|_DAT_008f9a3c_0000f82c",$d,00000000
"0000f834","ModuleKotobuki_DAT_00004054_0000f834",$d,00000000
"0000f838","|static|_DAT_008f9a3c_0000f838",$d,00000000
"0000f840","ModuleKotobuki_DAT_00004054_0000f840",$d,00000000
"0000f844","|static|_DAT_008f9a3c_0000f844",$d,00000000
"0000f84c","ModuleKotobuki_DAT_00004054_0000f84c",$d,00000000
"0000f850","|static|_DAT_008f9a3c_0000f850",$d,00000000
"0000f858","ModuleKotobuki_DAT_00004054_0000f858",$d,00000000
"0000f85c","|static|_DAT_008f9a3c_0000f85c",$d,00000000
"0000f864","ModuleKotobuki_DAT_00004054_0000f864",$d,00000000
"0000f868","|static|_DAT_008f9a3c_0000f868",$d,00000000
"0000f870","ModuleKotobuki_DAT_00004054_0000f870",$d,00000000
"0000f874","|static|_DAT_008f9a3c_0000f874",$d,00000000
"0000f87c","ModuleKotobuki_DAT_00004054_0000f87c",$d,00000000
"0000f880","|static|_DAT_008f9a2c_0000f880",$d,00000000
"0000f888","|static|_DAT_008f9a3c_0000f888",$d,00000000
"0000f894","|static|_DAT_008f9a2c_0000f894",$d,00000000
"0000f89c","|static|_DAT_008f9a3c_0000f89c",$d,00000000
"0000f8a8","|static|_DAT_008f9a3c_0000f8a8",$d,00000000
"0000f8b4","|static|_DAT_008f9a3c_0000f8b4",$d,00000000
"0000f8c0","|static|_DAT_008f9a3c_0000f8c0",$d,00000000
"0000f8cc","|static|_DAT_008f9a3c_0000f8cc",$d,00000000
"0000f8d8","|static|_DAT_008f9a3c_0000f8d8",$d,00000000
"0000f8e4","|static|_DAT_008f9a3c_0000f8e4",$d,00000000
"0000f8f0","|static|_DAT_008f9a3c_0000f8f0",$d,00000000
"0000f8fc","|static|_DAT_008f9a2c_0000f8fc",$d,00000000
"0000f904","|static|_DAT_008f9a3c_0000f904",$d,00000000
"0000f910","|static|_DAT_008f9a3c_0000f910",$d,00000000
"0000f91c","|static|_DAT_008f9a3c_0000f91c",$d,00000000
"0000f928","|static|_DAT_008f9a3c_0000f928",$d,00000000
"0000f934","|static|_DAT_008f9a2c_0000f934",$d,00000000
"0000f93c","|static|_DAT_008f9a2c_0000f93c",$d,00000000
"0000f944","|static|_DAT_008f9a2c_0000f944",$d,00000000
"0000f94c","|static|_DAT_008f9a3c_0000f94c",$d,00000000
"0000f958","|static|_DAT_008f9a3c_0000f958",$d,00000000
"0000f964","|static|_DAT_008f9a3c_0000f964",$d,00000000
"0000f970","|static|_DAT_008f9a3c_0000f970",$d,00000000
"0000f978","|static|_DAT_008d2dc8_0000f978",$d,00000000
"0000f97c","|static|_DAT_008f9a3c_0000f97c",$d,00000000
"0000f984","|static|_DAT_008d2dc8_0000f984",$d,00000000
"0000f988","|static|_DAT_008f9a3c_0000f988",$d,00000000
"0000f994","|static|_DAT_008f9a3c_0000f994",$d,00000000
"0000f9a0","|static|_DAT_008f9a3c_0000f9a0",$d,00000000
"0000f9ac","|static|_DAT_008f9a2c_0000f9ac",$d,00000000
"0000f9b4","|static|_DAT_008f9a3c_0000f9b4",$d,00000000
"0000f9c0","|static|_DAT_008f9a3c_0000f9c0",$d,00000000
"0000f9cc","|static|_DAT_008f9a3c_0000f9cc",$d,00000000
"0000f9d4","|static|_DAT_008caa3c_0000f9d4",$d,00000000
"0000f9d8","|static|_DAT_008f9a3c_0000f9d8",$d,00000000
"0000f9e4","|static|_DAT_008f9a3c_0000f9e4",$d,00000000
"00010504","|static|_INVALID_|static|_TEXT:0001c117_00010504",$d,00000000
"00010508","|static|_INVALID_|static|_TEXT:0001c117_00010508",$d,00000000
"00010520","|static|_FUN_0057ba40_00010520",$d,00000000
"00010528","|static|_LAB_0057b988_00010528",$d,00000000
"0001052c","|static|_FUN_0057ba54_0001052c",$d,00000000
"00010534","|static|_FUN_0057b98c_00010534",$d,00000000
"00010544","|static|_FUN_0057ba2c_00010544",$d,00000000
"0001054c","|static|_FUN_00521a38_0001054c",$d,00000000
"00010550","|static|_FUN_00521064_00010550",$d,00000000
"00010584","|static|_FUN_002fc024_00010584",$d,00000000
"00010588","|static|_FUN_002fcb58_00010588",$d,00000000
"000105e8","|static|_FUN_002fc014_000105e8",$d,00000000
"000105ec","|static|_FUN_00778f8c_000105ec",$d,00000000
"00010650","|static|_FUN_0057ba40_00010650",$d,00000000
"00010658","|static|_LAB_0057b988_00010658",$d,00000000
"0001065c","|static|_FUN_0057ba54_0001065c",$d,00000000
"00010664","|static|_FUN_0057b98c_00010664",$d,00000000
"00010668","|static|_FUN_0057b990_00010668",$d,00000000
"00010670","|static|_LAB_0057ba24_00010670",$d,00000000
"00010674","|static|_FUN_0057ba2c_00010674",$d,00000000
"0001067c","|static|_FUN_00521a38_0001067c",$d,00000000
"00010680","|static|_FUN_00521064_00010680",$d,00000000
"000106b4","DAT_000106b4",$d,00000000
"000106c4","|static|_FUN_00529d8c_000106c4",$d,00000000
"000106cc","|static|_LAB_00520f64_000106cc",$d,00000000
"000106d0","|static|_FUN_00529da0_000106d0",$d,00000000
"000106d8","|static|_LAB_00520f6c_000106d8",$d,00000000
"000106dc","|static|_FUN_00529cf4_000106dc",$d,00000000
"000106e4","|static|_LAB_00521068_000106e4",$d,00000000
"000106e8","|static|_FUN_00529d78_000106e8",$d,00000000
"000106f0","|static|_FUN_00521a3c_000106f0",$d,00000000
"000106f4","|static|_FUN_00521064_000106f4",$d,00000000
"00010728","|static|_FUN_006ac424_00010728",$d,00000000
"0001072c","|static|_FUN_006ac270_0001072c",$d,00000000
"00010730","|static|_FUN_006ac298_00010730",$d,00000000
"00010734","|static|_FUN_006ac50c_00010734",$d,00000000
"00010738","|static|_FUN_006ac700_00010738",$d,00000000
"0001073c","|static|_FUN_006ac2f8_0001073c",$d,00000000
"0001074c","|static|_FUN_00203c6c_0001074c",$d,00000000
"00010754","|static|_FUN_003041bc_00010754",$d,00000000
"00010758","|static|_FUN_006ac35c_00010758",$d,00000000
"0001075c","|static|_FUN_006ac570_0001075c",$d,00000000
"00010760","|static|_FUN_006ab4f8_00010760",$d,00000000
"00010764","|static|_FUN_006ac10c_00010764",$d,00000000
"00010768","|static|_FUN_006ac0b4_00010768",$d,00000000
"0001076c","|static|_FUN_006ac214_0001076c",$d,00000000
"00010770","|static|_FUN_002133ac_00010770",$d,00000000
"00010774","|static|_FUN_006ab978_00010774",$d,00000000
"00010778","DAT_00010778",$d,00000000
"00010788","|static|_FUN_00529d8c_00010788",$d,00000000
"00010790","|static|_LAB_00520f64_00010790",$d,00000000
"00010794","|static|_FUN_00529da0_00010794",$d,00000000
"0001079c","|static|_LAB_00520f6c_0001079c",$d,00000000
"000107a0","|static|_FUN_00529cf4_000107a0",$d,00000000
"000107a8","|static|_LAB_00521068_000107a8",$d,00000000
"000107ac","|static|_FUN_00529d78_000107ac",$d,00000000
"000107b4","|static|_FUN_00521a3c_000107b4",$d,00000000
"000107b8","|static|_FUN_00521064_000107b8",$d,00000000
"000107e4","|static|_FUN_00529d8c_000107e4",$d,00000000
"000107ec","|static|_LAB_00520f64_000107ec",$d,00000000
"000107f0","|static|_FUN_00529da0_000107f0",$d,00000000
"000107f8","|static|_LAB_00520f6c_000107f8",$d,00000000
"000107fc","|static|_FUN_00529cf4_000107fc",$d,00000000
"00010804","|static|_LAB_00521068_00010804",$d,00000000
"00010808","|static|_FUN_00529d78_00010808",$d,00000000
"00010810","|static|_FUN_00521a3c_00010810",$d,00000000
"00010814","|static|_FUN_00521064_00010814",$d,00000000
"00010844","|static|_FUN_006e46f4_00010844",$d,00000000
"0001084c","|static|_INVALID_|static|_TEXT:0000c66d_0001084c",$d,00000000
"00010850","|static|_FUN_006e473c_00010850",$d,00000000
"00010858","|static|_FUN_0057b98c_00010858",$d,00000000
"0001085c","|static|_FUN_0057b990_0001085c",$d,00000000
"00010860","|static|_FUN_0060515c_00010860",$d,00000000
"00010864","|static|_LAB_0057ba24_00010864",$d,00000000
"00010868","|static|_FUN_0057ba2c_00010868",$d,00000000
"0001086c","|static|_FUN_0057a2e4_0001086c",$d,00000000
"00010870","|static|_FUN_00521a38_00010870",$d,00000000
"00010874","|static|_FUN_00521064_00010874",$d,00000000
"00010884","|static|_FUN_0070d788_00010884",$d,00000000
"00010888","|static|_FUN_0076f55c_00010888",$d,00000000
"0001088c","|static|_FUN_0057b01c_0001088c",$d,00000000
"00010890","|static|_FUN_0070d1c0_00010890",$d,00000000
"00010894","|static|_FUN_00751d98_00010894",$d,00000000
"00010898","|static|_FUN_0070ce9c_00010898",$d,00000000
"0001089c","|static|_FUN_0070d110_0001089c",$d,00000000
"000108a0","|static|_FUN_006e46e8_000108a0",$d,00000000
"000108a4","|static|_FUN_00577f90_000108a4",$d,00000000
"000108a8","|static|_FUN_0057813c_000108a8",$d,00000000
"000108ac","|static|_FUN_00751dbc_000108ac",$d,00000000
"000108b0","|static|_FUN_0076f548_000108b0",$d,00000000
"000108c0","|static|_INVALID_|static|_TEXT:0000c6e5_000108c0",$d,00000000
"000108c8","|static|_FUN_001bed54_000108c8",$d,00000000
"000108cc","|static|_FUN_00577858_000108cc",$d,00000000
"000108d0","|static|_FUN_00577f34_000108d0",$d,00000000
"000108d4","|static|_FUN_00752260_000108d4",$d,00000000
"000108d8","|static|_FUN_0057906c_000108d8",$d,00000000
"000108dc","|static|_FUN_00579a2c_000108dc",$d,00000000
"000108e0","|static|_FUN_005793d0_000108e0",$d,00000000
"000108e8","|static|_FUN_007521d0_000108e8",$d,00000000
"000108f4","|static|_FUN_0057af1c_000108f4",$d,00000000
"000108f8","|static|_FUN_00577a4c_000108f8",$d,00000000
"000108fc","|static|_FUN_005782c4_000108fc",$d,00000000
"00010900","|static|_FUN_00578b04_00010900",$d,00000000
"00010904","|static|_FUN_00578850_00010904",$d,00000000
"00010908","|static|_FUN_00579224_00010908",$d,00000000
"0001090c","|static|_FUN_00579554_0001090c",$d,00000000
"00010910","|static|_FUN_005793e0_00010910",$d,00000000
"00010914","|static|_FUN_00579b98_00010914",$d,00000000
"00010918","|static|_FUN_00579b64_00010918",$d,00000000
"0001091c","|static|_FUN_005780a8_0001091c",$d,00000000
"00010920","|static|_FUN_005782f8_00010920",$d,00000000
"00010924","|static|_FUN_0057b48c_00010924",$d,00000000
"00010928","|static|_FUN_00578258_00010928",$d,00000000
"0001092c","|static|_FUN_0057957c_0001092c",$d,00000000
"00010950","|static|_FUN_005791bc_00010950",$d,00000000
"00010954","|static|_FUN_00605334_00010954",$d,00000000
"0001095c","|static|_FUN_005779a4_0001095c",$d,00000000
"00010960","|static|_FUN_00578158_00010960",$d,00000000
"00010964","|static|_LAB_00578948_00010964",$d,00000000
"00010968","|static|_LAB_005791b8_00010968",$d,00000000
"0001096c","|static|_FUN_005791c0_0001096c",$d,00000000
"00010970","|static|_FUN_005799d4_00010970",$d,00000000
"00010974","|static|_FUN_0057884c_00010974",$d,00000000
"00010978","|static|_FUN_0057799c_00010978",$d,00000000
"00010984","|static|_FUN_001bf228_00010984",$d,00000000
"00010988","|static|_FUN_005791fc_00010988",$d,00000000
"0001098c","|static|_FUN_00604914_0001098c",$d,00000000
"000109a8","|static|_FUN_0070d108_000109a8",$d,00000000
"000109ac","|static|_FUN_001bee4c_000109ac",$d,00000000
"000109b0","|static|_FUN_0070d2b8_000109b0",$d,00000000
"000109b4","|static|_FUN_001c02b8_000109b4",$d,00000000
"000109b8","|static|_FUN_0070d270_000109b8",$d,00000000
"000109c4","|static|_FUN_0070d100_000109c4",$d,00000000
"000109c8","|static|_FUN_0070cf78_000109c8",$d,00000000
"000109dc","|static|_FUN_006e46f4_000109dc",$d,00000000
"000109e4","|static|_INVALID_|static|_TEXT:0000c66d_000109e4",$d,00000000
"000109e8","|static|_FUN_006e473c_000109e8",$d,00000000
"000109f0","|static|_FUN_0057b98c_000109f0",$d,00000000
"000109f4","|static|_FUN_0057b990_000109f4",$d,00000000
"000109f8","|static|_FUN_00605160_000109f8",$d,00000000
"000109fc","|static|_LAB_0057ba24_000109fc",$d,00000000
"00010a00","|static|_FUN_0057ba2c_00010a00",$d,00000000
"00010a04","|static|_FUN_0057a2e4_00010a04",$d,00000000
"00010a08","|static|_FUN_00521a38_00010a08",$d,00000000
"00010a0c","|static|_FUN_00521064_00010a0c",$d,00000000
"00010a1c","|static|_FUN_00752690_00010a1c",$d,00000000
"00010a20","|static|_FUN_0076f55c_00010a20",$d,00000000
"00010a24","|static|_FUN_0057b0d4_00010a24",$d,00000000
"00010a28","|static|_FUN_0076f7dc_00010a28",$d,00000000
"00010a2c","|static|_LAB_00751d9c_00010a2c",$d,00000000
"00010a30","|static|_LAB_00751d90_00010a30",$d,00000000
"00010a34","|static|_LAB_0075221c_00010a34",$d,00000000
"00010a38","|static|_FUN_006e46e8_00010a38",$d,00000000
"00010a3c","|static|_FUN_00577f90_00010a3c",$d,00000000
"00010a40","|static|_FUN_0057813c_00010a40",$d,00000000
"00010a44","|static|_FUN_00751dbc_00010a44",$d,00000000
"00010a48","|static|_FUN_0076f548_00010a48",$d,00000000
"00010a50","ModuleKotobuki_INVALID_ModuleKotobuki_TEXT:000000d1_00010a50",$d,00000000
"00010a58","|static|_INVALID_|static|_TEXT:0000c6e5_00010a58",$d,00000000
"00010a60","|static|_INVALID_|static|_TEXT:0000c6b1_00010a60",$d,00000000
"00010a64","|static|_FUN_00577998_00010a64",$d,00000000
"00010a68","|static|_FUN_00577f34_00010a68",$d,00000000
"00010a6c","|static|_FUN_00752260_00010a6c",$d,00000000
"00010a70","|static|_FUN_0057906c_00010a70",$d,00000000
"00010a74","|static|_FUN_00579a2c_00010a74",$d,00000000
"00010a78","|static|_FUN_005793d0_00010a78",$d,00000000
"00010a80","|static|_FUN_007521d0_00010a80",$d,00000000
"00010a8c","|static|_FUN_0057af1c_00010a8c",$d,00000000
"00010a90","|static|_FUN_00577a4c_00010a90",$d,00000000
"00010a94","|static|_FUN_005782c4_00010a94",$d,00000000
"00010a98","|static|_FUN_00578b04_00010a98",$d,00000000
"00010a9c","|static|_FUN_00578850_00010a9c",$d,00000000
"00010aa0","|static|_FUN_00579224_00010aa0",$d,00000000
"00010aa4","|static|_FUN_00579554_00010aa4",$d,00000000
"00010aa8","|static|_FUN_005793e0_00010aa8",$d,00000000
"00010aac","|static|_FUN_00579b98_00010aac",$d,00000000
"00010ab0","|static|_FUN_00579b64_00010ab0",$d,00000000
"00010ab4","|static|_FUN_005780a8_00010ab4",$d,00000000
"00010ab8","|static|_FUN_005782f8_00010ab8",$d,00000000
"00010abc","|static|_FUN_0057b48c_00010abc",$d,00000000
"00010ac0","|static|_FUN_00578258_00010ac0",$d,00000000
"00010ac4","|static|_FUN_0057957c_00010ac4",$d,00000000
"00010ae8","|static|_FUN_005791bc_00010ae8",$d,00000000
"00010aec","|static|_FUN_00605334_00010aec",$d,00000000
"00010af0","ModuleKotobuki_FUN_00000910_00010af0",$d,00000000
"00010af4","ModuleKotobuki_FUN_00000810_00010af4",$d,00000000
"00010af8","|static|_FUN_00578158_00010af8",$d,00000000
"00010afc","|static|_LAB_00578948_00010afc",$d,00000000
"00010b00","|static|_LAB_005791b8_00010b00",$d,00000000
"00010b04","|static|_FUN_005791c0_00010b04",$d,00000000
"00010b08","|static|_FUN_005799d4_00010b08",$d,00000000
"00010b0c","|static|_FUN_0057884c_00010b0c",$d,00000000
"00010b10","|static|_FUN_0057799c_00010b10",$d,00000000
"00010b18","ModuleKotobuki_FUN_00000868_00010b18",$d,00000000
"00010b1c","|static|_FUN_00578c6c_00010b1c",$d,00000000
"00010b20","|static|_FUN_005791fc_00010b20",$d,00000000
"00010b24","|static|_FUN_00604914_00010b24",$d,00000000
"00010b50","|static|_FUN_006e46f4_00010b50",$d,00000000
"00010b58","|static|_INVALID_|static|_TEXT:0000c66d_00010b58",$d,00000000
"00010b5c","|static|_FUN_006e473c_00010b5c",$d,00000000
"00010b64","|static|_FUN_0057b98c_00010b64",$d,00000000
"00010b68","|static|_FUN_0057b990_00010b68",$d,00000000
"00010b6c","|static|_FUN_00605160_00010b6c",$d,00000000
"00010b70","|static|_LAB_0057ba24_00010b70",$d,00000000
"00010b74","|static|_FUN_0057ba2c_00010b74",$d,00000000
"00010b78","|static|_FUN_0057a2e4_00010b78",$d,00000000
"00010b7c","|static|_FUN_00521a38_00010b7c",$d,00000000
"00010b80","|static|_FUN_00521064_00010b80",$d,00000000
"00010b90","|static|_FUN_00752690_00010b90",$d,00000000
"00010b94","|static|_FUN_0076f55c_00010b94",$d,00000000
"00010b98","|static|_FUN_0057b0d4_00010b98",$d,00000000
"00010b9c","|static|_FUN_0076f7dc_00010b9c",$d,00000000
"00010ba0","|static|_LAB_00751d9c_00010ba0",$d,00000000
"00010ba4","|static|_LAB_00751d90_00010ba4",$d,00000000
"00010ba8","|static|_LAB_0075221c_00010ba8",$d,00000000
"00010bac","|static|_FUN_006e46e8_00010bac",$d,00000000
"00010bb0","|static|_FUN_00577f90_00010bb0",$d,00000000
"00010bb4","|static|_FUN_0057813c_00010bb4",$d,00000000
"00010bb8","|static|_FUN_00751dbc_00010bb8",$d,00000000
"00010bbc","|static|_FUN_0076f548_00010bbc",$d,00000000
"00010bc4","ModuleKotobuki_INVALID_ModuleKotobuki_TEXT:000000d1_00010bc4",$d,00000000
"00010bcc","|static|_INVALID_|static|_TEXT:0000c6e5_00010bcc",$d,00000000
"00010bd4","|static|_INVALID_|static|_TEXT:0000c6b1_00010bd4",$d,00000000
"00010bd8","|static|_FUN_00577998_00010bd8",$d,00000000
"00010bdc","|static|_FUN_00577f34_00010bdc",$d,00000000
"00010be0","|static|_FUN_00752260_00010be0",$d,00000000
"00010be4","|static|_FUN_0057906c_00010be4",$d,00000000
"00010be8","|static|_FUN_00579a2c_00010be8",$d,00000000
"00010bec","|static|_FUN_005793d0_00010bec",$d,00000000
"00010bf4","|static|_FUN_007521d0_00010bf4",$d,00000000
"00010c00","|static|_FUN_0057af1c_00010c00",$d,00000000
"00010c04","|static|_FUN_00577a4c_00010c04",$d,00000000
"00010c08","|static|_FUN_005782c4_00010c08",$d,00000000
"00010c0c","|static|_FUN_00578b04_00010c0c",$d,00000000
"00010c10","|static|_FUN_00578850_00010c10",$d,00000000
"00010c14","|static|_FUN_00579224_00010c14",$d,00000000
"00010c18","|static|_FUN_00579554_00010c18",$d,00000000
"00010c1c","|static|_FUN_005793e0_00010c1c",$d,00000000
"00010c20","|static|_FUN_00579b98_00010c20",$d,00000000
"00010c24","|static|_FUN_00579b64_00010c24",$d,00000000
"00010c28","|static|_FUN_005780a8_00010c28",$d,00000000
"00010c2c","|static|_FUN_005782f8_00010c2c",$d,00000000
"00010c30","|static|_FUN_0057b48c_00010c30",$d,00000000
"00010c34","|static|_FUN_00578258_00010c34",$d,00000000
"00010c38","|static|_FUN_0057957c_00010c38",$d,00000000
"00010c5c","|static|_FUN_005791bc_00010c5c",$d,00000000
"00010c60","|static|_FUN_00605334_00010c60",$d,00000000
"00010c64","ModuleKotobuki_FUN_00000910_00010c64",$d,00000000
"00010c68","ModuleKotobuki_FUN_00000810_00010c68",$d,00000000
"00010c6c","|static|_FUN_00578158_00010c6c",$d,00000000
"00010c70","|static|_LAB_00578948_00010c70",$d,00000000
"00010c74","|static|_LAB_005791b8_00010c74",$d,00000000
"00010c78","|static|_FUN_005791c0_00010c78",$d,00000000
"00010c7c","|static|_FUN_005799d4_00010c7c",$d,00000000
"00010c80","|static|_FUN_0057884c_00010c80",$d,00000000
"00010c84","|static|_FUN_0057799c_00010c84",$d,00000000
"00010c8c","ModuleKotobuki_FUN_00000868_00010c8c",$d,00000000
"00010c90","|static|_FUN_00578c6c_00010c90",$d,00000000
"00010c94","|static|_FUN_005791fc_00010c94",$d,00000000
"00010c98","|static|_FUN_00604914_00010c98",$d,00000000
"00010cc4","|static|_FUN_006e46f4_00010cc4",$d,00000000
"00010ccc","|static|_INVALID_|static|_TEXT:0000c66d_00010ccc",$d,00000000
"00010cd0","|static|_FUN_006e473c_00010cd0",$d,00000000
"00010cd8","|static|_FUN_0057b98c_00010cd8",$d,00000000
"00010cdc","|static|_FUN_0057b990_00010cdc",$d,00000000
"00010ce0","|static|_FUN_00605160_00010ce0",$d,00000000
"00010ce4","|static|_LAB_0057ba24_00010ce4",$d,00000000
"00010ce8","|static|_FUN_0057ba2c_00010ce8",$d,00000000
"00010cec","|static|_FUN_0057a2e4_00010cec",$d,00000000
"00010cf0","|static|_FUN_00521a38_00010cf0",$d,00000000
"00010cf4","|static|_FUN_00521064_00010cf4",$d,00000000
"00010d04","|static|_FUN_00752690_00010d04",$d,00000000
"00010d08","|static|_FUN_0076f55c_00010d08",$d,00000000
"00010d0c","|static|_FUN_0057b0d4_00010d0c",$d,00000000
"00010d10","|static|_FUN_0076f7dc_00010d10",$d,00000000
"00010d14","|static|_LAB_00751d9c_00010d14",$d,00000000
"00010d18","|static|_LAB_00751d90_00010d18",$d,00000000
"00010d1c","|static|_LAB_0075221c_00010d1c",$d,00000000
"00010d20","|static|_FUN_006e46e8_00010d20",$d,00000000
"00010d24","|static|_FUN_00577f90_00010d24",$d,00000000
"00010d28","|static|_FUN_0057813c_00010d28",$d,00000000
"00010d2c","|static|_FUN_00751dbc_00010d2c",$d,00000000
"00010d30","|static|_FUN_0076f548_00010d30",$d,00000000
"00010d40","|static|_INVALID_|static|_TEXT:0000c6e5_00010d40",$d,00000000
"00010d48","|static|_INVALID_|static|_TEXT:0000c6b1_00010d48",$d,00000000
"00010d4c","|static|_FUN_00577998_00010d4c",$d,00000000
"00010d50","|static|_FUN_00577f34_00010d50",$d,00000000
"00010d54","|static|_FUN_00752260_00010d54",$d,00000000
"00010d58","|static|_FUN_0057906c_00010d58",$d,00000000
"00010d5c","|static|_FUN_00579a2c_00010d5c",$d,00000000
"00010d60","|static|_FUN_005793d0_00010d60",$d,00000000
"00010d68","|static|_FUN_007521d0_00010d68",$d,00000000
"00010d74","|static|_FUN_0057af1c_00010d74",$d,00000000
"00010d78","|static|_FUN_00577a4c_00010d78",$d,00000000
"00010d7c","|static|_FUN_005782c4_00010d7c",$d,00000000
"00010d80","|static|_FUN_00578b04_00010d80",$d,00000000
"00010d84","|static|_FUN_00578850_00010d84",$d,00000000
"00010d88","|static|_FUN_00579224_00010d88",$d,00000000
"00010d8c","|static|_FUN_00579554_00010d8c",$d,00000000
"00010d90","|static|_FUN_005793e0_00010d90",$d,00000000
"00010d94","|static|_FUN_00579b98_00010d94",$d,00000000
"00010d98","|static|_FUN_00579b64_00010d98",$d,00000000
"00010d9c","|static|_FUN_005780a8_00010d9c",$d,00000000
"00010da0","|static|_FUN_005782f8_00010da0",$d,00000000
"00010da4","|static|_FUN_0057b48c_00010da4",$d,00000000
"00010da8","|static|_FUN_00578258_00010da8",$d,00000000
"00010dac","|static|_FUN_0057957c_00010dac",$d,00000000
"00010dd0","|static|_FUN_005791bc_00010dd0",$d,00000000
"00010dd4","|static|_FUN_00605334_00010dd4",$d,00000000
"00010de0","|static|_FUN_00578158_00010de0",$d,00000000
"00010de4","|static|_LAB_00578948_00010de4",$d,00000000
"00010de8","|static|_LAB_005791b8_00010de8",$d,00000000
"00010dec","|static|_FUN_005791c0_00010dec",$d,00000000
"00010df0","|static|_FUN_005799d4_00010df0",$d,00000000
"00010df4","|static|_FUN_0057884c_00010df4",$d,00000000
"00010df8","|static|_FUN_0057799c_00010df8",$d,00000000
"00010e04","|static|_FUN_00578c6c_00010e04",$d,00000000
"00010e08","|static|_FUN_005791fc_00010e08",$d,00000000
"00010e0c","|static|_FUN_00604914_00010e0c",$d,00000000
"00010e44","|static|_FUN_006e46f4_00010e44",$d,00000000
"00010e4c","|static|_INVALID_|static|_TEXT:0000c66d_00010e4c",$d,00000000
"00010e50","|static|_FUN_006e473c_00010e50",$d,00000000
"00010e58","|static|_FUN_0057b98c_00010e58",$d,00000000
"00010e5c","|static|_FUN_0057b990_00010e5c",$d,00000000
"00010e60","|static|_FUN_00605160_00010e60",$d,00000000
"00010e64","|static|_LAB_0057ba24_00010e64",$d,00000000
"00010e68","|static|_FUN_0057ba2c_00010e68",$d,00000000
"00010e6c","|static|_FUN_0057a2e4_00010e6c",$d,00000000
"00010e70","|static|_FUN_00521a38_00010e70",$d,00000000
"00010e74","|static|_FUN_00521064_00010e74",$d,00000000
"00010e84","|static|_FUN_00752690_00010e84",$d,00000000
"00010e88","|static|_FUN_0076f55c_00010e88",$d,00000000
"00010e8c","|static|_FUN_0057b0d4_00010e8c",$d,00000000
"00010e90","|static|_FUN_0076f7dc_00010e90",$d,00000000
"00010e94","|static|_LAB_00751d9c_00010e94",$d,00000000
"00010e98","|static|_LAB_00751d90_00010e98",$d,00000000
"00010e9c","|static|_LAB_0075221c_00010e9c",$d,00000000
"00010ea0","|static|_FUN_006e46e8_00010ea0",$d,00000000
"00010ea4","|static|_FUN_00577f90_00010ea4",$d,00000000
"00010ea8","|static|_FUN_0057813c_00010ea8",$d,00000000
"00010eac","|static|_FUN_00751dbc_00010eac",$d,00000000
"00010eb0","|static|_FUN_0076f548_00010eb0",$d,00000000
"00010eb8","ModuleKotobuki_INVALID_ModuleKotobuki_TEXT:000000d1_00010eb8",$d,00000000
"00010ec0","|static|_INVALID_|static|_TEXT:0000c6e5_00010ec0",$d,00000000
"00010ec8","|static|_INVALID_|static|_TEXT:0000c6b1_00010ec8",$d,00000000
"00010ecc","|static|_FUN_00577998_00010ecc",$d,00000000
"00010ed0","|static|_FUN_00577f34_00010ed0",$d,00000000
"00010ed4","|static|_FUN_00752260_00010ed4",$d,00000000
"00010ed8","|static|_FUN_0057906c_00010ed8",$d,00000000
"00010edc","|static|_FUN_00579a2c_00010edc",$d,00000000
"00010ee0","|static|_FUN_005793d0_00010ee0",$d,00000000
"00010ee8","|static|_FUN_007521d0_00010ee8",$d,00000000
"00010ef4","|static|_FUN_0057af1c_00010ef4",$d,00000000
"00010ef8","|static|_FUN_00577a4c_00010ef8",$d,00000000
"00010efc","|static|_FUN_005782c4_00010efc",$d,00000000
"00010f00","|static|_FUN_00578b04_00010f00",$d,00000000
"00010f04","|static|_FUN_00578850_00010f04",$d,00000000
"00010f08","|static|_FUN_00579224_00010f08",$d,00000000
"00010f0c","|static|_FUN_00579554_00010f0c",$d,00000000
"00010f10","|static|_FUN_005793e0_00010f10",$d,00000000
"00010f14","|static|_FUN_00579b98_00010f14",$d,00000000
"00010f18","|static|_FUN_00579b64_00010f18",$d,00000000
"00010f1c","|static|_FUN_005780a8_00010f1c",$d,00000000
"00010f20","|static|_FUN_005782f8_00010f20",$d,00000000
"00010f24","|static|_FUN_0057b48c_00010f24",$d,00000000
"00010f28","|static|_FUN_00578258_00010f28",$d,00000000
"00010f2c","|static|_FUN_0057957c_00010f2c",$d,00000000
"00010f50","|static|_FUN_005791bc_00010f50",$d,00000000
"00010f54","|static|_FUN_00605334_00010f54",$d,00000000
"00010f58","ModuleKotobuki_FUN_00000910_00010f58",$d,00000000
"00010f5c","ModuleKotobuki_FUN_00000810_00010f5c",$d,00000000
"00010f60","|static|_FUN_00578158_00010f60",$d,00000000
"00010f64","|static|_LAB_00578948_00010f64",$d,00000000
"00010f68","|static|_LAB_005791b8_00010f68",$d,00000000
"00010f6c","|static|_FUN_005791c0_00010f6c",$d,00000000
"00010f70","|static|_FUN_005799d4_00010f70",$d,00000000
"00010f74","|static|_FUN_0057884c_00010f74",$d,00000000
"00010f78","|static|_FUN_0057799c_00010f78",$d,00000000
"00010f80","ModuleKotobuki_FUN_00000868_00010f80",$d,00000000
"00010f84","|static|_FUN_00578c6c_00010f84",$d,00000000
"00010f88","|static|_FUN_005791fc_00010f88",$d,00000000
"00010f8c","|static|_FUN_00604914_00010f8c",$d,00000000
"00010fb8","|static|_FUN_006e46f4_00010fb8",$d,00000000
"00010fc0","|static|_INVALID_|static|_TEXT:0000c66d_00010fc0",$d,00000000
"00010fc4","|static|_FUN_006e473c_00010fc4",$d,00000000
"00010fcc","|static|_FUN_0057b98c_00010fcc",$d,00000000
"00010fd0","|static|_FUN_0057b990_00010fd0",$d,00000000
"00010fd4","|static|_FUN_00605160_00010fd4",$d,00000000
"00010fd8","|static|_LAB_0057ba24_00010fd8",$d,00000000
"00010fdc","|static|_FUN_0057ba2c_00010fdc",$d,00000000
"00010fe0","|static|_FUN_0057a2e4_00010fe0",$d,00000000
"00010fe4","|static|_FUN_00521a38_00010fe4",$d,00000000
"00010fe8","|static|_FUN_00521064_00010fe8",$d,00000000
"00010ff8","|static|_FUN_00752690_00010ff8",$d,00000000
"00010ffc","|static|_FUN_0076f55c_00010ffc",$d,00000000
"00011000","|static|_FUN_0057b0d4_00011000",$d,00000000
"00011004","|static|_FUN_0076f7dc_00011004",$d,00000000
"00011008","|static|_LAB_00751d9c_00011008",$d,00000000
"0001100c","|static|_LAB_00751d90_0001100c",$d,00000000
"00011010","|static|_LAB_0075221c_00011010",$d,00000000
"00011014","|static|_FUN_006e46e8_00011014",$d,00000000
"00011018","|static|_FUN_00577f90_00011018",$d,00000000
"0001101c","|static|_FUN_0057813c_0001101c",$d,00000000
"00011020","|static|_FUN_00751dbc_00011020",$d,00000000
"00011024","|static|_FUN_0076f548_00011024",$d,00000000
"0001102c","ModuleKotobuki_INVALID_ModuleKotobuki_TEXT:000000d1_0001102c",$d,00000000
"00011034","|static|_INVALID_|static|_TEXT:0000c6e5_00011034",$d,00000000
"0001103c","|static|_INVALID_|static|_TEXT:0000c6b1_0001103c",$d,00000000
"00011040","|static|_FUN_00577998_00011040",$d,00000000
"00011044","|static|_FUN_00577f34_00011044",$d,00000000
"00011048","|static|_FUN_00752260_00011048",$d,00000000
"0001104c","|static|_FUN_0057906c_0001104c",$d,00000000
"00011050","|static|_FUN_00579a2c_00011050",$d,00000000
"00011054","|static|_FUN_005793d0_00011054",$d,00000000
"0001105c","|static|_FUN_007521d0_0001105c",$d,00000000
"00011068","|static|_FUN_0057af1c_00011068",$d,00000000
"0001106c","|static|_FUN_00577a4c_0001106c",$d,00000000
"00011070","|static|_FUN_005782c4_00011070",$d,00000000
"00011074","|static|_FUN_00578b04_00011074",$d,00000000
"00011078","|static|_FUN_00578850_00011078",$d,00000000
"0001107c","|static|_FUN_00579224_0001107c",$d,00000000
"00011080","|static|_FUN_00579554_00011080",$d,00000000
"00011084","|static|_FUN_005793e0_00011084",$d,00000000
"00011088","|static|_FUN_00579b98_00011088",$d,00000000
"0001108c","|static|_FUN_00579b64_0001108c",$d,00000000
"00011090","|static|_FUN_005780a8_00011090",$d,00000000
"00011094","|static|_FUN_005782f8_00011094",$d,00000000
"00011098","|static|_FUN_0057b48c_00011098",$d,00000000
"0001109c","|static|_FUN_00578258_0001109c",$d,00000000
"000110a0","|static|_FUN_0057957c_000110a0",$d,00000000
"000110c4","|static|_FUN_005791bc_000110c4",$d,00000000
"000110c8","|static|_FUN_00605334_000110c8",$d,00000000
"000110cc","ModuleKotobuki_FUN_00000910_000110cc",$d,00000000
"000110d0","ModuleKotobuki_FUN_00000810_000110d0",$d,00000000
"000110d4","|static|_FUN_00578158_000110d4",$d,00000000
"000110d8","|static|_LAB_00578948_000110d8",$d,00000000
"000110dc","|static|_LAB_005791b8_000110dc",$d,00000000
"000110e0","|static|_FUN_005791c0_000110e0",$d,00000000
"000110e4","|static|_FUN_005799d4_000110e4",$d,00000000
"000110e8","|static|_FUN_0057884c_000110e8",$d,00000000
"000110ec","|static|_FUN_0057799c_000110ec",$d,00000000
"000110f4","ModuleKotobuki_FUN_00000868_000110f4",$d,00000000
"000110f8","|static|_FUN_00578c6c_000110f8",$d,00000000
"000110fc","|static|_FUN_005791fc_000110fc",$d,00000000
"00011100","|static|_FUN_00604914_00011100",$d,00000000
"0001112c","|static|_FUN_006e46f4_0001112c",$d,00000000
"00011134","|static|_INVALID_|static|_TEXT:0000c66d_00011134",$d,00000000
"00011138","|static|_FUN_006e473c_00011138",$d,00000000
"00011140","|static|_FUN_0057b98c_00011140",$d,00000000
"00011144","|static|_FUN_0057b990_00011144",$d,00000000
"00011148","|static|_FUN_00605160_00011148",$d,00000000
"0001114c","|static|_LAB_0057ba24_0001114c",$d,00000000
"00011150","|static|_FUN_0057ba2c_00011150",$d,00000000
"00011154","|static|_FUN_0057a2e4_00011154",$d,00000000
"00011158","|static|_FUN_00521a38_00011158",$d,00000000
"0001115c","|static|_FUN_00521064_0001115c",$d,00000000
"0001116c","|static|_FUN_00752690_0001116c",$d,00000000
"00011170","|static|_FUN_0076f55c_00011170",$d,00000000
"00011174","|static|_FUN_0057b0d4_00011174",$d,00000000
"00011178","|static|_FUN_0076f7dc_00011178",$d,00000000
"0001117c","|static|_LAB_00751d9c_0001117c",$d,00000000
"00011180","|static|_LAB_00751d90_00011180",$d,00000000
"00011184","|static|_LAB_0075221c_00011184",$d,00000000
"00011188","|static|_FUN_006e46e8_00011188",$d,00000000
"0001118c","|static|_FUN_00577f90_0001118c",$d,00000000
"00011190","|static|_FUN_0057813c_00011190",$d,00000000
"00011194","|static|_FUN_00751dbc_00011194",$d,00000000
"00011198","|static|_FUN_0076f548_00011198",$d,00000000
"000111a0","ModuleKotobuki_INVALID_ModuleKotobuki_TEXT:000000d1_000111a0",$d,00000000
"000111a8","|static|_INVALID_|static|_TEXT:0000c6e5_000111a8",$d,00000000
"000111b0","|static|_INVALID_|static|_TEXT:0000c6b1_000111b0",$d,00000000
"000111b4","|static|_FUN_00577998_000111b4",$d,00000000
"000111b8","|static|_FUN_00577f34_000111b8",$d,00000000
"000111bc","|static|_FUN_00752260_000111bc",$d,00000000
"000111c0","|static|_FUN_0057906c_000111c0",$d,00000000
"000111c4","|static|_FUN_00579a2c_000111c4",$d,00000000
"000111c8","|static|_FUN_005793d0_000111c8",$d,00000000
"000111d0","|static|_FUN_007521d0_000111d0",$d,00000000
"000111dc","|static|_FUN_0057af1c_000111dc",$d,00000000
"000111e0","|static|_FUN_00577a4c_000111e0",$d,00000000
"000111e4","|static|_FUN_005782c4_000111e4",$d,00000000
"000111e8","|static|_FUN_00578b04_000111e8",$d,00000000
"000111ec","|static|_FUN_00578850_000111ec",$d,00000000
"000111f0","|static|_FUN_00579224_000111f0",$d,00000000
"000111f4","|static|_FUN_00579554_000111f4",$d,00000000
"000111f8","|static|_FUN_005793e0_000111f8",$d,00000000
"000111fc","|static|_FUN_00579b98_000111fc",$d,00000000
"00011200","|static|_FUN_00579b64_00011200",$d,00000000
"00011204","|static|_FUN_005780a8_00011204",$d,00000000
"00011208","|static|_FUN_005782f8_00011208",$d,00000000
"0001120c","|static|_FUN_0057b48c_0001120c",$d,00000000
"00011210","|static|_FUN_00578258_00011210",$d,00000000
"00011214","|static|_FUN_0057957c_00011214",$d,00000000
"00011238","|static|_FUN_005791bc_00011238",$d,00000000
"0001123c","|static|_FUN_00605334_0001123c",$d,00000000
"00011240","ModuleKotobuki_FUN_00000910_00011240",$d,00000000
"00011244","ModuleKotobuki_FUN_00000810_00011244",$d,00000000
"00011248","|static|_FUN_00578158_00011248",$d,00000000
"0001124c","|static|_LAB_00578948_0001124c",$d,00000000
"00011250","|static|_LAB_005791b8_00011250",$d,00000000
"00011254","|static|_FUN_005791c0_00011254",$d,00000000
"00011258","|static|_FUN_005799d4_00011258",$d,00000000
"0001125c","|static|_FUN_0057884c_0001125c",$d,00000000
"00011260","|static|_FUN_0057799c_00011260",$d,00000000
"00011268","ModuleKotobuki_FUN_00000868_00011268",$d,00000000
"0001126c","|static|_FUN_00578c6c_0001126c",$d,00000000
"00011270","|static|_FUN_005791fc_00011270",$d,00000000
"00011274","|static|_FUN_00604914_00011274",$d,00000000
"000112a0","|static|_FUN_006e46f4_000112a0",$d,00000000
"000112a8","|static|_INVALID_|static|_TEXT:0000c66d_000112a8",$d,00000000
"000112ac","|static|_FUN_006e473c_000112ac",$d,00000000
"000112b4","|static|_FUN_0057b98c_000112b4",$d,00000000
"000112b8","|static|_FUN_0057b990_000112b8",$d,00000000
"000112bc","|static|_FUN_00605160_000112bc",$d,00000000
"000112c0","|static|_LAB_0057ba24_000112c0",$d,00000000
"000112c4","|static|_FUN_0057ba2c_000112c4",$d,00000000
"000112c8","|static|_FUN_0057a2e4_000112c8",$d,00000000
"000112cc","|static|_FUN_00521a38_000112cc",$d,00000000
"000112d0","|static|_FUN_00521064_000112d0",$d,00000000
"000112e0","|static|_FUN_00752690_000112e0",$d,00000000
"000112e4","|static|_FUN_0076f55c_000112e4",$d,00000000
"000112e8","|static|_FUN_0057b0d4_000112e8",$d,00000000
"000112ec","|static|_FUN_0076f7dc_000112ec",$d,00000000
"000112f0","|static|_LAB_00751d9c_000112f0",$d,00000000
"000112f4","|static|_LAB_00751d90_000112f4",$d,00000000
"000112f8","|static|_LAB_0075221c_000112f8",$d,00000000
"000112fc","|static|_FUN_006e46e8_000112fc",$d,00000000
"00011300","|static|_FUN_00577f90_00011300",$d,00000000
"00011304","|static|_FUN_0057813c_00011304",$d,00000000
"00011308","|static|_FUN_00751dbc_00011308",$d,00000000
"0001130c","|static|_FUN_0076f548_0001130c",$d,00000000
"00011314","ModuleKotobuki_INVALID_ModuleKotobuki_TEXT:000000d1_00011314",$d,00000000
"0001131c","|static|_INVALID_|static|_TEXT:0000c6e5_0001131c",$d,00000000
"00011324","|static|_INVALID_|static|_TEXT:0000c6b1_00011324",$d,00000000
"00011328","|static|_FUN_00577998_00011328",$d,00000000
"0001132c","|static|_FUN_00577f34_0001132c",$d,00000000
"00011330","|static|_FUN_00752260_00011330",$d,00000000
"00011334","|static|_FUN_0057906c_00011334",$d,00000000
"00011338","|static|_FUN_00579a2c_00011338",$d,00000000
"0001133c","|static|_FUN_005793d0_0001133c",$d,00000000
"00011344","|static|_FUN_007521d0_00011344",$d,00000000
"00011350","|static|_FUN_0057af1c_00011350",$d,00000000
"00011354","|static|_FUN_00577a4c_00011354",$d,00000000
"00011358","|static|_FUN_005782c4_00011358",$d,00000000
"0001135c","|static|_FUN_00578b04_0001135c",$d,00000000
"00011360","|static|_FUN_00578850_00011360",$d,00000000
"00011364","|static|_FUN_00579224_00011364",$d,00000000
"00011368","|static|_FUN_00579554_00011368",$d,00000000
"0001136c","|static|_FUN_005793e0_0001136c",$d,00000000
"00011370","|static|_FUN_00579b98_00011370",$d,00000000
"00011374","|static|_FUN_00579b64_00011374",$d,00000000
"00011378","|static|_FUN_005780a8_00011378",$d,00000000
"0001137c","|static|_FUN_005782f8_0001137c",$d,00000000
"00011380","|static|_FUN_0057b48c_00011380",$d,00000000
"00011384","|static|_FUN_00578258_00011384",$d,00000000
"00011388","|static|_FUN_0057957c_00011388",$d,00000000
"000113ac","|static|_FUN_005791bc_000113ac",$d,00000000
"000113b0","|static|_FUN_00605334_000113b0",$d,00000000
"000113b4","ModuleKotobuki_FUN_00000910_000113b4",$d,00000000
"000113b8","ModuleKotobuki_FUN_00000810_000113b8",$d,00000000
"000113bc","|static|_FUN_00578158_000113bc",$d,00000000
"000113c0","|static|_LAB_00578948_000113c0",$d,00000000
"000113c4","|static|_LAB_005791b8_000113c4",$d,00000000
"000113c8","|static|_FUN_005791c0_000113c8",$d,00000000
"000113cc","|static|_FUN_005799d4_000113cc",$d,00000000
"000113d0","|static|_FUN_0057884c_000113d0",$d,00000000
"000113d4","|static|_FUN_0057799c_000113d4",$d,00000000
"000113dc","ModuleKotobuki_FUN_00000868_000113dc",$d,00000000
"000113e0","|static|_FUN_00578c6c_000113e0",$d,00000000
"000113e4","|static|_FUN_005791fc_000113e4",$d,00000000
"000113e8","|static|_FUN_00604914_000113e8",$d,00000000
"00011414","|static|_FUN_006e46f4_00011414",$d,00000000
"0001141c","|static|_INVALID_|static|_TEXT:0000c66d_0001141c",$d,00000000
"00011420","|static|_FUN_006e473c_00011420",$d,00000000
"00011428","|static|_FUN_0057b98c_00011428",$d,00000000
"0001142c","|static|_FUN_0057b990_0001142c",$d,00000000
"00011430","|static|_FUN_00605160_00011430",$d,00000000
"00011434","|static|_LAB_0057ba24_00011434",$d,00000000
"00011438","|static|_FUN_0057ba2c_00011438",$d,00000000
"0001143c","|static|_FUN_0057a2e4_0001143c",$d,00000000
"00011440","|static|_FUN_00521a38_00011440",$d,00000000
"00011444","|static|_FUN_00521064_00011444",$d,00000000
"00011454","|static|_FUN_00752690_00011454",$d,00000000
"00011458","|static|_FUN_0076f55c_00011458",$d,00000000
"0001145c","|static|_FUN_0057b0d4_0001145c",$d,00000000
"00011460","|static|_FUN_0076f7dc_00011460",$d,00000000
"00011464","|static|_LAB_00751d9c_00011464",$d,00000000
"00011468","|static|_LAB_00751d90_00011468",$d,00000000
"0001146c","|static|_LAB_0075221c_0001146c",$d,00000000
"00011470","|static|_FUN_006e46e8_00011470",$d,00000000
"00011474","|static|_FUN_00577f90_00011474",$d,00000000
"00011478","|static|_FUN_0057813c_00011478",$d,00000000
"0001147c","|static|_FUN_00751dbc_0001147c",$d,00000000
"00011480","|static|_FUN_0076f548_00011480",$d,00000000
"00011488","ModuleKotobuki_INVALID_ModuleKotobuki_TEXT:000000d1_00011488",$d,00000000
"00011490","|static|_INVALID_|static|_TEXT:0000c6e5_00011490",$d,00000000
"00011498","|static|_INVALID_|static|_TEXT:0000c6b1_00011498",$d,00000000
"0001149c","|static|_FUN_00577998_0001149c",$d,00000000
"000114a0","|static|_FUN_00577f34_000114a0",$d,00000000
"000114a4","|static|_FUN_00752260_000114a4",$d,00000000
"000114a8","|static|_FUN_0057906c_000114a8",$d,00000000
"000114ac","|static|_FUN_00579a2c_000114ac",$d,00000000
"000114b0","|static|_FUN_005793d0_000114b0",$d,00000000
"000114b8","|static|_FUN_007521d0_000114b8",$d,00000000
"000114c4","|static|_FUN_0057af1c_000114c4",$d,00000000
"000114c8","|static|_FUN_00577a4c_000114c8",$d,00000000
"000114cc","|static|_FUN_005782c4_000114cc",$d,00000000
"000114d0","|static|_FUN_00578b04_000114d0",$d,00000000
"000114d4","|static|_FUN_00578850_000114d4",$d,00000000
"000114d8","|static|_FUN_00579224_000114d8",$d,00000000
"000114dc","|static|_FUN_00579554_000114dc",$d,00000000
"000114e0","|static|_FUN_005793e0_000114e0",$d,00000000
"000114e4","|static|_FUN_00579b98_000114e4",$d,00000000
"000114e8","|static|_FUN_00579b64_000114e8",$d,00000000
"000114ec","|static|_FUN_005780a8_000114ec",$d,00000000
"000114f0","|static|_FUN_005782f8_000114f0",$d,00000000
"000114f4","|static|_FUN_0057b48c_000114f4",$d,00000000
"000114f8","|static|_FUN_00578258_000114f8",$d,00000000
"000114fc","|static|_FUN_0057957c_000114fc",$d,00000000
"00011520","|static|_FUN_005791bc_00011520",$d,00000000
"00011524","|static|_FUN_00605334_00011524",$d,00000000
"00011528","ModuleKotobuki_FUN_00000910_00011528",$d,00000000
"0001152c","ModuleKotobuki_FUN_00000810_0001152c",$d,00000000
"00011530","|static|_FUN_00578158_00011530",$d,00000000
"00011534","|static|_LAB_00578948_00011534",$d,00000000
"00011538","|static|_LAB_005791b8_00011538",$d,00000000
"0001153c","|static|_FUN_005791c0_0001153c",$d,00000000
"00011540","|static|_FUN_005799d4_00011540",$d,00000000
"00011544","|static|_FUN_0057884c_00011544",$d,00000000
"00011548","|static|_FUN_0057799c_00011548",$d,00000000
"00011550","ModuleKotobuki_FUN_00000868_00011550",$d,00000000
"00011554","|static|_FUN_00578c6c_00011554",$d,00000000
"00011558","|static|_FUN_005791fc_00011558",$d,00000000
"0001155c","|static|_FUN_00604914_0001155c",$d,00000000
"00011588","|static|_FUN_006e46f4_00011588",$d,00000000
"00011590","|static|_INVALID_|static|_TEXT:0000c66d_00011590",$d,00000000
"00011594","|static|_FUN_006e473c_00011594",$d,00000000
"0001159c","|static|_FUN_0057b98c_0001159c",$d,00000000
"000115a0","|static|_FUN_0057b990_000115a0",$d,00000000
"000115a4","|static|_FUN_00605160_000115a4",$d,00000000
"000115a8","|static|_LAB_0057ba24_000115a8",$d,00000000
"000115ac","|static|_FUN_0057ba2c_000115ac",$d,00000000
"000115b0","|static|_FUN_0057a2e4_000115b0",$d,00000000
"000115b4","|static|_FUN_00521a38_000115b4",$d,00000000
"000115b8","|static|_FUN_00521064_000115b8",$d,00000000
"000115c8","|static|_FUN_00752690_000115c8",$d,00000000
"000115cc","|static|_FUN_0076f55c_000115cc",$d,00000000
"000115d0","|static|_FUN_0057b0d4_000115d0",$d,00000000
"000115d4","|static|_FUN_0076f7dc_000115d4",$d,00000000
"000115d8","|static|_LAB_00751d9c_000115d8",$d,00000000
"000115dc","|static|_LAB_00751d90_000115dc",$d,00000000
"000115e0","|static|_LAB_0075221c_000115e0",$d,00000000
"000115e4","|static|_FUN_006e46e8_000115e4",$d,00000000
"000115e8","|static|_FUN_00577f90_000115e8",$d,00000000
"000115ec","|static|_FUN_0057813c_000115ec",$d,00000000
"000115f0","|static|_FUN_00751dbc_000115f0",$d,00000000
"000115f4","|static|_FUN_0076f548_000115f4",$d,00000000
"000115fc","ModuleKotobuki_INVALID_ModuleKotobuki_TEXT:000000d1_000115fc",$d,00000000
"00011604","|static|_INVALID_|static|_TEXT:0000c6e5_00011604",$d,00000000
"0001160c","|static|_INVALID_|static|_TEXT:0000c6b1_0001160c",$d,00000000
"00011610","|static|_FUN_00577998_00011610",$d,00000000
"00011614","|static|_FUN_00577f34_00011614",$d,00000000
"00011618","|static|_FUN_00752260_00011618",$d,00000000
"0001161c","|static|_FUN_0057906c_0001161c",$d,00000000
"00011620","|static|_FUN_00579a2c_00011620",$d,00000000
"00011624","|static|_FUN_005793d0_00011624",$d,00000000
"0001162c","|static|_FUN_007521d0_0001162c",$d,00000000
"00011638","|static|_FUN_0057af1c_00011638",$d,00000000
"0001163c","|static|_FUN_00577a4c_0001163c",$d,00000000
"00011640","|static|_FUN_005782c4_00011640",$d,00000000
"00011644","|static|_FUN_00578b04_00011644",$d,00000000
"00011648","|static|_FUN_00578850_00011648",$d,00000000
"0001164c","|static|_FUN_00579224_0001164c",$d,00000000
"00011650","|static|_FUN_00579554_00011650",$d,00000000
"00011654","|static|_FUN_005793e0_00011654",$d,00000000
"00011658","|static|_FUN_00579b98_00011658",$d,00000000
"0001165c","|static|_FUN_00579b64_0001165c",$d,00000000
"00011660","|static|_FUN_005780a8_00011660",$d,00000000
"00011664","|static|_FUN_005782f8_00011664",$d,00000000
"00011668","|static|_FUN_0057b48c_00011668",$d,00000000
"0001166c","|static|_FUN_00578258_0001166c",$d,00000000
"00011670","|static|_FUN_0057957c_00011670",$d,00000000
"00011694","|static|_FUN_005791bc_00011694",$d,00000000
"00011698","|static|_FUN_00605334_00011698",$d,00000000
"0001169c","ModuleKotobuki_FUN_00000910_0001169c",$d,00000000
"000116a0","ModuleKotobuki_FUN_00000810_000116a0",$d,00000000
"000116a4","|static|_FUN_00578158_000116a4",$d,00000000
"000116a8","|static|_LAB_00578948_000116a8",$d,00000000
"000116ac","|static|_LAB_005791b8_000116ac",$d,00000000
"000116b0","|static|_FUN_005791c0_000116b0",$d,00000000
"000116b4","|static|_FUN_005799d4_000116b4",$d,00000000
"000116b8","|static|_FUN_0057884c_000116b8",$d,00000000
"000116bc","|static|_FUN_0057799c_000116bc",$d,00000000
"000116c4","ModuleKotobuki_FUN_00000868_000116c4",$d,00000000
"000116c8","|static|_FUN_00578c6c_000116c8",$d,00000000
"000116cc","|static|_FUN_005791fc_000116cc",$d,00000000
"000116d0","|static|_FUN_00604914_000116d0",$d,00000000
"00011700","|static|_FUN_005f4b24_00011700",$d,00000000
"00011704","|static|_FUN_005f4b34_00011704",$d,00000000
"00011708","|static|_FUN_005f4b18_00011708",$d,00000000
"0001170c","|static|_FUN_005f4b14_0001170c",$d,00000000
"00011710","|static|_FUN_005f4b20_00011710",$d,00000000
"00011714","|static|_FUN_005f4b44_00011714",$d,00000000
"00011720","|static|_FUN_00237218_00011720",$d,00000000
"00011724","|static|_FUN_0071b5c0_00011724",$d,00000000
"00011728","|static|_FUN_00328aa4_00011728",$d,00000000
"00011738","|static|_FUN_0071b76c_00011738",$d,00000000
"0001173c","|static|_FUN_005f4b1c_0001173c",$d,00000000
"00011740","|static|_FUN_005f4b10_00011740",$d,00000000
"00011744","|static|_FUN_005f4b4c_00011744",$d,00000000
"00011748","|static|_FUN_005f4b48_00011748",$d,00000000
"0001174c","|static|_FUN_005f4b68_0001174c",$d,00000000
"00011750","|static|_FUN_005f4b64_00011750",$d,00000000
"00011754","|static|_FUN_005f4b70_00011754",$d,00000000
"00011758","|static|_FUN_005f4b78_00011758",$d,00000000
"0001175c","|static|_FUN_005f4b60_0001175c",$d,00000000
"00011760","|static|_FUN_005f4b58_00011760",$d,00000000
"00011764","|static|_FUN_005f4b5c_00011764",$d,00000000
"00011768","|static|_FUN_005f4b74_00011768",$d,00000000
"0001176c","|static|_FUN_005f4b80_0001176c",$d,00000000
"00011770","|static|_FUN_005f4b88_00011770",$d,00000000
"00011774","|static|_FUN_005f4b7c_00011774",$d,00000000
"00011778","|static|_FUN_005f4b84_00011778",$d,00000000
"0001177c","|static|_FUN_00328bf4_0001177c",$d,00000000
"00011780","|static|_FUN_0075ab68_00011780",$d,00000000
"00011784","|static|_FUN_0075ab8c_00011784",$d,00000000
"00011788","|static|_FUN_0023a7e0_00011788",$d,00000000
"0001178c","|static|_FUN_00237bd4_0001178c",$d,00000000
"00011794","|static|_FUN_00230bb4_00011794",$d,00000000
"00011798","|static|_caseD_0_00011798",$d,00000000
"0001179c","|static|_FUN_00236ca4_0001179c",$d,00000000
"000117a0","|static|_LAB_00236d18_000117a0",$d,00000000
"000117a4","|static|_FUN_00231270_000117a4",$d,00000000
"000117a8","|static|_FUN_00230aa0_000117a8",$d,00000000
"000117ac","|static|_FUN_005dd648_000117ac",$d,00000000
"000117b4","|static|_FUN_00237f10_000117b4",$d,00000000
"000117b8","|static|_FUN_005dd65c_000117b8",$d,00000000
"000117bc","|static|_FUN_005dd560_000117bc",$d,00000000
"000117c0","|static|_FUN_005dd64c_000117c0",$d,00000000
"000117c4","|static|_FUN_005dd5a0_000117c4",$d,00000000
"000117c8","|static|_FUN_005dd638_000117c8",$d,00000000
"000117d0","|static|_FUN_006036e4_000117d0",$d,00000000
"000117d4","|static|_FUN_00230bb8_000117d4",$d,00000000
"000117d8","|static|_FUN_00231980_000117d8",$d,00000000
"000117dc","|static|_FUN_005dd674_000117dc",$d,00000000
"000117e0","|static|_FUN_00238430_000117e0",$d,00000000
"000117e4","|static|_FUN_002389ec_000117e4",$d,00000000
"000117e8","|static|_FUN_00713990_000117e8",$d,00000000
"000117ec","|static|_FUN_007139a8_000117ec",$d,00000000
"000117f0","|static|_FUN_00230044_000117f0",$d,00000000
"000117f4","|static|_FUN_0023135c_000117f4",$d,00000000
"000117fc","|static|_FUN_00237a1c_000117fc",$d,00000000
"00011800","|static|_FUN_00236f78_00011800",$d,00000000
"00011804","|static|_FUN_00230e98_00011804",$d,00000000
"00011808","|static|_FUN_002313cc_00011808",$d,00000000
"0001180c","|static|_FUN_00724e08_0001180c",$d,00000000
"00011818","|static|_FUN_0023a8bc_00011818",$d,00000000
"00011820","|static|_FUN_00230830_00011820",$d,00000000
"00011824","|static|_FUN_002304b4_00011824",$d,00000000
"0001182c","|static|_FUN_00724c34_0001182c",$d,00000000
"00011830","|static|_FUN_00238164_00011830",$d,00000000
"00011840","|static|_FUN_00329394_00011840",$d,00000000
"00011844","|static|_FUN_00328aa0_00011844",$d,00000000
"00011848","|static|_FUN_0032939c_00011848",$d,00000000
"0001184c","|static|_FUN_00328c4c_0001184c",$d,00000000
"00011860","|static|_FUN_005db288_00011860",$d,00000000
"0001186c","|static|_FUN_005d9084_0001186c",$d,00000000
"00011870","|static|_FUN_002313c4_00011870",$d,00000000
"00011874","|static|_FUN_0023a8b4_00011874",$d,00000000
"00011878","|static|_FUN_0075ab50_00011878",$d,00000000
"0001187c","|static|_FUN_00772610_0001187c",$d,00000000
"00011880","|static|_FUN_005dc4d8_00011880",$d,00000000
"00011884","|static|_FUN_0075ab40_00011884",$d,00000000
"00011888","|static|_FUN_0075ab54_00011888",$d,00000000
"0001188c","|static|_FUN_0075ab48_0001188c",$d,00000000
"000118a0","|static|_FUN_006e46f4_000118a0",$d,00000000
"000118a8","|static|_INVALID_|static|_TEXT:0000c66d_000118a8",$d,00000000
"000118ac","|static|_FUN_006e473c_000118ac",$d,00000000
"000118b4","|static|_FUN_0057b98c_000118b4",$d,00000000
"000118b8","|static|_FUN_0057b990_000118b8",$d,00000000
"000118bc","|static|_FUN_00605160_000118bc",$d,00000000
"000118c0","|static|_LAB_0057ba24_000118c0",$d,00000000
"000118c4","|static|_FUN_0057ba2c_000118c4",$d,00000000
"000118c8","|static|_FUN_0057a2e4_000118c8",$d,00000000
"000118cc","|static|_FUN_00521a38_000118cc",$d,00000000
"000118d0","|static|_FUN_00521064_000118d0",$d,00000000
"000118e0","|static|_FUN_00752690_000118e0",$d,00000000
"000118e4","|static|_FUN_0076f55c_000118e4",$d,00000000
"000118e8","|static|_FUN_0057b0d4_000118e8",$d,00000000
"000118ec","|static|_FUN_0076f7dc_000118ec",$d,00000000
"000118f0","|static|_LAB_00751d9c_000118f0",$d,00000000
"000118f4","|static|_LAB_00751d90_000118f4",$d,00000000
"000118f8","|static|_LAB_0075221c_000118f8",$d,00000000
"000118fc","|static|_FUN_006e46e8_000118fc",$d,00000000
"00011900","|static|_FUN_00577f90_00011900",$d,00000000
"00011904","|static|_FUN_0057813c_00011904",$d,00000000
"00011908","|static|_FUN_00751dbc_00011908",$d,00000000
"0001190c","|static|_FUN_0076f548_0001190c",$d,00000000
"00011914","ModuleKotobuki_INVALID_ModuleKotobuki_TEXT:000000d1_00011914",$d,00000000
"0001191c","|static|_INVALID_|static|_TEXT:0000c6e5_0001191c",$d,00000000
"00011924","|static|_INVALID_|static|_TEXT:0000c6b1_00011924",$d,00000000
"00011928","|static|_FUN_00577998_00011928",$d,00000000
"0001192c","|static|_FUN_00577f34_0001192c",$d,00000000
"00011930","|static|_FUN_00752260_00011930",$d,00000000
"00011934","|static|_FUN_0057906c_00011934",$d,00000000
"00011938","|static|_FUN_00579a2c_00011938",$d,00000000
"0001193c","|static|_FUN_005793d0_0001193c",$d,00000000
"00011944","|static|_FUN_007521d0_00011944",$d,00000000
"00011950","|static|_FUN_0057af1c_00011950",$d,00000000
"00011954","|static|_FUN_00577a4c_00011954",$d,00000000
"00011958","|static|_FUN_005782c4_00011958",$d,00000000
"0001195c","|static|_FUN_00578b04_0001195c",$d,00000000
"00011960","|static|_FUN_00578850_00011960",$d,00000000
"00011964","|static|_FUN_00579224_00011964",$d,00000000
"00011968","|static|_FUN_00579554_00011968",$d,00000000
"0001196c","|static|_FUN_005793e0_0001196c",$d,00000000
"00011970","|static|_FUN_00579b98_00011970",$d,00000000
"00011974","|static|_FUN_00579b64_00011974",$d,00000000
"00011978","|static|_FUN_005780a8_00011978",$d,00000000
"0001197c","|static|_FUN_005782f8_0001197c",$d,00000000
"00011980","|static|_FUN_0057b48c_00011980",$d,00000000
"00011984","|static|_FUN_00578258_00011984",$d,00000000
"00011988","|static|_FUN_0057957c_00011988",$d,00000000
"000119ac","|static|_FUN_005791bc_000119ac",$d,00000000
"000119b0","|static|_FUN_00605334_000119b0",$d,00000000
"000119b4","ModuleKotobuki_FUN_00000910_000119b4",$d,00000000
"000119b8","ModuleKotobuki_FUN_00000810_000119b8",$d,00000000
"000119bc","|static|_FUN_00578158_000119bc",$d,00000000
"000119c0","|static|_LAB_00578948_000119c0",$d,00000000
"000119c4","|static|_LAB_005791b8_000119c4",$d,00000000
"000119c8","|static|_FUN_005791c0_000119c8",$d,00000000
"000119cc","|static|_FUN_005799d4_000119cc",$d,00000000
"000119d0","|static|_FUN_0057884c_000119d0",$d,00000000
"000119d4","|static|_FUN_0057799c_000119d4",$d,00000000
"000119dc","ModuleKotobuki_FUN_00000868_000119dc",$d,00000000
"000119e0","|static|_FUN_00578c6c_000119e0",$d,00000000
"000119e4","|static|_FUN_005791fc_000119e4",$d,00000000
"000119e8","|static|_FUN_00604914_000119e8",$d,00000000
"00011a14","|static|_FUN_006e46f4_00011a14",$d,00000000
"00011a1c","|static|_INVALID_|static|_TEXT:0000c66d_00011a1c",$d,00000000
"00011a20","|static|_FUN_006e473c_00011a20",$d,00000000
"00011a28","|static|_FUN_0057b98c_00011a28",$d,00000000
"00011a2c","|static|_FUN_0057b990_00011a2c",$d,00000000
"00011a30","|static|_FUN_00605160_00011a30",$d,00000000
"00011a34","|static|_LAB_0057ba24_00011a34",$d,00000000
"00011a38","|static|_FUN_0057ba2c_00011a38",$d,00000000
"00011a3c","|static|_FUN_0057a2e4_00011a3c",$d,00000000
"00011a40","|static|_FUN_00521a38_00011a40",$d,00000000
"00011a44","|static|_FUN_00521064_00011a44",$d,00000000
"00011a54","|static|_FUN_00752690_00011a54",$d,00000000
"00011a58","|static|_FUN_0076f55c_00011a58",$d,00000000
"00011a5c","|static|_FUN_0057b0d4_00011a5c",$d,00000000
"00011a60","|static|_FUN_0076f7dc_00011a60",$d,00000000
"00011a64","|static|_LAB_00751d9c_00011a64",$d,00000000
"00011a68","|static|_LAB_00751d90_00011a68",$d,00000000
"00011a6c","|static|_LAB_0075221c_00011a6c",$d,00000000
"00011a70","|static|_FUN_006e46e8_00011a70",$d,00000000
"00011a74","|static|_FUN_00577f90_00011a74",$d,00000000
"00011a78","|static|_FUN_0057813c_00011a78",$d,00000000
"00011a7c","|static|_FUN_00751dbc_00011a7c",$d,00000000
"00011a80","|static|_FUN_0076f548_00011a80",$d,00000000
"00011a88","ModuleKotobuki_INVALID_ModuleKotobuki_TEXT:000000d1_00011a88",$d,00000000
"00011a90","|static|_INVALID_|static|_TEXT:0000c6e5_00011a90",$d,00000000
"00011a98","|static|_INVALID_|static|_TEXT:0000c6b1_00011a98",$d,00000000
"00011a9c","|static|_FUN_00577998_00011a9c",$d,00000000
"00011aa0","|static|_FUN_00577f34_00011aa0",$d,00000000
"00011aa4","|static|_FUN_00752260_00011aa4",$d,00000000
"00011aa8","|static|_FUN_0057906c_00011aa8",$d,00000000
"00011aac","|static|_FUN_00579a2c_00011aac",$d,00000000
"00011ab0","|static|_FUN_005793d0_00011ab0",$d,00000000
"00011ab8","|static|_FUN_007521d0_00011ab8",$d,00000000
"00011ac4","|static|_FUN_0057af1c_00011ac4",$d,00000000
"00011ac8","|static|_FUN_00577a4c_00011ac8",$d,00000000
"00011acc","|static|_FUN_005782c4_00011acc",$d,00000000
"00011ad0","|static|_FUN_00578b04_00011ad0",$d,00000000
"00011ad4","|static|_FUN_00578850_00011ad4",$d,00000000
"00011ad8","|static|_FUN_00579224_00011ad8",$d,00000000
"00011adc","|static|_FUN_00579554_00011adc",$d,00000000
"00011ae0","|static|_FUN_005793e0_00011ae0",$d,00000000
"00011ae4","|static|_FUN_00579b98_00011ae4",$d,00000000
"00011ae8","|static|_FUN_00579b64_00011ae8",$d,00000000
"00011aec","|static|_FUN_005780a8_00011aec",$d,00000000
"00011af0","|static|_FUN_005782f8_00011af0",$d,00000000
"00011af4","|static|_FUN_0057b48c_00011af4",$d,00000000
"00011af8","|static|_FUN_00578258_00011af8",$d,00000000
"00011afc","|static|_FUN_0057957c_00011afc",$d,00000000
"00011b20","|static|_FUN_005791bc_00011b20",$d,00000000
"00011b24","|static|_FUN_00605334_00011b24",$d,00000000
"00011b28","ModuleKotobuki_FUN_00000910_00011b28",$d,00000000
"00011b2c","ModuleKotobuki_FUN_00000810_00011b2c",$d,00000000
"00011b30","|static|_FUN_00578158_00011b30",$d,00000000
"00011b34","|static|_LAB_00578948_00011b34",$d,00000000
"00011b38","|static|_LAB_005791b8_00011b38",$d,00000000
"00011b3c","|static|_FUN_005791c0_00011b3c",$d,00000000
"00011b40","|static|_FUN_005799d4_00011b40",$d,00000000
"00011b44","|static|_FUN_0057884c_00011b44",$d,00000000
"00011b48","|static|_FUN_0057799c_00011b48",$d,00000000
"00011b50","ModuleKotobuki_FUN_00000868_00011b50",$d,00000000
"00011b54","|static|_FUN_00578c6c_00011b54",$d,00000000
"00011b58","|static|_FUN_005791fc_00011b58",$d,00000000
"00011b5c","|static|_FUN_00604914_00011b5c",$d,00000000
"00011b88","|static|_FUN_006e46f4_00011b88",$d,00000000
"00011b90","|static|_INVALID_|static|_TEXT:0000c66d_00011b90",$d,00000000
"00011b94","|static|_FUN_006e473c_00011b94",$d,00000000
"00011b9c","|static|_FUN_0057b98c_00011b9c",$d,00000000
"00011ba0","|static|_FUN_0057b990_00011ba0",$d,00000000
"00011ba4","|static|_FUN_00605160_00011ba4",$d,00000000
"00011ba8","|static|_LAB_0057ba24_00011ba8",$d,00000000
"00011bac","|static|_FUN_0057ba2c_00011bac",$d,00000000
"00011bb0","|static|_FUN_0057a2e4_00011bb0",$d,00000000
"00011bb4","|static|_FUN_00521a38_00011bb4",$d,00000000
"00011bb8","|static|_FUN_00521064_00011bb8",$d,00000000
"00011bc8","|static|_FUN_00752690_00011bc8",$d,00000000
"00011bcc","|static|_FUN_0076f55c_00011bcc",$d,00000000
"00011bd0","|static|_FUN_0057b0d4_00011bd0",$d,00000000
"00011bd4","|static|_FUN_0076f7dc_00011bd4",$d,00000000
"00011bd8","|static|_LAB_00751d9c_00011bd8",$d,00000000
"00011bdc","|static|_LAB_00751d90_00011bdc",$d,00000000
"00011be0","|static|_LAB_0075221c_00011be0",$d,00000000
"00011be4","|static|_FUN_006e46e8_00011be4",$d,00000000
"00011be8","|static|_FUN_00577f90_00011be8",$d,00000000
"00011bec","|static|_FUN_0057813c_00011bec",$d,00000000
"00011bf0","|static|_FUN_00751dbc_00011bf0",$d,00000000
"00011bf4","|static|_FUN_0076f548_00011bf4",$d,00000000
"00011bfc","ModuleKotobuki_INVALID_ModuleKotobuki_TEXT:000000d1_00011bfc",$d,00000000
"00011c04","|static|_INVALID_|static|_TEXT:0000c6e5_00011c04",$d,00000000
"00011c0c","|static|_INVALID_|static|_TEXT:0000c6b1_00011c0c",$d,00000000
"00011c10","|static|_FUN_00577998_00011c10",$d,00000000
"00011c14","|static|_FUN_00577f34_00011c14",$d,00000000
"00011c18","|static|_FUN_00752260_00011c18",$d,00000000
"00011c1c","|static|_FUN_0057906c_00011c1c",$d,00000000
"00011c20","|static|_FUN_00579a2c_00011c20",$d,00000000
"00011c24","|static|_FUN_005793d0_00011c24",$d,00000000
"00011c2c","|static|_FUN_007521d0_00011c2c",$d,00000000
"00011c38","|static|_FUN_0057af1c_00011c38",$d,00000000
"00011c3c","|static|_FUN_00577a4c_00011c3c",$d,00000000
"00011c40","|static|_FUN_005782c4_00011c40",$d,00000000
"00011c44","|static|_FUN_00578b04_00011c44",$d,00000000
"00011c48","|static|_FUN_00578850_00011c48",$d,00000000
"00011c4c","|static|_FUN_00579224_00011c4c",$d,00000000
"00011c50","|static|_FUN_00579554_00011c50",$d,00000000
"00011c54","|static|_FUN_005793e0_00011c54",$d,00000000
"00011c58","|static|_FUN_00579b98_00011c58",$d,00000000
"00011c5c","|static|_FUN_00579b64_00011c5c",$d,00000000
"00011c60","|static|_FUN_005780a8_00011c60",$d,00000000
"00011c64","|static|_FUN_005782f8_00011c64",$d,00000000
"00011c68","|static|_FUN_0057b48c_00011c68",$d,00000000
"00011c6c","|static|_FUN_00578258_00011c6c",$d,00000000
"00011c70","|static|_FUN_0057957c_00011c70",$d,00000000
"00011c94","|static|_FUN_005791bc_00011c94",$d,00000000
"00011c98","|static|_FUN_00605334_00011c98",$d,00000000
"00011c9c","ModuleKotobuki_FUN_00000910_00011c9c",$d,00000000
"00011ca0","ModuleKotobuki_FUN_00000810_00011ca0",$d,00000000
"00011ca4","|static|_FUN_00578158_00011ca4",$d,00000000
"00011ca8","|static|_LAB_00578948_00011ca8",$d,00000000
"00011cac","|static|_LAB_005791b8_00011cac",$d,00000000
"00011cb0","|static|_FUN_005791c0_00011cb0",$d,00000000
"00011cb4","|static|_FUN_005799d4_00011cb4",$d,00000000
"00011cb8","|static|_FUN_0057884c_00011cb8",$d,00000000
"00011cbc","|static|_FUN_0057799c_00011cbc",$d,00000000
"00011cc4","ModuleKotobuki_FUN_00000868_00011cc4",$d,00000000
"00011cc8","|static|_FUN_00578c6c_00011cc8",$d,00000000
"00011ccc","|static|_FUN_005791fc_00011ccc",$d,00000000
"00011cd0","|static|_FUN_00604914_00011cd0",$d,00000000
"00011cfc","|static|_FUN_006e46f4_00011cfc",$d,00000000
"00011d04","|static|_INVALID_|static|_TEXT:0000c66d_00011d04",$d,00000000
"00011d08","|static|_FUN_006e473c_00011d08",$d,00000000
"00011d10","|static|_FUN_0057b98c_00011d10",$d,00000000
"00011d14","|static|_FUN_0057b990_00011d14",$d,00000000
"00011d18","|static|_FUN_00605160_00011d18",$d,00000000
"00011d1c","|static|_LAB_0057ba24_00011d1c",$d,00000000
"00011d20","|static|_FUN_0057ba2c_00011d20",$d,00000000
"00011d24","|static|_FUN_0057a2e4_00011d24",$d,00000000
"00011d28","|static|_FUN_00521a38_00011d28",$d,00000000
"00011d2c","|static|_FUN_00521064_00011d2c",$d,00000000
"00011d3c","|static|_FUN_00752690_00011d3c",$d,00000000
"00011d40","|static|_FUN_0076f55c_00011d40",$d,00000000
"00011d44","|static|_FUN_0057b0d4_00011d44",$d,00000000
"00011d48","|static|_FUN_0076f7dc_00011d48",$d,00000000
"00011d4c","|static|_LAB_00751d9c_00011d4c",$d,00000000
"00011d50","|static|_LAB_00751d90_00011d50",$d,00000000
"00011d54","|static|_LAB_0075221c_00011d54",$d,00000000
"00011d58","|static|_FUN_006e46e8_00011d58",$d,00000000
"00011d5c","|static|_FUN_00577f90_00011d5c",$d,00000000
"00011d60","|static|_FUN_0057813c_00011d60",$d,00000000
"00011d64","|static|_FUN_00751dbc_00011d64",$d,00000000
"00011d68","|static|_FUN_0076f548_00011d68",$d,00000000
"00011d70","ModuleKotobuki_INVALID_ModuleKotobuki_TEXT:000000d1_00011d70",$d,00000000
"00011d78","|static|_INVALID_|static|_TEXT:0000c6e5_00011d78",$d,00000000
"00011d80","|static|_INVALID_|static|_TEXT:0000c6b1_00011d80",$d,00000000
"00011d84","|static|_FUN_00577998_00011d84",$d,00000000
"00011d88","|static|_FUN_00577f34_00011d88",$d,00000000
"00011d8c","|static|_FUN_00752260_00011d8c",$d,00000000
"00011d90","|static|_FUN_0057906c_00011d90",$d,00000000
"00011d94","|static|_FUN_00579a2c_00011d94",$d,00000000
"00011d98","|static|_FUN_005793d0_00011d98",$d,00000000
"00011da0","|static|_FUN_007521d0_00011da0",$d,00000000
"00011dac","|static|_FUN_0057af1c_00011dac",$d,00000000
"00011db0","|static|_FUN_00577a4c_00011db0",$d,00000000
"00011db4","|static|_FUN_005782c4_00011db4",$d,00000000
"00011db8","|static|_FUN_00578b04_00011db8",$d,00000000
"00011dbc","|static|_FUN_00578850_00011dbc",$d,00000000
"00011dc0","|static|_FUN_00579224_00011dc0",$d,00000000
"00011dc4","|static|_FUN_00579554_00011dc4",$d,00000000
"00011dc8","|static|_FUN_005793e0_00011dc8",$d,00000000
"00011dcc","|static|_FUN_00579b98_00011dcc",$d,00000000
"00011dd0","|static|_FUN_00579b64_00011dd0",$d,00000000
"00011dd4","|static|_FUN_005780a8_00011dd4",$d,00000000
"00011dd8","|static|_FUN_005782f8_00011dd8",$d,00000000
"00011ddc","|static|_FUN_0057b48c_00011ddc",$d,00000000
"00011de0","|static|_FUN_00578258_00011de0",$d,00000000
"00011de4","|static|_FUN_0057957c_00011de4",$d,00000000
"00011e08","|static|_FUN_005791bc_00011e08",$d,00000000
"00011e0c","|static|_FUN_00605334_00011e0c",$d,00000000
"00011e10","ModuleKotobuki_FUN_00000910_00011e10",$d,00000000
"00011e14","ModuleKotobuki_FUN_00000810_00011e14",$d,00000000
"00011e18","|static|_FUN_00578158_00011e18",$d,00000000
"00011e1c","|static|_LAB_00578948_00011e1c",$d,00000000
"00011e20","|static|_LAB_005791b8_00011e20",$d,00000000
"00011e24","|static|_FUN_005791c0_00011e24",$d,00000000
"00011e28","|static|_FUN_005799d4_00011e28",$d,00000000
"00011e2c","|static|_FUN_0057884c_00011e2c",$d,00000000
"00011e30","|static|_FUN_0057799c_00011e30",$d,00000000
"00011e38","ModuleKotobuki_FUN_00000868_00011e38",$d,00000000
"00011e3c","|static|_FUN_00578c6c_00011e3c",$d,00000000
"00011e40","|static|_FUN_005791fc_00011e40",$d,00000000
"00011e44","|static|_FUN_00604914_00011e44",$d,00000000
"00011e70","|static|_FUN_006e46f4_00011e70",$d,00000000
"00011e78","|static|_INVALID_|static|_TEXT:0000c66d_00011e78",$d,00000000
"00011e7c","|static|_FUN_006e473c_00011e7c",$d,00000000
"00011e84","|static|_FUN_0057b98c_00011e84",$d,00000000
"00011e88","|static|_FUN_0057b990_00011e88",$d,00000000
"00011e8c","|static|_FUN_0057a474_00011e8c",$d,00000000
"00011e90","|static|_LAB_0057ba24_00011e90",$d,00000000
"00011e94","|static|_FUN_0057ba2c_00011e94",$d,00000000
"00011e98","|static|_FUN_0057a2e4_00011e98",$d,00000000
"00011e9c","|static|_FUN_00521a38_00011e9c",$d,00000000
"00011ea0","|static|_FUN_00521064_00011ea0",$d,00000000
"00011eb4","|static|_FUN_0076f55c_00011eb4",$d,00000000
"00011ebc","|static|_FUN_0076f7dc_00011ebc",$d,00000000
"00011ec0","|static|_LAB_00751d9c_00011ec0",$d,00000000
"00011ec4","|static|_LAB_00751d90_00011ec4",$d,00000000
"00011ec8","|static|_LAB_0075221c_00011ec8",$d,00000000
"00011ecc","|static|_FUN_006e46e8_00011ecc",$d,00000000
"00011ed0","|static|_FUN_00577f90_00011ed0",$d,00000000
"00011ed4","|static|_FUN_0057813c_00011ed4",$d,00000000
"00011ed8","|static|_FUN_00751dbc_00011ed8",$d,00000000
"00011edc","|static|_FUN_0076f548_00011edc",$d,00000000
"00011eec","|static|_INVALID_|static|_TEXT:0000c6e5_00011eec",$d,00000000
"00011ef4","|static|_INVALID_|static|_TEXT:0000c6b1_00011ef4",$d,00000000
"00011ef8","|static|_FUN_00577998_00011ef8",$d,00000000
"00011efc","|static|_FUN_00577f34_00011efc",$d,00000000
"00011f00","|static|_FUN_00752260_00011f00",$d,00000000
"00011f04","|static|_FUN_0057906c_00011f04",$d,00000000
"00011f08","|static|_FUN_00579a2c_00011f08",$d,00000000
"00011f0c","|static|_FUN_005793d0_00011f0c",$d,00000000
"00011f14","|static|_FUN_007521d0_00011f14",$d,00000000
"00011f20","|static|_FUN_0057af1c_00011f20",$d,00000000
"00011f24","|static|_FUN_00577a4c_00011f24",$d,00000000
"00011f28","|static|_FUN_005782c4_00011f28",$d,00000000
"00011f2c","|static|_FUN_00578b04_00011f2c",$d,00000000
"00011f30","|static|_FUN_00578850_00011f30",$d,00000000
"00011f34","|static|_FUN_00579224_00011f34",$d,00000000
"00011f38","|static|_FUN_00579554_00011f38",$d,00000000
"00011f3c","|static|_FUN_005793e0_00011f3c",$d,00000000
"00011f40","|static|_FUN_00579b98_00011f40",$d,00000000
"00011f44","|static|_FUN_00579b64_00011f44",$d,00000000
"00011f48","|static|_FUN_005780a8_00011f48",$d,00000000
"00011f4c","|static|_FUN_005782f8_00011f4c",$d,00000000
"00011f50","|static|_FUN_0057b48c_00011f50",$d,00000000
"00011f54","|static|_FUN_00578258_00011f54",$d,00000000
"00011f58","|static|_FUN_0057957c_00011f58",$d,00000000
"00011f7c","|static|_FUN_005791bc_00011f7c",$d,00000000
"00011f80","|static|_FUN_0057b494_00011f80",$d,00000000
"00011f84","|static|_FUN_005783f4_00011f84",$d,00000000
"00011f88","|static|_FUN_005779a4_00011f88",$d,00000000
"00011f8c","|static|_FUN_00578158_00011f8c",$d,00000000
"00011f90","|static|_LAB_00578948_00011f90",$d,00000000
"00011f94","|static|_LAB_005791b8_00011f94",$d,00000000
"00011f98","|static|_FUN_005791c0_00011f98",$d,00000000
"00011f9c","|static|_FUN_005799d4_00011f9c",$d,00000000
"00011fa0","|static|_FUN_0057884c_00011fa0",$d,00000000
"00011fa4","|static|_FUN_0057799c_00011fa4",$d,00000000
"00011fb4","|static|_FUN_005791fc_00011fb4",$d,00000000
"00012040","|static|_FUN_005f4b24_00012040",$d,00000000
"00012044","|static|_FUN_005f4b34_00012044",$d,00000000
"00012048","|static|_FUN_005f4b18_00012048",$d,00000000
"0001204c","|static|_FUN_005f4b14_0001204c",$d,00000000
"00012050","|static|_FUN_005f4b20_00012050",$d,00000000
"00012054","|static|_FUN_005f4b44_00012054",$d,00000000
"00012060","|static|_FUN_00237218_00012060",$d,00000000
"00012078","|static|_FUN_005f4b54_00012078",$d,00000000
"0001207c","|static|_FUN_005f4b1c_0001207c",$d,00000000
"00012080","|static|_FUN_005f4b10_00012080",$d,00000000
"00012084","|static|_FUN_005f4b4c_00012084",$d,00000000
"00012088","|static|_FUN_005f4b48_00012088",$d,00000000
"0001208c","|static|_FUN_005f4b68_0001208c",$d,00000000
"00012090","|static|_FUN_005f4b64_00012090",$d,00000000
"00012094","|static|_FUN_005f4b70_00012094",$d,00000000
"00012098","|static|_FUN_005f4b78_00012098",$d,00000000
"0001209c","|static|_FUN_005f4b60_0001209c",$d,00000000
"000120a0","|static|_FUN_005f4b58_000120a0",$d,00000000
"000120a4","|static|_FUN_005f4b5c_000120a4",$d,00000000
"000120a8","|static|_FUN_005f4b74_000120a8",$d,00000000
"000120ac","|static|_FUN_005f4b80_000120ac",$d,00000000
"000120b0","|static|_FUN_005f4b88_000120b0",$d,00000000
"000120b4","|static|_FUN_005f4b7c_000120b4",$d,00000000
"000120b8","|static|_FUN_005f4b84_000120b8",$d,00000000
"000120c0","|static|_FUN_0075ab68_000120c0",$d,00000000
"000120c4","|static|_FUN_0075ab8c_000120c4",$d,00000000
"000120c8","|static|_FUN_0023a7e0_000120c8",$d,00000000
"000120cc","|static|_FUN_00237bd4_000120cc",$d,00000000
"000120d0","|static|_FUN_001bf6b4_000120d0",$d,00000000
"000120d4","|static|_FUN_00230bb4_000120d4",$d,00000000
"000120d8","|static|_caseD_0_000120d8",$d,00000000
"000120dc","|static|_FUN_00236ca4_000120dc",$d,00000000
"000120e0","|static|_LAB_00236d18_000120e0",$d,00000000
"000120e4","|static|_FUN_00231270_000120e4",$d,00000000
"000120e8","|static|_FUN_00230aa0_000120e8",$d,00000000
"000120ec","|static|_FUN_005dd648_000120ec",$d,00000000
"000120f0","|static|_FUN_005dd670_000120f0",$d,00000000
"000120f4","|static|_FUN_00237f10_000120f4",$d,00000000
"000120f8","|static|_FUN_005dd65c_000120f8",$d,00000000
"000120fc","|static|_FUN_005dd560_000120fc",$d,00000000
"00012100","|static|_FUN_005dd64c_00012100",$d,00000000
"00012104","|static|_FUN_005dd5a0_00012104",$d,00000000
"00012108","|static|_FUN_005dd638_00012108",$d,00000000
"00012110","|static|_FUN_006036e4_00012110",$d,00000000
"00012114","|static|_FUN_00230bb8_00012114",$d,00000000
"00012118","|static|_FUN_00231980_00012118",$d,00000000
"0001211c","|static|_FUN_005dd674_0001211c",$d,00000000
"00012120","|static|_FUN_00238430_00012120",$d,00000000
"00012124","|static|_FUN_002389ec_00012124",$d,00000000
"00012128","|static|_FUN_00713990_00012128",$d,00000000
"0001212c","|static|_FUN_007139a8_0001212c",$d,00000000
"00012130","|static|_FUN_00230044_00012130",$d,00000000
"00012134","|static|_FUN_001bf648_00012134",$d,00000000
"0001213c","|static|_FUN_00237a1c_0001213c",$d,00000000
"00012140","|static|_FUN_00236f78_00012140",$d,00000000
"00012144","|static|_FUN_001bf4d8_00012144",$d,00000000
"00012148","|static|_FUN_002313cc_00012148",$d,00000000
"0001214c","|static|_FUN_0071bd90_0001214c",$d,00000000
"00012150","|static|_FUN_001bf294_00012150",$d,00000000
"00012154","|static|_FUN_001bf444_00012154",$d,00000000
"00012158","|static|_FUN_0023a8bc_00012158",$d,00000000
"00012160","|static|_FUN_00230830_00012160",$d,00000000
"00012164","|static|_FUN_002304b4_00012164",$d,00000000
"00012168","|static|_FUN_00230e90_00012168",$d,00000000
"0001216c","|static|_FUN_0071bc3c_0001216c",$d,00000000
"00012170","|static|_FUN_00238164_00012170",$d,00000000
"00012174","|static|_FUN_001bf5d0_00012174",$d,00000000
"00012178","|static|_FUN_001bfad8_00012178",$d,00000000
"0001217c","|static|_FUN_001bfb44_0001217c",$d,00000000
"00012180","|static|_FUN_001bfbb0_00012180",$d,00000000
"00012184","|static|_FUN_001bfbf8_00012184",$d,00000000
"00012188","|static|_FUN_001bfc40_00012188",$d,00000000
"0001218c","|static|_FUN_001bfc88_0001218c",$d,00000000
"00012190","|static|_FUN_001bfcd0_00012190",$d,00000000
"00012194","|static|_FUN_001bfd18_00012194",$d,00000000
"00012198","|static|_FUN_001bfd60_00012198",$d,00000000
"0001219c","|static|_FUN_001bfda8_0001219c",$d,00000000
"000121a4","|static|_FUN_001bff08_000121a4",$d,00000000
"000121ac","|static|_FUN_001bff58_000121ac",$d,00000000
"000121b0","|static|_FUN_001bff00_000121b0",$d,00000000
"000121b4","|static|_FUN_001bff50_000121b4",$d,00000000
"000121b8","|static|_FUN_001bff60_000121b8",$d,00000000
"000121c0","|static|_FUN_001bff90_000121c0",$d,00000000
"000121c4","|static|_FUN_001bff98_000121c4",$d,00000000
"000121c8","|static|_FUN_001bffa0_000121c8",$d,00000000
"000121cc","|static|_FUN_001bffa8_000121cc",$d,00000000
"000121d0","|static|_FUN_001bffb0_000121d0",$d,00000000
"000121d4","|static|_FUN_001bffb8_000121d4",$d,00000000
"000121d8","|static|_FUN_001bffc0_000121d8",$d,00000000
"000121dc","|static|_FUN_001c0018_000121dc",$d,00000000
"000121e0","|static|_FUN_001c0020_000121e0",$d,00000000
"000121e8","|static|_FUN_001bff18_000121e8",$d,00000000
"000121f0","|static|_FUN_001bff28_000121f0",$d,00000000
"000121f4","|static|_FUN_001bff30_000121f4",$d,00000000
"000121f8","|static|_FUN_001bff38_000121f8",$d,00000000
"000121fc","|static|_FUN_001bff40_000121fc",$d,00000000
"00012200","|static|_FUN_001bff48_00012200",$d,00000000
"00012204","|static|_FUN_001bff68_00012204",$d,00000000
"00012208","|static|_FUN_001bff70_00012208",$d,00000000
"0001220c","|static|_FUN_001bffc8_0001220c",$d,00000000
"00012210","|static|_FUN_001bffd0_00012210",$d,00000000
"00012214","|static|_FUN_001bffd8_00012214",$d,00000000
"00012218","|static|_FUN_001bffe0_00012218",$d,00000000
"0001221c","|static|_FUN_001bffe8_0001221c",$d,00000000
"00012220","|static|_FUN_001bfff0_00012220",$d,00000000
"00012224","|static|_FUN_001bfff8_00012224",$d,00000000
"00012228","|static|_LAB_001c0000_00012228",$d,00000000
"0001222c","|static|_FUN_001c0028_0001222c",$d,00000000
"00012230","|static|_FUN_001c0030_00012230",$d,00000000
"00012234","|static|_FUN_001bff78_00012234",$d,00000000
"00012238","|static|_FUN_001bff80_00012238",$d,00000000
"0001223c","|static|_FUN_001c0008_0001223c",$d,00000000
"00012240","|static|_FUN_001c0010_00012240",$d,00000000
"00012254","|static|_FUN_005db288_00012254",$d,00000000
"00012258","|static|_FUN_00772388_00012258",$d,00000000
"0001225c","|static|_FUN_001bf28c_0001225c",$d,00000000
"00012260","|static|_FUN_005d9084_00012260",$d,00000000
"00012264","|static|_FUN_002313c4_00012264",$d,00000000
"00012268","|static|_FUN_0023a8b4_00012268",$d,00000000
"0001226c","|static|_FUN_0075ab50_0001226c",$d,00000000
"00012270","|static|_FUN_00772610_00012270",$d,00000000
"00012274","|static|_FUN_005dc4d8_00012274",$d,00000000
"00012278","|static|_FUN_0075ab40_00012278",$d,00000000
"0001227c","|static|_FUN_0075ab54_0001227c",$d,00000000
"00012280","|static|_FUN_0075ab48_00012280",$d,00000000
"00012294","ModuleKotobuki_FUN_00000ef8_00012294",$d,00000000
"00012298","|static|_FUN_005f4b24_00012298",$d,00000000
"0001229c","|static|_FUN_005f4b34_0001229c",$d,00000000
"000122a0","|static|_FUN_005f4b18_000122a0",$d,00000000
"000122a4","|static|_FUN_005f4b14_000122a4",$d,00000000
"000122a8","|static|_FUN_005f4b20_000122a8",$d,00000000
"000122ac","|static|_FUN_005f4b44_000122ac",$d,00000000
"000122b8","|static|_FUN_00237218_000122b8",$d,00000000
"000122d0","|static|_FUN_005f4b54_000122d0",$d,00000000
"000122d4","|static|_FUN_005f4b1c_000122d4",$d,00000000
"000122d8","|static|_FUN_005f4b10_000122d8",$d,00000000
"000122dc","|static|_FUN_005f4b4c_000122dc",$d,00000000
"000122e0","|static|_FUN_005f4b48_000122e0",$d,00000000
"000122e4","|static|_FUN_005f4b68_000122e4",$d,00000000
"000122e8","|static|_FUN_005f4b64_000122e8",$d,00000000
"000122ec","|static|_FUN_005f4b70_000122ec",$d,00000000
"000122f0","|static|_FUN_005f4b78_000122f0",$d,00000000
"000122f4","|static|_FUN_005f4b60_000122f4",$d,00000000
"000122f8","|static|_FUN_005f4b58_000122f8",$d,00000000
"000122fc","|static|_FUN_005f4b5c_000122fc",$d,00000000
"00012300","|static|_FUN_005f4b74_00012300",$d,00000000
"00012304","|static|_FUN_005f4b80_00012304",$d,00000000
"00012308","|static|_FUN_005f4b88_00012308",$d,00000000
"0001230c","|static|_FUN_005f4b7c_0001230c",$d,00000000
"00012310","|static|_FUN_005f4b84_00012310",$d,00000000
"00012318","|static|_FUN_0075ab68_00012318",$d,00000000
"0001231c","|static|_FUN_0075ab8c_0001231c",$d,00000000
"00012320","|static|_FUN_0023a7e0_00012320",$d,00000000
"00012324","|static|_FUN_00237bd4_00012324",$d,00000000
"00012328","ModuleKotobuki_FUN_00001ccc_00012328",$d,00000000
"0001232c","|static|_FUN_00230bb4_0001232c",$d,00000000
"00012330","|static|_caseD_0_00012330",$d,00000000
"00012334","|static|_FUN_00236ca4_00012334",$d,00000000
"00012338","|static|_LAB_00236d18_00012338",$d,00000000
"0001233c","|static|_FUN_00231270_0001233c",$d,00000000
"00012340","|static|_FUN_00230aa0_00012340",$d,00000000
"00012344","|static|_FUN_005dd648_00012344",$d,00000000
"00012348","|static|_FUN_005dd670_00012348",$d,00000000
"0001234c","|static|_FUN_00237f10_0001234c",$d,00000000
"00012350","|static|_FUN_005dd65c_00012350",$d,00000000
"00012354","|static|_FUN_005dd560_00012354",$d,00000000
"00012358","|static|_FUN_005dd64c_00012358",$d,00000000
"0001235c","|static|_FUN_005dd5a0_0001235c",$d,00000000
"00012360","|static|_FUN_005dd638_00012360",$d,00000000
"00012368","|static|_FUN_006036e4_00012368",$d,00000000
"0001236c","|static|_FUN_00230bb8_0001236c",$d,00000000
"00012370","|static|_FUN_00231980_00012370",$d,00000000
"00012374","|static|_FUN_005dd674_00012374",$d,00000000
"00012378","|static|_FUN_00238430_00012378",$d,00000000
"0001237c","|static|_FUN_002389ec_0001237c",$d,00000000
"00012380","|static|_FUN_00713990_00012380",$d,00000000
"00012384","|static|_FUN_007139a8_00012384",$d,00000000
"00012388","|static|_FUN_00230044_00012388",$d,00000000
"0001238c","|static|_FUN_0023135c_0001238c",$d,00000000
"00012394","|static|_FUN_00237a1c_00012394",$d,00000000
"00012398","|static|_FUN_00236f78_00012398",$d,00000000
"0001239c","|static|_FUN_00230e98_0001239c",$d,00000000
"000123a0","|static|_FUN_002313cc_000123a0",$d,00000000
"000123a4","|static|_FUN_0071bd90_000123a4",$d,00000000
"000123a8","ModuleKotobuki_FUN_00000abc_000123a8",$d,00000000
"000123ac","ModuleKotobuki_FUN_00001420_000123ac",$d,00000000
"000123b0","|static|_FUN_0023a8bc_000123b0",$d,00000000
"000123b8","|static|_FUN_00230830_000123b8",$d,00000000
"000123bc","|static|_FUN_002304b4_000123bc",$d,00000000
"000123c0","ModuleKotobuki_FUN_000020a4_000123c0",$d,00000000
"000123c4","|static|_FUN_0071bc3c_000123c4",$d,00000000
"000123c8","|static|_FUN_00238164_000123c8",$d,00000000
"000123cc","|static|_FUN_0029e0fc_000123cc",$d,00000000
"000123d0","|static|_FUN_0029e104_000123d0",$d,00000000
"000123d4","|static|_FUN_0029e10c_000123d4",$d,00000000
"000123d8","|static|_FUN_0029e114_000123d8",$d,00000000
"000123dc","|static|_FUN_0029e11c_000123dc",$d,00000000
"000123e0","|static|_FUN_0029e124_000123e0",$d,00000000
"000123e4","|static|_FUN_0029e12c_000123e4",$d,00000000
"000123e8","|static|_FUN_0029e134_000123e8",$d,00000000
"000123ec","|static|_FUN_0029e13c_000123ec",$d,00000000
"000123f0","|static|_FUN_0029e144_000123f0",$d,00000000
"000123f4","|static|_FUN_0029e14c_000123f4",$d,00000000
"00012408","|static|_FUN_005db288_00012408",$d,00000000
"0001240c","ModuleKotobuki_FUN_00002e50_0001240c",$d,00000000
"00012410","ModuleKotobuki_FUN_00002e18_00012410",$d,00000000
"00012414","|static|_FUN_005d9084_00012414",$d,00000000
"00012418","|static|_FUN_002313c4_00012418",$d,00000000
"0001241c","|static|_FUN_0023a8b4_0001241c",$d,00000000
"00012420","|static|_FUN_0075ab50_00012420",$d,00000000
"00012424","|static|_FUN_00772610_00012424",$d,00000000
"00012428","|static|_FUN_005dc4d8_00012428",$d,00000000
"0001242c","|static|_FUN_0075ab40_0001242c",$d,00000000
"00012430","|static|_FUN_0075ab54_00012430",$d,00000000
"00012434","|static|_FUN_0075ab48_00012434",$d,00000000
"00012448","ModuleKotobuki_FUN_00000ef8_00012448",$d,00000000
"0001244c","|static|_FUN_005f4b24_0001244c",$d,00000000
"00012450","|static|_FUN_005f4b34_00012450",$d,00000000
"00012454","|static|_FUN_005f4b18_00012454",$d,00000000
"00012458","|static|_FUN_005f4b14_00012458",$d,00000000
"0001245c","|static|_FUN_005f4b20_0001245c",$d,00000000
"00012460","|static|_FUN_005f4b44_00012460",$d,00000000
"0001246c","|static|_FUN_00237218_0001246c",$d,00000000
"00012484","|static|_FUN_005f4b54_00012484",$d,00000000
"00012488","|static|_FUN_005f4b1c_00012488",$d,00000000
"0001248c","|static|_FUN_005f4b10_0001248c",$d,00000000
"00012490","|static|_FUN_005f4b4c_00012490",$d,00000000
"00012494","|static|_FUN_005f4b48_00012494",$d,00000000
"00012498","|static|_FUN_005f4b68_00012498",$d,00000000
"0001249c","|static|_FUN_005f4b64_0001249c",$d,00000000
"000124a0","|static|_FUN_005f4b70_000124a0",$d,00000000
"000124a4","|static|_FUN_005f4b78_000124a4",$d,00000000
"000124a8","|static|_FUN_005f4b60_000124a8",$d,00000000
"000124ac","|static|_FUN_005f4b58_000124ac",$d,00000000
"000124b0","|static|_FUN_005f4b5c_000124b0",$d,00000000
"000124b4","|static|_FUN_005f4b74_000124b4",$d,00000000
"000124b8","|static|_FUN_005f4b80_000124b8",$d,00000000
"000124bc","|static|_FUN_005f4b88_000124bc",$d,00000000
"000124c0","|static|_FUN_005f4b7c_000124c0",$d,00000000
"000124c4","|static|_FUN_005f4b84_000124c4",$d,00000000
"000124cc","|static|_FUN_0075ab68_000124cc",$d,00000000
"000124d0","|static|_FUN_0075ab8c_000124d0",$d,00000000
"000124d4","|static|_FUN_0023a7e0_000124d4",$d,00000000
"000124d8","|static|_FUN_00237bd4_000124d8",$d,00000000
"000124dc","ModuleKotobuki_FUN_00001ccc_000124dc",$d,00000000
"000124e0","|static|_FUN_00230bb4_000124e0",$d,00000000
"000124e4","|static|_caseD_0_000124e4",$d,00000000
"000124e8","|static|_FUN_00236ca4_000124e8",$d,00000000
"000124ec","|static|_LAB_00236d18_000124ec",$d,00000000
"000124f0","|static|_FUN_00231270_000124f0",$d,00000000
"000124f4","|static|_FUN_00230aa0_000124f4",$d,00000000
"000124f8","|static|_FUN_005dd648_000124f8",$d,00000000
"000124fc","|static|_FUN_005dd670_000124fc",$d,00000000
"00012500","|static|_FUN_00237f10_00012500",$d,00000000
"00012504","|static|_FUN_005dd65c_00012504",$d,00000000
"00012508","|static|_FUN_005dd560_00012508",$d,00000000
"0001250c","|static|_FUN_005dd64c_0001250c",$d,00000000
"00012510","|static|_FUN_005dd5a0_00012510",$d,00000000
"00012514","|static|_FUN_005dd638_00012514",$d,00000000
"0001251c","|static|_FUN_006036e4_0001251c",$d,00000000
"00012520","|static|_FUN_00230bb8_00012520",$d,00000000
"00012524","|static|_FUN_00231980_00012524",$d,00000000
"00012528","|static|_FUN_005dd674_00012528",$d,00000000
"0001252c","|static|_FUN_00238430_0001252c",$d,00000000
"00012530","|static|_FUN_002389ec_00012530",$d,00000000
"00012534","|static|_FUN_00713990_00012534",$d,00000000
"00012538","|static|_FUN_007139a8_00012538",$d,00000000
"0001253c","|static|_FUN_00230044_0001253c",$d,00000000
"00012540","|static|_FUN_0023135c_00012540",$d,00000000
"00012548","|static|_FUN_00237a1c_00012548",$d,00000000
"0001254c","|static|_FUN_00236f78_0001254c",$d,00000000
"00012550","|static|_FUN_00230e98_00012550",$d,00000000
"00012554","|static|_FUN_002313cc_00012554",$d,00000000
"00012558","|static|_FUN_0071bd90_00012558",$d,00000000
"0001255c","ModuleKotobuki_FUN_00000abc_0001255c",$d,00000000
"00012560","ModuleKotobuki_FUN_00001420_00012560",$d,00000000
"00012564","|static|_FUN_0023a8bc_00012564",$d,00000000
"0001256c","|static|_FUN_00230830_0001256c",$d,00000000
"00012570","|static|_FUN_002304b4_00012570",$d,00000000
"00012574","ModuleKotobuki_FUN_000020a4_00012574",$d,00000000
"00012578","|static|_FUN_0071bc3c_00012578",$d,00000000
"0001257c","|static|_FUN_00238164_0001257c",$d,00000000
"00012580","|static|_FUN_0029e0fc_00012580",$d,00000000
"00012584","|static|_FUN_0029e104_00012584",$d,00000000
"00012588","|static|_FUN_0029e10c_00012588",$d,00000000
"0001258c","|static|_FUN_0029e114_0001258c",$d,00000000
"00012590","|static|_FUN_0029e11c_00012590",$d,00000000
"00012594","|static|_FUN_0029e124_00012594",$d,00000000
"00012598","|static|_FUN_0029e12c_00012598",$d,00000000
"0001259c","|static|_FUN_0029e134_0001259c",$d,00000000
"000125a0","|static|_FUN_0029e13c_000125a0",$d,00000000
"000125a4","|static|_FUN_0029e144_000125a4",$d,00000000
"000125a8","|static|_FUN_0029e14c_000125a8",$d,00000000
"000125bc","|static|_FUN_005db288_000125bc",$d,00000000
"000125c0","ModuleKotobuki_FUN_00002e50_000125c0",$d,00000000
"000125c4","ModuleKotobuki_FUN_00002e18_000125c4",$d,00000000
"000125c8","|static|_FUN_005d9084_000125c8",$d,00000000
"000125cc","|static|_FUN_002313c4_000125cc",$d,00000000
"000125d0","|static|_FUN_0023a8b4_000125d0",$d,00000000
"000125d4","|static|_FUN_0075ab50_000125d4",$d,00000000
"000125d8","|static|_FUN_00772610_000125d8",$d,00000000
"000125dc","|static|_FUN_005dc4d8_000125dc",$d,00000000
"000125e0","|static|_FUN_0075ab40_000125e0",$d,00000000
"000125e4","|static|_FUN_0075ab54_000125e4",$d,00000000
"000125e8","|static|_FUN_0075ab48_000125e8",$d,00000000
"00012600","|static|_FUN_005f4b24_00012600",$d,00000000
"00012604","|static|_FUN_005f4b34_00012604",$d,00000000
"00012608","|static|_FUN_005f4b18_00012608",$d,00000000
"0001260c","|static|_FUN_005f4b14_0001260c",$d,00000000
"00012610","|static|_FUN_005f4b20_00012610",$d,00000000
"00012614","|static|_FUN_005f4b44_00012614",$d,00000000
"00012620","|static|_FUN_00237218_00012620",$d,00000000
"00012638","|static|_FUN_005f4b54_00012638",$d,00000000
"0001263c","|static|_FUN_005f4b1c_0001263c",$d,00000000
"00012640","|static|_FUN_005f4b10_00012640",$d,00000000
"00012644","|static|_FUN_005f4b4c_00012644",$d,00000000
"00012648","|static|_FUN_005f4b48_00012648",$d,00000000
"0001264c","|static|_FUN_005f4b68_0001264c",$d,00000000
"00012650","|static|_FUN_005f4b64_00012650",$d,00000000
"00012654","|static|_FUN_005f4b70_00012654",$d,00000000
"00012658","|static|_FUN_005f4b78_00012658",$d,00000000
"0001265c","|static|_FUN_005f4b60_0001265c",$d,00000000
"00012660","|static|_FUN_005f4b58_00012660",$d,00000000
"00012664","|static|_FUN_005f4b5c_00012664",$d,00000000
"00012668","|static|_FUN_005f4b74_00012668",$d,00000000
"0001266c","|static|_FUN_005f4b80_0001266c",$d,00000000
"00012670","|static|_FUN_005f4b88_00012670",$d,00000000
"00012674","|static|_FUN_005f4b7c_00012674",$d,00000000
"00012678","|static|_FUN_005f4b84_00012678",$d,00000000
"00012680","|static|_FUN_0075ab68_00012680",$d,00000000
"00012684","|static|_FUN_0075ab8c_00012684",$d,00000000
"00012688","|static|_FUN_0023a7e0_00012688",$d,00000000
"0001268c","|static|_FUN_00237bd4_0001268c",$d,00000000
"00012690","|static|_FUN_00231520_00012690",$d,00000000
"00012694","|static|_FUN_00230bb4_00012694",$d,00000000
"00012698","|static|_caseD_0_00012698",$d,00000000
"0001269c","|static|_FUN_00236ca4_0001269c",$d,00000000
"000126a0","|static|_LAB_00236d18_000126a0",$d,00000000
"000126a4","|static|_FUN_00231270_000126a4",$d,00000000
"000126a8","|static|_FUN_00230aa0_000126a8",$d,00000000
"000126ac","|static|_FUN_005dd648_000126ac",$d,00000000
"000126b0","|static|_FUN_005dd670_000126b0",$d,00000000
"000126b4","|static|_FUN_00237f10_000126b4",$d,00000000
"000126b8","|static|_FUN_005dd65c_000126b8",$d,00000000
"000126bc","|static|_FUN_005dd560_000126bc",$d,00000000
"000126c0","|static|_FUN_005dd64c_000126c0",$d,00000000
"000126c4","|static|_FUN_005dd5a0_000126c4",$d,00000000
"000126c8","|static|_FUN_005dd638_000126c8",$d,00000000
"000126d0","|static|_FUN_006036e4_000126d0",$d,00000000
"000126d4","|static|_FUN_00230bb8_000126d4",$d,00000000
"000126d8","|static|_FUN_00231980_000126d8",$d,00000000
"000126dc","|static|_FUN_005dd674_000126dc",$d,00000000
"000126e0","|static|_FUN_00238430_000126e0",$d,00000000
"000126e4","|static|_FUN_002389ec_000126e4",$d,00000000
"000126e8","|static|_FUN_00713990_000126e8",$d,00000000
"000126ec","|static|_FUN_007139a8_000126ec",$d,00000000
"000126f0","|static|_FUN_00230044_000126f0",$d,00000000
"000126f4","|static|_FUN_0023135c_000126f4",$d,00000000
"000126fc","|static|_FUN_00237a1c_000126fc",$d,00000000
"00012700","|static|_FUN_00236f78_00012700",$d,00000000
"00012704","|static|_FUN_00230e98_00012704",$d,00000000
"00012708","|static|_FUN_002313cc_00012708",$d,00000000
"0001270c","|static|_FUN_0071bd90_0001270c",$d,00000000
"00012710","|static|_FUN_0029d960_00012710",$d,00000000
"00012714","|static|_FUN_0029da30_00012714",$d,00000000
"00012718","|static|_FUN_0023a8bc_00012718",$d,00000000
"00012720","|static|_FUN_00230830_00012720",$d,00000000
"00012724","|static|_FUN_002304b4_00012724",$d,00000000
"00012728","|static|_FUN_00230e90_00012728",$d,00000000
"0001272c","|static|_FUN_0071bc3c_0001272c",$d,00000000
"00012730","|static|_FUN_00238164_00012730",$d,00000000
"0001273c","|static|_FUN_0029e10c_0001273c",$d,00000000
"00012740","|static|_FUN_0029e114_00012740",$d,00000000
"00012744","|static|_FUN_0029e11c_00012744",$d,00000000
"00012748","|static|_FUN_0029e124_00012748",$d,00000000
"0001274c","|static|_FUN_0029e12c_0001274c",$d,00000000
"00012750","|static|_FUN_0029e134_00012750",$d,00000000
"00012754","|static|_FUN_0029e13c_00012754",$d,00000000
"00012758","|static|_FUN_0029e144_00012758",$d,00000000
"0001275c","|static|_FUN_0029e14c_0001275c",$d,00000000
"00012770","|static|_FUN_005db288_00012770",$d,00000000
"00012774","|static|_FUN_0077292c_00012774",$d,00000000
"00012778","|static|_FUN_0077285c_00012778",$d,00000000
"0001277c","|static|_FUN_005d9084_0001277c",$d,00000000
"00012780","|static|_FUN_002313c4_00012780",$d,00000000
"00012784","|static|_FUN_0023a8b4_00012784",$d,00000000
"00012788","|static|_FUN_0075ab50_00012788",$d,00000000
"0001278c","|static|_FUN_00772610_0001278c",$d,00000000
"00012790","|static|_FUN_005dc4d8_00012790",$d,00000000
"00012794","|static|_FUN_0075ab40_00012794",$d,00000000
"00012798","|static|_FUN_0075ab54_00012798",$d,00000000
"0001279c","|static|_FUN_0075ab48_0001279c",$d,00000000
"000127b0","ModuleKotobuki_FUN_00000ef8_000127b0",$d,00000000
"000127b4","|static|_FUN_005f4b24_000127b4",$d,00000000
"000127b8","|static|_FUN_005f4b34_000127b8",$d,00000000
"000127bc","|static|_FUN_005f4b18_000127bc",$d,00000000
"000127c0","|static|_FUN_005f4b14_000127c0",$d,00000000
"000127c4","|static|_FUN_005f4b20_000127c4",$d,00000000
"000127c8","|static|_FUN_005f4b44_000127c8",$d,00000000
"000127d4","|static|_FUN_00237218_000127d4",$d,00000000
"000127ec","|static|_FUN_005f4b54_000127ec",$d,00000000
"000127f0","|static|_FUN_005f4b1c_000127f0",$d,00000000
"000127f4","|static|_FUN_005f4b10_000127f4",$d,00000000
"000127f8","|static|_FUN_005f4b4c_000127f8",$d,00000000
"000127fc","|static|_FUN_005f4b48_000127fc",$d,00000000
"00012800","|static|_FUN_005f4b68_00012800",$d,00000000
"00012804","|static|_FUN_005f4b64_00012804",$d,00000000
"00012808","|static|_FUN_005f4b70_00012808",$d,00000000
"0001280c","|static|_FUN_005f4b78_0001280c",$d,00000000
"00012810","|static|_FUN_005f4b60_00012810",$d,00000000
"00012814","|static|_FUN_005f4b58_00012814",$d,00000000
"00012818","|static|_FUN_005f4b5c_00012818",$d,00000000
"0001281c","|static|_FUN_005f4b74_0001281c",$d,00000000
"00012820","|static|_FUN_005f4b80_00012820",$d,00000000
"00012824","|static|_FUN_005f4b88_00012824",$d,00000000
"00012828","|static|_FUN_005f4b7c_00012828",$d,00000000
"0001282c","|static|_FUN_005f4b84_0001282c",$d,00000000
"00012834","|static|_FUN_0075ab68_00012834",$d,00000000
"00012838","|static|_FUN_0075ab8c_00012838",$d,00000000
"0001283c","|static|_FUN_0023a7e0_0001283c",$d,00000000
"00012840","|static|_FUN_00237bd4_00012840",$d,00000000
"00012844","ModuleKotobuki_FUN_00001ccc_00012844",$d,00000000
"00012848","|static|_FUN_00230bb4_00012848",$d,00000000
"0001284c","|static|_caseD_0_0001284c",$d,00000000
"00012850","|static|_FUN_00236ca4_00012850",$d,00000000
"00012854","|static|_LAB_00236d18_00012854",$d,00000000
"00012858","|static|_FUN_00231270_00012858",$d,00000000
"0001285c","|static|_FUN_00230aa0_0001285c",$d,00000000
"00012860","|static|_FUN_005dd648_00012860",$d,00000000
"00012864","|static|_FUN_005dd670_00012864",$d,00000000
"00012868","|static|_FUN_00237f10_00012868",$d,00000000
"0001286c","|static|_FUN_005dd65c_0001286c",$d,00000000
"00012870","|static|_FUN_005dd560_00012870",$d,00000000
"00012874","|static|_FUN_005dd64c_00012874",$d,00000000
"00012878","|static|_FUN_005dd5a0_00012878",$d,00000000
"0001287c","|static|_FUN_005dd638_0001287c",$d,00000000
"00012884","|static|_FUN_006036e4_00012884",$d,00000000
"00012888","|static|_FUN_00230bb8_00012888",$d,00000000
"0001288c","|static|_FUN_00231980_0001288c",$d,00000000
"00012890","|static|_FUN_005dd674_00012890",$d,00000000
"00012894","|static|_FUN_00238430_00012894",$d,00000000
"00012898","|static|_FUN_002389ec_00012898",$d,00000000
"0001289c","|static|_FUN_00713990_0001289c",$d,00000000
"000128a0","|static|_FUN_007139a8_000128a0",$d,00000000
"000128a4","|static|_FUN_00230044_000128a4",$d,00000000
"000128a8","|static|_FUN_0023135c_000128a8",$d,00000000
"000128b0","|static|_FUN_00237a1c_000128b0",$d,00000000
"000128b4","|static|_FUN_00236f78_000128b4",$d,00000000
"000128b8","|static|_FUN_00230e98_000128b8",$d,00000000
"000128bc","|static|_FUN_002313cc_000128bc",$d,00000000
"000128c0","|static|_FUN_0071bd90_000128c0",$d,00000000
"000128c4","ModuleKotobuki_FUN_00000abc_000128c4",$d,00000000
"000128c8","ModuleKotobuki_FUN_00001420_000128c8",$d,00000000
"000128cc","|static|_FUN_0023a8bc_000128cc",$d,00000000
"000128d4","|static|_FUN_00230830_000128d4",$d,00000000
"000128d8","|static|_FUN_002304b4_000128d8",$d,00000000
"000128dc","ModuleKotobuki_FUN_000020a4_000128dc",$d,00000000
"000128e0","|static|_FUN_0071bc3c_000128e0",$d,00000000
"000128e4","|static|_FUN_00238164_000128e4",$d,00000000
"000128e8","|static|_FUN_0029e0fc_000128e8",$d,00000000
"000128ec","|static|_FUN_0029e104_000128ec",$d,00000000
"000128f0","|static|_FUN_0029e10c_000128f0",$d,00000000
"000128f4","|static|_FUN_0029e114_000128f4",$d,00000000
"000128f8","|static|_FUN_0029e11c_000128f8",$d,00000000
"000128fc","|static|_FUN_0029e124_000128fc",$d,00000000
"00012900","|static|_FUN_0029e12c_00012900",$d,00000000
"00012904","|static|_FUN_0029e134_00012904",$d,00000000
"00012908","|static|_FUN_0029e13c_00012908",$d,00000000
"0001290c","|static|_FUN_0029e144_0001290c",$d,00000000
"00012910","|static|_FUN_0029e14c_00012910",$d,00000000
"00012924","|static|_FUN_005db288_00012924",$d,00000000
"00012928","ModuleKotobuki_FUN_00002e50_00012928",$d,00000000
"0001292c","ModuleKotobuki_FUN_00002e18_0001292c",$d,00000000
"00012930","|static|_FUN_005d9084_00012930",$d,00000000
"00012934","|static|_FUN_002313c4_00012934",$d,00000000
"00012938","|static|_FUN_0023a8b4_00012938",$d,00000000
"0001293c","|static|_FUN_0075ab50_0001293c",$d,00000000
"00012940","|static|_FUN_00772610_00012940",$d,00000000
"00012944","|static|_FUN_005dc4d8_00012944",$d,00000000
"00012948","|static|_FUN_0075ab40_00012948",$d,00000000
"0001294c","|static|_FUN_0075ab54_0001294c",$d,00000000
"00012950","|static|_FUN_0075ab48_00012950",$d,00000000
"00012964","ModuleKotobuki_FUN_00000ef8_00012964",$d,00000000
"00012968","|static|_FUN_005f4b24_00012968",$d,00000000
"0001296c","|static|_FUN_005f4b34_0001296c",$d,00000000
"00012970","|static|_FUN_005f4b18_00012970",$d,00000000
"00012974","|static|_FUN_005f4b14_00012974",$d,00000000
"00012978","|static|_FUN_005f4b20_00012978",$d,00000000
"0001297c","|static|_FUN_005f4b44_0001297c",$d,00000000
"00012988","|static|_FUN_00237218_00012988",$d,00000000
"000129a0","|static|_FUN_005f4b54_000129a0",$d,00000000
"000129a4","|static|_FUN_005f4b1c_000129a4",$d,00000000
"000129a8","|static|_FUN_005f4b10_000129a8",$d,00000000
"000129ac","|static|_FUN_005f4b4c_000129ac",$d,00000000
"000129b0","|static|_FUN_005f4b48_000129b0",$d,00000000
"000129b4","|static|_FUN_005f4b68_000129b4",$d,00000000
"000129b8","|static|_FUN_005f4b64_000129b8",$d,00000000
"000129bc","|static|_FUN_005f4b70_000129bc",$d,00000000
"000129c0","|static|_FUN_005f4b78_000129c0",$d,00000000
"000129c4","|static|_FUN_005f4b60_000129c4",$d,00000000
"000129c8","|static|_FUN_005f4b58_000129c8",$d,00000000
"000129cc","|static|_FUN_005f4b5c_000129cc",$d,00000000
"000129d0","|static|_FUN_005f4b74_000129d0",$d,00000000
"000129d4","|static|_FUN_005f4b80_000129d4",$d,00000000
"000129d8","|static|_FUN_005f4b88_000129d8",$d,00000000
"000129dc","|static|_FUN_005f4b7c_000129dc",$d,00000000
"000129e0","|static|_FUN_005f4b84_000129e0",$d,00000000
"000129e8","|static|_FUN_0075ab68_000129e8",$d,00000000
"000129ec","|static|_FUN_0075ab8c_000129ec",$d,00000000
"000129f0","|static|_FUN_0023a7e0_000129f0",$d,00000000
"000129f4","|static|_FUN_00237bd4_000129f4",$d,00000000
"000129f8","ModuleKotobuki_FUN_00001ccc_000129f8",$d,00000000
"000129fc","|static|_FUN_00230bb4_000129fc",$d,00000000
"00012a00","|static|_caseD_0_00012a00",$d,00000000
"00012a04","|static|_FUN_00236ca4_00012a04",$d,00000000
"00012a08","|static|_LAB_00236d18_00012a08",$d,00000000
"00012a0c","|static|_FUN_00231270_00012a0c",$d,00000000
"00012a10","|static|_FUN_00230aa0_00012a10",$d,00000000
"00012a14","|static|_FUN_005dd648_00012a14",$d,00000000
"00012a18","|static|_FUN_005dd670_00012a18",$d,00000000
"00012a1c","|static|_FUN_00237f10_00012a1c",$d,00000000
"00012a20","|static|_FUN_005dd65c_00012a20",$d,00000000
"00012a24","|static|_FUN_005dd560_00012a24",$d,00000000
"00012a28","|static|_FUN_005dd64c_00012a28",$d,00000000
"00012a2c","|static|_FUN_005dd5a0_00012a2c",$d,00000000
"00012a30","|static|_FUN_005dd638_00012a30",$d,00000000
"00012a38","|static|_FUN_006036e4_00012a38",$d,00000000
"00012a3c","|static|_FUN_00230bb8_00012a3c",$d,00000000
"00012a40","|static|_FUN_00231980_00012a40",$d,00000000
"00012a44","|static|_FUN_005dd674_00012a44",$d,00000000
"00012a48","|static|_FUN_00238430_00012a48",$d,00000000
"00012a4c","|static|_FUN_002389ec_00012a4c",$d,00000000
"00012a50","|static|_FUN_00713990_00012a50",$d,00000000
"00012a54","|static|_FUN_007139a8_00012a54",$d,00000000
"00012a58","|static|_FUN_00230044_00012a58",$d,00000000
"00012a5c","|static|_FUN_0023135c_00012a5c",$d,00000000
"00012a64","|static|_FUN_00237a1c_00012a64",$d,00000000
"00012a68","|static|_FUN_00236f78_00012a68",$d,00000000
"00012a6c","|static|_FUN_00230e98_00012a6c",$d,00000000
"00012a70","|static|_FUN_002313cc_00012a70",$d,00000000
"00012a74","|static|_FUN_0071bd90_00012a74",$d,00000000
"00012a78","ModuleKotobuki_FUN_00000abc_00012a78",$d,00000000
"00012a7c","ModuleKotobuki_FUN_00001420_00012a7c",$d,00000000
"00012a80","|static|_FUN_0023a8bc_00012a80",$d,00000000
"00012a88","|static|_FUN_00230830_00012a88",$d,00000000
"00012a8c","|static|_FUN_002304b4_00012a8c",$d,00000000
"00012a90","ModuleKotobuki_FUN_000020a4_00012a90",$d,00000000
"00012a94","|static|_FUN_0071bc3c_00012a94",$d,00000000
"00012a98","|static|_FUN_00238164_00012a98",$d,00000000
"00012a9c","|static|_FUN_0029e0fc_00012a9c",$d,00000000
"00012aa0","|static|_FUN_0029e104_00012aa0",$d,00000000
"00012aa4","|static|_FUN_0029e10c_00012aa4",$d,00000000
"00012aa8","|static|_FUN_0029e114_00012aa8",$d,00000000
"00012aac","|static|_FUN_0029e11c_00012aac",$d,00000000
"00012ab0","|static|_FUN_0029e124_00012ab0",$d,00000000
"00012ab4","|static|_FUN_0029e12c_00012ab4",$d,00000000
"00012ab8","|static|_FUN_0029e134_00012ab8",$d,00000000
"00012abc","|static|_FUN_0029e13c_00012abc",$d,00000000
"00012ac0","|static|_FUN_0029e144_00012ac0",$d,00000000
"00012ac4","|static|_FUN_0029e14c_00012ac4",$d,00000000
"00012ad8","|static|_FUN_005db288_00012ad8",$d,00000000
"00012adc","ModuleKotobuki_FUN_00002e50_00012adc",$d,00000000
"00012ae0","ModuleKotobuki_FUN_00002e18_00012ae0",$d,00000000
"00012ae4","|static|_FUN_005d9084_00012ae4",$d,00000000
"00012ae8","|static|_FUN_002313c4_00012ae8",$d,00000000
"00012aec","|static|_FUN_0023a8b4_00012aec",$d,00000000
"00012af0","|static|_FUN_0075ab50_00012af0",$d,00000000
"00012af4","|static|_FUN_00772610_00012af4",$d,00000000
"00012af8","|static|_FUN_005dc4d8_00012af8",$d,00000000
"00012afc","|static|_FUN_0075ab40_00012afc",$d,00000000
"00012b00","|static|_FUN_0075ab54_00012b00",$d,00000000
"00012b04","|static|_FUN_0075ab48_00012b04",$d,00000000
"00012b18","ModuleKotobuki_FUN_00000ef8_00012b18",$d,00000000
"00012b1c","|static|_FUN_005f4b24_00012b1c",$d,00000000
"00012b20","|static|_FUN_005f4b34_00012b20",$d,00000000
"00012b24","|static|_FUN_005f4b18_00012b24",$d,00000000
"00012b28","|static|_FUN_005f4b14_00012b28",$d,00000000
"00012b2c","|static|_FUN_005f4b20_00012b2c",$d,00000000
"00012b30","|static|_FUN_005f4b44_00012b30",$d,00000000
"00012b3c","|static|_FUN_00237218_00012b3c",$d,00000000
"00012b54","|static|_FUN_005f4b54_00012b54",$d,00000000
"00012b58","|static|_FUN_005f4b1c_00012b58",$d,00000000
"00012b5c","|static|_FUN_005f4b10_00012b5c",$d,00000000
"00012b60","|static|_FUN_005f4b4c_00012b60",$d,00000000
"00012b64","|static|_FUN_005f4b48_00012b64",$d,00000000
"00012b68","|static|_FUN_005f4b68_00012b68",$d,00000000
"00012b6c","|static|_FUN_005f4b64_00012b6c",$d,00000000
"00012b70","|static|_FUN_005f4b70_00012b70",$d,00000000
"00012b74","|static|_FUN_005f4b78_00012b74",$d,00000000
"00012b78","|static|_FUN_005f4b60_00012b78",$d,00000000
"00012b7c","|static|_FUN_005f4b58_00012b7c",$d,00000000
"00012b80","|static|_FUN_005f4b5c_00012b80",$d,00000000
"00012b84","|static|_FUN_005f4b74_00012b84",$d,00000000
"00012b88","|static|_FUN_005f4b80_00012b88",$d,00000000
"00012b8c","|static|_FUN_005f4b88_00012b8c",$d,00000000
"00012b90","|static|_FUN_005f4b7c_00012b90",$d,00000000
"00012b94","|static|_FUN_005f4b84_00012b94",$d,00000000
"00012b9c","|static|_FUN_0075ab68_00012b9c",$d,00000000
"00012ba0","|static|_FUN_0075ab8c_00012ba0",$d,00000000
"00012ba4","|static|_FUN_0023a7e0_00012ba4",$d,00000000
"00012ba8","|static|_FUN_00237bd4_00012ba8",$d,00000000
"00012bac","ModuleKotobuki_FUN_00001ccc_00012bac",$d,00000000
"00012bb0","|static|_FUN_00230bb4_00012bb0",$d,00000000
"00012bb4","|static|_caseD_0_00012bb4",$d,00000000
"00012bb8","|static|_FUN_00236ca4_00012bb8",$d,00000000
"00012bbc","|static|_LAB_00236d18_00012bbc",$d,00000000
"00012bc0","|static|_FUN_00231270_00012bc0",$d,00000000
"00012bc4","|static|_FUN_00230aa0_00012bc4",$d,00000000
"00012bc8","|static|_FUN_005dd648_00012bc8",$d,00000000
"00012bcc","|static|_FUN_005dd670_00012bcc",$d,00000000
"00012bd0","|static|_FUN_00237f10_00012bd0",$d,00000000
"00012bd4","|static|_FUN_005dd65c_00012bd4",$d,00000000
"00012bd8","|static|_FUN_005dd560_00012bd8",$d,00000000
"00012bdc","|static|_FUN_005dd64c_00012bdc",$d,00000000
"00012be0","|static|_FUN_005dd5a0_00012be0",$d,00000000
"00012be4","|static|_FUN_005dd638_00012be4",$d,00000000
"00012bec","|static|_FUN_006036e4_00012bec",$d,00000000
"00012bf0","|static|_FUN_00230bb8_00012bf0",$d,00000000
"00012bf4","|static|_FUN_00231980_00012bf4",$d,00000000
"00012bf8","|static|_FUN_005dd674_00012bf8",$d,00000000
"00012bfc","|static|_FUN_00238430_00012bfc",$d,00000000
"00012c00","|static|_FUN_002389ec_00012c00",$d,00000000
"00012c04","|static|_FUN_00713990_00012c04",$d,00000000
"00012c08","|static|_FUN_007139a8_00012c08",$d,00000000
"00012c0c","|static|_FUN_00230044_00012c0c",$d,00000000
"00012c10","|static|_FUN_0023135c_00012c10",$d,00000000
"00012c18","|static|_FUN_00237a1c_00012c18",$d,00000000
"00012c1c","|static|_FUN_00236f78_00012c1c",$d,00000000
"00012c20","|static|_FUN_00230e98_00012c20",$d,00000000
"00012c24","|static|_FUN_002313cc_00012c24",$d,00000000
"00012c28","|static|_FUN_0071bd90_00012c28",$d,00000000
"00012c2c","ModuleKotobuki_FUN_00000abc_00012c2c",$d,00000000
"00012c30","ModuleKotobuki_FUN_00001420_00012c30",$d,00000000
"00012c34","|static|_FUN_0023a8bc_00012c34",$d,00000000
"00012c3c","|static|_FUN_00230830_00012c3c",$d,00000000
"00012c40","|static|_FUN_002304b4_00012c40",$d,00000000
"00012c44","ModuleKotobuki_FUN_000020a4_00012c44",$d,00000000
"00012c48","|static|_FUN_0071bc3c_00012c48",$d,00000000
"00012c4c","|static|_FUN_00238164_00012c4c",$d,00000000
"00012c50","|static|_FUN_0029e0fc_00012c50",$d,00000000
"00012c54","|static|_FUN_0029e104_00012c54",$d,00000000
"00012c58","|static|_FUN_0029e10c_00012c58",$d,00000000
"00012c5c","|static|_FUN_0029e114_00012c5c",$d,00000000
"00012c60","|static|_FUN_0029e11c_00012c60",$d,00000000
"00012c64","|static|_FUN_0029e124_00012c64",$d,00000000
"00012c68","|static|_FUN_0029e12c_00012c68",$d,00000000
"00012c6c","|static|_FUN_0029e134_00012c6c",$d,00000000
"00012c70","|static|_FUN_0029e13c_00012c70",$d,00000000
"00012c74","|static|_FUN_0029e144_00012c74",$d,00000000
"00012c78","|static|_FUN_0029e14c_00012c78",$d,00000000
"00012c8c","|static|_FUN_005db288_00012c8c",$d,00000000
"00012c90","ModuleKotobuki_FUN_00002e50_00012c90",$d,00000000
"00012c94","ModuleKotobuki_FUN_00002e18_00012c94",$d,00000000
"00012c98","|static|_FUN_005d9084_00012c98",$d,00000000
"00012c9c","|static|_FUN_002313c4_00012c9c",$d,00000000
"00012ca0","|static|_FUN_0023a8b4_00012ca0",$d,00000000
"00012ca4","|static|_FUN_0075ab50_00012ca4",$d,00000000
"00012ca8","|static|_FUN_00772610_00012ca8",$d,00000000
"00012cac","|static|_FUN_005dc4d8_00012cac",$d,00000000
"00012cb0","|static|_FUN_0075ab40_00012cb0",$d,00000000
"00012cb4","|static|_FUN_0075ab54_00012cb4",$d,00000000
"00012cb8","|static|_FUN_0075ab48_00012cb8",$d,00000000
"00012ccc","ModuleKotobuki_FUN_00000ef8_00012ccc",$d,00000000
"00012cd0","|static|_FUN_005f4b24_00012cd0",$d,00000000
"00012cd4","|static|_FUN_005f4b34_00012cd4",$d,00000000
"00012cd8","|static|_FUN_005f4b18_00012cd8",$d,00000000
"00012cdc","|static|_FUN_005f4b14_00012cdc",$d,00000000
"00012ce0","|static|_FUN_005f4b20_00012ce0",$d,00000000
"00012ce4","|static|_FUN_005f4b44_00012ce4",$d,00000000
"00012cf0","|static|_FUN_00237218_00012cf0",$d,00000000
"00012d08","|static|_FUN_005f4b54_00012d08",$d,00000000
"00012d0c","|static|_FUN_005f4b1c_00012d0c",$d,00000000
"00012d10","|static|_FUN_005f4b10_00012d10",$d,00000000
"00012d14","|static|_FUN_005f4b4c_00012d14",$d,00000000
"00012d18","|static|_FUN_005f4b48_00012d18",$d,00000000
"00012d1c","|static|_FUN_005f4b68_00012d1c",$d,00000000
"00012d20","|static|_FUN_005f4b64_00012d20",$d,00000000
"00012d24","|static|_FUN_005f4b70_00012d24",$d,00000000
"00012d28","|static|_FUN_005f4b78_00012d28",$d,00000000
"00012d2c","|static|_FUN_005f4b60_00012d2c",$d,00000000
"00012d30","|static|_FUN_005f4b58_00012d30",$d,00000000
"00012d34","|static|_FUN_005f4b5c_00012d34",$d,00000000
"00012d38","|static|_FUN_005f4b74_00012d38",$d,00000000
"00012d3c","|static|_FUN_005f4b80_00012d3c",$d,00000000
"00012d40","|static|_FUN_005f4b88_00012d40",$d,00000000
"00012d44","|static|_FUN_005f4b7c_00012d44",$d,00000000
"00012d48","|static|_FUN_005f4b84_00012d48",$d,00000000
"00012d50","|static|_FUN_0075ab68_00012d50",$d,00000000
"00012d54","|static|_FUN_0075ab8c_00012d54",$d,00000000
"00012d58","|static|_FUN_0023a7e0_00012d58",$d,00000000
"00012d5c","|static|_FUN_00237bd4_00012d5c",$d,00000000
"00012d60","ModuleKotobuki_FUN_00001ccc_00012d60",$d,00000000
"00012d64","|static|_FUN_00230bb4_00012d64",$d,00000000
"00012d68","|static|_caseD_0_00012d68",$d,00000000
"00012d6c","|static|_FUN_00236ca4_00012d6c",$d,00000000
"00012d70","|static|_LAB_00236d18_00012d70",$d,00000000
"00012d74","|static|_FUN_00231270_00012d74",$d,00000000
"00012d78","|static|_FUN_00230aa0_00012d78",$d,00000000
"00012d7c","|static|_FUN_005dd648_00012d7c",$d,00000000
"00012d80","|static|_FUN_005dd670_00012d80",$d,00000000
"00012d84","|static|_FUN_00237f10_00012d84",$d,00000000
"00012d88","|static|_FUN_005dd65c_00012d88",$d,00000000
"00012d8c","|static|_FUN_005dd560_00012d8c",$d,00000000
"00012d90","|static|_FUN_005dd64c_00012d90",$d,00000000
"00012d94","|static|_FUN_005dd5a0_00012d94",$d,00000000
"00012d98","|static|_FUN_005dd638_00012d98",$d,00000000
"00012da0","|static|_FUN_006036e4_00012da0",$d,00000000
"00012da4","|static|_FUN_00230bb8_00012da4",$d,00000000
"00012da8","|static|_FUN_00231980_00012da8",$d,00000000
"00012dac","|static|_FUN_005dd674_00012dac",$d,00000000
"00012db0","|static|_FUN_00238430_00012db0",$d,00000000
"00012db4","|static|_FUN_002389ec_00012db4",$d,00000000
"00012db8","|static|_FUN_00713990_00012db8",$d,00000000
"00012dbc","|static|_FUN_007139a8_00012dbc",$d,00000000
"00012dc0","|static|_FUN_00230044_00012dc0",$d,00000000
"00012dc4","|static|_FUN_0023135c_00012dc4",$d,00000000
"00012dcc","|static|_FUN_00237a1c_00012dcc",$d,00000000
"00012dd0","|static|_FUN_00236f78_00012dd0",$d,00000000
"00012dd4","|static|_FUN_00230e98_00012dd4",$d,00000000
"00012dd8","|static|_FUN_002313cc_00012dd8",$d,00000000
"00012ddc","|static|_FUN_0071bd90_00012ddc",$d,00000000
"00012de0","ModuleKotobuki_FUN_00000abc_00012de0",$d,00000000
"00012de4","ModuleKotobuki_FUN_00001420_00012de4",$d,00000000
"00012de8","|static|_FUN_0023a8bc_00012de8",$d,00000000
"00012df0","|static|_FUN_00230830_00012df0",$d,00000000
"00012df4","|static|_FUN_002304b4_00012df4",$d,00000000
"00012df8","ModuleKotobuki_FUN_000020a4_00012df8",$d,00000000
"00012dfc","|static|_FUN_0071bc3c_00012dfc",$d,00000000
"00012e00","|static|_FUN_00238164_00012e00",$d,00000000
"00012e04","|static|_FUN_0029e0fc_00012e04",$d,00000000
"00012e08","|static|_FUN_0029e104_00012e08",$d,00000000
"00012e0c","|static|_FUN_0029e10c_00012e0c",$d,00000000
"00012e10","|static|_FUN_0029e114_00012e10",$d,00000000
"00012e14","|static|_FUN_0029e11c_00012e14",$d,00000000
"00012e18","|static|_FUN_0029e124_00012e18",$d,00000000
"00012e1c","|static|_FUN_0029e12c_00012e1c",$d,00000000
"00012e20","|static|_FUN_0029e134_00012e20",$d,00000000
"00012e24","|static|_FUN_0029e13c_00012e24",$d,00000000
"00012e28","|static|_FUN_0029e144_00012e28",$d,00000000
"00012e2c","|static|_FUN_0029e14c_00012e2c",$d,00000000
"00012e40","|static|_FUN_005db288_00012e40",$d,00000000
"00012e44","ModuleKotobuki_FUN_00002e50_00012e44",$d,00000000
"00012e48","ModuleKotobuki_FUN_00002e18_00012e48",$d,00000000
"00012e4c","|static|_FUN_005d9084_00012e4c",$d,00000000
"00012e50","|static|_FUN_002313c4_00012e50",$d,00000000
"00012e54","|static|_FUN_0023a8b4_00012e54",$d,00000000
"00012e58","|static|_FUN_0075ab50_00012e58",$d,00000000
"00012e5c","|static|_FUN_00772610_00012e5c",$d,00000000
"00012e60","|static|_FUN_005dc4d8_00012e60",$d,00000000
"00012e64","|static|_FUN_0075ab40_00012e64",$d,00000000
"00012e68","|static|_FUN_0075ab54_00012e68",$d,00000000
"00012e6c","|static|_FUN_0075ab48_00012e6c",$d,00000000
"00012e80","ModuleKotobuki_FUN_00000ef8_00012e80",$d,00000000
"00012e84","|static|_FUN_005f4b24_00012e84",$d,00000000
"00012e88","|static|_FUN_005f4b34_00012e88",$d,00000000
"00012e8c","|static|_FUN_005f4b18_00012e8c",$d,00000000
"00012e90","|static|_FUN_005f4b14_00012e90",$d,00000000
"00012e94","|static|_FUN_005f4b20_00012e94",$d,00000000
"00012e98","|static|_FUN_005f4b44_00012e98",$d,00000000
"00012ea4","|static|_FUN_00237218_00012ea4",$d,00000000
"00012ebc","|static|_FUN_005f4b54_00012ebc",$d,00000000
"00012ec0","|static|_FUN_005f4b1c_00012ec0",$d,00000000
"00012ec4","|static|_FUN_005f4b10_00012ec4",$d,00000000
"00012ec8","|static|_FUN_005f4b4c_00012ec8",$d,00000000
"00012ecc","|static|_FUN_005f4b48_00012ecc",$d,00000000
"00012ed0","|static|_FUN_005f4b68_00012ed0",$d,00000000
"00012ed4","|static|_FUN_005f4b64_00012ed4",$d,00000000
"00012ed8","|static|_FUN_005f4b70_00012ed8",$d,00000000
"00012edc","|static|_FUN_005f4b78_00012edc",$d,00000000
"00012ee0","|static|_FUN_005f4b60_00012ee0",$d,00000000
"00012ee4","|static|_FUN_005f4b58_00012ee4",$d,00000000
"00012ee8","|static|_FUN_005f4b5c_00012ee8",$d,00000000
"00012eec","|static|_FUN_005f4b74_00012eec",$d,00000000
"00012ef0","|static|_FUN_005f4b80_00012ef0",$d,00000000
"00012ef4","|static|_FUN_005f4b88_00012ef4",$d,00000000
"00012ef8","|static|_FUN_005f4b7c_00012ef8",$d,00000000
"00012efc","|static|_FUN_005f4b84_00012efc",$d,00000000
"00012f04","|static|_FUN_0075ab68_00012f04",$d,00000000
"00012f08","|static|_FUN_0075ab8c_00012f08",$d,00000000
"00012f0c","|static|_FUN_0023a7e0_00012f0c",$d,00000000
"00012f10","|static|_FUN_00237bd4_00012f10",$d,00000000
"00012f14","ModuleKotobuki_FUN_00001ccc_00012f14",$d,00000000
"00012f18","|static|_FUN_00230bb4_00012f18",$d,00000000
"00012f1c","|static|_caseD_0_00012f1c",$d,00000000
"00012f20","|static|_FUN_00236ca4_00012f20",$d,00000000
"00012f24","|static|_LAB_00236d18_00012f24",$d,00000000
"00012f28","|static|_FUN_00231270_00012f28",$d,00000000
"00012f2c","|static|_FUN_00230aa0_00012f2c",$d,00000000
"00012f30","|static|_FUN_005dd648_00012f30",$d,00000000
"00012f34","|static|_FUN_005dd670_00012f34",$d,00000000
"00012f38","|static|_FUN_00237f10_00012f38",$d,00000000
"00012f3c","|static|_FUN_005dd65c_00012f3c",$d,00000000
"00012f40","|static|_FUN_005dd560_00012f40",$d,00000000
"00012f44","|static|_FUN_005dd64c_00012f44",$d,00000000
"00012f48","|static|_FUN_005dd5a0_00012f48",$d,00000000
"00012f4c","|static|_FUN_005dd638_00012f4c",$d,00000000
"00012f54","|static|_FUN_006036e4_00012f54",$d,00000000
"00012f58","|static|_FUN_00230bb8_00012f58",$d,00000000
"00012f5c","|static|_FUN_00231980_00012f5c",$d,00000000
"00012f60","|static|_FUN_005dd674_00012f60",$d,00000000
"00012f64","|static|_FUN_00238430_00012f64",$d,00000000
"00012f68","|static|_FUN_002389ec_00012f68",$d,00000000
"00012f6c","|static|_FUN_00713990_00012f6c",$d,00000000
"00012f70","|static|_FUN_007139a8_00012f70",$d,00000000
"00012f74","|static|_FUN_00230044_00012f74",$d,00000000
"00012f78","|static|_FUN_0023135c_00012f78",$d,00000000
"00012f80","|static|_FUN_00237a1c_00012f80",$d,00000000
"00012f84","|static|_FUN_00236f78_00012f84",$d,00000000
"00012f88","|static|_FUN_00230e98_00012f88",$d,00000000
"00012f8c","|static|_FUN_002313cc_00012f8c",$d,00000000
"00012f90","|static|_FUN_0071bd90_00012f90",$d,00000000
"00012f94","ModuleKotobuki_FUN_00000abc_00012f94",$d,00000000
"00012f98","ModuleKotobuki_FUN_00001420_00012f98",$d,00000000
"00012f9c","|static|_FUN_0023a8bc_00012f9c",$d,00000000
"00012fa4","|static|_FUN_00230830_00012fa4",$d,00000000
"00012fa8","|static|_FUN_002304b4_00012fa8",$d,00000000
"00012fac","ModuleKotobuki_FUN_000020a4_00012fac",$d,00000000
"00012fb0","|static|_FUN_0071bc3c_00012fb0",$d,00000000
"00012fb4","|static|_FUN_00238164_00012fb4",$d,00000000
"00012fb8","|static|_FUN_0029e0fc_00012fb8",$d,00000000
"00012fbc","|static|_FUN_0029e104_00012fbc",$d,00000000
"00012fc0","|static|_FUN_0029e10c_00012fc0",$d,00000000
"00012fc4","|static|_FUN_0029e114_00012fc4",$d,00000000
"00012fc8","|static|_FUN_0029e11c_00012fc8",$d,00000000
"00012fcc","|static|_FUN_0029e124_00012fcc",$d,00000000
"00012fd0","|static|_FUN_0029e12c_00012fd0",$d,00000000
"00012fd4","|static|_FUN_0029e134_00012fd4",$d,00000000
"00012fd8","|static|_FUN_0029e13c_00012fd8",$d,00000000
"00012fdc","|static|_FUN_0029e144_00012fdc",$d,00000000
"00012fe0","|static|_FUN_0029e14c_00012fe0",$d,00000000
"00012ff4","|static|_FUN_005db288_00012ff4",$d,00000000
"00012ff8","ModuleKotobuki_FUN_00002e50_00012ff8",$d,00000000
"00012ffc","ModuleKotobuki_FUN_00002e18_00012ffc",$d,00000000
"00013000","|static|_FUN_005d9084_00013000",$d,00000000
"00013004","|static|_FUN_002313c4_00013004",$d,00000000
"00013008","|static|_FUN_0023a8b4_00013008",$d,00000000
"0001300c","|static|_FUN_0075ab50_0001300c",$d,00000000
"00013010","|static|_FUN_00772610_00013010",$d,00000000
"00013014","|static|_FUN_005dc4d8_00013014",$d,00000000
"00013018","|static|_FUN_0075ab40_00013018",$d,00000000
"0001301c","|static|_FUN_0075ab54_0001301c",$d,00000000
"00013020","|static|_FUN_0075ab48_00013020",$d,00000000
"00013034","ModuleKotobuki_FUN_00000ef8_00013034",$d,00000000
"00013038","|static|_FUN_005f4b24_00013038",$d,00000000
"0001303c","|static|_FUN_005f4b34_0001303c",$d,00000000
"00013040","|static|_FUN_005f4b18_00013040",$d,00000000
"00013044","|static|_FUN_005f4b14_00013044",$d,00000000
"00013048","|static|_FUN_005f4b20_00013048",$d,00000000
"0001304c","|static|_FUN_005f4b44_0001304c",$d,00000000
"00013058","|static|_FUN_00237218_00013058",$d,00000000
"00013070","|static|_FUN_005f4b54_00013070",$d,00000000
"00013074","|static|_FUN_005f4b1c_00013074",$d,00000000
"00013078","|static|_FUN_005f4b10_00013078",$d,00000000
"0001307c","|static|_FUN_005f4b4c_0001307c",$d,00000000
"00013080","|static|_FUN_005f4b48_00013080",$d,00000000
"00013084","|static|_FUN_005f4b68_00013084",$d,00000000
"00013088","|static|_FUN_005f4b64_00013088",$d,00000000
"0001308c","|static|_FUN_005f4b70_0001308c",$d,00000000
"00013090","|static|_FUN_005f4b78_00013090",$d,00000000
"00013094","|static|_FUN_005f4b60_00013094",$d,00000000
"00013098","|static|_FUN_005f4b58_00013098",$d,00000000
"0001309c","|static|_FUN_005f4b5c_0001309c",$d,00000000
"000130a0","|static|_FUN_005f4b74_000130a0",$d,00000000
"000130a4","|static|_FUN_005f4b80_000130a4",$d,00000000
"000130a8","|static|_FUN_005f4b88_000130a8",$d,00000000
"000130ac","|static|_FUN_005f4b7c_000130ac",$d,00000000
"000130b0","|static|_FUN_005f4b84_000130b0",$d,00000000
"000130b8","|static|_FUN_0075ab68_000130b8",$d,00000000
"000130bc","|static|_FUN_0075ab8c_000130bc",$d,00000000
"000130c0","|static|_FUN_0023a7e0_000130c0",$d,00000000
"000130c4","|static|_FUN_00237bd4_000130c4",$d,00000000
"000130c8","ModuleKotobuki_FUN_00001ccc_000130c8",$d,00000000
"000130cc","|static|_FUN_00230bb4_000130cc",$d,00000000
"000130d0","|static|_caseD_0_000130d0",$d,00000000
"000130d4","|static|_FUN_00236ca4_000130d4",$d,00000000
"000130d8","|static|_LAB_00236d18_000130d8",$d,00000000
"000130dc","|static|_FUN_00231270_000130dc",$d,00000000
"000130e0","|static|_FUN_00230aa0_000130e0",$d,00000000
"000130e4","|static|_FUN_005dd648_000130e4",$d,00000000
"000130e8","|static|_FUN_005dd670_000130e8",$d,00000000
"000130ec","|static|_FUN_00237f10_000130ec",$d,00000000
"000130f0","|static|_FUN_005dd65c_000130f0",$d,00000000
"000130f4","|static|_FUN_005dd560_000130f4",$d,00000000
"000130f8","|static|_FUN_005dd64c_000130f8",$d,00000000
"000130fc","|static|_FUN_005dd5a0_000130fc",$d,00000000
"00013100","|static|_FUN_005dd638_00013100",$d,00000000
"00013108","|static|_FUN_006036e4_00013108",$d,00000000
"0001310c","|static|_FUN_00230bb8_0001310c",$d,00000000
"00013110","|static|_FUN_00231980_00013110",$d,00000000
"00013114","|static|_FUN_005dd674_00013114",$d,00000000
"00013118","|static|_FUN_00238430_00013118",$d,00000000
"0001311c","|static|_FUN_002389ec_0001311c",$d,00000000
"00013120","|static|_FUN_00713990_00013120",$d,00000000
"00013124","|static|_FUN_007139a8_00013124",$d,00000000
"00013128","|static|_FUN_00230044_00013128",$d,00000000
"0001312c","|static|_FUN_0023135c_0001312c",$d,00000000
"00013134","|static|_FUN_00237a1c_00013134",$d,00000000
"00013138","|static|_FUN_00236f78_00013138",$d,00000000
"0001313c","|static|_FUN_00230e98_0001313c",$d,00000000
"00013140","|static|_FUN_002313cc_00013140",$d,00000000
"00013144","|static|_FUN_0071bd90_00013144",$d,00000000
"00013148","ModuleKotobuki_FUN_00000abc_00013148",$d,00000000
"0001314c","ModuleKotobuki_FUN_00001420_0001314c",$d,00000000
"00013150","|static|_FUN_0023a8bc_00013150",$d,00000000
"00013158","|static|_FUN_00230830_00013158",$d,00000000
"0001315c","|static|_FUN_002304b4_0001315c",$d,00000000
"00013160","ModuleKotobuki_FUN_000020a4_00013160",$d,00000000
"00013164","|static|_FUN_0071bc3c_00013164",$d,00000000
"00013168","|static|_FUN_00238164_00013168",$d,00000000
"0001316c","|static|_FUN_0029e0fc_0001316c",$d,00000000
"00013170","|static|_FUN_0029e104_00013170",$d,00000000
"00013174","|static|_FUN_0029e10c_00013174",$d,00000000
"00013178","|static|_FUN_0029e114_00013178",$d,00000000
"0001317c","|static|_FUN_0029e11c_0001317c",$d,00000000
"00013180","|static|_FUN_0029e124_00013180",$d,00000000
"00013184","|static|_FUN_0029e12c_00013184",$d,00000000
"00013188","|static|_FUN_0029e134_00013188",$d,00000000
"0001318c","|static|_FUN_0029e13c_0001318c",$d,00000000
"00013190","|static|_FUN_0029e144_00013190",$d,00000000
"00013194","|static|_FUN_0029e14c_00013194",$d,00000000
"000131a8","|static|_FUN_005db288_000131a8",$d,00000000
"000131ac","ModuleKotobuki_FUN_00002e50_000131ac",$d,00000000
"000131b0","ModuleKotobuki_FUN_00002e18_000131b0",$d,00000000
"000131b4","|static|_FUN_005d9084_000131b4",$d,00000000
"000131b8","|static|_FUN_002313c4_000131b8",$d,00000000
"000131bc","|static|_FUN_0023a8b4_000131bc",$d,00000000
"000131c0","|static|_FUN_0075ab50_000131c0",$d,00000000
"000131c4","|static|_FUN_00772610_000131c4",$d,00000000
"000131c8","|static|_FUN_005dc4d8_000131c8",$d,00000000
"000131cc","|static|_FUN_0075ab40_000131cc",$d,00000000
"000131d0","|static|_FUN_0075ab54_000131d0",$d,00000000
"000131d4","|static|_FUN_0075ab48_000131d4",$d,00000000
"000131e8","ModuleKotobuki_FUN_00000ef8_000131e8",$d,00000000
"000131ec","|static|_FUN_005f4b24_000131ec",$d,00000000
"000131f0","|static|_FUN_005f4b34_000131f0",$d,00000000
"000131f4","|static|_FUN_005f4b18_000131f4",$d,00000000
"000131f8","|static|_FUN_005f4b14_000131f8",$d,00000000
"000131fc","|static|_FUN_005f4b20_000131fc",$d,00000000
"00013200","|static|_FUN_005f4b44_00013200",$d,00000000
"0001320c","|static|_FUN_00237218_0001320c",$d,00000000
"00013224","|static|_FUN_005f4b54_00013224",$d,00000000
"00013228","|static|_FUN_005f4b1c_00013228",$d,00000000
"0001322c","|static|_FUN_005f4b10_0001322c",$d,00000000
"00013230","|static|_FUN_005f4b4c_00013230",$d,00000000
"00013234","|static|_FUN_005f4b48_00013234",$d,00000000
"00013238","|static|_FUN_005f4b68_00013238",$d,00000000
"0001323c","|static|_FUN_005f4b64_0001323c",$d,00000000
"00013240","|static|_FUN_005f4b70_00013240",$d,00000000
"00013244","|static|_FUN_005f4b78_00013244",$d,00000000
"00013248","|static|_FUN_005f4b60_00013248",$d,00000000
"0001324c","|static|_FUN_005f4b58_0001324c",$d,00000000
"00013250","|static|_FUN_005f4b5c_00013250",$d,00000000
"00013254","|static|_FUN_005f4b74_00013254",$d,00000000
"00013258","|static|_FUN_005f4b80_00013258",$d,00000000
"0001325c","|static|_FUN_005f4b88_0001325c",$d,00000000
"00013260","|static|_FUN_005f4b7c_00013260",$d,00000000
"00013264","|static|_FUN_005f4b84_00013264",$d,00000000
"0001326c","|static|_FUN_0075ab68_0001326c",$d,00000000
"00013270","|static|_FUN_0075ab8c_00013270",$d,00000000
"00013274","|static|_FUN_0023a7e0_00013274",$d,00000000
"00013278","|static|_FUN_00237bd4_00013278",$d,00000000
"0001327c","ModuleKotobuki_FUN_00001ccc_0001327c",$d,00000000
"00013280","|static|_FUN_00230bb4_00013280",$d,00000000
"00013284","|static|_caseD_0_00013284",$d,00000000
"00013288","|static|_FUN_00236ca4_00013288",$d,00000000
"0001328c","|static|_LAB_00236d18_0001328c",$d,00000000
"00013290","|static|_FUN_00231270_00013290",$d,00000000
"00013294","|static|_FUN_00230aa0_00013294",$d,00000000
"00013298","|static|_FUN_005dd648_00013298",$d,00000000
"0001329c","|static|_FUN_005dd670_0001329c",$d,00000000
"000132a0","|static|_FUN_00237f10_000132a0",$d,00000000
"000132a4","|static|_FUN_005dd65c_000132a4",$d,00000000
"000132a8","|static|_FUN_005dd560_000132a8",$d,00000000
"000132ac","|static|_FUN_005dd64c_000132ac",$d,00000000
"000132b0","|static|_FUN_005dd5a0_000132b0",$d,00000000
"000132b4","|static|_FUN_005dd638_000132b4",$d,00000000
"000132bc","|static|_FUN_006036e4_000132bc",$d,00000000
"000132c0","|static|_FUN_00230bb8_000132c0",$d,00000000
"000132c4","|static|_FUN_00231980_000132c4",$d,00000000
"000132c8","|static|_FUN_005dd674_000132c8",$d,00000000
"000132cc","|static|_FUN_00238430_000132cc",$d,00000000
"000132d0","|static|_FUN_002389ec_000132d0",$d,00000000
"000132d4","|static|_FUN_00713990_000132d4",$d,00000000
"000132d8","|static|_FUN_007139a8_000132d8",$d,00000000
"000132dc","|static|_FUN_00230044_000132dc",$d,00000000
"000132e0","|static|_FUN_0023135c_000132e0",$d,00000000
"000132e8","|static|_FUN_00237a1c_000132e8",$d,00000000
"000132ec","|static|_FUN_00236f78_000132ec",$d,00000000
"000132f0","|static|_FUN_00230e98_000132f0",$d,00000000
"000132f4","|static|_FUN_002313cc_000132f4",$d,00000000
"000132f8","|static|_FUN_0071bd90_000132f8",$d,00000000
"000132fc","ModuleKotobuki_FUN_00000abc_000132fc",$d,00000000
"00013300","ModuleKotobuki_FUN_00001420_00013300",$d,00000000
"00013304","|static|_FUN_0023a8bc_00013304",$d,00000000
"0001330c","|static|_FUN_00230830_0001330c",$d,00000000
"00013310","|static|_FUN_002304b4_00013310",$d,00000000
"00013314","ModuleKotobuki_FUN_000020a4_00013314",$d,00000000
"00013318","|static|_FUN_0071bc3c_00013318",$d,00000000
"0001331c","|static|_FUN_00238164_0001331c",$d,00000000
"00013320","|static|_FUN_0029e0fc_00013320",$d,00000000
"00013324","|static|_FUN_0029e104_00013324",$d,00000000
"00013328","|static|_FUN_0029e10c_00013328",$d,00000000
"0001332c","|static|_FUN_0029e114_0001332c",$d,00000000
"00013330","|static|_FUN_0029e11c_00013330",$d,00000000
"00013334","|static|_FUN_0029e124_00013334",$d,00000000
"00013338","|static|_FUN_0029e12c_00013338",$d,00000000
"0001333c","|static|_FUN_0029e134_0001333c",$d,00000000
"00013340","|static|_FUN_0029e13c_00013340",$d,00000000
"00013344","|static|_FUN_0029e144_00013344",$d,00000000
"00013348","|static|_FUN_0029e14c_00013348",$d,00000000
"0001335c","|static|_FUN_005db288_0001335c",$d,00000000
"00013360","ModuleKotobuki_FUN_00002e50_00013360",$d,00000000
"00013364","ModuleKotobuki_FUN_00002e18_00013364",$d,00000000
"00013368","|static|_FUN_005d9084_00013368",$d,00000000
"0001336c","|static|_FUN_002313c4_0001336c",$d,00000000
"00013370","|static|_FUN_0023a8b4_00013370",$d,00000000
"00013374","|static|_FUN_0075ab50_00013374",$d,00000000
"00013378","|static|_FUN_00772610_00013378",$d,00000000
"0001337c","|static|_FUN_005dc4d8_0001337c",$d,00000000
"00013380","|static|_FUN_0075ab40_00013380",$d,00000000
"00013384","|static|_FUN_0075ab54_00013384",$d,00000000
"00013388","|static|_FUN_0075ab48_00013388",$d,00000000
"0001339c","ModuleKotobuki_FUN_00000ef8_0001339c",$d,00000000
"000133a0","|static|_FUN_005f4b24_000133a0",$d,00000000
"000133a4","|static|_FUN_005f4b34_000133a4",$d,00000000
"000133a8","|static|_FUN_005f4b18_000133a8",$d,00000000
"000133ac","|static|_FUN_005f4b14_000133ac",$d,00000000
"000133b0","|static|_FUN_005f4b20_000133b0",$d,00000000
"000133b4","|static|_FUN_005f4b44_000133b4",$d,00000000
"000133c0","|static|_FUN_00237218_000133c0",$d,00000000
"000133d8","|static|_FUN_005f4b54_000133d8",$d,00000000
"000133dc","|static|_FUN_005f4b1c_000133dc",$d,00000000
"000133e0","|static|_FUN_005f4b10_000133e0",$d,00000000
"000133e4","|static|_FUN_005f4b4c_000133e4",$d,00000000
"000133e8","|static|_FUN_005f4b48_000133e8",$d,00000000
"000133ec","|static|_FUN_005f4b68_000133ec",$d,00000000
"000133f0","|static|_FUN_005f4b64_000133f0",$d,00000000
"000133f4","|static|_FUN_005f4b70_000133f4",$d,00000000
"000133f8","|static|_FUN_005f4b78_000133f8",$d,00000000
"000133fc","|static|_FUN_005f4b60_000133fc",$d,00000000
"00013400","|static|_FUN_005f4b58_00013400",$d,00000000
"00013404","|static|_FUN_005f4b5c_00013404",$d,00000000
"00013408","|static|_FUN_005f4b74_00013408",$d,00000000
"0001340c","|static|_FUN_005f4b80_0001340c",$d,00000000
"00013410","|static|_FUN_005f4b88_00013410",$d,00000000
"00013414","|static|_FUN_005f4b7c_00013414",$d,00000000
"00013418","|static|_FUN_005f4b84_00013418",$d,00000000
"00013420","|static|_FUN_0075ab68_00013420",$d,00000000
"00013424","|static|_FUN_0075ab8c_00013424",$d,00000000
"00013428","|static|_FUN_0023a7e0_00013428",$d,00000000
"0001342c","|static|_FUN_00237bd4_0001342c",$d,00000000
"00013430","ModuleKotobuki_FUN_00001ccc_00013430",$d,00000000
"00013434","|static|_FUN_00230bb4_00013434",$d,00000000
"00013438","|static|_caseD_0_00013438",$d,00000000
"0001343c","|static|_FUN_00236ca4_0001343c",$d,00000000
"00013440","|static|_LAB_00236d18_00013440",$d,00000000
"00013444","|static|_FUN_00231270_00013444",$d,00000000
"00013448","|static|_FUN_00230aa0_00013448",$d,00000000
"0001344c","|static|_FUN_005dd648_0001344c",$d,00000000
"00013450","|static|_FUN_005dd670_00013450",$d,00000000
"00013454","|static|_FUN_00237f10_00013454",$d,00000000
"00013458","|static|_FUN_005dd65c_00013458",$d,00000000
"0001345c","|static|_FUN_005dd560_0001345c",$d,00000000
"00013460","|static|_FUN_005dd64c_00013460",$d,00000000
"00013464","|static|_FUN_005dd5a0_00013464",$d,00000000
"00013468","|static|_FUN_005dd638_00013468",$d,00000000
"00013470","|static|_FUN_006036e4_00013470",$d,00000000
"00013474","|static|_FUN_00230bb8_00013474",$d,00000000
"00013478","|static|_FUN_00231980_00013478",$d,00000000
"0001347c","|static|_FUN_005dd674_0001347c",$d,00000000
"00013480","|static|_FUN_00238430_00013480",$d,00000000
"00013484","|static|_FUN_002389ec_00013484",$d,00000000
"00013488","|static|_FUN_00713990_00013488",$d,00000000
"0001348c","|static|_FUN_007139a8_0001348c",$d,00000000
"00013490","|static|_FUN_00230044_00013490",$d,00000000
"00013494","|static|_FUN_0023135c_00013494",$d,00000000
"0001349c","|static|_FUN_00237a1c_0001349c",$d,00000000
"000134a0","|static|_FUN_00236f78_000134a0",$d,00000000
"000134a4","|static|_FUN_00230e98_000134a4",$d,00000000
"000134a8","|static|_FUN_002313cc_000134a8",$d,00000000
"000134ac","|static|_FUN_0071bd90_000134ac",$d,00000000
"000134b0","ModuleKotobuki_FUN_00000abc_000134b0",$d,00000000
"000134b4","ModuleKotobuki_FUN_00001420_000134b4",$d,00000000
"000134b8","|static|_FUN_0023a8bc_000134b8",$d,00000000
"000134c0","|static|_FUN_00230830_000134c0",$d,00000000
"000134c4","|static|_FUN_002304b4_000134c4",$d,00000000
"000134c8","ModuleKotobuki_FUN_000020a4_000134c8",$d,00000000
"000134cc","|static|_FUN_0071bc3c_000134cc",$d,00000000
"000134d0","|static|_FUN_00238164_000134d0",$d,00000000
"000134d4","|static|_FUN_0029e0fc_000134d4",$d,00000000
"000134d8","|static|_FUN_0029e104_000134d8",$d,00000000
"000134dc","|static|_FUN_0029e10c_000134dc",$d,00000000
"000134e0","|static|_FUN_0029e114_000134e0",$d,00000000
"000134e4","|static|_FUN_0029e11c_000134e4",$d,00000000
"000134e8","|static|_FUN_0029e124_000134e8",$d,00000000
"000134ec","|static|_FUN_0029e12c_000134ec",$d,00000000
"000134f0","|static|_FUN_0029e134_000134f0",$d,00000000
"000134f4","|static|_FUN_0029e13c_000134f4",$d,00000000
"000134f8","|static|_FUN_0029e144_000134f8",$d,00000000
"000134fc","|static|_FUN_0029e14c_000134fc",$d,00000000
"00013510","|static|_FUN_005db288_00013510",$d,00000000
"00013514","ModuleKotobuki_FUN_00002e50_00013514",$d,00000000
"00013518","ModuleKotobuki_FUN_00002e18_00013518",$d,00000000
"0001351c","|static|_FUN_005d9084_0001351c",$d,00000000
"00013520","|static|_FUN_002313c4_00013520",$d,00000000
"00013524","|static|_FUN_0023a8b4_00013524",$d,00000000
"00013528","|static|_FUN_0075ab50_00013528",$d,00000000
"0001352c","|static|_FUN_00772610_0001352c",$d,00000000
"00013530","|static|_FUN_005dc4d8_00013530",$d,00000000
"00013534","|static|_FUN_0075ab40_00013534",$d,00000000
"00013538","|static|_FUN_0075ab54_00013538",$d,00000000
"0001353c","|static|_FUN_0075ab48_0001353c",$d,00000000
"00013550","ModuleKotobuki_FUN_00000ef8_00013550",$d,00000000
"00013554","|static|_FUN_005f4b24_00013554",$d,00000000
"00013558","|static|_FUN_005f4b34_00013558",$d,00000000
"0001355c","|static|_FUN_005f4b18_0001355c",$d,00000000
"00013560","|static|_FUN_005f4b14_00013560",$d,00000000
"00013564","|static|_FUN_005f4b20_00013564",$d,00000000
"00013568","|static|_FUN_005f4b44_00013568",$d,00000000
"00013574","|static|_FUN_00237218_00013574",$d,00000000
"0001358c","|static|_FUN_005f4b54_0001358c",$d,00000000
"00013590","|static|_FUN_005f4b1c_00013590",$d,00000000
"00013594","|static|_FUN_005f4b10_00013594",$d,00000000
"00013598","|static|_FUN_005f4b4c_00013598",$d,00000000
"0001359c","|static|_FUN_005f4b48_0001359c",$d,00000000
"000135a0","|static|_FUN_005f4b68_000135a0",$d,00000000
"000135a4","|static|_FUN_005f4b64_000135a4",$d,00000000
"000135a8","|static|_FUN_005f4b70_000135a8",$d,00000000
"000135ac","|static|_FUN_005f4b78_000135ac",$d,00000000
"000135b0","|static|_FUN_005f4b60_000135b0",$d,00000000
"000135b4","|static|_FUN_005f4b58_000135b4",$d,00000000
"000135b8","|static|_FUN_005f4b5c_000135b8",$d,00000000
"000135bc","|static|_FUN_005f4b74_000135bc",$d,00000000
"000135c0","|static|_FUN_005f4b80_000135c0",$d,00000000
"000135c4","|static|_FUN_005f4b88_000135c4",$d,00000000
"000135c8","|static|_FUN_005f4b7c_000135c8",$d,00000000
"000135cc","|static|_FUN_005f4b84_000135cc",$d,00000000
"000135d4","|static|_FUN_0075ab68_000135d4",$d,00000000
"000135d8","|static|_FUN_0075ab8c_000135d8",$d,00000000
"000135dc","|static|_FUN_0023a7e0_000135dc",$d,00000000
"000135e0","|static|_FUN_00237bd4_000135e0",$d,00000000
"000135e4","ModuleKotobuki_FUN_00001ccc_000135e4",$d,00000000
"000135e8","|static|_FUN_00230bb4_000135e8",$d,00000000
"000135ec","|static|_caseD_0_000135ec",$d,00000000
"000135f0","|static|_FUN_00236ca4_000135f0",$d,00000000
"000135f4","|static|_LAB_00236d18_000135f4",$d,00000000
"000135f8","|static|_FUN_00231270_000135f8",$d,00000000
"000135fc","|static|_FUN_00230aa0_000135fc",$d,00000000
"00013600","|static|_FUN_005dd648_00013600",$d,00000000
"00013604","|static|_FUN_005dd670_00013604",$d,00000000
"00013608","|static|_FUN_00237f10_00013608",$d,00000000
"0001360c","|static|_FUN_005dd65c_0001360c",$d,00000000
"00013610","|static|_FUN_005dd560_00013610",$d,00000000
"00013614","|static|_FUN_005dd64c_00013614",$d,00000000
"00013618","|static|_FUN_005dd5a0_00013618",$d,00000000
"0001361c","|static|_FUN_005dd638_0001361c",$d,00000000
"00013624","|static|_FUN_006036e4_00013624",$d,00000000
"00013628","|static|_FUN_00230bb8_00013628",$d,00000000
"0001362c","|static|_FUN_00231980_0001362c",$d,00000000
"00013630","|static|_FUN_005dd674_00013630",$d,00000000
"00013634","|static|_FUN_00238430_00013634",$d,00000000
"00013638","|static|_FUN_002389ec_00013638",$d,00000000
"0001363c","|static|_FUN_00713990_0001363c",$d,00000000
"00013640","|static|_FUN_007139a8_00013640",$d,00000000
"00013644","|static|_FUN_00230044_00013644",$d,00000000
"00013648","|static|_FUN_0023135c_00013648",$d,00000000
"00013650","|static|_FUN_00237a1c_00013650",$d,00000000
"00013654","|static|_FUN_00236f78_00013654",$d,00000000
"00013658","|static|_FUN_00230e98_00013658",$d,00000000
"0001365c","|static|_FUN_002313cc_0001365c",$d,00000000
"00013660","|static|_FUN_0071bd90_00013660",$d,00000000
"00013664","ModuleKotobuki_FUN_00000abc_00013664",$d,00000000
"00013668","ModuleKotobuki_FUN_00001420_00013668",$d,00000000
"0001366c","|static|_FUN_0023a8bc_0001366c",$d,00000000
"00013674","|static|_FUN_00230830_00013674",$d,00000000
"00013678","|static|_FUN_002304b4_00013678",$d,00000000
"0001367c","ModuleKotobuki_FUN_000020a4_0001367c",$d,00000000
"00013680","|static|_FUN_0071bc3c_00013680",$d,00000000
"00013684","|static|_FUN_00238164_00013684",$d,00000000
"00013688","|static|_FUN_0029e0fc_00013688",$d,00000000
"0001368c","|static|_FUN_0029e104_0001368c",$d,00000000
"00013690","|static|_FUN_0029e10c_00013690",$d,00000000
"00013694","|static|_FUN_0029e114_00013694",$d,00000000
"00013698","|static|_FUN_0029e11c_00013698",$d,00000000
"0001369c","|static|_FUN_0029e124_0001369c",$d,00000000
"000136a0","|static|_FUN_0029e12c_000136a0",$d,00000000
"000136a4","|static|_FUN_0029e134_000136a4",$d,00000000
"000136a8","|static|_FUN_0029e13c_000136a8",$d,00000000
"000136ac","|static|_FUN_0029e144_000136ac",$d,00000000
"000136b0","|static|_FUN_0029e14c_000136b0",$d,00000000
"000136c4","|static|_FUN_005db288_000136c4",$d,00000000
"000136c8","ModuleKotobuki_FUN_00002e50_000136c8",$d,00000000
"000136cc","ModuleKotobuki_FUN_00002e18_000136cc",$d,00000000
"000136d0","|static|_FUN_005d9084_000136d0",$d,00000000
"000136d4","|static|_FUN_002313c4_000136d4",$d,00000000
"000136d8","|static|_FUN_0023a8b4_000136d8",$d,00000000
"000136dc","|static|_FUN_0075ab50_000136dc",$d,00000000
"000136e0","|static|_FUN_00772610_000136e0",$d,00000000
"000136e4","|static|_FUN_005dc4d8_000136e4",$d,00000000
"000136e8","|static|_FUN_0075ab40_000136e8",$d,00000000
"000136ec","|static|_FUN_0075ab54_000136ec",$d,00000000
"000136f0","|static|_FUN_0075ab48_000136f0",$d,00000000
"00013704","ModuleKotobuki_FUN_00000ef8_00013704",$d,00000000
"00013708","|static|_FUN_005f4b24_00013708",$d,00000000
"0001370c","|static|_FUN_005f4b34_0001370c",$d,00000000
"00013710","|static|_FUN_005f4b18_00013710",$d,00000000
"00013714","|static|_FUN_005f4b14_00013714",$d,00000000
"00013718","|static|_FUN_005f4b20_00013718",$d,00000000
"0001371c","|static|_FUN_005f4b44_0001371c",$d,00000000
"00013728","|static|_FUN_00237218_00013728",$d,00000000
"00013740","|static|_FUN_005f4b54_00013740",$d,00000000
"00013744","|static|_FUN_005f4b1c_00013744",$d,00000000
"00013748","|static|_FUN_005f4b10_00013748",$d,00000000
"0001374c","|static|_FUN_005f4b4c_0001374c",$d,00000000
"00013750","|static|_FUN_005f4b48_00013750",$d,00000000
"00013754","|static|_FUN_005f4b68_00013754",$d,00000000
"00013758","|static|_FUN_005f4b64_00013758",$d,00000000
"0001375c","|static|_FUN_005f4b70_0001375c",$d,00000000
"00013760","|static|_FUN_005f4b78_00013760",$d,00000000
"00013764","|static|_FUN_005f4b60_00013764",$d,00000000
"00013768","|static|_FUN_005f4b58_00013768",$d,00000000
"0001376c","|static|_FUN_005f4b5c_0001376c",$d,00000000
"00013770","|static|_FUN_005f4b74_00013770",$d,00000000
"00013774","|static|_FUN_005f4b80_00013774",$d,00000000
"00013778","|static|_FUN_005f4b88_00013778",$d,00000000
"0001377c","|static|_FUN_005f4b7c_0001377c",$d,00000000
"00013780","|static|_FUN_005f4b84_00013780",$d,00000000
"00013788","|static|_FUN_0075ab68_00013788",$d,00000000
"0001378c","|static|_FUN_0075ab8c_0001378c",$d,00000000
"00013790","|static|_FUN_0023a7e0_00013790",$d,00000000
"00013794","|static|_FUN_00237bd4_00013794",$d,00000000
"00013798","ModuleKotobuki_FUN_00001ccc_00013798",$d,00000000
"0001379c","|static|_FUN_00230bb4_0001379c",$d,00000000
"000137a0","|static|_caseD_0_000137a0",$d,00000000
"000137a4","|static|_FUN_00236ca4_000137a4",$d,00000000
"000137a8","|static|_LAB_00236d18_000137a8",$d,00000000
"000137ac","|static|_FUN_00231270_000137ac",$d,00000000
"000137b0","|static|_FUN_00230aa0_000137b0",$d,00000000
"000137b4","|static|_FUN_005dd648_000137b4",$d,00000000
"000137b8","|static|_FUN_005dd670_000137b8",$d,00000000
"000137bc","|static|_FUN_00237f10_000137bc",$d,00000000
"000137c0","|static|_FUN_005dd65c_000137c0",$d,00000000
"000137c4","|static|_FUN_005dd560_000137c4",$d,00000000
"000137c8","|static|_FUN_005dd64c_000137c8",$d,00000000
"000137cc","|static|_FUN_005dd5a0_000137cc",$d,00000000
"000137d0","|static|_FUN_005dd638_000137d0",$d,00000000
"000137d8","|static|_FUN_006036e4_000137d8",$d,00000000
"000137dc","|static|_FUN_00230bb8_000137dc",$d,00000000
"000137e0","|static|_FUN_00231980_000137e0",$d,00000000
"000137e4","|static|_FUN_005dd674_000137e4",$d,00000000
"000137e8","|static|_FUN_00238430_000137e8",$d,00000000
"000137ec","|static|_FUN_002389ec_000137ec",$d,00000000
"000137f0","|static|_FUN_00713990_000137f0",$d,00000000
"000137f4","|static|_FUN_007139a8_000137f4",$d,00000000
"000137f8","|static|_FUN_00230044_000137f8",$d,00000000
"000137fc","|static|_FUN_0023135c_000137fc",$d,00000000
"00013804","|static|_FUN_00237a1c_00013804",$d,00000000
"00013808","|static|_FUN_00236f78_00013808",$d,00000000
"0001380c","|static|_FUN_00230e98_0001380c",$d,00000000
"00013810","|static|_FUN_002313cc_00013810",$d,00000000
"00013814","|static|_FUN_0071bd90_00013814",$d,00000000
"00013818","ModuleKotobuki_FUN_00000abc_00013818",$d,00000000
"0001381c","ModuleKotobuki_FUN_00001420_0001381c",$d,00000000
"00013820","|static|_FUN_0023a8bc_00013820",$d,00000000
"00013828","|static|_FUN_00230830_00013828",$d,00000000
"0001382c","|static|_FUN_002304b4_0001382c",$d,00000000
"00013830","ModuleKotobuki_FUN_000020a4_00013830",$d,00000000
"00013834","|static|_FUN_0071bc3c_00013834",$d,00000000
"00013838","|static|_FUN_00238164_00013838",$d,00000000
"0001383c","|static|_FUN_0029e0fc_0001383c",$d,00000000
"00013840","|static|_FUN_0029e104_00013840",$d,00000000
"00013844","|static|_FUN_0029e10c_00013844",$d,00000000
"00013848","|static|_FUN_0029e114_00013848",$d,00000000
"0001384c","|static|_FUN_0029e11c_0001384c",$d,00000000
"00013850","|static|_FUN_0029e124_00013850",$d,00000000
"00013854","|static|_FUN_0029e12c_00013854",$d,00000000
"00013858","|static|_FUN_0029e134_00013858",$d,00000000
"0001385c","|static|_FUN_0029e13c_0001385c",$d,00000000
"00013860","|static|_FUN_0029e144_00013860",$d,00000000
"00013864","|static|_FUN_0029e14c_00013864",$d,00000000
"00013878","|static|_FUN_005db288_00013878",$d,00000000
"0001387c","ModuleKotobuki_FUN_00002e50_0001387c",$d,00000000
"00013880","ModuleKotobuki_FUN_00002e18_00013880",$d,00000000
"00013884","|static|_FUN_005d9084_00013884",$d,00000000
"00013888","|static|_FUN_002313c4_00013888",$d,00000000
"0001388c","|static|_FUN_0023a8b4_0001388c",$d,00000000
"00013890","|static|_FUN_0075ab50_00013890",$d,00000000
"00013894","|static|_FUN_00772610_00013894",$d,00000000
"00013898","|static|_FUN_005dc4d8_00013898",$d,00000000
"0001389c","|static|_FUN_0075ab40_0001389c",$d,00000000
"000138a0","|static|_FUN_0075ab54_000138a0",$d,00000000
"000138a4","|static|_FUN_0075ab48_000138a4",$d,00000000
"000138b0","|static|_INVALID_|static|_TEXT:0001c117_000138b0",$d,00000000
"00013978","|static|_FUN_005fcf94_00013978",$d,00000000
"0001397c","|static|_FUN_0075cc5c_0001397c",$d,00000000
"00013980","|static|_FUN_0075cc44_00013980",$d,00000000
"00013988","|static|_FUN_005fcb20_00013988",$d,00000000
"00013990","|static|_FUN_005fceb0_00013990",$d,00000000
"0001399c","|static|_FUN_0075b8a8_0001399c",$d,00000000
"000139b0","|static|_FUN_005fcf94_000139b0",$d,00000000
"000139b4","|static|_FUN_0075cc5c_000139b4",$d,00000000
"000139b8","|static|_FUN_0075cc44_000139b8",$d,00000000
"000139c0","|static|_FUN_005fcb20_000139c0",$d,00000000
"000139c8","|static|_FUN_005fceb0_000139c8",$d,00000000
"000139d4","|static|_FUN_0075b8a8_000139d4",$d,00000000
"00013a18","|static|_FUN_005f4b04_00013a18",$d,00000000
"00013a1c","|static|_FUN_005f4b24_00013a1c",$d,00000000
"00013a20","|static|_FUN_005f4b34_00013a20",$d,00000000
"00013a24","|static|_FUN_005f4b18_00013a24",$d,00000000
"00013a28","|static|_FUN_005f4b14_00013a28",$d,00000000
"00013a2c","|static|_FUN_005f4b20_00013a2c",$d,00000000
"00013a30","|static|_FUN_005f4b44_00013a30",$d,00000000
"00013a3c","|static|_FUN_00237218_00013a3c",$d,00000000
"00013a54","|static|_FUN_005f4b54_00013a54",$d,00000000
"00013a58","|static|_FUN_005f4b1c_00013a58",$d,00000000
"00013a5c","|static|_FUN_005f4b10_00013a5c",$d,00000000
"00013a60","|static|_FUN_005f4b4c_00013a60",$d,00000000
"00013a64","|static|_FUN_005f4b48_00013a64",$d,00000000
"00013a68","|static|_FUN_005f4b68_00013a68",$d,00000000
"00013a6c","|static|_FUN_005f4b64_00013a6c",$d,00000000
"00013a70","|static|_FUN_005f4b70_00013a70",$d,00000000
"00013a74","|static|_FUN_005f4b78_00013a74",$d,00000000
"00013a78","|static|_FUN_005f4b60_00013a78",$d,00000000
"00013a7c","|static|_FUN_005f4b58_00013a7c",$d,00000000
"00013a80","|static|_FUN_005f4b5c_00013a80",$d,00000000
"00013a84","|static|_FUN_005f4b74_00013a84",$d,00000000
"00013a88","|static|_FUN_005f4b80_00013a88",$d,00000000
"00013a8c","|static|_FUN_005f4b88_00013a8c",$d,00000000
"00013a90","|static|_FUN_005f4b7c_00013a90",$d,00000000
"00013a94","|static|_FUN_005f4b84_00013a94",$d,00000000
"00013a9c","|static|_FUN_0075ab68_00013a9c",$d,00000000
"00013aa0","|static|_FUN_0075ab8c_00013aa0",$d,00000000
"00013aa4","|static|_FUN_0023a7e0_00013aa4",$d,00000000
"00013aa8","|static|_FUN_00237bd4_00013aa8",$d,00000000
"00013ab0","|static|_FUN_00230bb4_00013ab0",$d,00000000
"00013ab4","|static|_caseD_0_00013ab4",$d,00000000
"00013ab8","|static|_FUN_00236ca4_00013ab8",$d,00000000
"00013abc","|static|_LAB_00236d18_00013abc",$d,00000000
"00013ac0","|static|_FUN_00231270_00013ac0",$d,00000000
"00013ac4","|static|_FUN_00230aa0_00013ac4",$d,00000000
"00013ac8","|static|_FUN_005dd648_00013ac8",$d,00000000
"00013acc","|static|_FUN_005dd670_00013acc",$d,00000000
"00013ad0","|static|_FUN_00237f10_00013ad0",$d,00000000
"00013ad4","|static|_FUN_005dd65c_00013ad4",$d,00000000
"00013ad8","|static|_FUN_005dd560_00013ad8",$d,00000000
"00013adc","|static|_FUN_005dd64c_00013adc",$d,00000000
"00013ae0","|static|_FUN_005dd5a0_00013ae0",$d,00000000
"00013ae4","|static|_FUN_005dd638_00013ae4",$d,00000000
"00013aec","|static|_FUN_006036e4_00013aec",$d,00000000
"00013af0","|static|_FUN_00230bb8_00013af0",$d,00000000
"00013af4","|static|_FUN_00231980_00013af4",$d,00000000
"00013af8","|static|_FUN_005dd674_00013af8",$d,00000000
"00013afc","|static|_FUN_00238430_00013afc",$d,00000000
"00013b00","|static|_FUN_002389ec_00013b00",$d,00000000
"00013b04","|static|_FUN_00713990_00013b04",$d,00000000
"00013b08","|static|_FUN_007139a8_00013b08",$d,00000000
"00013b0c","|static|_FUN_00230044_00013b0c",$d,00000000
"00013b10","|static|_FUN_0023135c_00013b10",$d,00000000
"00013b18","|static|_FUN_00237a1c_00013b18",$d,00000000
"00013b1c","|static|_FUN_00236f78_00013b1c",$d,00000000
"00013b24","|static|_FUN_002313cc_00013b24",$d,00000000
"00013b2c","|static|_FUN_0023014c_00013b2c",$d,00000000
"00013b34","|static|_FUN_0023a8bc_00013b34",$d,00000000
"00013b3c","|static|_FUN_00230830_00013b3c",$d,00000000
"00013b4c","|static|_FUN_00238164_00013b4c",$d,00000000
"00013b64","|static|_FUN_005db288_00013b64",$d,00000000
"00013b6c","|static|_FUN_00230144_00013b6c",$d,00000000
"00013b70","|static|_FUN_005d9084_00013b70",$d,00000000
"00013b74","|static|_FUN_002313c4_00013b74",$d,00000000
"00013b78","|static|_FUN_0023a8b4_00013b78",$d,00000000
"00013b80","|static|_FUN_00772610_00013b80",$d,00000000
"00013b84","|static|_FUN_005dc4d8_00013b84",$d,00000000
"00013b88","|static|_FUN_0075ab40_00013b88",$d,00000000
"00013b8c","|static|_FUN_0075ab54_00013b8c",$d,00000000
"00013b90","|static|_FUN_0075ab48_00013b90",$d,00000000
