Location,Name,Mode,Size
"00000180","FUN_0003f010_00000180",$a,00000004
"00000184","|static|_INVALID_|static|_TEXT:001f76ad_00000184",$d,00000000
"00000188","FUN_00000188",$a,00000004
"0000018c","|static|_FUN_00316ffc_0000018c",$d,00000000
"00000190","FUN_00000190",$a,00000004
"00000194","|static|_FUN_0075cf7c_00000194",$d,00000000
"00000198","FUN_00000198",$a,00000004
"0000019c","|static|_FUN_00603e78_0000019c",$d,00000000
"000001a0","FUN_000001a0",$a,00000004
"000001a4","|static|_FUN_002fb328_000001a4",$d,00000000
"000001a8","FUN_000001a8",$a,00000004
"000001ac","|static|_INVALID_|static|_TEXT:00018cad_000001ac",$d,00000000
"000001b0","FUN_000001b0",$a,00000004
"000001b4","|static|_FUN_002fcaf4_000001b4",$d,00000000
"000001b8","FUN_000001b8",$a,00000004
"000001bc","|static|_FUN_002f74c8_000001bc",$d,00000000
"000001c0","FUN_000001c0",$a,00000004
"000001c4","|static|_FUN_00313440_000001c4",$d,00000000
"000001c8","FUN_000001c8",$a,00000004
"000001cc","|static|_INVALID_|static|_TEXT:002009a9_000001cc",$d,00000000
"000001d0","FUN_000001d0",$a,00000004
"000001d4","|static|_FUN_002fe4c0_000001d4",$d,00000000
"000001d8","FUN_000001d8",$a,00000004
"000001dc","|static|_FUN_0060351c_000001dc",$d,00000000
"000001e0","FUN_000001e0",$a,00000004
"000001e4","|static|_FUN_002fe7f4_000001e4",$d,00000000
"000001e8","FUN_000001e8",$a,00000004
"000001ec","|static|_FUN_002fe874_000001ec",$d,00000000
"000001f0","FUN_000001f0",$a,00000004
"000001f4","|static|_FUN_0062ccec_000001f4",$d,00000000
"000001f8","FUN_000001f8",$a,00000004
"000001fc","|static|_FUN_005f4c14_000001fc",$d,00000000
"00000200","FUN_00000200",$a,00000004
"00000204","|static|_FUN_003084cc_00000204",$d,00000000
"00000208","FUN_00000208",$a,00000004
"0000020c","|static|_FUN_002f777c_0000020c",$d,00000000
"00000210","FUN_00000210",$a,00000004
"00000214","|static|_FUN_00751500_00000214",$d,00000000
"00000218","FUN_00000218",$a,00000004
"0000021c","|static|_FUN_0057579c_0000021c",$d,00000000
"00000220","FUN_00000220",$a,00000004
"00000224","|static|_FUN_00573214_00000224",$d,00000000
"00000228","FUN_00000228",$a,00000004
"0000022c","|static|_FUN_00745448_0000022c",$d,00000000
"00000230","FUN_00000230",$a,00000004
"00000234","|static|_FUN_00751224_00000234",$d,00000000
"00000238","FUN_00000238",$a,00000004
"0000023c","|static|_FUN_00577410_0000023c",$d,00000000
"00000240","FUN_00000240",$a,00000004
"00000244","|static|_FUN_00751870_00000244",$d,00000000
"00000248","FUN_00000248",$a,00000004
"0000024c","|static|_INVALID_|static|_TEXT:00201d0d_0000024c",$d,00000000
"00000250","FUN_00000250",$a,00000004
"00000254","|static|_FUN_007500c8_00000254",$d,00000000
"00000258","FUN_00000258",$a,00000004
"0000025c","|static|_FUN_0056a224_0000025c",$d,00000000
"00000260","FUN_00000260",$a,00000004
"00000264","|static|_FUN_00751864_00000264",$d,00000000
"00000268","FUN_00000268",$a,00000004
"0000026c","|static|_FUN_006a5f0c_0000026c",$d,00000000
"00000270","FUN_00000270",$a,00000004
"00000274","|static|_FUN_003171b4_00000274",$d,00000000
"00000278","FUN_00000278",$a,00000004
"0000027c","|static|_FUN_004e0cb0_0000027c",$d,00000000
"00000280","FUN_00000280",$a,00000004
"00000284","|static|_FUN_004e9a28_00000284",$d,00000000
"00000288","FUN_00000288",$a,00000004
"0000028c","|static|_FUN_004e9fe8_0000028c",$d,00000000
"00000290","FUN_00000290",$a,00000004
"00000294","|static|_FUN_006c602c_00000294",$d,00000000
"00000298","FUN_00000298",$a,00000004
"0000029c","|static|_FUN_006c8560_0000029c",$d,00000000
"000002a0","FUN_000002a0",$a,00000004
"000002a4","|static|_FUN_00750894_000002a4",$d,00000000
"000002a8","FUN_000002a8",$a,00000004
"000002ac","|static|_FUN_006c8928_000002ac",$d,00000000
"000002b0","FUN_000002b0",$a,00000004
"000002b4","|static|_LAB_0057282c_000002b4",$d,00000000
"000002b8","FUN_000002b8",$a,00000004
"000002bc","|static|_FUN_00574730_000002bc",$d,00000000
"000002c0","FUN_000002c0",$a,00000004
"000002c4","|static|_FUN_005757b8_000002c4",$d,00000000
"000002c8","FUN_000002c8",$a,00000004
"000002cc","|static|_FUN_00574588_000002cc",$d,00000000
"000002d0","FUN_000002d0",$a,00000004
"000002d4","|static|_FUN_00751058_000002d4",$d,00000000
"000002d8","FUN_000002d8",$a,00000004
"000002dc","|static|_FUN_002fcb84_000002dc",$d,00000000
"000002e0","FUN_000002e0",$a,00000004
"000002e4","|static|_FUN_005707f0_000002e4",$d,00000000
"000002e8","FUN_000002e8",$a,00000004
"000002ec","|static|_FUN_00572cf8_000002ec",$d,00000000
"000002f0","FUN_000002f0",$a,00000004
"000002f4","|static|_FUN_00572a20_000002f4",$d,00000000
"000002f8","FUN_000002f8",$a,00000004
"000002fc","|static|_LAB_005724ec_000002fc",$d,00000000
"00000300","FUN_00000300",$a,00000004
"00000304","|static|_LAB_00571ea4_00000304",$d,00000000
"00000308","FUN_00000308",$a,00000004
"0000030c","|static|_FUN_006d465c_0000030c",$d,00000000
"00000310","FUN_00000310",$a,00000004
"00000314","|static|_FUN_006d24bc_00000314",$d,00000000
"00000318","FUN_00000318",$a,00000004
"0000031c","|static|_FUN_0052c790_0000031c",$d,00000000
"00000320","FUN_00000320",$a,00000004
"00000324","|static|_FUN_004e7e38_00000324",$d,00000000
"00000328","FUN_00000328",$a,00000004
"0000032c","|static|_FUN_0023b1b4_0000032c",$d,00000000
"00000330","FUN_00000330",$a,00000004
"00000334","|static|_FUN_005c1c3c_00000334",$d,00000000
"0000033c","|static|_FUN_005c1520_0000033c",$d,00000000
"00000340","FUN_00000340",$a,00000004
"00000344","|static|_FUN_00305f2c_00000344",$d,00000000
"00000348","FUN_00000348",$a,00000004
"0000034c","|static|_FUN_005dd51c_0000034c",$d,00000000
"00000350","FUN_00000350",$a,00000004
"00000354","|static|_FUN_005dd5b8_00000354",$d,00000000
"00000358","FUN_00000358",$a,00000004
"0000035c","|static|_FUN_0023ae64_0000035c",$d,00000000
"00000360","FUN_00000360",$a,00000004
"00000364","|static|_FUN_00570db8_00000364",$d,00000000
"00000368","FUN_00000368",$a,00000004
"0000036c","|static|_FUN_00750d64_0000036c",$d,00000000
"00000370","FUN_00000370",$a,00000004
"00000374","|static|_FUN_00573778_00000374",$d,00000000
"00000378","FUN_00000378",$a,00000004
"0000037c","|static|_FUN_00750090_0000037c",$d,00000000
"00000380","FUN_00000380",$a,00000004
"00000384","|static|_FUN_00570adc_00000384",$d,00000000
"00000388","FUN_00000388",$a,00000004
"0000038c","|static|_FUN_00573558_0000038c",$d,00000000
"00000390","FUN_00000390",$a,00000004
"00000394","|static|_FUN_002f74e0_00000394",$d,00000000
"00000398","FUN_00000398",$a,00000004
"0000039c","|static|_FUN_002fc934_0000039c",$d,00000000
"000003a0","FUN_000003a0",$a,00000004
"000003a4","|static|_FUN_005b6a10_000003a4",$d,00000000
"000003a8","FUN_000003a8",$a,00000004
"000003ac","|static|_FUN_005776fc_000003ac",$d,00000000
"000003b4","|static|_FUN_005777d8_000003b4",$d,00000000
"000003b8","FUN_000003b8",$a,00000004
"000003bc","|static|_FUN_00751514_000003bc",$d,00000000
"000003c0","FUN_000003c0",$a,00000004
"000003c4","|static|_FUN_00324934_000003c4",$d,00000000
"000003c8","FUN_000003c8",$a,00000004
"000003cc","|static|_FUN_00751824_000003cc",$d,00000000
"000003d0","FUN_000003d0",$a,00000004
"000003d4","|static|_FUN_005739fc_000003d4",$d,00000000
"000003d8","FUN_000003d8",$a,00000004
"000003dc","|static|_FUN_00573c84_000003dc",$d,00000000
"000003e0","FUN_000003e0",$a,00000004
"000003e4","|static|_FUN_002ff6f8_000003e4",$d,00000000
"000003ec","|static|_FUN_0058da24_000003ec",$d,00000000
"000003f0","FUN_000003f0",$a,00000004
"000003f4","|static|_FUN_002fb378_000003f4",$d,00000000
"000003f8","FUN_000003f8",$a,00000004
"000003fc","|static|_FUN_00572c34_000003fc",$d,00000000
"00000400","FUN_00000400",$a,00000004
"00000404","|static|_FUN_0058dbd8_00000404",$d,00000000
"00000408","FUN_00000408",$a,00000004
"0000040c","|static|_FUN_0058dc70_0000040c",$d,00000000
"00000410","FUN_00000410",$a,00000004
"00000414","|static|_FUN_00751950_00000414",$d,00000000
"00000418","FUN_00000418",$a,00000004
"0000041c","|static|_FUN_0056f2ac_0000041c",$d,00000000
"00000420","FUN_00000420",$a,00000004
"00000424","|static|_FUN_004e8344_00000424",$d,00000000
"00000428","FUN_00000428",$a,00000004
"0000042c","|static|_FUN_002f73b8_0000042c",$d,00000000
"00000430","FUN_00000430",$a,00000004
"00000434","|static|_FUN_002fa9d0_00000434",$d,00000000
"00000438","FUN_00000438",$a,00000004
"0000043c","|static|_FUN_00736a1c_0000043c",$d,00000000
"00000440","FUN_00000440",$a,00000004
"00000444","|static|_FUN_004f2ef0_00000444",$d,00000000
"00000448","FUN_00000448",$a,00000004
"0000044c","|static|_FUN_004eada4_0000044c",$d,00000000
"00000450","FUN_00000450",$a,00000004
"00000454","|static|_FUN_0057074c_00000454",$d,00000000
"00000458","FUN_00000458",$a,00000004
"0000045c","|static|_FUN_004ead98_0000045c",$d,00000000
"00000460","FUN_00000460",$a,00000004
"00000464","|static|_FUN_007511bc_00000464",$d,00000000
"00000468","FUN_00000468",$a,00000004
"0000046c","|static|_FUN_00317a88_0000046c",$d,00000000
"00000470","FUN_00000470",$a,00000004
"00000474","|static|_FUN_00536054_00000474",$d,00000000
"00000478","FUN_00000478",$a,00000004
"0000047c","|static|_FUN_004ee364_0000047c",$d,00000000
"00000480","FUN_00000480",$a,00000004
"00000484","|static|_FUN_00570950_00000484",$d,00000000
"00000488","FUN_00000488",$a,00000004
"0000048c","|static|_FUN_00745a44_0000048c",$d,00000000
"00000490","FUN_00000490",$a,00000004
"00000494","|static|_FUN_004ee4c8_00000494",$d,00000000
"00000498","FUN_00000498",$a,00000004
"0000049c","|static|_FUN_004edd20_0000049c",$d,00000000
"000004a0","FUN_000004a0",$a,00000004
"000004a4","|static|_FUN_004f1270_000004a4",$d,00000000
"000004a8","FUN_000004a8",$a,00000004
"000004ac","|static|_FUN_00750dbc_000004ac",$d,00000000
"000004b0","FUN_000004b0",$a,00000004
"000004b4","|static|_caseD_3_000004b4",$d,00000000
"000004b8","FUN_000004b8",$a,00000004
"000004bc","|static|_FUN_00317d00_000004bc",$d,00000000
"000004c0","FUN_000004c0",$a,00000004
"000004c4","|static|_FUN_004f11c0_000004c4",$d,00000000
"000004c8","FUN_000004c8",$a,00000004
"000004cc","|static|_thunk_FUN_004ee514_000004cc",$d,00000000
"000004d0","FUN_000004d0",$a,00000004
"000004d4","|static|_FUN_00570ab0_000004d4",$d,00000000
"000004d8","FUN_000004d8",$a,00000004
"000004dc","|static|_FUN_0030b6b8_000004dc",$d,00000000
"000004e0","FUN_000004e0",$a,00000004
"000004e4","|static|_FUN_0057418c_000004e4",$d,00000000
"000004e8","FUN_000004e8",$a,00000004
"000004ec","|static|_FUN_004ee9cc_000004ec",$d,00000000
"000004f0","FUN_000004f0",$a,00000004
"000004f4","|static|_FUN_00751a20_000004f4",$d,00000000
"000004f8","FUN_000004f8",$a,00000004
"000004fc","|static|_FUN_004e9278_000004fc",$d,00000000
"00000500","FUN_00000500",$a,00000004
"00000504","|static|_FUN_004ef9a4_00000504",$d,00000000
"00000508","FUN_00000508",$a,00000004
"0000050c","|static|_FUN_004ee904_0000050c",$d,00000000
"00000510","FUN_00000510",$a,00000004
"00000514","|static|_FUN_004ee9a8_00000514",$d,00000000
"00000518","FUN_00000518",$a,00000004
"0000051c","|static|_FUN_007460b8_0000051c",$d,00000000
"00000520","FUN_00000520",$a,00000004
"00000524","|static|_FUN_006934a0_00000524",$d,00000000
"00000528","FUN_00000528",$a,00000004
"0000052c","|static|_FUN_0056b0c0_0000052c",$d,00000000
"00000530","FUN_00000530",$a,00000004
"00000534","|static|_FUN_004ef77c_00000534",$d,00000000
"00000538","FUN_00000538",$a,00000004
"0000053c","|static|_FUN_0023af1c_0000053c",$d,00000000
"00000540","FUN_00000540",$a,00000004
"00000544","|static|_FUN_004ecec8_00000544",$d,00000000
"00000548","FUN_00000548",$a,00000004
"0000054c","|static|_FUN_002fc20c_0000054c",$d,00000000
"00000550","FUN_00000550",$a,00000004
"00000554","|static|_FUN_00691544_00000554",$d,00000000
"00000558","FUN_00000558",$a,00000004
"0000055c","|static|_FUN_006904b4_0000055c",$d,00000000
"00000560","FUN_00000560",$a,00000004
"00000564","|static|_FUN_001b9d94_00000564",$d,00000000
"00000568","FUN_00000568",$a,00000004
"0000056c","|static|_FUN_002fae84_0000056c",$d,00000000
"00000570","FUN_00000570",$a,00000004
"00000574","|static|_FUN_002fcb34_00000574",$d,00000000
"00000578","FUN_00000578",$a,00000004
"0000057c","|static|_FUN_0075127c_0000057c",$d,00000000
"00000580","FUN_00000580",$a,00000004
"00000584","|static|_FUN_0024de2c_00000584",$d,00000000
"0000058c","|static|_FUN_005708f0_0000058c",$d,00000000
"00000590","FUN_00000590",$a,00000004
"00000594","|static|_FUN_002fb94c_00000594",$d,00000000
"00000598","FUN_00000598",$a,00000004
"0000059c","|static|_FUN_002bf9cc_0000059c",$d,00000000
"000005a4","|static|_FUN_005204b0_000005a4",$d,00000000
"000005a8","FUN_000005a8",$a,00000004
"000005ac","|static|_FUN_001b9e08_000005ac",$d,00000000
"000005b0","FUN_000005b0",$a,00000004
"000005b4","|static|_FUN_002ffad8_000005b4",$d,00000000
"000005b8","FUN_000005b8",$a,00000004
"000005bc","|static|_FUN_005b4954_000005bc",$d,00000000
"000005c0","FUN_000005c0",$a,00000004
"000005c4","|static|_FUN_004e1174_000005c4",$d,00000000
"000005c8","FUN_000005c8",$a,00000004
"000005cc","|static|_FUN_005838a0_000005cc",$d,00000000
"000005d0","FUN_000005d0",$a,00000004
"000005d4","|static|_FUN_004ecd30_000005d4",$d,00000000
"000005d8","FUN_000005d8",$a,00000004
"000005dc","|static|_FUN_004eda50_000005dc",$d,00000000
"000005e0","FUN_000005e0",$a,00000004
"000005e4","|static|_FUN_002fc8e8_000005e4",$d,00000000
"000005e8","FUN_000005e8",$a,00000004
"000005ec","|static|_FUN_004efa0c_000005ec",$d,00000000
"000005f0","FUN_000005f0",$a,00000004
"000005f4","|static|_caseD_5_000005f4",$d,00000000
"000005f8","FUN_000005f8",$a,00000004
"000005fc","|static|_FUN_00575ccc_000005fc",$d,00000000
"00000600","FUN_00000600",$a,00000004
"00000604","|static|_FUN_00575b44_00000604",$d,00000000
"00000608","FUN_00000608",$a,00000004
"0000060c","|static|_FUN_00575ba0_0000060c",$d,00000000
"00000610","FUN_00000610",$a,00000004
"00000614","|static|_FUN_0023adbc_00000614",$d,00000000
"00000618","FUN_00000618",$a,00000004
"0000061c","|static|_FUN_0075596c_0000061c",$d,00000000
"00000620","FUN_00000620",$a,00000004
"00000624","|static|_FUN_00755a8c_00000624",$d,00000000
"00000628","FUN_00000628",$a,00000004
"0000062c","|static|_FUN_00755a68_0000062c",$d,00000000
"00000630","FUN_00000630",$a,00000004
"00000634","|static|_FUN_0023af68_00000634",$d,00000000
"00000638","FUN_00000638",$a,00000004
"0000063c","|static|_FUN_00312c4c_0000063c",$d,00000000
"00000640","FUN_00000640",$a,00000004
"00000644","|static|_FUN_006fa40c_00000644",$d,00000000
"00000648","FUN_00000648",$a,00000004
"0000064c","|static|_FUN_005dc374_0000064c",$d,00000000
"00000650","FUN_00000650",$a,00000004
"00000654","|static|_FUN_0023b2b8_00000654",$d,00000000
"00000658","FUN_00000658",$a,00000004
"0000065c","|static|_FUN_0069335c_0000065c",$d,00000000
"00000664","|static|_FUN_0023b5ec_00000664",$d,00000000
"00000668","FUN_00000668",$a,00000004
"0000066c","|static|_FUN_0023b9dc_0000066c",$d,00000000
"00000670","FUN_00000670",$a,00000004
"00000674","|static|_FUN_0056f8b4_00000674",$d,00000000
"00000678","FUN_00000678",$a,00000004
"0000067c","|static|_FUN_005d97a0_0000067c",$d,00000000
"00000680","FUN_00000680",$a,00000004
"00000684","|static|_FUN_005dd688_00000684",$d,00000000
"00000688","FUN_00000688",$a,00000004
"0000068c","|static|_FUN_0075cdbc_0000068c",$d,00000000
"00000690","FUN_00000690",$a,00000004
"00000694","|static|_FUN_006039e4_00000694",$d,00000000
"00000698","FUN_00000698",$a,00000004
"0000069c","|static|_FUN_005e9d5c_0000069c",$d,00000000
"000006a0","FUN_000006a0",$a,00000004
"000006a4","|static|_FUN_00768248_000006a4",$d,00000000
"000006a8","FUN_000006a8",$a,00000004
"000006ac","|static|_FUN_00723998_000006ac",$d,00000000
"000006b4","|static|_FUN_0023b800_000006b4",$d,00000000
"000006b8","FUN_000006b8",$a,00000004
"000006bc","|static|_FUN_00536060_000006bc",$d,00000000
"000006c0","FUN_000006c0",$a,00000004
"000006c4","|static|_FUN_00723fac_000006c4",$d,00000000
"000006cc","|static|_FUN_0023b754_000006cc",$d,00000000
"000006d0","FUN_000006d0",$a,00000004
"000006d4","|static|_INVALID_|static|_TEXT:00012775_000006d4",$d,00000000
"000006d8","FUN_000006d8",$a,00000004
"000006dc","|static|_INVALID_|static|_TEXT:00012fd5_000006dc",$d,00000000
"000006e0","FUN_000006e0",$a,00000004
"000006e4","|static|_FUN_0056be90_000006e4",$d,00000000
"000006ec","|static|_FUN_00312a4c_000006ec",$d,00000000
"000006f0","FUN_000006f0",$a,00000004
"000006f4","|static|_FUN_00692154_000006f4",$d,00000000
"000006f8","FUN_000006f8",$a,00000004
"000006fc","|static|_FUN_004ed570_000006fc",$d,00000000
"00000700","FUN_00000700",$a,00000004
"00000704","|static|_FUN_004ea048_00000704",$d,00000000
"00000708","FUN_00000708",$a,00000004
"0000070c","|static|_FUN_004e958c_0000070c",$d,00000000
"00000710","FUN_00000710",$a,00000004
"00000714","|static|_FUN_0014f060_00000714",$d,00000000
"00000718","FUN_00000718",$a,00000004
"0000071c","|static|_FUN_00567580_0000071c",$d,00000000
"00000720","FUN_00000720",$a,00000004
"00000724","|static|_FUN_0014ef20_00000724",$d,00000000
"00000728","FUN_00000728",$a,00000004
"0000072c","|static|_FUN_0013451c_0000072c",$d,00000000
"00000730","FUN_00000730",$a,00000004
"00000734","|static|_FUN_0071da54_00000734",$d,00000000
"00000738","FUN_00000738",$a,00000004
"0000073c","|static|_FUN_002bfcfc_0000073c",$d,00000000
"00000740","FUN_00000740",$a,00000004
"00000744","|static|_FUN_002fd068_00000744",$d,00000000
"00000748","FUN_00000748",$a,00000004
"0000074c","|static|_FUN_006b8918_0000074c",$d,00000000
"00000750","FUN_00000750",$a,00000004
"00000754","|static|_FUN_00572320_00000754",$d,00000000
"00000758","FUN_00000758",$a,00000004
"0000075c","|static|_FUN_005c1968_0000075c",$d,00000000
"00000760","FUN_00000760",$a,00000004
"00000764","|static|_FUN_004e9384_00000764",$d,00000000
"00000768","FUN_00000768",$a,00000004
"0000076c","|static|_FUN_007500b4_0000076c",$d,00000000
"00000770","FUN_00000770",$a,00000004
"00000774","ModuleIndoor_FUN_000223bc_00000774",$d,00000000
"00000778","FUN_00000778",$a,00000004
"0000077c","|static|_FUN_005833b0_0000077c",$d,00000000
"00000780","FUN_00000780",$a,00000004
"00000784","|static|_FUN_0058d498_00000784",$d,00000000
"00000788","FUN_00000788",$a,00000004
"0000078c","|static|_FUN_0058d3b4_0000078c",$d,00000000
"00000790","FUN_00000790",$a,00000004
"00000794","|static|_FUN_00745500_00000794",$d,00000000
"00000798","FUN_00000798",$a,00000004
"0000079c","|static|_FUN_00745544_0000079c",$d,00000000
"000007a0","FUN_000007a0",$a,00000004
"000007a4","|static|_FUN_00750f9c_000007a4",$d,00000000
"000007a8","FUN_000007a8",$a,00000004
"000007ac","|static|_FUN_0047df5c_000007ac",$d,00000000
"000007b0","FUN_000007b0",$a,00000004
"000007b4","|static|_FUN_0056b450_000007b4",$d,00000000
"000007b8","FUN_000007b8",$a,00000004
"000007bc","|static|_FUN_0013f134_000007bc",$d,00000000
"000007c0","FUN_000007c0",$a,00000004
"000007c4","|static|_FUN_005b40ac_000007c4",$d,00000000
"000007c8","FUN_000007c8",$a,00000004
"000007cc","|static|_INVALID_|static|_TEXT:001fe7dd_000007cc",$d,00000000
"000007d0","FUN_000007d0",$a,00000004
"000007d4","|static|_INVALID_|static|_TEXT:0001c115_000007d4",$d,00000000
"000007d8","FUN_000007d8",$a,00000004
"000007dc","|static|_FUN_0059780c_000007dc",$d,00000000
"000007e0","FUN_000007e0",$a,00000004
"000007e4","|static|_FUN_00303acc_000007e4",$d,00000000
"000007e8","FUN_000007e8",$a,00000004
"000007ec","ModuleIndoor_FUN_0001a458_000007ec",$d,00000000
"000007f0","FUN_000007f0",$a,00000004
"000007f4","|static|_FUN_006a5e44_000007f4",$d,00000000
"000007f8","FUN_000007f8",$a,00000004
"000007fc","|static|_FUN_00302fec_000007fc",$d,00000000
"00000800","FUN_00000800",$a,00000004
"00000804","ModuleIndoor_FUN_0001a164_00000804",$d,00000000
"00000808","FUN_00000808",$a,00000004
"0000080c","|static|_FUN_0057b9dc_0000080c",$d,00000000
"00000810","FUN_00000810",$a,00000004
"00000814","|static|_FUN_00521a8c_00000814",$d,00000000
"00000818","FUN_00000818",$a,00000004
"0000081c","|static|_FUN_00125e08_0000081c",$d,00000000
"00000820","FUN_00000820",$a,00000004
"00000824","|static|_FUN_00521ae0_00000824",$d,00000000
"0000082c","|static|_LAB_00313ac8_0000082c",$d,00000000
"00000830","FUN_00000830",$a,00000004
"00000834","|static|_FUN_0020e300_00000834",$d,00000000
"00000838","FUN_00000838",$a,00000004
"0000083c","|static|_FUN_0020e3ec_0000083c",$d,00000000
"00000840","FUN_00000840",$a,00000004
"00000844","|static|_FUN_007518a4_00000844",$d,00000000
"00000848","FUN_00000848",$a,00000004
"0000084c","|static|_FUN_00769cc0_0000084c",$d,00000000
"00000850","FUN_00000850",$a,00000004
"00000854","|static|_FUN_0024ef74_00000854",$d,00000000
"00000858","FUN_00000858",$a,00000004
"0000085c","|static|_FUN_0070f034_0000085c",$d,00000000
"00000860","FUN_00000860",$a,00000004
"00000864","|static|_FUN_00537028_00000864",$d,00000000
"00000868","FUN_00000868",$a,00000004
"0000086c","|static|_caseD_5_0000086c",$d,00000000
"00000870","FUN_00000870",$a,00000004
"00000874","|static|_FUN_003031f0_00000874",$d,00000000
"00000878","FUN_00000878",$a,00000004
"0000087c","|static|_FUN_0070f010_0000087c",$d,00000000
"00000880","FUN_00000880",$a,00000004
"00000884","|static|_caseD_0_00000884",$d,00000000
"00000888","FUN_00000888",$a,00000004
"0000088c","|static|_FUN_003031c8_0000088c",$d,00000000
"00000890","FUN_00000890",$a,00000004
"00000894","|static|_FUN_002a7154_00000894",$d,00000000
"00000898","FUN_00000898",$a,00000004
"0000089c","|static|_FUN_00745f80_0000089c",$d,00000000
"000008a0","FUN_000008a0",$a,00000004
"000008a4","|static|_FUN_004ee4b8_000008a4",$d,00000000
"000008a8","FUN_000008a8",$a,00000004
"000008ac","|static|_FUN_004ee3e8_000008ac",$d,00000000
"000008b0","FUN_000008b0",$a,00000004
"000008b4","|static|_FUN_005b4018_000008b4",$d,00000000
"000008c0","FUN_000008c0",$a,00000004
"000008c4","|static|_FUN_00692ac8_000008c4",$d,00000000
"000008c8","FUN_000008c8",$a,00000004
"000008cc","|static|_FUN_00691848_000008cc",$d,00000000
"000008d0","FUN_000008d0",$a,00000004
"000008d4","|static|_FUN_0031758c_000008d4",$d,00000000
"000008d8","FUN_000008d8",$a,00000004
"000008dc","|static|_FUN_00537058_000008dc",$d,00000000
"000008e0","FUN_000008e0",$a,00000004
"000008e4","|static|_FUN_00759b78_000008e4",$d,00000000
"000008ec","|static|_FUN_005c7854_000008ec",$d,00000000
"000008f0","FUN_000008f0",$a,00000004
"000008f4","|static|_FUN_0071a88c_000008f4",$d,00000000
"000008f8","FUN_000008f8",$a,00000004
"000008fc","|static|_FUN_0071a8b0_000008fc",$d,00000000
"00000900","FUN_00000900",$a,00000004
"00000904","|static|_FUN_006d3c74_00000904",$d,00000000
"00000908","FUN_00000908",$a,00000004
"0000090c","|static|_FUN_0076aa40_0000090c",$d,00000000
"00000910","FUN_00000910",$a,00000004
"00000914","|static|_FUN_002bf814_00000914",$d,00000000
"00000918","FUN_00000918",$a,00000004
"0000091c","|static|_FUN_00603ab0_0000091c",$d,00000000
"00000920","FUN_00000920",$a,00000004
"00000924","|static|_FUN_005e3550_00000924",$d,00000000
"00000928","FUN_00000928",$a,00000004
"0000092c","|static|_FUN_00603a28_0000092c",$d,00000000
"00000930","FUN_00000930",$a,00000004
"00000934","|static|_FUN_005e3618_00000934",$d,00000000
"00000938","FUN_00000938",$a,00000004
"0000093c","|static|_FUN_006039ec_0000093c",$d,00000000
"00000940","FUN_00000940",$a,00000004
"00000944","|static|_FUN_005364c8_00000944",$d,00000000
"00000948","FUN_00000948",$a,00000004
"0000094c","|static|_FUN_005c0fa0_0000094c",$d,00000000
"00000950","FUN_00000950",$a,00000004
"00000954","|static|_FUN_00301444_00000954",$d,00000000
"0000095c","|static|_FUN_00529ddc_0000095c",$d,00000000
"00000960","FUN_00000960",$a,00000004
"00000964","|static|_FUN_005706fc_00000964",$d,00000000
"00000968","FUN_00000968",$a,00000004
"0000096c","|static|_FUN_007559ac_0000096c",$d,00000000
"00000970","FUN_00000970",$a,00000004
"00000974","|static|_FUN_00755a98_00000974",$d,00000000
"00000978","FUN_00000978",$a,00000004
"0000097c","|static|_FUN_0023d74c_0000097c",$d,00000000
"00000980","FUN_00000980",$a,00000004
"00000984","|static|_FUN_0023d8f8_00000984",$d,00000000
"00000988","FUN_00000988",$a,00000004
"0000098c","|static|_FUN_005fcfd8_0000098c",$d,00000000
"00000990","FUN_00000990",$a,00000004
"00000994","|static|_FUN_0075be20_00000994",$d,00000000
"00000998","FUN_00000998",$a,00000004
"0000099c","|static|_FUN_005fcff8_0000099c",$d,00000000
"000009a0","FUN_000009a0",$a,00000004
"000009a4","|static|_FUN_004e8c98_000009a4",$d,00000000
"000009a8","FUN_000009a8",$a,00000004
"000009ac","|static|_FUN_00695ed8_000009ac",$d,00000000
"000009b0","FUN_000009b0",$a,00000004
"000009b4","|static|_FUN_002f86c0_000009b4",$d,00000000
"000009b8","FUN_000009b8",$a,00000004
"000009bc","|static|_FUN_00750a48_000009bc",$d,00000000
"000009c0","FUN_000009c0",$a,00000004
"000009c4","|static|_FUN_005676b8_000009c4",$d,00000000
"000009c8","FUN_000009c8",$a,00000004
"000009cc","|static|_FUN_0056ade4_000009cc",$d,00000000
"000009d0","FUN_000009d0",$a,00000004
"000009d4","|static|_FUN_0047df24_000009d4",$d,00000000
"000009d8","FUN_000009d8",$a,00000004
"000009dc","|static|_FUN_0056747c_000009dc",$d,00000000
"000009e0","FUN_000009e0",$a,00000004
"000009e4","|static|_FUN_0076e0cc_000009e4",$d,00000000
"000009e8","FUN_000009e8",$a,00000004
"000009ec","|static|_FUN_0023b480_000009ec",$d,00000000
"000009f0","FUN_000009f0",$a,00000004
"000009f4","|static|_FUN_00303660_000009f4",$d,00000000
"000009f8","FUN_000009f8",$a,00000004
"000009fc","|static|_FUN_006dfe10_000009fc",$d,00000000
"00000a00","FUN_00000a00",$a,00000004
"00000a04","|static|_FUN_005dd224_00000a04",$d,00000000
"00000a08","FUN_00000a08",$a,00000004
"00000a0c","|static|_FUN_006001e8_00000a0c",$d,00000000
"00000a10","FUN_00000a10",$a,00000004
"00000a18","FUN_00000a18",$a,00000004
"00000a1c","|static|_FUN_005f3d70_00000a1c",$d,00000000
"00000a20","FUN_00000a20",$a,00000004
"00000a24","|static|_FUN_005f3bb8_00000a24",$d,00000000
"00000a28","FUN_00000a28",$a,00000004
"00000a2c","|static|_FUN_00751410_00000a2c",$d,00000000
"00000a30","FUN_00000a30",$a,00000004
"00000a34","|static|_FUN_004e4870_00000a34",$d,00000000
"00000a38","FUN_00000a38",$a,00000004
"00000a3c","|static|_FUN_006c5fa0_00000a3c",$d,00000000
"00000a40","FUN_00000a40",$a,00000004
"00000a44","|static|_FUN_005b4248_00000a44",$d,00000000
"00000a48","FUN_00000a48",$a,00000004
"00000a4c","|static|_FUN_00691598_00000a4c",$d,00000000
"00000a50","FUN_00000a50",$a,00000004
"00000a54","|static|_FUN_00751970_00000a54",$d,00000000
"00000a58","FUN_00000a58",$a,00000004
"00000a5c","|static|_FUN_004e956c_00000a5c",$d,00000000
"00000a60","FUN_00000a60",$a,00000004
"00000a64","|static|_FUN_007508b0_00000a64",$d,00000000
"00000a68","FUN_00000a68",$a,00000004
"00000a6c","|static|_FUN_004e95b4_00000a6c",$d,00000000
"00000a70","FUN_00000a70",$a,00000004
"00000a74","|static|_FUN_00745784_00000a74",$d,00000000
"00000a78","FUN_00000a78",$a,00000004
"00000a7c","|static|_FUN_007457a4_00000a7c",$d,00000000
"00000a80","FUN_00000a80",$a,00000004
"00000a84","|static|_FUN_0074870c_00000a84",$d,00000000
"00000a88","FUN_00000a88",$a,00000004
"00000a8c","|static|_FUN_00576ca8_00000a8c",$d,00000000
"00000a90","FUN_00000a90",$a,00000004
"00000a94","|static|_FUN_00572f50_00000a94",$d,00000000
"00000a98","FUN_00000a98",$a,00000004
"00000a9c","|static|_FUN_00576b10_00000a9c",$d,00000000
"00000aa0","FUN_00000aa0",$a,00000004
"00000aa4","|static|_FUN_00573c74_00000aa4",$d,00000000
"00000aa8","FUN_00000aa8",$a,00000004
"00000aac","|static|_FUN_00572530_00000aac",$d,00000000
"00000ab0","FUN_00000ab0",$a,00000004
"00000ab4","|static|_FUN_00751240_00000ab4",$d,00000000
"00000ab8","FUN_00000ab8",$a,00000004
"00000abc","|static|_FUN_004e10c8_00000abc",$d,00000000
"00000ac0","FUN_00000ac0",$a,00000004
"00000ac4","|static|_FUN_005718f8_00000ac4",$d,00000000
"00000ac8","FUN_00000ac8",$a,00000004
"00000acc","|static|_FUN_00692afc_00000acc",$d,00000000
"00000ad0","FUN_00000ad0",$a,00000004
"00000ad4","|static|_FUN_00751a64_00000ad4",$d,00000000
"00000ad8","FUN_00000ad8",$a,00000004
"00000adc","|static|_FUN_00571d24_00000adc",$d,00000000
"00000ae0","FUN_00000ae0",$a,00000004
"00000ae4","|static|_FUN_0056e1a8_00000ae4",$d,00000000
"00000ae8","FUN_00000ae8",$a,00000004
"00000aec","|static|_FUN_00575fc4_00000aec",$d,00000000
"00000af0","FUN_00000af0",$a,00000004
"00000af4","|static|_FUN_00576f58_00000af4",$d,00000000
"00000af8","FUN_00000af8",$a,00000004
"00000afc","|static|_FUN_00570b40_00000afc",$d,00000000
"00000b00","FUN_00000b00",$a,00000004
"00000b04","|static|_FUN_00573aec_00000b04",$d,00000000
"00000b08","FUN_00000b08",$a,00000004
"00000b0c","|static|_FUN_00750ff0_00000b0c",$d,00000000
"00000b10","FUN_00000b10",$a,00000004
"00000b14","|static|_FUN_006ef108_00000b14",$d,00000000
"00000b18","FUN_00000b18",$a,00000004
"00000b1c","|static|_FUN_0014f3cc_00000b1c",$d,00000000
"00000b20","FUN_00000b20",$a,00000004
"00000b24","|static|_FUN_00565cc0_00000b24",$d,00000000
"00000b28","FUN_00000b28",$a,00000004
"00000b2c","|static|_FUN_0060393c_00000b2c",$d,00000000
"00000b30","FUN_00000b30",$a,00000004
"00000b34","|static|_FUN_0075abcc_00000b34",$d,00000000
"00000b38","FUN_00000b38",$a,00000004
"00000b3c","|static|_FUN_0075cdc8_00000b3c",$d,00000000
"00000b40","FUN_00000b40",$a,00000004
"00000b44","|static|_FUN_00292d08_00000b44",$d,00000000
"00000b48","FUN_00000b48",$a,00000004
"00000b4c","|static|_FUN_00308340_00000b4c",$d,00000000
"00000b50","FUN_00000b50",$a,00000004
"00000b54","|static|_FUN_005b59c4_00000b54",$d,00000000
"00000b58","FUN_00000b58",$a,00000004
"00000b5c","|static|_FUN_005b4d7c_00000b5c",$d,00000000
"00000b60","FUN_00000b60",$a,00000004
"00000b64","|static|_FUN_0024b448_00000b64",$d,00000000
"00000b68","FUN_00000b68",$a,00000004
"00000b6c","|static|_FUN_0062c0cc_00000b6c",$d,00000000
"00000b70","FUN_00000b70",$a,00000004
"00000b74","|static|_FUN_005c6e78_00000b74",$d,00000000
"00000b78","FUN_00000b78",$a,00000004
"00000b7c","|static|_INVALID_|static|_TEXT:0000e95d_00000b7c",$d,00000000
"00000b80","FUN_00000b80",$a,00000004
"00000b84","|static|_FUN_00312bd0_00000b84",$d,00000000
"00000b88","FUN_00000b88",$a,00000004
"00000b8c","|static|_FUN_00312ca0_00000b8c",$d,00000000
"00000b90","FUN_00000b90",$a,00000004
"00000b94","|static|_FUN_00312cb0_00000b94",$d,00000000
"00000b98","FUN_00000b98",$a,00000004
"00000b9c","|static|_FUN_006a5d0c_00000b9c",$d,00000000
"00000ba0","FUN_00000ba0",$a,00000004
"00000ba4","|static|_FUN_006a5c00_00000ba4",$d,00000000
"00000ba8","FUN_00000ba8",$a,00000004
"00000bac","|static|_FUN_00566044_00000bac",$d,00000000
"00000bb0","FUN_00000bb0",$a,00000004
"00000bb4","|static|_FUN_005cedc8_00000bb4",$d,00000000
"00000bb8","FUN_00000bb8",$a,00000004
"00000bbc","|static|_FUN_005cedb4_00000bbc",$d,00000000
"00000bc0","FUN_00000bc0",$a,00000004
"00000bc4","|static|_FUN_006a5b88_00000bc4",$d,00000000
"00000bc8","FUN_00000bc8",$a,00000004
"00000bcc","|static|_FUN_00565fe8_00000bcc",$d,00000000
"00000bd0","FUN_00000bd0",$a,00000004
"00000bd4","|static|_FUN_00317e2c_00000bd4",$d,00000000
"00000bd8","FUN_00000bd8",$a,00000004
"00000bdc","|static|_FUN_0076a4bc_00000bdc",$d,00000000
"00000be0","FUN_00000be0",$a,00000004
"00000be4","|static|_FUN_005e3598_00000be4",$d,00000000
"00000be8","FUN_00000be8",$a,00000004
"00000bec","|static|_FUN_005e3344_00000bec",$d,00000000
"00000bf0","FUN_00000bf0",$a,00000004
"00000bf4","|static|_FUN_002fc900_00000bf4",$d,00000000
"00000bf8","FUN_00000bf8",$a,00000004
"00000bfc","|static|_FUN_0029c05c_00000bfc",$d,00000000
"00000c00","FUN_00000c00",$a,00000004
"00000c04","|static|_FUN_0062499c_00000c04",$d,00000000
"00000c08","FUN_00000c08",$a,00000004
"00000c0c","|static|_FUN_004ee55c_00000c0c",$d,00000000
"00000c10","FUN_00000c10",$a,00000004
"00000c14","|static|_FUN_003117bc_00000c14",$d,00000000
"00000c18","FUN_00000c18",$a,00000004
"00000c1c","|static|_FUN_00545390_00000c1c",$d,00000000
"00000c20","FUN_00000c20",$a,00000004
"00000c24","|static|_FUN_005c1808_00000c24",$d,00000000
"00000c28","FUN_00000c28",$a,00000004
"00000c2c","|static|_FUN_0076b984_00000c2c",$d,00000000
"00000c30","FUN_00000c30",$a,00000004
"00000c34","|static|_FUN_0054a644_00000c34",$d,00000000
"00000c38","FUN_00000c38",$a,00000004
"00000c3c","|static|_FUN_00544fec_00000c3c",$d,00000000
"00000c40","FUN_00000c40",$a,00000004
"00000c44","|static|_FUN_00544f18_00000c44",$d,00000000
"00000c48","FUN_00000c48",$a,00000004
"00000c4c","|static|_FUN_0053ffb8_00000c4c",$d,00000000
"00000c50","FUN_00000c50",$a,00000004
"00000c54","|static|_FUN_0076b8c4_00000c54",$d,00000000
"00000c58","FUN_00000c58",$a,00000004
"00000c5c","|static|_FUN_0076bac4_00000c5c",$d,00000000
"00000c60","FUN_00000c60",$a,00000004
"00000c64","|static|_FUN_006fad7c_00000c64",$d,00000000
"00000c68","FUN_00000c68",$a,00000004
"00000c6c","|static|_FUN_00712838_00000c6c",$d,00000000
"00000c70","FUN_00000c70",$a,00000004
"00000c74","|static|_FUN_0056a178_00000c74",$d,00000000
"00000c78","FUN_00000c78",$a,00000004
"00000c7c","|static|_FUN_005977d8_00000c7c",$d,00000000
"00000c80","FUN_00000c80",$a,00000004
"00000c84","|static|_FUN_00132478_00000c84",$d,00000000
"00000c88","FUN_00000c88",$a,00000004
"00000c8c","|static|_FUN_00590d8c_00000c8c",$d,00000000
"00000c90","FUN_00000c90",$a,00000004
"00000c94","|static|_FUN_00750e1c_00000c94",$d,00000000
"00000c98","FUN_00000c98",$a,00000004
"00000c9c","|static|_FUN_002fcbb0_00000c9c",$d,00000000
"00000ca0","FUN_00000ca0",$a,00000004
"00000ca4","|static|_FUN_00590c14_00000ca4",$d,00000000
"00000ca8","FUN_00000ca8",$a,00000004
"00000cac","|static|_FUN_00317a50_00000cac",$d,00000000
"00000cb0","FUN_00000cb0",$a,00000004
"00000cb4","|static|_FUN_00134544_00000cb4",$d,00000000
"00000cb8","FUN_00000cb8",$a,00000004
"00000cbc","|static|_FUN_006917f0_00000cbc",$d,00000000
"00000cc0","FUN_00000cc0",$a,00000004
"00000cc4","|static|_FUN_005c33cc_00000cc4",$d,00000000
"00000cc8","FUN_00000cc8",$a,00000004
"00000ccc","|static|_FUN_00765fa8_00000ccc",$d,00000000
"00000cd0","FUN_00000cd0",$a,00000004
"00000cd4","|static|_FUN_00571580_00000cd4",$d,00000000
"00000cd8","FUN_00000cd8",$a,00000004
"00000cdc","|static|_FUN_00755ab4_00000cdc",$d,00000000
"00000ce0","FUN_00000ce0",$a,00000004
"00000ce4","|static|_thunk_FUN_00317e2c_00000ce4",$d,00000000
"00000ce8","FUN_00000ce8",$a,00000004
"00000cec","|static|_FUN_00300904_00000cec",$d,00000000
"00000cf0","FUN_00000cf0",$a,00000004
"00000cf4","|static|_FUN_0020365c_00000cf4",$d,00000000
"00000cf8","FUN_00000cf8",$a,00000004
"00000cfc","|static|_FUN_00746f24_00000cfc",$d,00000000
"00000d00","FUN_00000d00",$a,00000004
"00000d04","|static|_INVALID_|static|_TEXT:000014ef_00000d04",$d,00000000
"00000d08","FUN_00000d08",$a,00000004
"00000d0c","|static|_FUN_008383e8_00000d0c",$d,00000000
"00000d10","FUN_00000d10",$a,00000004
"00000d14","|static|_FUN_00331edc_00000d14",$d,00000000
"00000d18","FUN_00000d18",$a,00000004
"00000d1c","|static|_FUN_004e89a4_00000d1c",$d,00000000
"00000d20","FUN_00000d20",$a,00000004
"00000d24","|static|_FUN_004e6ed8_00000d24",$d,00000000
"00000d28","FUN_00000d28",$a,00000004
"00000d2c","|static|_FUN_004e3668_00000d2c",$d,00000000
"00000d30","FUN_00000d30",$a,00000004
"00000d34","|static|_FUN_00838610_00000d34",$d,00000000
"00000d38","FUN_00000d38",$a,00000004
"00000d3c","|static|_FUN_005359fc_00000d3c",$d,00000000
"00000d40","FUN_00000d40",$a,00000004
"00000d44","|static|_FUN_002f747c_00000d44",$d,00000000
"00000d48","FUN_00000d48",$a,00000004
"00000d4c","|static|_FUN_007530c0_00000d4c",$d,00000000
"00000d50","FUN_00000d50",$a,00000004
"00000d54","|static|_FUN_004f2d48_00000d54",$d,00000000
"00000d58","FUN_00000d58",$a,00000004
"00000d5c","|static|_FUN_005361a8_00000d5c",$d,00000000
"00000d60","FUN_00000d60",$a,00000004
"00000d64","|static|_FUN_00712864_00000d64",$d,00000000
"00000d68","FUN_00000d68",$a,00000004
"00000d6c","|static|_FUN_004ee594_00000d6c",$d,00000000
"00000d74","|static|_FUN_002ffb64_00000d74",$d,00000000
"00000d78","FUN_00000d78",$a,00000004
"00000d7c","|static|_FUN_0076ab28_00000d7c",$d,00000000
"00000d80","FUN_00000d80",$a,00000004
"00000d84","|static|_FUN_0075103c_00000d84",$d,00000000
"00000d88","FUN_00000d88",$a,00000004
"00000d8c","|static|_FUN_00573d9c_00000d8c",$d,00000000
"00000d90","FUN_00000d90",$a,00000004
"00000d94","|static|_FUN_00572284_00000d94",$d,00000000
"00000d98","FUN_00000d98",$a,00000004
"00000d9c","|static|_FUN_00582e4c_00000d9c",$d,00000000
"00000da0","FUN_00000da0",$a,00000004
"00000da4","|static|_FUN_0056fa68_00000da4",$d,00000000
"00000da8","FUN_00000da8",$a,00000004
"00000dac","|static|_FUN_0014e910_00000dac",$d,00000000
"00000db0","FUN_00000db0",$a,00000004
"00000db4","|static|_FUN_00751578_00000db4",$d,00000000
"00000db8","FUN_00000db8",$a,00000004
"00000dbc","|static|_FUN_00750de0_00000dbc",$d,00000000
"00000dc0","FUN_00000dc0",$a,00000004
"00000dc4","|static|_FUN_0068ec3c_00000dc4",$d,00000000
"00000dc8","FUN_00000dc8",$a,00000004
"00000dcc","ModuleIndoor_FUN_00024094_00000dcc",$d,00000000
"00000dd0","FUN_00000dd0",$a,00000004
"00000dd4","ModuleIndoor_FUN_00024208_00000dd4",$d,00000000
"00000dd8","FUN_00000dd8",$a,00000004
"00000ddc","ModuleIndoor_FUN_00024298_00000ddc",$d,00000000
"00000de0","FUN_00000de0",$a,00000004
"00000de4","ModuleIndoor_FUN_00024230_00000de4",$d,00000000
"00000de8","FUN_00000de8",$a,00000004
"00000dec","ModuleIndoor_FUN_00024110_00000dec",$d,00000000
"00000df0","FUN_00000df0",$a,00000004
"00000df4","|static|_FUN_002f9e1c_00000df4",$d,00000000
"00000df8","FUN_00000df8",$a,00000004
"00000dfc","ModuleIndoor_FUN_0003ef2c_00000dfc",$d,00000000
"00000e00","FUN_00000e00",$a,00000004
"00000e04","ModuleIndoor_FUN_0003f010_00000e04",$d,00000000
"00000e08","FUN_00000e08",$a,00000004
"00000e0c","ModuleIndoor_FUN_0003ee8c_00000e0c",$d,00000000
"00000e10","FUN_00000e10",$a,00000004
"00000e14","ModuleIndoor_FUN_0003ef54_00000e14",$d,00000000
"00000e18","FUN_00000e18",$a,00000004
"00000e1c","ModuleIndoor_FUN_0003eefc_00000e1c",$d,00000000
"00000e20","FUN_00000e20",$a,00000004
"00000e24","ModuleIndoor_FUN_0003edf0_00000e24",$d,00000000
"00000e28","FUN_00000e28",$a,00000004
"00000e2c","ModuleIndoor_FUN_0003edd0_00000e2c",$d,00000000
"00000e30","FUN_00000e30",$a,00000004
"00000e34","|static|_FUN_0059b2a4_00000e34",$d,00000000
"00000e38","FUN_00000e38",$a,00000004
"00000e3c","|static|_FUN_0059dab8_00000e3c",$d,00000000
"00000e40","FUN_00000e40",$a,00000004
"00000e44","|static|_FUN_0059c8f8_00000e44",$d,00000000
"00000e48","FUN_00000e48",$a,00000004
"00000e4c","|static|_FUN_005943c0_00000e4c",$d,00000000
"00000e50","FUN_00000e50",$a,00000004
"00000e54","|static|_FUN_0013f000_00000e54",$d,00000000
"00000e58","FUN_00000e58",$a,00000004
"00000e5c","|static|_FUN_0059437c_00000e5c",$d,00000000
"00000e60","FUN_00000e60",$a,00000004
"00000e64","|static|_FUN_00125ca8_00000e64",$d,00000000
"00000e68","FUN_00000e68",$a,00000004
"00000e6c","|static|_FUN_005a2624_00000e6c",$d,00000000
"00000e70","FUN_00000e70",$a,00000004
"00000e74","|static|_FUN_004e9370_00000e74",$d,00000000
"00000e78","FUN_00000e78",$a,00000004
"00000e7c","|static|_FUN_001324a8_00000e7c",$d,00000000
"00000e80","FUN_00000e80",$a,00000004
"00000e84","|static|_FUN_005c8894_00000e84",$d,00000000
"00000e88","FUN_00000e88",$a,00000004
"00000e8c","|static|_FUN_00292ca8_00000e8c",$d,00000000
"00000e90","FUN_00000e90",$a,00000004
"00000e94","|static|_FUN_00290cfc_00000e94",$d,00000000
"00000e9c","|static|_FUN_005e32a0_00000e9c",$d,00000000
"00000ea0","FUN_00000ea0",$a,00000004
"00000ea4","|static|_FUN_0057456c_00000ea4",$d,00000000
"00000eac","|static|_FUN_0060396c_00000eac",$d,00000000
"00000eb4","|static|_FUN_006039d8_00000eb4",$d,00000000
"00000ebc","|static|_FUN_005c20c8_00000ebc",$d,00000000
"00000ec0","FUN_00000ec0",$a,00000004
"00000ec4","|static|_FUN_0056b06c_00000ec4",$d,00000000
"00000ecc","|static|_FUN_0016d7f4_00000ecc",$d,00000000
"00000ed0","FUN_00000ed0",$a,00000004
"00000ed4","|static|_FUN_005fcca4_00000ed4",$d,00000000
"00000edc","|static|_LAB_005f4b8c_00000edc",$d,00000000
"00000ee4","|static|_LAB_005f4bdc_00000ee4",$d,00000000
"00000ee8","FUN_00000ee8",$a,00000004
"00000eec","|static|_FUN_005fcf24_00000eec",$d,00000000
"00000ef4","|static|_FUN_00521a10_00000ef4",$d,00000000
"00000ef8","FUN_00000ef8",$a,00000004
"00000efc","|static|_LAB_00521a30_00000efc",$d,00000000
"00000f30","FUN_00000f30",$a,0000014c
"0000107c","|static|_DAT_0095deac_0000107c",$d,00000000
"00001164","FUN_00001164",$a,00000060
"000011c8","FUN_000011c8",$a,000002c4
"0000148c","|static|_DAT_009c8fd4_0000148c",$d,00000000
"00001490","|static|_DAT_00ae5658_00001490",$d,00000000
"0000149c","|static|_DAT_0085f2d0_0000149c",$d,00000000
"000014a0","FUN_000014a0",$a,000000a8
"0000154c","FUN_0000154c",$a,00000050
"000015a4","FUN_000015a4",$a,00000040
"000015e8","FUN_000015e8",$a,000000dc
"000016cc","FUN_000016cc",$a,00000040
"00001710","FUN_00001710",$a,000000ac
"000017c4","FUN_000017c4",$a,000000d0
"000018b4","FUN_000018b4",$a,00000028
"000018f4","FUN_000018f4",$a,0000005c
"00001958","FUN_00001958",$a,00000034
"000019d0","FUN_000019d0",$a,00000038
"00001a08","FUN_00001a08",$a,0000002c
"00001a34","FUN_00001a34",$a,00000058
"00001a8c","FUN_00001a8c",$a,00000040
"00001ac8","FUN_00001ac8",$a,00000058
"00001b20","FUN_00001b20",$a,0000003c
"00001b5c","FUN_00001b5c",$a,0000007c
"00001dc0","FUN_00001dc0",$a,0000002c
"00001df4","FUN_00001df4",$a,0000010c
"00001f1c","FUN_00001f1c",$a,00000090
"00001fb4","FUN_00001fb4",$a,00000060
"00002018","FUN_00002018",$a,0000004c
"000020e0","FUN_000020e0",$a,00000064
"00002144","FUN_00002144",$a,000000fc
"00002264","FUN_00002264",$a,0000023c
"000024ac","FUN_000024ac",$a,0000002c
"000024dc","FUN_000024dc",$a,000000e0
"000025c0","|static|_DAT_0094f310_000025c0",$d,00000000
"00002640","FUN_00002640",$a,00000034
"00002674","FUN_00002674",$a,00000034
"000026a8","FUN_000026a8",$a,00000030
"000026e8","FUN_000026e8",$a,00000048
"0000274c","FUN_0000274c",$a,00000060
"000027c8","FUN_000027c8",$a,00000120
"00002a58","FUN_00002a58",$a,00000124
"00002c50","FUN_00002c50",$a,00000034
"00002c84","FUN_00002c84",$a,00000030
"00002cc4","FUN_00002cc4",$a,00000048
"00002d7c","FUN_00002d7c",$a,00000060
"00002e58","FUN_00002e58",$a,0000002c
"00002e90","FUN_00002e90",$a,00000050
"000030fc","FUN_000030fc",$a,00000090
"00003194","FUN_00003194",$a,00000048
"000031e0","FUN_000031e0",$a,00000078
"00003258","FUN_00003258",$a,00000038
"00003294","FUN_00003294",$a,00000060
"00003350","FUN_00003350",$a,00000094
"00003418","FUN_00003418",$a,00000098
"000034b4","FUN_000034b4",$a,00000098
"00003558","FUN_00003558",$a,00000054
"000035b0","FUN_000035b0",$a,000000ac
"00003660","FUN_00003660",$a,00000060
"000036c4","FUN_000036c4",$a,000000f0
"000037bc","FUN_000037bc",$a,0000002c
"000037e8","FUN_000037e8",$a,000000ec
"000038e0","FUN_000038e0",$a,0000003c
"0000391c","FUN_0000391c",$a,00000030
"00003960","FUN_00003960",$a,000000e0
"00003a40","FUN_00003a40",$a,000000b4
"00003b1c","FUN_00003b1c",$a,00000048
"00003b64","FUN_00003b64",$a,0000007c
"00003be8","FUN_00003be8",$a,000000c8
"00003cb0","|static|_DAT_0094fd2b_00003cb0",$d,00000000
"00003ccc","FUN_00003ccc",$a,00000094
"00003d5c","|static|_DAT_0094fd25_00003d5c",$d,00000000
"00003d60","|static|_DAT_0095bfdc_00003d60",$d,00000000
"00003d74","FUN_00003d74",$a,00000050
"00003dc4","FUN_00003dc4",$a,00000080
"00003e60","FUN_00003e60",$a,00000240
"000040a4","|static|_FUN_00572800_000040a4",$d,00000000
"000040a8","FUN_000040a8",$a,00000078
"00004128","FUN_00004128",$a,000000a8
"000041d8","|static|_DAT_0095bfdc_000041d8",$d,00000000
"000041dc","FUN_000041dc",$a,0000005c
"000042ec","FUN_000042ec",$a,000000bc
"000043ac","FUN_000043ac",$a,0000007c
"00004448","FUN_00004448",$a,00000060
"000044ac","FUN_000044ac",$a,00000034
"00004510","FUN_00004510",$a,0000007c
"000045b8","FUN_000045b8",$a,00000014
"000045cc","FUN_000045cc",$a,00000054
"00004624","FUN_00004624",$a,00000058
"00004680","FUN_00004680",$a,00000040
"000046c0","FUN_000046c0",$a,0000003c
"000046fc","FUN_000046fc",$a,00000060
"0000479c","FUN_0000479c",$a,00000108
"000048bc","FUN_000048bc",$a,00000044
"00004900","FUN_00004900",$a,00000054
"00004958","FUN_00004958",$a,00000044
"0000499c","FUN_0000499c",$a,0000005c
"000049fc","FUN_000049fc",$a,00000060
"00004a60","FUN_00004a60",$a,00000050
"00004c30","FUN_00004c30",$a,000000d8
"00004d20","FUN_00004d20",$a,00000044
"00004d64","FUN_00004d64",$a,0000006c
"00004de4","FUN_00004de4",$a,00000028
"00004e0c","FUN_00004e0c",$a,00000018
"00004e2c","FUN_00004e2c",$a,000000e8
"00004f30","FUN_00004f30",$a,00000040
"00005070","FUN_00005070",$a,00000054
"000050dc","FUN_000050dc",$a,0000005c
"00005138","FUN_00005138",$a,00000010
"0000514c","FUN_0000514c",$a,00000040
"0000518c","FUN_0000518c",$a,00000028
"000051c4","FUN_000051c4",$a,000000e0
"000052ac","|static|_DAT_008c9f1c_000052ac",$d,00000000
"000052c0","FUN_000052c0",$a,0000013c
"000053f8","|static|_DAT_00a8413c_000053f8",$d,00000000
"000053fc","|static|_DAT_00a83aec_000053fc",$d,00000000
"0000551c","|static|_DAT_00a8413c_0000551c",$d,00000000
"00005520","|static|_DAT_00a83aec_00005520",$d,00000000
"00005630","|static|_DAT_00a8413c_00005630",$d,00000000
"00005634","|static|_DAT_00a83aec_00005634",$d,00000000
"00005640","FUN_00005640",$a,00000090
"000056d8","FUN_000056d8",$a,00000060
"00005770","FUN_00005770",$a,00000018
"00005790","FUN_00005790",$a,00000140
"000058cc","|static|_DAT_0095debc_000058cc",$d,00000000
"000058d4","|static|_DAT_00a8413c_000058d4",$d,00000000
"000058dc","|static|_DAT_00a83aec_000058dc",$d,00000000
"000058e8","FUN_000058e8",$a,00000044
"0000595c","FUN_0000595c",$a,0000016c
"000059f8","switchD_000059f0::switchdataD_000059f8",$d,00000000
"00005b8c","FUN_00005b8c",$a,000000fc
"00005c88","FUN_00005c88",$a,00000058
"00005d5c","FUN_00005d5c",$a,000001c0
"00005f20","FUN_00005f20",$a,00000048
"0000601c","FUN_0000601c",$a,00000010
"00006030","FUN_00006030",$a,00000034
"00006094","FUN_00006094",$a,00000058
"000060f0","FUN_000060f0",$a,000000a4
"00006198","FUN_00006198",$a,00000060
"000061fc","FUN_000061fc",$a,000000a4
"000062a4","FUN_000062a4",$a,00000098
"00006340","FUN_00006340",$a,00000098
"000063dc","FUN_000063dc",$a,00000150
"00006544","FUN_00006544",$a,00000048
"00006590","FUN_00006590",$a,00000060
"000065f4","FUN_000065f4",$a,00000088
"0000667c","FUN_0000667c",$a,00000088
"00006738","FUN_00006738",$a,00000024
"0000675c","FUN_0000675c",$a,00000010
"00006770","FUN_00006770",$a,00000090
"00006808","FUN_00006808",$a,00000044
"0000684c","FUN_0000684c",$a,00000060
"000068b0","FUN_000068b0",$a,00000040
"000068f0","FUN_000068f0",$a,00000048
"0000693c","FUN_0000693c",$a,0000006c
"000069f4","FUN_000069f4",$a,00000074
"00006ab8","FUN_00006ab8",$a,00000100
"00006c2c","FUN_00006c2c",$a,000000e8
"00006d18","FUN_00006d18",$a,00000060
"00006d7c","FUN_00006d7c",$a,00000090
"00006e0c","FUN_00006e0c",$a,00000060
"00006e70","FUN_00006e70",$a,0000004c
"00006ee0","FUN_00006ee0",$a,00000094
"00006fc4","FUN_00006fc4",$a,000002a8
"00007270","ModuleIndoor_DAT_0008e30c_00007270",$d,00000000
"00007288","FUN_00007288",$a,0000030c
"000075ac","ModuleIndoor_DAT_0008e30c_000075ac",$d,00000000
"000075bc","FUN_000075bc",$a,000001c4
"00007788","FUN_00007788",$a,000000b8
"00007844","FUN_00007844",$a,00000028
"00007870","FUN_00007870",$a,000005a4
"00007c24","|static|_DAT_0085f2cc_00007c24",$d,00000000
"00007c28","|static|_DAT_0085f2d0_00007c28",$d,00000000
"00007e44","FUN_00007e44",$a,00000154
"00007f98","FUN_00007f98",$a,00000018
"00007fb4","FUN_00007fb4",$a,000001b4
"0000816c","FUN_0000816c",$a,000001f8
"00008368","ModuleIndoor_DAT_0008e298_00008368",$d,00000000
"0000836c","FUN_0000836c",$a,000002ac
"0000861c","ModuleIndoor_DAT_0008e298_0000861c",$d,00000000
"00008620","FUN_00008620",$a,00000044
"00008668","FUN_00008668",$a,00000478
"00008af4","ModuleIndoor_DAT_0008e298_00008af4",$d,00000000
"00008af8","FUN_00008af8",$a,00000304
"00008dfc","|static|_DAT_0085f2d8_00008dfc",$d,00000000
"00008e00","|static|_DAT_0085f2d4_00008e00",$d,00000000
"00008e04","|static|_DAT_0085f2d0_00008e04",$d,00000000
"00008e08","|static|_DAT_0085f2cc_00008e08",$d,00000000
"00008e10","FUN_00008e10",$a,00000008
"00008e24","FUN_00008e24",$a,000000dc
"00008f08","|static|_DAT_008873e4_00008f08",$d,00000000
"00008f0c","FUN_00008f0c",$a,000002a8
"000091b8","|static|_DAT_0085f2cc_000091b8",$d,00000000
"000091bc","|static|_DAT_0085f2d0_000091bc",$d,00000000
"000091c0","ModuleIndoor_DAT_0008e30c_000091c0",$d,00000000
"000091d8","FUN_000091d8",$a,0000041c
"00009610","ModuleIndoor_DAT_0008e298_00009610",$d,00000000
"00009698","FUN_00009698",$a,00000118
"000097b4","FUN_000097b4",$a,00000114
"000098e0","FUN_000098e0",$a,00000034
"0000991c","FUN_0000991c",$a,00000030
"00009970","FUN_00009970",$a,00000174
"00009ae4","|static|_DAT_009c8fd4_00009ae4",$d,00000000
"00009af4","FUN_00009af4",$a,0000003c
"00009b34","FUN_00009b34",$a,00000010
"00009b48","FUN_00009b48",$a,00000048
"00009b94","FUN_00009b94",$a,00000060
"00009bf8","FUN_00009bf8",$a,00000050
"00009c48","FUN_00009c48",$a,00000050
"00009cc8","FUN_00009cc8",$a,000000c4
"00009dac","FUN_00009dac",$a,00000088
"00009e3c","FUN_00009e3c",$a,00000060
"00009ea0","FUN_00009ea0",$a,00000040
"00009ee4","FUN_00009ee4",$a,00000050
"00009f34","FUN_00009f34",$a,0000009c
"00009fd0","|static|_DAT_0094fd2b_00009fd0",$d,00000000
"0000a040","FUN_0000a040",$a,00000008
"0000a080","FUN_0000a080",$a,00000090
"0000a114","FUN_0000a114",$a,0000001c
"0000a130","FUN_0000a130",$a,000000c8
"0000a200","FUN_0000a200",$a,000000b4
"0000a2cc","FUN_0000a2cc",$a,0000003c
"0000a30c","FUN_0000a30c",$a,00000010
"0000a320","FUN_0000a320",$a,0000007c
"0000a3a0","FUN_0000a3a0",$a,00000060
"0000a404","FUN_0000a404",$a,000000cc
"0000a4d0","FUN_0000a4d0",$a,00000090
"0000a560","FUN_0000a560",$a,0000005c
"0000a624","FUN_0000a624",$a,00000100
"0000a73c","FUN_0000a73c",$a,000002a0
"0000a9ec","FUN_0000a9ec",$a,00000114
"0000ab08","FUN_0000ab08",$a,00000230
"0000ad3c","FUN_0000ad3c",$a,00000114
"0000ae58","FUN_0000ae58",$a,00000050
"0000aea4","FUN_0000aea4",$a,00000268
"0000b114","FUN_0000b114",$a,00000128
"0000b738","FUN_0000b738",$a,00000874
"0000b79c","switchD_0000b794::switchdataD_0000b79c",$d,00000000
"0000bfd8","|static|_DAT_0094fd7c_0000bfd8",$d,00000000
"0000bfdc","|static|_DAT_0094fd2b_0000bfdc",$d,00000000
"0000bfe4","|static|_DAT_0095bfdc_0000bfe4",$d,00000000
"0000bff8","FUN_0000bff8",$a,0000014c
"0000c20c","FUN_0000c20c",$a,0000016c
"0000c38c","FUN_0000c38c",$a,0000016c
"0000c50c","FUN_0000c50c",$a,00000134
"0000c654","FUN_0000c654",$a,00000018
"0000c66c","FUN_0000c66c",$a,00000058
"0000c6d8","FUN_0000c6d8",$a,0000043c
"0000cb48","FUN_0000cb48",$a,000000b4
"0000cc04","FUN_0000cc04",$a,0000001c
"0000cc20","FUN_0000cc20",$a,000000b8
"0000ccdc","FUN_0000ccdc",$a,00000128
"0000ce08","FUN_0000ce08",$a,0000004c
"0000ce50","|static|_DAT_0094f310_0000ce50",$d,00000000
"0000ce54","FUN_0000ce54",$a,0000005c
"0000ceac","|static|_DAT_0094f310_0000ceac",$d,00000000
"0000ceb0","FUN_0000ceb0",$a,00000048
"0000cefc","FUN_0000cefc",$a,00000060
"0000cf60","FUN_0000cf60",$a,000000b0
"0000d014","FUN_0000d014",$a,00000044
"0000d058","FUN_0000d058",$a,00000054
"0000d0b0","FUN_0000d0b0",$a,00000050
"0000d104","FUN_0000d104",$a,00000050
"0000d158","FUN_0000d158",$a,00000048
"0000d1a4","FUN_0000d1a4",$a,000000c8
"0000d270","FUN_0000d270",$a,000000a8
"0000d46c","FUN_0000d46c",$a,000000a8
"0000d514","|static|_DAT_00a84790_0000d514",$d,00000000
"0000d5d0","|static|_DAT_00a84790_0000d5d0",$d,00000000
"0000d5d4","|static|_DAT_0095debc_0000d5d4",$d,00000000
"0000d5dc","|static|_DAT_00881f20_0000d5dc",$d,00000000
"0000d620","FUN_0000d620",$a,00000034
"0000d654","FUN_0000d654",$a,00000030
"0000d69c","FUN_0000d69c",$a,00000040
"0000d6ec","FUN_0000d6ec",$a,00000088
"0000d7a0","FUN_0000d7a0",$a,0000002c
"0000d7cc","FUN_0000d7cc",$a,00000060
"0000d830","FUN_0000d830",$a,00000064
"0000d8b8","FUN_0000d8b8",$a,00000044
"0000d914","FUN_0000d914",$a,00000060
"0000d974","|static|_DAT_008656e0_0000d974",$d,00000000
"0000d978","FUN_0000d978",$a,00000010
"0000d988","FUN_0000d988",$a,00000078
"0000da18","FUN_0000da18",$a,0000003c
"0000da6c","|static|_DAT_008656e4_0000da6c",$d,00000000
"0000da70","FUN_0000da70",$a,00000010
"0000dabc","FUN_0000dabc",$a,00000074
"0000db30","FUN_0000db30",$a,00000058
"0000db88","FUN_0000db88",$a,00000010
"0000db9c","FUN_0000db9c",$a,00000048
"0000dbe8","FUN_0000dbe8",$a,00000060
"0000dc4c","FUN_0000dc4c",$a,000000a4
"0000dcf4","FUN_0000dcf4",$a,00000094
"0000dd88","FUN_0000dd88",$a,00000044
"0000ddd0","FUN_0000ddd0",$a,00000050
"0000df50","FUN_0000df50",$a,000000a0
"0000e01c","FUN_0000e01c",$a,00000058
"0000e080","FUN_0000e080",$a,00000058
"0000e0d8","FUN_0000e0d8",$a,00000034
"0000e118","FUN_0000e118",$a,00000144
"0000e2bc","FUN_0000e2bc",$a,00000100
"0000e458","FUN_0000e458",$a,00000048
"0000e4a4","FUN_0000e4a4",$a,00000060
"0000e508","FUN_0000e508",$a,00000058
"0000e5b0","FUN_0000e5b0",$a,00000080
"0000e630","FUN_0000e630",$a,00000024
"0000e654","FUN_0000e654",$a,00000010
"0000e668","FUN_0000e668",$a,00000044
"0000e6ac","FUN_0000e6ac",$a,00000070
"0000e730","FUN_0000e730",$a,00000028
"0000e758","FUN_0000e758",$a,00000018
"0000e78c","FUN_0000e78c",$a,0000004c
"0000e7d8","FUN_0000e7d8",$a,00000070
"0000e848","FUN_0000e848",$a,00000044
"0000e890","FUN_0000e890",$a,00000050
"0000e8e4","FUN_0000e8e4",$a,00000090
"0000ea20","FUN_0000ea20",$a,00000044
"0000eaa8","FUN_0000eaa8",$a,00000064
"0000eb10","FUN_0000eb10",$a,0000005c
"0000eb6c","FUN_0000eb6c",$a,00000010
"0000eb80","FUN_0000eb80",$a,00000044
"0000ebc4","FUN_0000ebc4",$a,00000078
"0000ec50","FUN_0000ec50",$a,000000b4
"0000ed04","|static|_DAT_00950148_0000ed04",$d,00000000
"0000ed0c","FUN_0000ed0c",$a,00000054
"0000ed60","|static|_DAT_00950148_0000ed60",$d,00000000
"0000ed9c","FUN_0000ed9c",$a,00000018
"0000edb4","FUN_0000edb4",$a,00000090
"0000ee4c","FUN_0000ee4c",$a,00000060
"0000eeb0","FUN_0000eeb0",$a,0000011c
"0000efcc","|static|_DAT_008656fc_0000efcc",$d,00000000
"0000efd0","|static|_DAT_00865700_0000efd0",$d,00000000
"0000efd4","|static|_DAT_008656f8_0000efd4",$d,00000000
"0000efe8","FUN_0000efe8",$a,000001dc
"0000f060","switchD_0000f058::switchdataD_0000f060",$d,00000000
"0000f1dc","|static|_DAT_00a84790_0000f1dc",$d,00000000
"0000f1f0","FUN_0000f1f0",$a,00000108
"0000f300","FUN_0000f300",$a,000001b0
"0000f3ec","switchD_0000f3e4::switchdataD_0000f3ec",$d,00000000
"0000f500","|static|_DAT_00a84790_0000f500",$d,00000000
"0000f50c","FUN_0000f50c",$a,00000230
"0000f764","|static|_DAT_00a83aec_0000f764",$d,00000000
"0000f774","|static|_DAT_00a8413c_0000f774",$d,00000000
"0000f780","FUN_0000f780",$a,000000f8
"0000f878","FUN_0000f878",$a,0000005c
"0000f8d8","FUN_0000f8d8",$a,000000fc
"0000f9d4","ModuleIndoor_DAT_0008e30c_0000f9d4",$d,00000000
"0000f9d8","|static|_DAT_0085f2cc_0000f9d8",$d,00000000
"0000f9e0","|static|_DAT_0085f2d0_0000f9e0",$d,00000000
"0000f9ec","FUN_0000f9ec",$a,00000010
"0000f9fc","FUN_0000f9fc",$a,00000074
"0000fa74","|static|_DAT_0085f2d0_0000fa74",$d,00000000
"0000fa7c","FUN_0000fa7c",$a,000001a8
"0000fc28","|static|_DAT_0085f2cc_0000fc28",$d,00000000
"0000fc2c","|static|_DAT_0085f2d0_0000fc2c",$d,00000000
"0000fc34","FUN_0000fc34",$a,00000044
"0000fc7c","FUN_0000fc7c",$a,000000c4
"0000fd44","FUN_0000fd44",$a,00000044
"0000fd88","|static|_DAT_00ae5658_0000fd88",$d,00000000
"0000fd90","FUN_0000fd90",$a,00000188
"0000ff1c","|static|_DAT_0085f2d0_0000ff1c",$d,00000000
"0000ff24","FUN_0000ff24",$a,00000168
"0001008c","|static|_DAT_00ae5658_0001008c",$d,00000000
"00010090","FUN_00010090",$a,00000170
"00010200","FUN_00010200",$a,000004a8
"0001064c","|static|_DAT_008656f4_0001064c",$d,00000000
"000106b8","FUN_000106b8",$a,0000017c
"00010834","FUN_00010834",$a,00000098
"000108d0","FUN_000108d0",$a,00000154
"00010a2c","FUN_00010a2c",$a,00000110
"00010b40","FUN_00010b40",$a,0000004c
"00010b90","|static|_DAT_008c9f1c_00010b90",$d,00000000
"00010b9c","FUN_00010b9c",$a,000000a8
"00010c44","FUN_00010c44",$a,000001c0
"00010e04","|static|_DAT_00950708_00010e04",$d,00000000
"00010e08","|static|_DAT_0095070d_00010e08",$d,00000000
"00010e10","|static|_DAT_0095362c_00010e10",$d,00000000
"00010e14","FUN_00010e14",$a,00000090
"00010ea4","FUN_00010ea4",$a,00000040
"00010ee4","FUN_00010ee4",$a,000000b0
"00010f94","FUN_00010f94",$a,000001c0
"00011154","|static|_DAT_00950708_00011154",$d,00000000
"00011158","|static|_DAT_0095070d_00011158",$d,00000000
"00011160","|static|_DAT_0095362c_00011160",$d,00000000
"00011164","FUN_00011164",$a,000000b8
"0001121c","FUN_0001121c",$a,0000005c
"0001127c","FUN_0001127c",$a,00000144
"000113c8","FUN_000113c8",$a,0000005c
"00011430","FUN_00011430",$a,0000005c
"00011490","FUN_00011490",$a,00000224
"000114c0","switchD_000114b8::switchdataD_000114c0",$d,00000000
"000116e0","|static|_DAT_0094e4b8_000116e0",$d,00000000
"000116e8","|static|_DAT_00865744_000116e8",$d,00000000
"000116ec","|static|_DAT_00865748_000116ec",$d,00000000
"000116f8","FUN_000116f8",$a,0000005c
"00011758","thunk_FUN_00000bd0_00011758",$a,00000004
"0001175c","FUN_0001175c",$a,0000005c
"000117bc","FUN_000117bc",$a,00000284
"00011a44","|static|_thunk_FUN_004ee514_00011a44",$d,00000000
"00011a48","|static|_thunk_FUN_00317e2c_00011a48",$d,00000000
"00011a4c","|static|_FUN_00317dec_00011a4c",$d,00000000
"00011a50","|static|_thunk_FUN_004ee514_00011a50",$d,00000000
"00011a54","|static|_FUN_00317e2c_00011a54",$d,00000000
"00011a58","FUN_00011a58",$a,00000114
"00011b74","FUN_00011b74",$a,000000b0
"00011c28","FUN_00011c28",$a,00000104
"00011d34","FUN_00011d34",$a,000000ac
"00011de0","FUN_00011de0",$a,0000009c
"00011e7c","FUN_00011e7c",$a,000000f8
"00011f14","switchD_00011f0c::switchdataD_00011f14",$d,00000000
"00012000","FUN_00012000",$a,00000110
"0001211c","|static|_DAT_008ae144_0001211c",$d,00000000
"00012130","FUN_00012130",$a,0000011c
"00012258","|static|_DAT_008ae144_00012258",$d,00000000
"0001226c","FUN_0001226c",$a,00000168
"000123d4","FUN_000123d4",$a,00000104
"000124d8","FUN_000124d8",$a,0000014c
"00012628","|static|_DAT_008c9f1c_00012628",$d,00000000
"00012650","FUN_00012650",$a,00000104
"00012754","FUN_00012754",$a,0000014c
"000128a4","|static|_DAT_008c9f1c_000128a4",$d,00000000
"000128cc","FUN_000128cc",$a,00000108
"000129d4","FUN_000129d4",$a,00000134
"00012b08","FUN_00012b08",$a,00000110
"00012c18","FUN_00012c18",$a,00000114
"00012d2c","FUN_00012d2c",$a,000001fc
"00012f2c","|static|_DAT_008c9f1c_00012f2c",$d,00000000
"00012f78","FUN_00012f78",$a,00000114
"0001308c","FUN_0001308c",$a,000000cc
"00013164","FUN_00013164",$a,00000018
"0001317c","FUN_0001317c",$a,000001ec
"0001336c","|static|_DAT_0085f2d4_0001336c",$d,00000000
"00013370","FUN_00013370",$a,00000040
"000133b0","|static|_DAT_0094f30c_000133b0",$d,00000000
"000133b4","FUN_000133b4",$a,0000005c
"00013410","|static|_DAT_0094f30c_00013410",$d,00000000
"00013414","|static|_DAT_0095bfdc_00013414",$d,00000000
"00013418","FUN_00013418",$a,000001ac
"000135c4","FUN_000135c4",$a,00000108
"000136cc","FUN_000136cc",$a,000000e0
"000137b0","FUN_000137b0",$a,00000078
"00013828","FUN_00013828",$a,00000098
"000138c0","FUN_000138c0",$a,000000d4
"00013998","FUN_00013998",$a,000000b0
"00013a4c","FUN_00013a4c",$a,00000120
"00013b6c","|static|_DAT_0085f2d4_00013b6c",$d,00000000
"00013b70","|static|_DAT_0085f2d8_00013b70",$d,00000000
"00013b74","FUN_00013b74",$a,0000038c
"00013f14","|static|_DAT_0085f2cc_00013f14",$d,00000000
"00013f18","|static|_DAT_0085f2d0_00013f18",$d,00000000
"00013f1c","FUN_00013f1c",$a,000001b0
"000140cc","|static|_DAT_0085f2cc_000140cc",$d,00000000
"000140d0","|static|_DAT_0085f2d0_000140d0",$d,00000000
"000140e0","FUN_000140e0",$a,000000cc
"000141c0","|static|_FUN_002f777c_000141c0",$d,00000000
"000141c4","FUN_000141c4",$a,00000074
"00014238","|static|_DAT_0085f2cc_00014238",$d,00000000
"0001423c","|static|_DAT_0085f2d0_0001423c",$d,00000000
"00014254","FUN_00014254",$a,000000c8
"0001431c","ModuleIndoor_DAT_0008e30c_0001431c",$d,00000000
"00014320","|static|_DAT_0085f2cc_00014320",$d,00000000
"00014324","|static|_DAT_0085f2d0_00014324",$d,00000000
"00014334","FUN_00014334",$a,00000074
"000143a8","FUN_000143a8",$a,00000028
"000143d0","|static|_DAT_0094ee60_000143d0",$d,00000000
"000143d4","FUN_000143d4",$a,00000090
"00014464","|static|_DAT_00ae5658_00014464",$d,00000000
"00014468","FUN_00014468",$a,00000110
"0001457c","FUN_0001457c",$a,000000a0
"00014620","FUN_00014620",$a,00000088
"000146a8","FUN_000146a8",$a,000000e4
"0001478c","FUN_0001478c",$a,00000168
"00014900","FUN_00014900",$a,00000028
"00014928","|static|_DAT_0094ee60_00014928",$d,00000000
"0001492c","FUN_0001492c",$a,0000003c
"00014968","|static|_DAT_0094ee60_00014968",$d,00000000
"0001496c","FUN_0001496c",$a,00000120
"00014a90","|static|_DAT_0085f2cc_00014a90",$d,00000000
"00014a94","|static|_DAT_0085f2d0_00014a94",$d,00000000
"00014a98","thunk_FUN_00000bd0_00014a98",$a,00000004
"00014a9c","FUN_00014a9c",$a,00000038
"00014adc","FUN_00014adc",$a,0000005c
"00014b48","FUN_00014b48",$a,0000012c
"00014cc4","FUN_00014cc4",$a,0000012c
"00014e34","FUN_00014e34",$a,000001c8
"00014ffc","|static|_DAT_008c9f1c_00014ffc",$d,00000000
"00015004","FUN_00015004",$a,000001b8
"00015200","FUN_00015200",$a,000000dc
"000152e0","|static|_DAT_008c9f1c_000152e0",$d,00000000
"000152f4","FUN_000152f4",$a,0000005c
"00015354","FUN_00015354",$a,00000144
"00015498","|static|_DAT_0094f310_00015498",$d,00000000
"000154ac","FUN_000154ac",$a,00000070
"00015520","FUN_00015520",$a,0000001c
"0001553c","FUN_0001553c",$a,0000005c
"0001559c","FUN_0001559c",$a,00000268
"00015808","|static|_DAT_00950148_00015808",$d,00000000
"0001580c","|static|_DAT_0090af40_0001580c",$d,00000000
"00015814","thunk_FUN_00000bd0_00015814",$a,00000004
"00015824","FUN_00015824",$a,00000050
"00015874","FUN_00015874",$a,00000070
"000158f0","FUN_000158f0",$a,0000004c
"0001593c","FUN_0001593c",$a,00000038
"0001597c","FUN_0001597c",$a,0000005c
"000159dc","FUN_000159dc",$a,00000164
"00015b70","FUN_00015b70",$a,00000110
"00015c84","FUN_00015c84",$a,00000074
"00015cf8","|static|_DAT_00ae5658_00015cf8",$d,00000000
"00015cfc","|static|_DAT_008656fc_00015cfc",$d,00000000
"00015d00","FUN_00015d00",$a,00000018
"00015d18","FUN_00015d18",$a,00000134
"00015e4c","|static|_DAT_00865714_00015e4c",$d,00000000
"00015e54","|static|_DAT_00865718_00015e54",$d,00000000
"00015e80","|static|_DAT_00865710_00015e80",$d,00000000
"00015e8c","FUN_00015e8c",$a,000000f4
"00015f88","|static|_DAT_00865708_00015f88",$d,00000000
"00015f8c","FUN_00015f8c",$a,00000190
"0001611c","|static|_DAT_0086570c_0001611c",$d,00000000
"00016120","|static|_DAT_0086571c_00016120",$d,00000000
"00016124","|static|_DAT_00865720_00016124",$d,00000000
"00016148","|static|_DAT_00865704_00016148",$d,00000000
"0001616c","|static|_DAT_0086570c_0001616c",$d,00000000
"00016170","FUN_00016170",$a,00000040
"000161d0","|static|_DAT_00865724_000161d0",$d,00000000
"000161d4","FUN_000161d4",$a,00000190
"00016364","|static|_DAT_00865728_00016364",$d,00000000
"00016368","|static|_DAT_0086572c_00016368",$d,00000000
"0001636c","|static|_DAT_00865730_0001636c",$d,00000000
"00016370","FUN_00016370",$a,00000058
"000163c8","|static|_DAT_00865728_000163c8",$d,00000000
"000163cc","FUN_000163cc",$a,00000038
"00016404","FUN_00016404",$a,0000005c
"00016460","FUN_00016460",$a,00000010
"00016474","FUN_00016474",$a,00000044
"000164b8","FUN_000164b8",$a,00000070
"00016540","FUN_00016540",$a,00000018
"00016574","FUN_00016574",$a,00000064
"000165dc","FUN_000165dc",$a,00000058
"00016638","FUN_00016638",$a,00000074
"000166ac","FUN_000166ac",$a,0000004c
"000166fc","FUN_000166fc",$a,0000003c
"0001673c","FUN_0001673c",$a,00000090
"000167d0","FUN_000167d0",$a,0000005c
"0001682c","FUN_0001682c",$a,00000010
"00016840","FUN_00016840",$a,0000005c
"000168a4","FUN_000168a4",$a,00000060
"00016908","FUN_00016908",$a,0000008c
"00016998","FUN_00016998",$a,00000090
"00016a28","FUN_00016a28",$a,00000078
"00016ac8","FUN_00016ac8",$a,00000084
"00016b58","FUN_00016b58",$a,00000098
"00016c08","FUN_00016c08",$a,00000028
"00016c30","FUN_00016c30",$a,00000070
"00016ca0","FUN_00016ca0",$a,0000006c
"00016d14","FUN_00016d14",$a,000000bc
"00016df4","FUN_00016df4",$a,00000018
"00016e38","FUN_00016e38",$a,00000044
"00016e78","FUN_00016e78",$a,000000a4
"00016f38","FUN_00016f38",$a,0000005c
"00016f94","FUN_00016f94",$a,00000010
"00016fec","FUN_00016fec",$a,00000084
"00017084","FUN_00017084",$a,00000094
"000171a8","FUN_000171a8",$a,0000003c
"000171f8","FUN_000171f8",$a,0000003c
"00017234","FUN_00017234",$a,00000028
"00017270","FUN_00017270",$a,000000f4
"000173e4","FUN_000173e4",$a,000000b0
"00017520","FUN_00017520",$a,00000300
"00017820","|static|_DAT_00a22020_00017820",$d,00000000
"00017834","FUN_00017834",$a,0000006c
"000178a4","FUN_000178a4",$a,0000012c
"000179d0","|static|_DAT_00a22020_000179d0",$d,00000000
"000179d4","FUN_000179d4",$a,00000058
"00017b00","|static|_DAT_00a22020_00017b00",$d,00000000
"00017c24","|static|_DAT_00a22020_00017c24",$d,00000000
"00017d34","FUN_00017d34",$a,00000114
"00017e48","FUN_00017e48",$a,000000fc
"00017f4c","|static|_DAT_00a22020_00017f4c",$d,00000000
"00017f50","FUN_00017f50",$a,0000006c
"00017fc0","|static|_DAT_00a22020_00017fc0",$d,00000000
"00017fc4","FUN_00017fc4",$a,00000148
"0001810c","FUN_0001810c",$a,00000100
"00018214","|static|_DAT_00a22020_00018214",$d,00000000
"00018218","FUN_00018218",$a,00000044
"00018260","FUN_00018260",$a,0000006c
"000182d0","|static|_DAT_00a22020_000182d0",$d,00000000
"000182d4","FUN_000182d4",$a,0000009c
"00018378","FUN_00018378",$a,00000044
"000183d4","FUN_000183d4",$a,00000134
"00018508","FUN_00018508",$a,00000058
"00018560","FUN_00018560",$a,00000190
"000186f0","|static|_DAT_0094f310_000186f0",$d,00000000
"000188c0","|static|_DAT_0094f310_000188c0",$d,00000000
"000188e8","FUN_000188e8",$a,00000054
"00018940","FUN_00018940",$a,00000070
"000189b0","FUN_000189b0",$a,000000d4
"00018a88","FUN_00018a88",$a,00000018
"00018aa0","FUN_00018aa0",$a,000000bc
"00018b60","FUN_00018b60",$a,0000001c
"00018b98","FUN_00018b98",$a,00000040
"00018be4","FUN_00018be4",$a,000000b4
"00018ca8","FUN_00018ca8",$a,000000b8
"00018d78","FUN_00018d78",$a,000000d0
"00018e48","FUN_00018e48",$a,0000004c
"00018e94","FUN_00018e94",$a,0000014c
"00018fe4","|static|_DAT_008c9f1c_00018fe4",$d,00000000
"00018ff0","FUN_00018ff0",$a,00000058
"00019050","FUN_00019050",$a,000000f8
"000190e8","switchD_000190e0::switchdataD_000190e8",$d,00000000
"00019174","FUN_00019174",$a,000000cc
"00019240","FUN_00019240",$a,00000048
"00019288","FUN_00019288",$a,000000cc
"00019360","FUN_00019360",$a,00000060
"000193c0","FUN_000193c0",$a,000001fc
"000195c0","|static|_DAT_008c9f1c_000195c0",$d,00000000
"0001960c","FUN_0001960c",$a,00000060
"0001966c","FUN_0001966c",$a,0000014c
"000197bc","|static|_DAT_008c9f1c_000197bc",$d,00000000
"000197c8","FUN_000197c8",$a,00000060
"00019828","FUN_00019828",$a,00000058
"00019894","FUN_00019894",$a,00000088
"0001991c","FUN_0001991c",$a,00000050
"0001996c","FUN_0001996c",$a,000001b4
"00019b50","FUN_00019b50",$a,00000088
"00019bd8","FUN_00019bd8",$a,0000003c
"00019c14","FUN_00019c14",$a,000001b4
"00019de0","FUN_00019de0",$a,0000007c
"00019e64","FUN_00019e64",$a,00000118
"0001a1ec","FUN_0001a1ec",$a,00000014
"0001a214","FUN_0001a214",$a,00000420
"0001a81c","FUN_0001a81c",$a,00000014
"0001a844","FUN_0001a844",$a,000001c0
"0001a870","switchD_0001a868::switchdataD_0001a870",$d,00000000
"0001aad8","FUN_0001aad8",$a,00000098
"0001ab84","FUN_0001ab84",$a,00000098
"0001ac30","FUN_0001ac30",$a,00000014
"0001ac58","FUN_0001ac58",$a,00000080
"0001acdc","FUN_0001acdc",$a,000000a8
"0001ad30","switchD_0001ad28::switchdataD_0001ad30",$d,00000000
"0001adcc","FUN_0001adcc",$a,0000010c
"0001aed8","|static|_DAT_0094f30c_0001aed8",$d,00000000
"0001aee8","FUN_0001aee8",$a,000000e8
"0001afd0","|static|_DAT_0094f30c_0001afd0",$d,00000000
"0001afe4","FUN_0001afe4",$a,00000044
"0001b02c","FUN_0001b02c",$a,00000010
"0001b03c","FUN_0001b03c",$a,00000030
"0001b06c","FUN_0001b06c",$a,00000118
"0001b098","FUN_0001b098",$a,00000310
"0001b3b0","|static|_DAT_0085f2cc_0001b3b0",$d,00000000
"0001b3b4","|static|_DAT_0085f2d0_0001b3b4",$d,00000000
"0001b3d0","FUN_0001b3d0",$a,000001bc
"0001b59c","FUN_0001b59c",$a,000000b0
"0001b64c","|static|_DAT_008656f4_0001b64c",$d,00000000
"0001b784","|static|_DAT_008656f0_0001b784",$d,00000000
"0001b7c0","FUN_0001b7c0",$a,00000230
"0001b9f0","|static|_DAT_0094f310_0001b9f0",$d,00000000
"0001b9f4","|static|_DAT_0094edd8_0001b9f4",$d,00000000
"0001b9f8","|static|_DAT_008656f4_0001b9f8",$d,00000000
"0001ba0c","FUN_0001ba0c",$a,00000054
"0001bc30","|static|_DAT_008656ea_0001bc30",$d,00000000
"0001bc34","|static|_DAT_008656ec_0001bc34",$d,00000000
"0001bc38","|static|_DAT_008656e9_0001bc38",$d,00000000
"0001bce8","|static|_DAT_0094f30c_0001bce8",$d,00000000
"0001bcec","FUN_0001bcec",$a,0000022c
"0001bf20","|static|_DAT_0094f30c_0001bf20",$d,00000000
"0001bf24","FUN_0001bf24",$a,00000110
"0001c038","|static|_DAT_0085f2d4_0001c038",$d,00000000
"0001c064","|static|_DAT_0094f30c_0001c064",$d,00000000
"0001c068","FUN_0001c068",$a,000002c8
"0001c338","|static|_DAT_008656e8_0001c338",$d,00000000
"0001c33c","|static|_DAT_008656e9_0001c33c",$d,00000000
"0001c340","|static|_DAT_008656ea_0001c340",$d,00000000
"0001c344","|static|_DAT_008656ec_0001c344",$d,00000000
"0001c348","|static|_DAT_0094f30c_0001c348",$d,00000000
"0001c374","FUN_0001c374",$a,000001b0
"0001c524","|static|_DAT_0094f310_0001c524",$d,00000000
"0001c528","|static|_DAT_0085f2d4_0001c528",$d,00000000
"0001c52c","|static|_DAT_0085f2d8_0001c52c",$d,00000000
"0001c57c","|static|_DAT_0094f30c_0001c57c",$d,00000000
"0001c580","FUN_0001c580",$a,0000004c
"0001c5cc","|static|_DAT_0094ee60_0001c5cc",$d,00000000
"0001c5d0","FUN_0001c5d0",$a,00000028
"0001c5f8","|static|_DAT_0094ee60_0001c5f8",$d,00000000
"0001c5fc","FUN_0001c5fc",$a,000000bc
"0001c6bc","FUN_0001c6bc",$a,0000004c
"0001c708","FUN_0001c708",$a,00000078
"0001c780","FUN_0001c780",$a,00000060
"0001c7e0","|static|_DAT_0094ee60_0001c7e0",$d,00000000
"0001c7e4","FUN_0001c7e4",$a,00000044
"0001c828","FUN_0001c828",$a,00000040
"0001c868","FUN_0001c868",$a,00000048
"0001c8f8","FUN_0001c8f8",$a,00000058
"0001c954","FUN_0001c954",$a,00000060
"0001c9d0","FUN_0001c9d0",$a,000000b4
"0001ca9c","FUN_0001ca9c",$a,00000100
"0001cba0","ModuleIndoor_DAT_0008e298_0001cba0",$d,00000000
"0001cba4","FUN_0001cba4",$a,000000d0
"0001cc78","FUN_0001cc78",$a,00000144
"0001cdc0","FUN_0001cdc0",$a,00000060
"0001ce20","FUN_0001ce20",$a,000000a4
"0001cec8","FUN_0001cec8",$a,00000114
"0001cfe0","ModuleIndoor_DAT_0008e298_0001cfe0",$d,00000000
"0001d0ac","FUN_0001d0ac",$a,00000014
"0001d0c4","FUN_0001d0c4",$a,000000f8
"0001d1c4","FUN_0001d1c4",$a,00000100
"0001d2cc","FUN_0001d2cc",$a,0000005c
"0001d330","FUN_0001d330",$a,0000005c
"0001d39c","FUN_0001d39c",$a,0000001c
"0001d3c4","FUN_0001d3c4",$a,00000018
"0001d3e0","FUN_0001d3e0",$a,0000000c
"0001d3ec","FUN_0001d3ec",$a,0000000c
"0001d3f8","FUN_0001d3f8",$a,0000009c
"0001d494","FUN_0001d494",$a,00000028
"0001d4bc","FUN_0001d4bc",$a,0000008c
"0001d548","FUN_0001d548",$a,00000034
"0001d594","FUN_0001d594",$a,00000038
"0001d5cc","FUN_0001d5cc",$a,00000048
"0001d614","FUN_0001d614",$a,00000018
"0001d62c","FUN_0001d62c",$a,00000044
"0001d670","FUN_0001d670",$a,00000048
"0001d720","FUN_0001d720",$a,0000005c
"0001d77c","FUN_0001d77c",$a,00000010
"0001d790","FUN_0001d790",$a,00000078
"0001d808","FUN_0001d808",$a,00000078
"0001d880","FUN_0001d880",$a,0000006c
"0001d8f0","FUN_0001d8f0",$a,00000050
"0001d944","FUN_0001d944",$a,00000048
"0001db54","FUN_0001db54",$a,00000060
"0001dbb8","FUN_0001dbb8",$a,00000098
"0001dc54","FUN_0001dc54",$a,0000006c
"0001dcc8","FUN_0001dcc8",$a,000000d0
"0001ddb0","FUN_0001ddb0",$a,00000094
"0001de44","FUN_0001de44",$a,00000094
"0001ded8","FUN_0001ded8",$a,00000044
"0001df20","FUN_0001df20",$a,00000050
"0001df74","FUN_0001df74",$a,00000048
"0001e064","FUN_0001e064",$a,00000044
"0001e0ac","FUN_0001e0ac",$a,00000060
"0001e150","FUN_0001e150",$a,000000a0
"0001e208","FUN_0001e208",$a,0000009c
"0001e2ac","FUN_0001e2ac",$a,00000094
"0001e370","FUN_0001e370",$a,00000094
"0001e40c","|static|_DAT_00951670_0001e40c",$d,00000000
"0001e434","FUN_0001e434",$a,00000060
"0001e498","FUN_0001e498",$a,0000021c
"0001e700","FUN_0001e700",$a,00000114
"0001e890","FUN_0001e890",$a,00000134
"0001e9c4","|static|_DAT_0085f2cc_0001e9c4",$d,00000000
"0001ea74","FUN_0001ea74",$a,00000020
"0001eb48","FUN_0001eb48",$a,00000014
"0001ebb4","|static|_DAT_0094f30c_0001ebb4",$d,00000000
"0001ebcc","FUN_0001ebcc",$a,00000064
"0001ec50","FUN_0001ec50",$a,00000024
"0001ec74","FUN_0001ec74",$a,0000004c
"0001ecc0","FUN_0001ecc0",$a,00000034
"0001ecf4","FUN_0001ecf4",$a,00000134
"0001ee30","FUN_0001ee30",$a,00000030
"0001ee60","FUN_0001ee60",$a,000000e0
"0001ef50","FUN_0001ef50",$a,00000018
"0001ef6c","FUN_0001ef6c",$a,00000054
"0001f0f8","|static|_DAT_0085f2cc_0001f0f8",$d,00000000
"0001f630","|static|_DAT_0094f310_0001f630",$d,00000000
"0001fd4c","FUN_0001fd4c",$a,00000068
"0001ff20","FUN_0001ff20",$a,00000040
"0001ff60","FUN_0001ff60",$a,000000dc
"00020044","|static|_DAT_008c9f1c_00020044",$d,00000000
"00020160","|static|_DAT_00a8413c_00020160",$d,00000000
"00020164","|static|_DAT_00a83aec_00020164",$d,00000000
"00020170","FUN_00020170",$a,00000104
"00020278","|static|_DAT_00a8413c_00020278",$d,00000000
"0002027c","|static|_DAT_00a83aec_0002027c",$d,00000000
"000204d0","|static|_DAT_0094f310_000204d0",$d,00000000
"00020500","FUN_00020500",$a,000000a8
"000205a8","|static|_DAT_00a84790_000205a8",$d,00000000
"000205ac","FUN_000205ac",$a,000000a0
"0002064c","|static|_DAT_00a84790_0002064c",$d,00000000
"00020650","|static|_DAT_0095debc_00020650",$d,00000000
"00020658","|static|_DAT_00881f20_00020658",$d,00000000
"00020750","FUN_00020750",$a,0000006c
"000207ec","FUN_000207ec",$a,00000074
"00020860","FUN_00020860",$a,000000b4
"00020914","|static|_DAT_00950148_00020914",$d,00000000
"0002094c","FUN_0002094c",$a,0000006c
"00020a04","FUN_00020a04",$a,0000006c
"00020a70","FUN_00020a70",$a,000000bc
"00020cd8","FUN_00020cd8",$a,0000006c
"00020d44","FUN_00020d44",$a,000000bc
"00020f34","FUN_00020f34",$a,00000098
"00020fcc","FUN_00020fcc",$a,00000028
"00020ff4","FUN_00020ff4",$a,00000030
"000213b4","FUN_000213b4",$a,0000006c
"0002166c","|static|_DAT_0094f310_0002166c",$d,00000000
"0002174c","|static|_DAT_00a84790_0002174c",$d,00000000
"00021840","FUN_00021840",$a,00000070
"000218d4","FUN_000218d4",$a,00000078
"0002194c","FUN_0002194c",$a,000000b4
"00021a00","|static|_DAT_00950148_00021a00",$d,00000000
"00021a24","FUN_00021a24",$a,00000070
"00021acc","FUN_00021acc",$a,00000070
"00021b3c","FUN_00021b3c",$a,000000bc
"00021d54","FUN_00021d54",$a,00000070
"00021dc4","FUN_00021dc4",$a,000000bc
"00021f64","FUN_00021f64",$a,0000009c
"00022000","FUN_00022000",$a,00000028
"000220d0","|static|_DAT_0085f2cc_000220d0",$d,00000000
"0002210c","|static|_DAT_0085f2cc_0002210c",$d,00000000
"00022148","|static|_DAT_0085f2cc_00022148",$d,00000000
"00022184","|static|_DAT_0085f2cc_00022184",$d,00000000
"000221e8","|static|_DAT_0085f2cc_000221e8",$d,00000000
"00022234","|static|_DAT_0085f2cc_00022234",$d,00000000
"00022240","nnroControlObject__00022240",$a,00000074
"00022254","switchD_0002224c::switchdataD_00022254",$d,00000000
"000222ec","OnExit_000222ec",$d,00000001
"000222f0","OnLoad_000222f0",$d,00000001
"000222f4","OnUnresolved_000222f4",$d,00000001
"0002233c","FUN_0002233c",$a,00000044
"00022378","FUN_00022378",$a,00000018
"00022470","FUN_00022470",$a,000000f8
"00022568","FUN_00022568",$a,00000004
"0002256c","FUN_0002256c",$a,00000018
"00022584","|static|_DAT_008c9f1c_00022584",$d,00000000
"00023d1c","|static|_DAT_008f9a3c_00023d1c",$d,00000000
"00023d24","|static|_DAT_008cc268_00023d24",$d,00000000
"00023d28","|static|_DAT_008f9a3c_00023d28",$d,00000000
"00023d30","|static|_DAT_008cc268_00023d30",$d,00000000
"00023d34","|static|_DAT_008f9a3c_00023d34",$d,00000000
"00023d3c","|static|_DAT_008cc268_00023d3c",$d,00000000
"00023d40","|static|_DAT_008f9a3c_00023d40",$d,00000000
"00023d48","|static|_DAT_008cc268_00023d48",$d,00000000
"00023d4c","|static|_DAT_008f9a3c_00023d4c",$d,00000000
"00023d54","|static|_DAT_008cc268_00023d54",$d,00000000
"00023d58","|static|_DAT_008f9a3c_00023d58",$d,00000000
"00023d60","|static|_DAT_008cc268_00023d60",$d,00000000
"00023d64","|static|_DAT_008f9a3c_00023d64",$d,00000000
"00023d6c","|static|_DAT_008cc268_00023d6c",$d,00000000
"00023d70","|static|_DAT_008f9a3c_00023d70",$d,00000000
"00023d78","|static|_DAT_008cc268_00023d78",$d,00000000
"00023d7c","|static|_DAT_008f9a3c_00023d7c",$d,00000000
"00023d84","|static|_DAT_008cc268_00023d84",$d,00000000
"00023d88","|static|_DAT_008f9a3c_00023d88",$d,00000000
"00023d90","|static|_DAT_008cc268_00023d90",$d,00000000
"00023d94","|static|_DAT_008f9a3c_00023d94",$d,00000000
"00023da0","|static|_DAT_008f9a3c_00023da0",$d,00000000
"00023da8","|static|_DAT_008cc268_00023da8",$d,00000000
"00023dac","|static|_DAT_008f9a3c_00023dac",$d,00000000
"00023db4","|static|_DAT_008cc268_00023db4",$d,00000000
"00023db8","|static|_DAT_008f9a3c_00023db8",$d,00000000
"00023dc4","|static|_DAT_008f9a3c_00023dc4",$d,00000000
"00023dcc","|static|_DAT_008cc268_00023dcc",$d,00000000
"00023dd0","|static|_DAT_008f9a3c_00023dd0",$d,00000000
"00023dd8","|static|_DAT_008cc268_00023dd8",$d,00000000
"00023ddc","|static|_DAT_008f9a3c_00023ddc",$d,00000000
"00023de4","|static|_DAT_008cc268_00023de4",$d,00000000
"00023de8","|static|_DAT_008f9a3c_00023de8",$d,00000000
"00023df0","|static|_DAT_008cc268_00023df0",$d,00000000
"00023df4","|static|_DAT_008f9a3c_00023df4",$d,00000000
"00023dfc","|static|_DAT_008cc244_00023dfc",$d,00000000
"00023e00","|static|_DAT_008f9a3c_00023e00",$d,00000000
"00023e08","|static|_DAT_008cc268_00023e08",$d,00000000
"00023e0c","|static|_DAT_008f9a3c_00023e0c",$d,00000000
"00023e14","|static|_DAT_008cc268_00023e14",$d,00000000
"00023e18","|static|_DAT_008f9a3c_00023e18",$d,00000000
"00023e20","|static|_DAT_008cc268_00023e20",$d,00000000
"00023e24","|static|_DAT_008f9a3c_00023e24",$d,00000000
"00023e2c","|static|_DAT_008cc268_00023e2c",$d,00000000
"00023e30","|static|_DAT_008f9a3c_00023e30",$d,00000000
"00023e38","|static|_DAT_008cc268_00023e38",$d,00000000
"00023e3c","|static|_DAT_008f9a3c_00023e3c",$d,00000000
"00023e44","|static|_DAT_008cc268_00023e44",$d,00000000
"00023e48","|static|_DAT_008f9a3c_00023e48",$d,00000000
"00023e54","|static|_DAT_008f9a3c_00023e54",$d,00000000
"00023e5c","|static|_DAT_008cc268_00023e5c",$d,00000000
"00023e60","|static|_DAT_008f9a3c_00023e60",$d,00000000
"00023e68","|static|_DAT_008cc268_00023e68",$d,00000000
"00023e6c","|static|_DAT_008f9a3c_00023e6c",$d,00000000
"00023e74","|static|_DAT_008cc268_00023e74",$d,00000000
"00023e78","|static|_DAT_008f9a3c_00023e78",$d,00000000
"00023e80","|static|_DAT_008cc268_00023e80",$d,00000000
"00023e84","|static|_DAT_008f9a3c_00023e84",$d,00000000
"00023e90","|static|_DAT_008f9a3c_00023e90",$d,00000000
"00023e98","|static|_DAT_008cc268_00023e98",$d,00000000
"00023e9c","|static|_DAT_008f9a3c_00023e9c",$d,00000000
"00023ea8","|static|_DAT_008f9a3c_00023ea8",$d,00000000
"00023eb0","|static|_DAT_008cc268_00023eb0",$d,00000000
"00023eb4","|static|_DAT_008f9a3c_00023eb4",$d,00000000
"00023ec0","|static|_DAT_008f9a3c_00023ec0",$d,00000000
"00023ec8","|static|_DAT_008cc268_00023ec8",$d,00000000
"00023ecc","|static|_DAT_008f9a3c_00023ecc",$d,00000000
"00023ed4","|static|_DAT_008cc268_00023ed4",$d,00000000
"00023ed8","|static|_DAT_008f9a3c_00023ed8",$d,00000000
"00023ee0","|static|_DAT_008cc268_00023ee0",$d,00000000
"00023ee4","|static|_DAT_008f9a3c_00023ee4",$d,00000000
"00023eec","|static|_DAT_008cc268_00023eec",$d,00000000
"00023ef0","|static|_DAT_008f9a3c_00023ef0",$d,00000000
"00023efc","|static|_DAT_008f9a3c_00023efc",$d,00000000
"00023f04","|static|_DAT_008cc268_00023f04",$d,00000000
"00023f08","|static|_DAT_008f9a3c_00023f08",$d,00000000
"00023f10","|static|_DAT_008cc268_00023f10",$d,00000000
"00023f14","|static|_DAT_008f9a3c_00023f14",$d,00000000
"00023f1c","|static|_DAT_008cc268_00023f1c",$d,00000000
"00023f20","|static|_DAT_008f9a3c_00023f20",$d,00000000
"00023f28","|static|_DAT_008cc268_00023f28",$d,00000000
"00023f2c","|static|_DAT_008f9a3c_00023f2c",$d,00000000
"00023f34","|static|_DAT_008cc268_00023f34",$d,00000000
"00023f38","|static|_DAT_008f9a3c_00023f38",$d,00000000
"00023f40","|static|_DAT_008cc268_00023f40",$d,00000000
"00023f44","|static|_DAT_008f9a3c_00023f44",$d,00000000
"00023f4c","|static|_DAT_008cfcdc_00023f4c",$d,00000000
"00023f50","|static|_DAT_008f9a3c_00023f50",$d,00000000
"00023f58","|static|_DAT_008cfcdc_00023f58",$d,00000000
"00023f5c","|static|_DAT_008f9a3c_00023f5c",$d,00000000
"00023f64","|static|_DAT_008cfcdc_00023f64",$d,00000000
"00023f68","|static|_DAT_008f9a2c_00023f68",$d,00000000
"00023f70","|static|_DAT_008f9a3c_00023f70",$d,00000000
"00023f7c","|static|_DAT_008f9a3c_00023f7c",$d,00000000
"00023f88","|static|_DAT_008f9a3c_00023f88",$d,00000000
"00023f94","|static|_DAT_008f9a3c_00023f94",$d,00000000
"00023fa0","|static|_DAT_008f9a3c_00023fa0",$d,00000000
"00023fac","|static|_DAT_008f9a2c_00023fac",$d,00000000
"00023fb4","|static|_DAT_008f9a2c_00023fb4",$d,00000000
"00023fbc","|static|_DAT_008f9a3c_00023fbc",$d,00000000
"00023fc4","|static|_DAT_008d2dc8_00023fc4",$d,00000000
"00023fc8","|static|_DAT_008f9a2c_00023fc8",$d,00000000
"00023fd0","|static|_DAT_008f9a3c_00023fd0",$d,00000000
"00023fdc","|static|_DAT_008f9a3c_00023fdc",$d,00000000
"00024470","DAT_00024470",$d,00000000
"00024480","|static|_FUN_006e46f4_00024480",$d,00000000
"00024488","|static|_FUN_00307c54_00024488",$d,00000000
"0002448c","|static|_FUN_006e473c_0002448c",$d,00000000
"00024494","|static|_FUN_0057b98c_00024494",$d,00000000
"00024498","|static|_FUN_0056e674_00024498",$d,00000000
"0002449c","|static|_FUN_00575d4c_0002449c",$d,00000000
"000244a0","|static|_LAB_0057ba24_000244a0",$d,00000000
"000244a4","|static|_FUN_0057ba2c_000244a4",$d,00000000
"000244a8","|static|_FUN_005755cc_000244a8",$d,00000000
"000244ac","|static|_FUN_00521a38_000244ac",$d,00000000
"000244b0","|static|_FUN_0056f1a4_000244b0",$d,00000000
"000244c0","|static|_FUN_0076f810_000244c0",$d,00000000
"000244c4","|static|_FUN_0076f55c_000244c4",$d,00000000
"000244cc","|static|_FUN_0076f7dc_000244cc",$d,00000000
"000244d0","|static|_FUN_00750970_000244d0",$d,00000000
"000244d4","|static|_FUN_0076f540_000244d4",$d,00000000
"000244d8","|static|_FUN_0076f7d4_000244d8",$d,00000000
"000244dc","|static|_FUN_006e46e8_000244dc",$d,00000000
"000244e0","|static|_FUN_006e4500_000244e0",$d,00000000
"000244e4","|static|_FUN_006e4518_000244e4",$d,00000000
"000244e8","|static|_FUN_0076f538_000244e8",$d,00000000
"000244ec","|static|_FUN_0076f548_000244ec",$d,00000000
"000244f0","|static|_FUN_0056ea04_000244f0",$d,00000000
"000244f4","|static|_FUN_0056e6c4_000244f4",$d,00000000
"000244f8","|static|_FUN_0056e24c_000244f8",$d,00000000
"000244fc","|static|_FUN_00570f10_000244fc",$d,00000000
"00024500","|static|_FUN_00570e9c_00024500",$d,00000000
"00024504","|static|_FUN_00570028_00024504",$d,00000000
"00024518","|static|_FUN_00574e34_00024518",$d,00000000
"0002452c","|static|_FUN_00574cfc_0002452c",$d,00000000
"00024538","|static|_FUN_0057418c_00024538",$d,00000000
"00024544","|static|_FUN_0056f2ac_00024544",$d,00000000
"00024548","|static|_FUN_00570950_00024548",$d,00000000
"00024550","|static|_FUN_005707b8_00024550",$d,00000000
"00024554","|static|_FUN_005734bc_00024554",$d,00000000
"00024558","|static|_FUN_004ea3a8_00024558",$d,00000000
"0002455c","|static|_FUN_004ea1ec_0002455c",$d,00000000
"00024568","|static|_FUN_005723a0_00024568",$d,00000000
"0002457c","|static|_FUN_0056f8b4_0002457c",$d,00000000
"00024580","|static|_FUN_00573ea4_00024580",$d,00000000
"00024598","|static|_FUN_007717ac_00024598",$d,00000000
"000245b0","|static|_FUN_005f4b04_000245b0",$d,00000000
"000245b4","|static|_FUN_005f4b24_000245b4",$d,00000000
"000245b8","|static|_FUN_005f4b34_000245b8",$d,00000000
"000245bc","|static|_FUN_005f4b18_000245bc",$d,00000000
"000245c0","|static|_FUN_005f4b14_000245c0",$d,00000000
"000245c4","|static|_FUN_005f4b20_000245c4",$d,00000000
"000245c8","|static|_FUN_005f4b44_000245c8",$d,00000000
"000245cc","|static|_FUN_005f4b40_000245cc",$d,00000000
"000245d0","|static|_FUN_005f4b3c_000245d0",$d,00000000
"000245d4","|static|_FUN_005f4b50_000245d4",$d,00000000
"000245d8","|static|_FUN_005f4b08_000245d8",$d,00000000
"000245dc","|static|_FUN_005f4b28_000245dc",$d,00000000
"000245e0","|static|_FUN_005f4b6c_000245e0",$d,00000000
"000245e4","|static|_FUN_005f4b0c_000245e4",$d,00000000
"000245e8","|static|_FUN_005f4b38_000245e8",$d,00000000
"000245ec","|static|_FUN_005f4b54_000245ec",$d,00000000
"000245f0","|static|_FUN_005f4b1c_000245f0",$d,00000000
"000245f4","|static|_FUN_005f4b10_000245f4",$d,00000000
"000245f8","|static|_FUN_005f4b4c_000245f8",$d,00000000
"000245fc","|static|_FUN_005f4b48_000245fc",$d,00000000
"00024600","|static|_FUN_005f4b68_00024600",$d,00000000
"00024604","|static|_FUN_00573e9c_00024604",$d,00000000
"00024608","|static|_FUN_005f4b70_00024608",$d,00000000
"0002460c","|static|_FUN_005f4b78_0002460c",$d,00000000
"00024610","|static|_FUN_005f4b60_00024610",$d,00000000
"00024614","|static|_FUN_005f4b58_00024614",$d,00000000
"00024618","|static|_FUN_005f4b5c_00024618",$d,00000000
"0002461c","|static|_FUN_005f4b74_0002461c",$d,00000000
"00024620","|static|_FUN_005f4b80_00024620",$d,00000000
"00024624","|static|_FUN_005f4b88_00024624",$d,00000000
"00024628","|static|_FUN_005f4b7c_00024628",$d,00000000
"0002462c","|static|_FUN_005f4b84_0002462c",$d,00000000
"00024630","|static|_FUN_005f4b2c_00024630",$d,00000000
"00024634","|static|_FUN_0075ab68_00024634",$d,00000000
"00024638","|static|_FUN_0075ab8c_00024638",$d,00000000
"0002463c","|static|_FUN_0023bbe0_0002463c",$d,00000000
"00024640","|static|_FUN_0023b508_00024640",$d,00000000
"00024644","|static|_FUN_0023b2b8_00024644",$d,00000000
"00024648","|static|_FUN_0023b1b0_00024648",$d,00000000
"00024650","|static|_FUN_005dd630_00024650",$d,00000000
"00024654","|static|_FUN_0023b504_00024654",$d,00000000
"00024658","|static|_LAB_005dd598_00024658",$d,00000000
"0002465c","|static|_FUN_005dd550_0002465c",$d,00000000
"00024660","|static|_FUN_005dd648_00024660",$d,00000000
"00024664","|static|_FUN_005dd670_00024664",$d,00000000
"00024668","|static|_FUN_005dd67c_00024668",$d,00000000
"0002466c","|static|_FUN_005dd65c_0002466c",$d,00000000
"00024670","|static|_FUN_005dd560_00024670",$d,00000000
"00024674","|static|_FUN_005dd64c_00024674",$d,00000000
"00024678","|static|_FUN_005dd5a0_00024678",$d,00000000
"0002467c","|static|_FUN_005dd638_0002467c",$d,00000000
"00024680","|static|_FUN_005dd694_00024680",$d,00000000
"00024684","|static|_FUN_005dd698_00024684",$d,00000000
"00024688","|static|_FUN_005dd55c_00024688",$d,00000000
"0002468c","|static|_FUN_005dd5b4_0002468c",$d,00000000
"00024690","|static|_FUN_005dd674_00024690",$d,00000000
"00024694","|static|_FUN_005dd680_00024694",$d,00000000
"00024698","|static|_FUN_005dd684_00024698",$d,00000000
"0002469c","|static|_LAB_0075ab5c_0002469c",$d,00000000
"000246a0","|static|_FUN_00713b0c_000246a0",$d,00000000
"000246a4","|static|_FUN_0023adb8_000246a4",$d,00000000
"000246a8","|static|_FUN_0023b2b4_000246a8",$d,00000000
"000246ac","|static|_FUN_0023b218_000246ac",$d,00000000
"000246b0","|static|_FUN_0023b21c_000246b0",$d,00000000
"000246b4","|static|_FUN_0023adbc_000246b4",$d,00000000
"000246b8","|static|_FUN_0056f8ac_000246b8",$d,00000000
"000246bc","|static|_FUN_0023b1ac_000246bc",$d,00000000
"000246c0","|static|_FUN_0023af1c_000246c0",$d,00000000
"000246c4","|static|_FUN_0023b214_000246c4",$d,00000000
"000246d8","|static|_FUN_005db288_000246d8",$d,00000000
"000246dc","|static|_FUN_007753b4_000246dc",$d,00000000
"000246e0","|static|_FUN_00772630_000246e0",$d,00000000
"000246e4","|static|_FUN_005d9084_000246e4",$d,00000000
"000246e8","|static|_FUN_005da414_000246e8",$d,00000000
"000246ec","|static|_FUN_005dd22c_000246ec",$d,00000000
"000246f0","|static|_FUN_0075ab50_000246f0",$d,00000000
"000246f4","|static|_FUN_007726d4_000246f4",$d,00000000
"000246f8","|static|_FUN_005dc4d8_000246f8",$d,00000000
"000246fc","|static|_FUN_0075ab40_000246fc",$d,00000000
"00024700","|static|_FUN_0075ab54_00024700",$d,00000000
"00024704","|static|_FUN_0075ab48_00024704",$d,00000000
"00024708","DAT_00024708",$d,00000000
"00024718","|static|_FUN_006e46f4_00024718",$d,00000000
"00024720","|static|_FUN_00307c54_00024720",$d,00000000
"00024724","|static|_FUN_006e473c_00024724",$d,00000000
"0002472c","|static|_FUN_0057b98c_0002472c",$d,00000000
"00024730","|static|_FUN_0056e674_00024730",$d,00000000
"00024734","|static|_FUN_00575d4c_00024734",$d,00000000
"00024738","|static|_LAB_0057ba24_00024738",$d,00000000
"0002473c","|static|_FUN_0057ba2c_0002473c",$d,00000000
"00024740","|static|_FUN_005755cc_00024740",$d,00000000
"00024744","|static|_FUN_00521a38_00024744",$d,00000000
"00024748","|static|_FUN_0056f1a4_00024748",$d,00000000
"00024758","|static|_FUN_0076f810_00024758",$d,00000000
"0002475c","|static|_FUN_0076f55c_0002475c",$d,00000000
"00024760","|static|_FUN_005772b4_00024760",$d,00000000
"00024764","|static|_FUN_0076f7dc_00024764",$d,00000000
"00024768","|static|_FUN_00750970_00024768",$d,00000000
"0002476c","|static|_FUN_0076f540_0002476c",$d,00000000
"00024770","|static|_FUN_0076f7d4_00024770",$d,00000000
"00024774","|static|_FUN_006e46e8_00024774",$d,00000000
"00024778","|static|_FUN_006e4500_00024778",$d,00000000
"0002477c","|static|_FUN_006e4518_0002477c",$d,00000000
"00024780","|static|_FUN_0076f538_00024780",$d,00000000
"00024784","|static|_FUN_0076f548_00024784",$d,00000000
"00024788","|static|_FUN_0056ea04_00024788",$d,00000000
"0002478c","|static|_FUN_0056e6c4_0002478c",$d,00000000
"00024790","|static|_FUN_0056e24c_00024790",$d,00000000
"00024794","|static|_FUN_00570f10_00024794",$d,00000000
"00024798","|static|_FUN_00570e9c_00024798",$d,00000000
"0002479c","|static|_FUN_00570028_0002479c",$d,00000000
"000247ac","|static|_FUN_00751050_000247ac",$d,00000000
"000247b0","|static|_FUN_00574e34_000247b0",$d,00000000
"000247d0","|static|_FUN_0057418c_000247d0",$d,00000000
"000247dc","|static|_FUN_0056f2ac_000247dc",$d,00000000
"000247e0","|static|_FUN_00570950_000247e0",$d,00000000
"000247e8","|static|_FUN_005707b8_000247e8",$d,00000000
"000247ec","|static|_FUN_005734bc_000247ec",$d,00000000
"000247f0","|static|_FUN_004ea3a8_000247f0",$d,00000000
"000247f4","|static|_FUN_004ea1ec_000247f4",$d,00000000
"00024800","|static|_FUN_005723a0_00024800",$d,00000000
"00024814","|static|_FUN_0056f8b4_00024814",$d,00000000
"00024818","|static|_FUN_00573ea4_00024818",$d,00000000
"0002482c","|static|_FUN_007717ac_0002482c",$d,00000000
"00024844","|static|_FUN_005f4b04_00024844",$d,00000000
"00024848","|static|_FUN_005f4b24_00024848",$d,00000000
"0002484c","|static|_FUN_005f4b34_0002484c",$d,00000000
"00024850","|static|_FUN_005f4b18_00024850",$d,00000000
"00024854","|static|_FUN_005f4b14_00024854",$d,00000000
"00024858","|static|_FUN_005f4b20_00024858",$d,00000000
"0002485c","|static|_FUN_005f4b44_0002485c",$d,00000000
"00024860","|static|_FUN_005f4b40_00024860",$d,00000000
"00024864","|static|_FUN_005f4b3c_00024864",$d,00000000
"00024868","|static|_FUN_005f4b50_00024868",$d,00000000
"0002486c","|static|_FUN_005f4b08_0002486c",$d,00000000
"00024870","|static|_FUN_005f4b28_00024870",$d,00000000
"00024874","|static|_FUN_005f4b6c_00024874",$d,00000000
"00024878","|static|_FUN_005f4b0c_00024878",$d,00000000
"0002487c","|static|_FUN_005f4b38_0002487c",$d,00000000
"00024880","|static|_FUN_005f4b54_00024880",$d,00000000
"00024884","|static|_FUN_005f4b1c_00024884",$d,00000000
"00024888","|static|_FUN_005f4b10_00024888",$d,00000000
"0002488c","|static|_FUN_005f4b4c_0002488c",$d,00000000
"00024890","|static|_FUN_005f4b48_00024890",$d,00000000
"00024894","|static|_FUN_005f4b68_00024894",$d,00000000
"00024898","|static|_FUN_00573e9c_00024898",$d,00000000
"0002489c","|static|_FUN_005f4b70_0002489c",$d,00000000
"000248a0","|static|_FUN_005f4b78_000248a0",$d,00000000
"000248a4","|static|_FUN_005f4b60_000248a4",$d,00000000
"000248a8","|static|_FUN_005f4b58_000248a8",$d,00000000
"000248ac","|static|_FUN_005f4b5c_000248ac",$d,00000000
"000248b0","|static|_FUN_005f4b74_000248b0",$d,00000000
"000248b4","|static|_FUN_005f4b80_000248b4",$d,00000000
"000248b8","|static|_FUN_005f4b88_000248b8",$d,00000000
"000248bc","|static|_FUN_005f4b7c_000248bc",$d,00000000
"000248c0","|static|_FUN_005f4b84_000248c0",$d,00000000
"000248c4","|static|_FUN_005f4b2c_000248c4",$d,00000000
"000248c8","|static|_FUN_0075ab68_000248c8",$d,00000000
"000248cc","|static|_FUN_0075ab8c_000248cc",$d,00000000
"000248d0","|static|_FUN_0023bbe0_000248d0",$d,00000000
"000248d4","|static|_FUN_0023b508_000248d4",$d,00000000
"000248d8","|static|_FUN_0023b2b8_000248d8",$d,00000000
"000248dc","|static|_FUN_0023b1b0_000248dc",$d,00000000
"000248e0","|static|_FUN_0023b2b0_000248e0",$d,00000000
"000248e4","|static|_FUN_005dd630_000248e4",$d,00000000
"000248e8","|static|_FUN_0023b504_000248e8",$d,00000000
"000248ec","|static|_LAB_005dd598_000248ec",$d,00000000
"000248f0","|static|_FUN_005dd550_000248f0",$d,00000000
"000248f4","|static|_FUN_005dd648_000248f4",$d,00000000
"000248f8","|static|_FUN_005dd670_000248f8",$d,00000000
"000248fc","|static|_FUN_005dd67c_000248fc",$d,00000000
"00024900","|static|_FUN_005dd65c_00024900",$d,00000000
"00024904","|static|_FUN_005dd560_00024904",$d,00000000
"00024908","|static|_FUN_005dd64c_00024908",$d,00000000
"0002490c","|static|_FUN_005dd5a0_0002490c",$d,00000000
"00024910","|static|_FUN_005dd638_00024910",$d,00000000
"00024914","|static|_FUN_005dd694_00024914",$d,00000000
"00024918","|static|_FUN_005dd698_00024918",$d,00000000
"0002491c","|static|_FUN_005dd55c_0002491c",$d,00000000
"00024920","|static|_FUN_005dd5b4_00024920",$d,00000000
"00024924","|static|_FUN_005dd674_00024924",$d,00000000
"00024928","|static|_FUN_005dd680_00024928",$d,00000000
"0002492c","|static|_FUN_005dd684_0002492c",$d,00000000
"00024930","|static|_LAB_0075ab5c_00024930",$d,00000000
"00024934","|static|_FUN_00713b0c_00024934",$d,00000000
"00024938","|static|_FUN_0023adb8_00024938",$d,00000000
"0002493c","|static|_FUN_0023b2b4_0002493c",$d,00000000
"00024940","|static|_FUN_0023b218_00024940",$d,00000000
"00024944","|static|_FUN_0023b21c_00024944",$d,00000000
"00024948","|static|_FUN_0023adbc_00024948",$d,00000000
"0002494c","|static|_FUN_0056f8ac_0002494c",$d,00000000
"00024950","|static|_FUN_0023b1ac_00024950",$d,00000000
"00024954","|static|_FUN_0023af1c_00024954",$d,00000000
"00024958","|static|_FUN_0023b214_00024958",$d,00000000
"0002496c","|static|_FUN_005db288_0002496c",$d,00000000
"00024970","|static|_FUN_007753b4_00024970",$d,00000000
"00024974","|static|_FUN_00772630_00024974",$d,00000000
"00024978","|static|_FUN_005d9084_00024978",$d,00000000
"0002497c","|static|_FUN_005da414_0002497c",$d,00000000
"00024980","|static|_FUN_005dd22c_00024980",$d,00000000
"00024984","|static|_FUN_0075ab50_00024984",$d,00000000
"00024988","|static|_FUN_007726d4_00024988",$d,00000000
"0002498c","|static|_FUN_005dc4d8_0002498c",$d,00000000
"00024990","|static|_FUN_0075ab40_00024990",$d,00000000
"00024994","|static|_FUN_0075ab54_00024994",$d,00000000
"00024998","|static|_FUN_0075ab48_00024998",$d,00000000
"0002499c","DAT_0002499c",$d,00000000
"000249ac","|static|_FUN_006e46f4_000249ac",$d,00000000
"000249b4","|static|_FUN_00307c54_000249b4",$d,00000000
"000249b8","|static|_FUN_006e473c_000249b8",$d,00000000
"000249c0","|static|_FUN_0057b98c_000249c0",$d,00000000
"000249c4","|static|_FUN_0056e674_000249c4",$d,00000000
"000249c8","|static|_FUN_00575d4c_000249c8",$d,00000000
"000249cc","|static|_LAB_0057ba24_000249cc",$d,00000000
"000249d0","|static|_FUN_0057ba2c_000249d0",$d,00000000
"000249d4","|static|_FUN_005755cc_000249d4",$d,00000000
"000249d8","|static|_FUN_00521a38_000249d8",$d,00000000
"000249dc","|static|_FUN_0056f1a4_000249dc",$d,00000000
"000249ec","|static|_FUN_0076f810_000249ec",$d,00000000
"000249f0","|static|_FUN_0076f55c_000249f0",$d,00000000
"000249f4","|static|_FUN_005772b4_000249f4",$d,00000000
"000249f8","|static|_FUN_0076f7dc_000249f8",$d,00000000
"000249fc","|static|_FUN_00750970_000249fc",$d,00000000
"00024a00","|static|_FUN_0076f540_00024a00",$d,00000000
"00024a04","|static|_FUN_0076f7d4_00024a04",$d,00000000
"00024a08","|static|_FUN_006e46e8_00024a08",$d,00000000
"00024a0c","|static|_FUN_006e4500_00024a0c",$d,00000000
"00024a10","|static|_FUN_006e4518_00024a10",$d,00000000
"00024a14","|static|_FUN_0076f538_00024a14",$d,00000000
"00024a18","|static|_FUN_0076f548_00024a18",$d,00000000
"00024a1c","|static|_FUN_0056ea04_00024a1c",$d,00000000
"00024a20","|static|_FUN_0056e6c4_00024a20",$d,00000000
"00024a24","|static|_FUN_0056e24c_00024a24",$d,00000000
"00024a28","|static|_FUN_00570f10_00024a28",$d,00000000
"00024a2c","|static|_FUN_00570e9c_00024a2c",$d,00000000
"00024a30","|static|_FUN_00570028_00024a30",$d,00000000
"00024a3c","|static|_FUN_00573214_00024a3c",$d,00000000
"00024a40","|static|_FUN_00751050_00024a40",$d,00000000
"00024a44","|static|_FUN_00574e34_00024a44",$d,00000000
"00024a58","|static|_FUN_00574cfc_00024a58",$d,00000000
"00024a64","|static|_FUN_0057418c_00024a64",$d,00000000
"00024a70","|static|_FUN_0056f2ac_00024a70",$d,00000000
"00024a74","|static|_FUN_00570950_00024a74",$d,00000000
"00024a7c","|static|_FUN_005707b8_00024a7c",$d,00000000
"00024a80","|static|_FUN_005734bc_00024a80",$d,00000000
"00024a84","|static|_FUN_004ea3a8_00024a84",$d,00000000
"00024a88","|static|_FUN_004ea1ec_00024a88",$d,00000000
"00024a94","|static|_FUN_005723a0_00024a94",$d,00000000
"00024aa8","|static|_FUN_0056f8b4_00024aa8",$d,00000000
"00024aac","|static|_FUN_00573ea4_00024aac",$d,00000000
"00024ac0","|static|_FUN_007717ac_00024ac0",$d,00000000
"00024ad8","|static|_FUN_005f4b04_00024ad8",$d,00000000
"00024adc","|static|_FUN_005f4b24_00024adc",$d,00000000
"00024ae0","|static|_FUN_005f4b34_00024ae0",$d,00000000
"00024ae4","|static|_FUN_005f4b18_00024ae4",$d,00000000
"00024ae8","|static|_FUN_005f4b14_00024ae8",$d,00000000
"00024aec","|static|_FUN_005f4b20_00024aec",$d,00000000
"00024af0","|static|_FUN_005f4b44_00024af0",$d,00000000
"00024af4","|static|_FUN_005f4b40_00024af4",$d,00000000
"00024af8","|static|_FUN_005f4b3c_00024af8",$d,00000000
"00024afc","|static|_FUN_005f4b50_00024afc",$d,00000000
"00024b00","|static|_FUN_005f4b08_00024b00",$d,00000000
"00024b04","|static|_FUN_005f4b28_00024b04",$d,00000000
"00024b08","|static|_FUN_005f4b6c_00024b08",$d,00000000
"00024b0c","|static|_FUN_005f4b0c_00024b0c",$d,00000000
"00024b10","|static|_FUN_005f4b38_00024b10",$d,00000000
"00024b14","|static|_FUN_005f4b54_00024b14",$d,00000000
"00024b18","|static|_FUN_005f4b1c_00024b18",$d,00000000
"00024b1c","|static|_FUN_005f4b10_00024b1c",$d,00000000
"00024b20","|static|_FUN_005f4b4c_00024b20",$d,00000000
"00024b24","|static|_FUN_005f4b48_00024b24",$d,00000000
"00024b28","|static|_FUN_005f4b68_00024b28",$d,00000000
"00024b2c","|static|_FUN_00573e9c_00024b2c",$d,00000000
"00024b30","|static|_FUN_005f4b70_00024b30",$d,00000000
"00024b34","|static|_FUN_005f4b78_00024b34",$d,00000000
"00024b38","|static|_FUN_005f4b60_00024b38",$d,00000000
"00024b3c","|static|_FUN_005f4b58_00024b3c",$d,00000000
"00024b40","|static|_FUN_005f4b5c_00024b40",$d,00000000
"00024b44","|static|_FUN_005f4b74_00024b44",$d,00000000
"00024b48","|static|_FUN_005f4b80_00024b48",$d,00000000
"00024b4c","|static|_FUN_005f4b88_00024b4c",$d,00000000
"00024b50","|static|_FUN_005f4b7c_00024b50",$d,00000000
"00024b54","|static|_FUN_005f4b84_00024b54",$d,00000000
"00024b58","|static|_FUN_005f4b2c_00024b58",$d,00000000
"00024b5c","|static|_FUN_0075ab68_00024b5c",$d,00000000
"00024b60","|static|_FUN_0075ab8c_00024b60",$d,00000000
"00024b64","|static|_FUN_0023bbe0_00024b64",$d,00000000
"00024b68","|static|_FUN_0023b508_00024b68",$d,00000000
"00024b6c","|static|_FUN_0023b2b8_00024b6c",$d,00000000
"00024b70","|static|_FUN_0023b1b0_00024b70",$d,00000000
"00024b74","|static|_FUN_0023b2b0_00024b74",$d,00000000
"00024b78","|static|_FUN_005dd630_00024b78",$d,00000000
"00024b7c","|static|_FUN_0023b504_00024b7c",$d,00000000
"00024b80","|static|_LAB_005dd598_00024b80",$d,00000000
"00024b84","|static|_FUN_005dd550_00024b84",$d,00000000
"00024b88","|static|_FUN_005dd648_00024b88",$d,00000000
"00024b8c","|static|_FUN_005dd670_00024b8c",$d,00000000
"00024b90","|static|_FUN_005dd67c_00024b90",$d,00000000
"00024b94","|static|_FUN_005dd65c_00024b94",$d,00000000
"00024b98","|static|_FUN_005dd560_00024b98",$d,00000000
"00024b9c","|static|_FUN_005dd64c_00024b9c",$d,00000000
"00024ba0","|static|_FUN_005dd5a0_00024ba0",$d,00000000
"00024ba4","|static|_FUN_005dd638_00024ba4",$d,00000000
"00024ba8","|static|_FUN_005dd694_00024ba8",$d,00000000
"00024bac","|static|_FUN_005dd698_00024bac",$d,00000000
"00024bb0","|static|_FUN_005dd55c_00024bb0",$d,00000000
"00024bb4","|static|_FUN_005dd5b4_00024bb4",$d,00000000
"00024bb8","|static|_FUN_005dd674_00024bb8",$d,00000000
"00024bbc","|static|_FUN_005dd680_00024bbc",$d,00000000
"00024bc0","|static|_FUN_005dd684_00024bc0",$d,00000000
"00024bc4","|static|_LAB_0075ab5c_00024bc4",$d,00000000
"00024bc8","|static|_FUN_00713b0c_00024bc8",$d,00000000
"00024bcc","|static|_FUN_0023adb8_00024bcc",$d,00000000
"00024bd0","|static|_FUN_0023b2b4_00024bd0",$d,00000000
"00024bd4","|static|_FUN_0023b218_00024bd4",$d,00000000
"00024bd8","|static|_FUN_0023b21c_00024bd8",$d,00000000
"00024bdc","|static|_FUN_0023adbc_00024bdc",$d,00000000
"00024be0","|static|_FUN_0056f8ac_00024be0",$d,00000000
"00024be4","|static|_FUN_0023b1ac_00024be4",$d,00000000
"00024be8","|static|_FUN_0023af1c_00024be8",$d,00000000
"00024bec","|static|_FUN_0023b214_00024bec",$d,00000000
"00024c00","|static|_FUN_005db288_00024c00",$d,00000000
"00024c04","|static|_FUN_007753b4_00024c04",$d,00000000
"00024c08","|static|_FUN_00772630_00024c08",$d,00000000
"00024c0c","|static|_FUN_005d9084_00024c0c",$d,00000000
"00024c10","|static|_FUN_005da414_00024c10",$d,00000000
"00024c14","|static|_FUN_005dd22c_00024c14",$d,00000000
"00024c18","|static|_FUN_0075ab50_00024c18",$d,00000000
"00024c1c","|static|_FUN_007726d4_00024c1c",$d,00000000
"00024c20","|static|_FUN_005dc4d8_00024c20",$d,00000000
"00024c24","|static|_FUN_0075ab40_00024c24",$d,00000000
"00024c28","|static|_FUN_0075ab54_00024c28",$d,00000000
"00024c2c","|static|_FUN_0075ab48_00024c2c",$d,00000000
"00024c30","DAT_00024c30",$d,00000000
"00024c40","|static|_FUN_006e46f4_00024c40",$d,00000000
"00024c48","|static|_FUN_00307c54_00024c48",$d,00000000
"00024c4c","|static|_FUN_006e473c_00024c4c",$d,00000000
"00024c54","|static|_FUN_0057b98c_00024c54",$d,00000000
"00024c58","|static|_FUN_0056e674_00024c58",$d,00000000
"00024c5c","|static|_FUN_00575d4c_00024c5c",$d,00000000
"00024c60","|static|_LAB_0057ba24_00024c60",$d,00000000
"00024c64","|static|_FUN_0057ba2c_00024c64",$d,00000000
"00024c68","|static|_FUN_005755cc_00024c68",$d,00000000
"00024c6c","|static|_FUN_00521a38_00024c6c",$d,00000000
"00024c70","|static|_FUN_0056f1a4_00024c70",$d,00000000
"00024c80","|static|_FUN_0076f810_00024c80",$d,00000000
"00024c84","|static|_FUN_0076f55c_00024c84",$d,00000000
"00024c88","|static|_FUN_005772b4_00024c88",$d,00000000
"00024c8c","|static|_FUN_0076f7dc_00024c8c",$d,00000000
"00024c90","|static|_FUN_00750970_00024c90",$d,00000000
"00024c94","|static|_FUN_0076f540_00024c94",$d,00000000
"00024c98","|static|_FUN_0076f7d4_00024c98",$d,00000000
"00024c9c","|static|_FUN_006e46e8_00024c9c",$d,00000000
"00024ca0","|static|_FUN_006e4500_00024ca0",$d,00000000
"00024ca4","|static|_FUN_006e4518_00024ca4",$d,00000000
"00024ca8","|static|_FUN_0076f538_00024ca8",$d,00000000
"00024cac","|static|_FUN_0076f548_00024cac",$d,00000000
"00024cb0","|static|_FUN_0056ea04_00024cb0",$d,00000000
"00024cb4","|static|_FUN_0056e6c4_00024cb4",$d,00000000
"00024cb8","|static|_FUN_0056e24c_00024cb8",$d,00000000
"00024cbc","|static|_FUN_00570f10_00024cbc",$d,00000000
"00024cc0","|static|_FUN_00570e9c_00024cc0",$d,00000000
"00024cc4","|static|_FUN_00570028_00024cc4",$d,00000000
"00024cd8","|static|_FUN_00574e34_00024cd8",$d,00000000
"00024cec","|static|_FUN_00574cfc_00024cec",$d,00000000
"00024cf8","|static|_FUN_0057418c_00024cf8",$d,00000000
"00024d08","|static|_FUN_00570950_00024d08",$d,00000000
"00024d14","|static|_FUN_005734bc_00024d14",$d,00000000
"00024d18","|static|_FUN_004ea3a8_00024d18",$d,00000000
"00024d1c","|static|_FUN_004ea1ec_00024d1c",$d,00000000
"00024d28","|static|_FUN_005723a0_00024d28",$d,00000000
"00024d3c","|static|_FUN_0056f8b4_00024d3c",$d,00000000
"00024d40","|static|_FUN_00573ea4_00024d40",$d,00000000
"00024d54","|static|_FUN_007717ac_00024d54",$d,00000000
"00024d6c","|static|_FUN_005f4b04_00024d6c",$d,00000000
"00024d70","|static|_FUN_005f4b24_00024d70",$d,00000000
"00024d74","|static|_FUN_005f4b34_00024d74",$d,00000000
"00024d78","|static|_FUN_005f4b18_00024d78",$d,00000000
"00024d7c","|static|_FUN_005f4b14_00024d7c",$d,00000000
"00024d80","|static|_FUN_005f4b20_00024d80",$d,00000000
"00024d84","|static|_FUN_005f4b44_00024d84",$d,00000000
"00024d88","|static|_FUN_005f4b40_00024d88",$d,00000000
"00024d8c","|static|_FUN_005f4b3c_00024d8c",$d,00000000
"00024d90","|static|_FUN_005f4b50_00024d90",$d,00000000
"00024d94","|static|_FUN_005f4b08_00024d94",$d,00000000
"00024d98","|static|_FUN_005f4b28_00024d98",$d,00000000
"00024d9c","|static|_FUN_005f4b6c_00024d9c",$d,00000000
"00024da0","|static|_FUN_005f4b0c_00024da0",$d,00000000
"00024da4","|static|_FUN_005f4b38_00024da4",$d,00000000
"00024da8","|static|_FUN_005f4b54_00024da8",$d,00000000
"00024dac","|static|_FUN_005f4b1c_00024dac",$d,00000000
"00024db0","|static|_FUN_005f4b10_00024db0",$d,00000000
"00024db4","|static|_FUN_005f4b4c_00024db4",$d,00000000
"00024db8","|static|_FUN_005f4b48_00024db8",$d,00000000
"00024dbc","|static|_FUN_005f4b68_00024dbc",$d,00000000
"00024dc0","|static|_FUN_00573e9c_00024dc0",$d,00000000
"00024dc4","|static|_FUN_005f4b70_00024dc4",$d,00000000
"00024dc8","|static|_FUN_005f4b78_00024dc8",$d,00000000
"00024dcc","|static|_FUN_005f4b60_00024dcc",$d,00000000
"00024dd0","|static|_FUN_005f4b58_00024dd0",$d,00000000
"00024dd4","|static|_FUN_005f4b5c_00024dd4",$d,00000000
"00024dd8","|static|_FUN_005f4b74_00024dd8",$d,00000000
"00024ddc","|static|_FUN_005f4b80_00024ddc",$d,00000000
"00024de0","|static|_FUN_005f4b88_00024de0",$d,00000000
"00024de4","|static|_FUN_005f4b7c_00024de4",$d,00000000
"00024de8","|static|_FUN_005f4b84_00024de8",$d,00000000
"00024dec","|static|_FUN_005f4b2c_00024dec",$d,00000000
"00024df0","|static|_FUN_0075ab68_00024df0",$d,00000000
"00024df4","|static|_FUN_0075ab8c_00024df4",$d,00000000
"00024df8","|static|_FUN_0023bbe0_00024df8",$d,00000000
"00024dfc","|static|_FUN_0023b508_00024dfc",$d,00000000
"00024e00","|static|_FUN_0023b2b8_00024e00",$d,00000000
"00024e04","|static|_FUN_0023b1b0_00024e04",$d,00000000
"00024e08","|static|_FUN_0023b2b0_00024e08",$d,00000000
"00024e0c","|static|_FUN_005dd630_00024e0c",$d,00000000
"00024e10","|static|_FUN_0023b504_00024e10",$d,00000000
"00024e14","|static|_LAB_005dd598_00024e14",$d,00000000
"00024e18","|static|_FUN_005dd550_00024e18",$d,00000000
"00024e1c","|static|_FUN_005dd648_00024e1c",$d,00000000
"00024e20","|static|_FUN_005dd670_00024e20",$d,00000000
"00024e24","|static|_FUN_005dd67c_00024e24",$d,00000000
"00024e28","|static|_FUN_005dd65c_00024e28",$d,00000000
"00024e2c","|static|_FUN_005dd560_00024e2c",$d,00000000
"00024e30","|static|_FUN_005dd64c_00024e30",$d,00000000
"00024e34","|static|_FUN_005dd5a0_00024e34",$d,00000000
"00024e38","|static|_FUN_005dd638_00024e38",$d,00000000
"00024e3c","|static|_FUN_005dd694_00024e3c",$d,00000000
"00024e40","|static|_FUN_005dd698_00024e40",$d,00000000
"00024e44","|static|_FUN_005dd55c_00024e44",$d,00000000
"00024e48","|static|_FUN_005dd5b4_00024e48",$d,00000000
"00024e4c","|static|_FUN_005dd674_00024e4c",$d,00000000
"00024e50","|static|_FUN_005dd680_00024e50",$d,00000000
"00024e54","|static|_FUN_005dd684_00024e54",$d,00000000
"00024e58","|static|_LAB_0075ab5c_00024e58",$d,00000000
"00024e5c","|static|_FUN_00713b0c_00024e5c",$d,00000000
"00024e60","|static|_FUN_0023adb8_00024e60",$d,00000000
"00024e64","|static|_FUN_0023b2b4_00024e64",$d,00000000
"00024e68","|static|_FUN_0023b218_00024e68",$d,00000000
"00024e6c","|static|_FUN_0023b21c_00024e6c",$d,00000000
"00024e70","|static|_FUN_0023adbc_00024e70",$d,00000000
"00024e74","|static|_FUN_0056f8ac_00024e74",$d,00000000
"00024e78","|static|_FUN_0023b1ac_00024e78",$d,00000000
"00024e7c","|static|_FUN_0023af1c_00024e7c",$d,00000000
"00024e80","|static|_FUN_0023b214_00024e80",$d,00000000
"00024e94","|static|_FUN_005db288_00024e94",$d,00000000
"00024e98","|static|_FUN_007753b4_00024e98",$d,00000000
"00024e9c","|static|_FUN_00772630_00024e9c",$d,00000000
"00024ea0","|static|_FUN_005d9084_00024ea0",$d,00000000
"00024ea4","|static|_FUN_005da414_00024ea4",$d,00000000
"00024ea8","|static|_FUN_005dd22c_00024ea8",$d,00000000
"00024eac","|static|_FUN_0075ab50_00024eac",$d,00000000
"00024eb0","|static|_FUN_007726d4_00024eb0",$d,00000000
"00024eb4","|static|_FUN_005dc4d8_00024eb4",$d,00000000
"00024eb8","|static|_FUN_0075ab40_00024eb8",$d,00000000
"00024ebc","|static|_FUN_0075ab54_00024ebc",$d,00000000
"00024ec0","|static|_FUN_0075ab48_00024ec0",$d,00000000
"00024ec4","DAT_00024ec4",$d,00000000
"00024ed4","|static|_FUN_006e46f4_00024ed4",$d,00000000
"00024edc","|static|_FUN_00307c54_00024edc",$d,00000000
"00024ee0","|static|_FUN_006e473c_00024ee0",$d,00000000
"00024ee8","|static|_FUN_0057b98c_00024ee8",$d,00000000
"00024eec","|static|_FUN_0056e674_00024eec",$d,00000000
"00024ef0","|static|_FUN_00575d4c_00024ef0",$d,00000000
"00024ef4","|static|_LAB_0057ba24_00024ef4",$d,00000000
"00024ef8","|static|_FUN_0057ba2c_00024ef8",$d,00000000
"00024efc","|static|_FUN_005755cc_00024efc",$d,00000000
"00024f00","|static|_FUN_00521a38_00024f00",$d,00000000
"00024f04","|static|_FUN_0056f1a4_00024f04",$d,00000000
"00024f14","|static|_FUN_0076f810_00024f14",$d,00000000
"00024f18","|static|_FUN_0076f55c_00024f18",$d,00000000
"00024f1c","|static|_FUN_005772b4_00024f1c",$d,00000000
"00024f20","|static|_FUN_0076f7dc_00024f20",$d,00000000
"00024f24","|static|_FUN_00750970_00024f24",$d,00000000
"00024f28","|static|_FUN_0076f540_00024f28",$d,00000000
"00024f2c","|static|_FUN_0076f7d4_00024f2c",$d,00000000
"00024f30","|static|_FUN_006e46e8_00024f30",$d,00000000
"00024f34","|static|_FUN_006e4500_00024f34",$d,00000000
"00024f38","|static|_FUN_006e4518_00024f38",$d,00000000
"00024f3c","|static|_FUN_0076f538_00024f3c",$d,00000000
"00024f40","|static|_FUN_0076f548_00024f40",$d,00000000
"00024f44","|static|_FUN_0056ea04_00024f44",$d,00000000
"00024f48","|static|_FUN_0056e6c4_00024f48",$d,00000000
"00024f4c","|static|_FUN_0056e24c_00024f4c",$d,00000000
"00024f50","|static|_FUN_00570f10_00024f50",$d,00000000
"00024f54","|static|_FUN_00570e9c_00024f54",$d,00000000
"00024f58","|static|_FUN_00570028_00024f58",$d,00000000
"00024f6c","|static|_FUN_00574e34_00024f6c",$d,00000000
"00024f80","|static|_FUN_00574cfc_00024f80",$d,00000000
"00024f8c","|static|_FUN_0057418c_00024f8c",$d,00000000
"00024fa8","|static|_FUN_005734bc_00024fa8",$d,00000000
"00024fac","|static|_FUN_004ea3a8_00024fac",$d,00000000
"00024fb0","|static|_FUN_004ea1ec_00024fb0",$d,00000000
"00024fbc","|static|_FUN_005723a0_00024fbc",$d,00000000
"00024fd0","|static|_FUN_0056f8b4_00024fd0",$d,00000000
"00024fd4","|static|_FUN_00573ea4_00024fd4",$d,00000000
"00024fe8","|static|_FUN_007717ac_00024fe8",$d,00000000
"00025000","|static|_FUN_005f4b04_00025000",$d,00000000
"00025004","|static|_FUN_005f4b24_00025004",$d,00000000
"00025008","|static|_FUN_005f4b34_00025008",$d,00000000
"0002500c","|static|_FUN_005f4b18_0002500c",$d,00000000
"00025010","|static|_FUN_005f4b14_00025010",$d,00000000
"00025014","|static|_FUN_005f4b20_00025014",$d,00000000
"00025018","|static|_FUN_005f4b44_00025018",$d,00000000
"0002501c","|static|_FUN_005f4b40_0002501c",$d,00000000
"00025020","|static|_FUN_005f4b3c_00025020",$d,00000000
"00025024","|static|_FUN_005f4b50_00025024",$d,00000000
"00025028","|static|_FUN_005f4b08_00025028",$d,00000000
"0002502c","|static|_FUN_005f4b28_0002502c",$d,00000000
"00025030","|static|_FUN_005f4b6c_00025030",$d,00000000
"00025034","|static|_FUN_005f4b0c_00025034",$d,00000000
"00025038","|static|_FUN_005f4b38_00025038",$d,00000000
"0002503c","|static|_FUN_005f4b54_0002503c",$d,00000000
"00025040","|static|_FUN_005f4b1c_00025040",$d,00000000
"00025044","|static|_FUN_005f4b10_00025044",$d,00000000
"00025048","|static|_FUN_005f4b4c_00025048",$d,00000000
"0002504c","|static|_FUN_005f4b48_0002504c",$d,00000000
"00025050","|static|_FUN_005f4b68_00025050",$d,00000000
"00025054","|static|_FUN_00573e9c_00025054",$d,00000000
"00025058","|static|_FUN_005f4b70_00025058",$d,00000000
"0002505c","|static|_FUN_005f4b78_0002505c",$d,00000000
"00025060","|static|_FUN_005f4b60_00025060",$d,00000000
"00025064","|static|_FUN_005f4b58_00025064",$d,00000000
"00025068","|static|_FUN_005f4b5c_00025068",$d,00000000
"0002506c","|static|_FUN_005f4b74_0002506c",$d,00000000
"00025070","|static|_FUN_005f4b80_00025070",$d,00000000
"00025074","|static|_FUN_005f4b88_00025074",$d,00000000
"00025078","|static|_FUN_005f4b7c_00025078",$d,00000000
"0002507c","|static|_FUN_005f4b84_0002507c",$d,00000000
"00025080","|static|_FUN_005f4b2c_00025080",$d,00000000
"00025084","|static|_FUN_0075ab68_00025084",$d,00000000
"00025088","|static|_FUN_0075ab8c_00025088",$d,00000000
"0002508c","|static|_FUN_0023bbe0_0002508c",$d,00000000
"00025090","|static|_FUN_0023b508_00025090",$d,00000000
"00025094","|static|_FUN_0023b2b8_00025094",$d,00000000
"00025098","|static|_FUN_0023b1b0_00025098",$d,00000000
"0002509c","|static|_FUN_0023b2b0_0002509c",$d,00000000
"000250a0","|static|_FUN_005dd630_000250a0",$d,00000000
"000250a4","|static|_FUN_0023b504_000250a4",$d,00000000
"000250a8","|static|_LAB_005dd598_000250a8",$d,00000000
"000250ac","|static|_FUN_005dd550_000250ac",$d,00000000
"000250b0","|static|_FUN_005dd648_000250b0",$d,00000000
"000250b4","|static|_FUN_005dd670_000250b4",$d,00000000
"000250b8","|static|_FUN_005dd67c_000250b8",$d,00000000
"000250bc","|static|_FUN_005dd65c_000250bc",$d,00000000
"000250c0","|static|_FUN_005dd560_000250c0",$d,00000000
"000250c4","|static|_FUN_005dd64c_000250c4",$d,00000000
"000250c8","|static|_FUN_005dd5a0_000250c8",$d,00000000
"000250cc","|static|_FUN_005dd638_000250cc",$d,00000000
"000250d0","|static|_FUN_005dd694_000250d0",$d,00000000
"000250d4","|static|_FUN_005dd698_000250d4",$d,00000000
"000250d8","|static|_FUN_005dd55c_000250d8",$d,00000000
"000250dc","|static|_FUN_005dd5b4_000250dc",$d,00000000
"000250e0","|static|_FUN_005dd674_000250e0",$d,00000000
"000250e4","|static|_FUN_005dd680_000250e4",$d,00000000
"000250e8","|static|_FUN_005dd684_000250e8",$d,00000000
"000250ec","|static|_LAB_0075ab5c_000250ec",$d,00000000
"000250f0","|static|_FUN_00713b0c_000250f0",$d,00000000
"000250f4","|static|_FUN_0023adb8_000250f4",$d,00000000
"000250f8","|static|_FUN_0023b2b4_000250f8",$d,00000000
"000250fc","|static|_FUN_0023b218_000250fc",$d,00000000
"00025100","|static|_FUN_0023b21c_00025100",$d,00000000
"00025104","|static|_FUN_0023adbc_00025104",$d,00000000
"00025108","|static|_FUN_0056f8ac_00025108",$d,00000000
"0002510c","|static|_FUN_0023b1ac_0002510c",$d,00000000
"00025110","|static|_FUN_0023af1c_00025110",$d,00000000
"00025114","|static|_FUN_0023b214_00025114",$d,00000000
"00025128","|static|_FUN_005db288_00025128",$d,00000000
"0002512c","|static|_FUN_007753b4_0002512c",$d,00000000
"00025130","|static|_FUN_00772630_00025130",$d,00000000
"00025134","|static|_FUN_005d9084_00025134",$d,00000000
"00025138","|static|_FUN_005da414_00025138",$d,00000000
"0002513c","|static|_FUN_005dd22c_0002513c",$d,00000000
"00025140","|static|_FUN_0075ab50_00025140",$d,00000000
"00025144","|static|_FUN_007726d4_00025144",$d,00000000
"00025148","|static|_FUN_005dc4d8_00025148",$d,00000000
"0002514c","|static|_FUN_0075ab40_0002514c",$d,00000000
"00025150","|static|_FUN_0075ab54_00025150",$d,00000000
"00025154","|static|_FUN_0075ab48_00025154",$d,00000000
"00025158","DAT_00025158",$d,00000000
"00025168","|static|_FUN_006e46f4_00025168",$d,00000000
"00025170","|static|_FUN_00307c54_00025170",$d,00000000
"00025174","|static|_FUN_006e473c_00025174",$d,00000000
"0002517c","|static|_FUN_0057b98c_0002517c",$d,00000000
"00025180","|static|_FUN_0056e674_00025180",$d,00000000
"00025184","|static|_FUN_00575d4c_00025184",$d,00000000
"00025188","|static|_LAB_0057ba24_00025188",$d,00000000
"0002518c","|static|_FUN_0057ba2c_0002518c",$d,00000000
"00025190","|static|_FUN_005755cc_00025190",$d,00000000
"00025194","|static|_FUN_00521a38_00025194",$d,00000000
"00025198","|static|_FUN_0056f1a4_00025198",$d,00000000
"000251a8","|static|_FUN_0076f810_000251a8",$d,00000000
"000251ac","|static|_FUN_0076f55c_000251ac",$d,00000000
"000251b0","|static|_FUN_005772b4_000251b0",$d,00000000
"000251b4","|static|_FUN_0076f7dc_000251b4",$d,00000000
"000251b8","|static|_FUN_00750970_000251b8",$d,00000000
"000251bc","|static|_FUN_0076f540_000251bc",$d,00000000
"000251c0","|static|_FUN_0076f7d4_000251c0",$d,00000000
"000251c4","|static|_FUN_006e46e8_000251c4",$d,00000000
"000251c8","|static|_FUN_006e4500_000251c8",$d,00000000
"000251cc","|static|_FUN_006e4518_000251cc",$d,00000000
"000251d0","|static|_FUN_0076f538_000251d0",$d,00000000
"000251d4","|static|_FUN_0076f548_000251d4",$d,00000000
"000251d8","|static|_FUN_0056ea04_000251d8",$d,00000000
"000251dc","|static|_FUN_0056e6c4_000251dc",$d,00000000
"000251e0","|static|_FUN_0056e24c_000251e0",$d,00000000
"000251e4","|static|_FUN_00570f10_000251e4",$d,00000000
"000251e8","|static|_FUN_00570e9c_000251e8",$d,00000000
"000251ec","|static|_FUN_00570028_000251ec",$d,00000000
"000251fc","|static|_FUN_00751050_000251fc",$d,00000000
"00025200","|static|_FUN_00574e34_00025200",$d,00000000
"00025214","|static|_FUN_00574cfc_00025214",$d,00000000
"0002522c","|static|_FUN_0056f2ac_0002522c",$d,00000000
"00025230","|static|_FUN_00570950_00025230",$d,00000000
"00025238","|static|_FUN_005707b8_00025238",$d,00000000
"0002523c","|static|_FUN_005734bc_0002523c",$d,00000000
"00025240","|static|_FUN_004ea3a8_00025240",$d,00000000
"00025244","|static|_FUN_004ea1ec_00025244",$d,00000000
"00025250","|static|_FUN_005723a0_00025250",$d,00000000
"00025264","|static|_FUN_0056f8b4_00025264",$d,00000000
"00025268","|static|_FUN_00573ea4_00025268",$d,00000000
"0002527c","|static|_FUN_007717ac_0002527c",$d,00000000
"00025294","|static|_FUN_005f4b04_00025294",$d,00000000
"00025298","|static|_FUN_005f4b24_00025298",$d,00000000
"0002529c","|static|_FUN_005f4b34_0002529c",$d,00000000
"000252a0","|static|_FUN_005f4b18_000252a0",$d,00000000
"000252a4","|static|_FUN_005f4b14_000252a4",$d,00000000
"000252a8","|static|_FUN_005f4b20_000252a8",$d,00000000
"000252ac","|static|_FUN_005f4b44_000252ac",$d,00000000
"000252b0","|static|_FUN_005f4b40_000252b0",$d,00000000
"000252b4","|static|_FUN_005f4b3c_000252b4",$d,00000000
"000252b8","|static|_FUN_005f4b50_000252b8",$d,00000000
"000252bc","|static|_FUN_005f4b08_000252bc",$d,00000000
"000252c0","|static|_FUN_005f4b28_000252c0",$d,00000000
"000252c4","|static|_FUN_005f4b6c_000252c4",$d,00000000
"000252c8","|static|_FUN_005f4b0c_000252c8",$d,00000000
"000252cc","|static|_FUN_005f4b38_000252cc",$d,00000000
"000252d0","|static|_FUN_005f4b54_000252d0",$d,00000000
"000252d4","|static|_FUN_005f4b1c_000252d4",$d,00000000
"000252d8","|static|_FUN_005f4b10_000252d8",$d,00000000
"000252dc","|static|_FUN_005f4b4c_000252dc",$d,00000000
"000252e0","|static|_FUN_005f4b48_000252e0",$d,00000000
"000252e4","|static|_FUN_005f4b68_000252e4",$d,00000000
"000252e8","|static|_FUN_00573e9c_000252e8",$d,00000000
"000252ec","|static|_FUN_005f4b70_000252ec",$d,00000000
"000252f0","|static|_FUN_005f4b78_000252f0",$d,00000000
"000252f4","|static|_FUN_005f4b60_000252f4",$d,00000000
"000252f8","|static|_FUN_005f4b58_000252f8",$d,00000000
"000252fc","|static|_FUN_005f4b5c_000252fc",$d,00000000
"00025300","|static|_FUN_005f4b74_00025300",$d,00000000
"00025304","|static|_FUN_005f4b80_00025304",$d,00000000
"00025308","|static|_FUN_005f4b88_00025308",$d,00000000
"0002530c","|static|_FUN_005f4b7c_0002530c",$d,00000000
"00025310","|static|_FUN_005f4b84_00025310",$d,00000000
"00025314","|static|_FUN_005f4b2c_00025314",$d,00000000
"00025318","|static|_FUN_0075ab68_00025318",$d,00000000
"0002531c","|static|_FUN_0075ab8c_0002531c",$d,00000000
"00025320","|static|_FUN_0023bbe0_00025320",$d,00000000
"00025324","|static|_FUN_0023b508_00025324",$d,00000000
"00025328","|static|_FUN_0023b2b8_00025328",$d,00000000
"0002532c","|static|_FUN_0023b1b0_0002532c",$d,00000000
"00025330","|static|_FUN_0023b2b0_00025330",$d,00000000
"00025334","|static|_FUN_005dd630_00025334",$d,00000000
"00025338","|static|_FUN_0023b504_00025338",$d,00000000
"0002533c","|static|_LAB_005dd598_0002533c",$d,00000000
"00025340","|static|_FUN_005dd550_00025340",$d,00000000
"00025344","|static|_FUN_005dd648_00025344",$d,00000000
"00025348","|static|_FUN_005dd670_00025348",$d,00000000
"0002534c","|static|_FUN_005dd67c_0002534c",$d,00000000
"00025350","|static|_FUN_005dd65c_00025350",$d,00000000
"00025354","|static|_FUN_005dd560_00025354",$d,00000000
"00025358","|static|_FUN_005dd64c_00025358",$d,00000000
"0002535c","|static|_FUN_005dd5a0_0002535c",$d,00000000
"00025360","|static|_FUN_005dd638_00025360",$d,00000000
"00025364","|static|_FUN_005dd694_00025364",$d,00000000
"00025368","|static|_FUN_005dd698_00025368",$d,00000000
"0002536c","|static|_FUN_005dd55c_0002536c",$d,00000000
"00025370","|static|_FUN_005dd5b4_00025370",$d,00000000
"00025374","|static|_FUN_005dd674_00025374",$d,00000000
"00025378","|static|_FUN_005dd680_00025378",$d,00000000
"0002537c","|static|_FUN_005dd684_0002537c",$d,00000000
"00025380","|static|_LAB_0075ab5c_00025380",$d,00000000
"00025384","|static|_FUN_00713b0c_00025384",$d,00000000
"00025388","|static|_FUN_0023adb8_00025388",$d,00000000
"0002538c","|static|_FUN_0023b2b4_0002538c",$d,00000000
"00025390","|static|_FUN_0023b218_00025390",$d,00000000
"00025394","|static|_FUN_0023b21c_00025394",$d,00000000
"00025398","|static|_FUN_0023adbc_00025398",$d,00000000
"0002539c","|static|_FUN_0056f8ac_0002539c",$d,00000000
"000253a0","|static|_FUN_0023b1ac_000253a0",$d,00000000
"000253a4","|static|_FUN_0023af1c_000253a4",$d,00000000
"000253a8","|static|_FUN_0023b214_000253a8",$d,00000000
"000253bc","|static|_FUN_005db288_000253bc",$d,00000000
"000253c0","|static|_FUN_007753b4_000253c0",$d,00000000
"000253c4","|static|_FUN_00772630_000253c4",$d,00000000
"000253c8","|static|_FUN_005d9084_000253c8",$d,00000000
"000253cc","|static|_FUN_005da414_000253cc",$d,00000000
"000253d0","|static|_FUN_005dd22c_000253d0",$d,00000000
"000253d4","|static|_FUN_0075ab50_000253d4",$d,00000000
"000253d8","|static|_FUN_007726d4_000253d8",$d,00000000
"000253dc","|static|_FUN_005dc4d8_000253dc",$d,00000000
"000253e0","|static|_FUN_0075ab40_000253e0",$d,00000000
"000253e4","|static|_FUN_0075ab54_000253e4",$d,00000000
"000253e8","|static|_FUN_0075ab48_000253e8",$d,00000000
"000253ec","DAT_000253ec",$d,00000000
"000253fc","|static|_FUN_006e46f4_000253fc",$d,00000000
"00025404","|static|_FUN_00307c54_00025404",$d,00000000
"00025408","|static|_FUN_006e473c_00025408",$d,00000000
"00025410","|static|_FUN_0057b98c_00025410",$d,00000000
"00025414","|static|_FUN_0056e674_00025414",$d,00000000
"00025418","|static|_FUN_00575d4c_00025418",$d,00000000
"0002541c","|static|_LAB_0057ba24_0002541c",$d,00000000
"00025420","|static|_FUN_0057ba2c_00025420",$d,00000000
"00025424","|static|_FUN_005755cc_00025424",$d,00000000
"00025428","|static|_FUN_00521a38_00025428",$d,00000000
"0002542c","|static|_FUN_0056f1a4_0002542c",$d,00000000
"0002543c","|static|_FUN_0076f810_0002543c",$d,00000000
"00025448","|static|_FUN_0076f7dc_00025448",$d,00000000
"0002544c","|static|_FUN_00750970_0002544c",$d,00000000
"00025450","|static|_FUN_0076f540_00025450",$d,00000000
"00025454","|static|_FUN_0076f7d4_00025454",$d,00000000
"00025458","|static|_FUN_006e46e8_00025458",$d,00000000
"0002545c","|static|_FUN_006e4500_0002545c",$d,00000000
"00025460","|static|_FUN_006e4518_00025460",$d,00000000
"00025464","|static|_FUN_0076f538_00025464",$d,00000000
"00025468","|static|_FUN_0076f548_00025468",$d,00000000
"0002546c","|static|_FUN_0056ea04_0002546c",$d,00000000
"00025470","|static|_FUN_0056e6c4_00025470",$d,00000000
"00025474","|static|_FUN_0056e24c_00025474",$d,00000000
"00025478","|static|_FUN_00570f10_00025478",$d,00000000
"0002547c","|static|_FUN_00570e9c_0002547c",$d,00000000
"00025480","|static|_FUN_00570028_00025480",$d,00000000
"00025494","|static|_FUN_00574e34_00025494",$d,00000000
"000254c0","|static|_FUN_0056f2ac_000254c0",$d,00000000
"000254c4","|static|_FUN_00570950_000254c4",$d,00000000
"000254cc","|static|_FUN_005707b8_000254cc",$d,00000000
"000254d4","|static|_FUN_004ea3a8_000254d4",$d,00000000
"000254d8","|static|_FUN_004ea1ec_000254d8",$d,00000000
"000254e4","|static|_FUN_005723a0_000254e4",$d,00000000
"000254f8","|static|_FUN_0056f8b4_000254f8",$d,00000000
"000254fc","|static|_FUN_00573ea4_000254fc",$d,00000000
"00025514","|static|_FUN_007717ac_00025514",$d,00000000
"0002552c","|static|_FUN_005f4b04_0002552c",$d,00000000
"00025530","|static|_FUN_005f4b24_00025530",$d,00000000
"00025534","|static|_FUN_005f4b34_00025534",$d,00000000
"00025538","|static|_FUN_005f4b18_00025538",$d,00000000
"0002553c","|static|_FUN_005f4b14_0002553c",$d,00000000
"00025540","|static|_FUN_005f4b20_00025540",$d,00000000
"00025544","|static|_FUN_005f4b44_00025544",$d,00000000
"00025548","|static|_FUN_005f4b40_00025548",$d,00000000
"0002554c","|static|_FUN_005f4b3c_0002554c",$d,00000000
"00025550","|static|_FUN_005f4b50_00025550",$d,00000000
"00025554","|static|_FUN_005f4b08_00025554",$d,00000000
"00025558","|static|_FUN_005f4b28_00025558",$d,00000000
"0002555c","|static|_FUN_005f4b6c_0002555c",$d,00000000
"00025560","|static|_FUN_005f4b0c_00025560",$d,00000000
"00025564","|static|_FUN_005f4b38_00025564",$d,00000000
"00025568","|static|_FUN_005f4b54_00025568",$d,00000000
"0002556c","|static|_FUN_005f4b1c_0002556c",$d,00000000
"00025570","|static|_FUN_005f4b10_00025570",$d,00000000
"00025574","|static|_FUN_005f4b4c_00025574",$d,00000000
"00025578","|static|_FUN_005f4b48_00025578",$d,00000000
"0002557c","|static|_FUN_005f4b68_0002557c",$d,00000000
"00025580","|static|_FUN_00573e9c_00025580",$d,00000000
"00025584","|static|_FUN_005f4b70_00025584",$d,00000000
"00025588","|static|_FUN_005f4b78_00025588",$d,00000000
"0002558c","|static|_FUN_005f4b60_0002558c",$d,00000000
"00025590","|static|_FUN_005f4b58_00025590",$d,00000000
"00025594","|static|_FUN_005f4b5c_00025594",$d,00000000
"00025598","|static|_FUN_005f4b74_00025598",$d,00000000
"0002559c","|static|_FUN_005f4b80_0002559c",$d,00000000
"000255a0","|static|_FUN_005f4b88_000255a0",$d,00000000
"000255a4","|static|_FUN_005f4b7c_000255a4",$d,00000000
"000255a8","|static|_FUN_005f4b84_000255a8",$d,00000000
"000255ac","|static|_FUN_005f4b2c_000255ac",$d,00000000
"000255b0","|static|_FUN_0075ab68_000255b0",$d,00000000
"000255b4","|static|_FUN_0075ab8c_000255b4",$d,00000000
"000255b8","|static|_FUN_0023bbe0_000255b8",$d,00000000
"000255bc","|static|_FUN_0023b508_000255bc",$d,00000000
"000255c0","|static|_FUN_0023b2b8_000255c0",$d,00000000
"000255c4","|static|_FUN_0023b1b0_000255c4",$d,00000000
"000255c8","|static|_FUN_0023b2b0_000255c8",$d,00000000
"000255d0","|static|_FUN_0023b504_000255d0",$d,00000000
"000255d4","|static|_LAB_005dd598_000255d4",$d,00000000
"000255d8","|static|_FUN_005dd550_000255d8",$d,00000000
"000255dc","|static|_FUN_005dd648_000255dc",$d,00000000
"000255e0","|static|_FUN_005dd670_000255e0",$d,00000000
"000255e4","|static|_FUN_005dd67c_000255e4",$d,00000000
"000255e8","|static|_FUN_005dd65c_000255e8",$d,00000000
"000255ec","|static|_FUN_005dd560_000255ec",$d,00000000
"000255f0","|static|_FUN_005dd64c_000255f0",$d,00000000
"000255f4","|static|_FUN_005dd5a0_000255f4",$d,00000000
"000255f8","|static|_FUN_005dd638_000255f8",$d,00000000
"000255fc","|static|_FUN_005dd694_000255fc",$d,00000000
"00025600","|static|_FUN_005dd698_00025600",$d,00000000
"00025604","|static|_FUN_005dd55c_00025604",$d,00000000
"00025608","|static|_FUN_005dd5b4_00025608",$d,00000000
"0002560c","|static|_FUN_005dd674_0002560c",$d,00000000
"00025610","|static|_FUN_005dd680_00025610",$d,00000000
"00025614","|static|_FUN_005dd684_00025614",$d,00000000
"00025618","|static|_LAB_0075ab5c_00025618",$d,00000000
"0002561c","|static|_FUN_00713b0c_0002561c",$d,00000000
"00025620","|static|_FUN_0023adb8_00025620",$d,00000000
"00025624","|static|_FUN_0023b2b4_00025624",$d,00000000
"00025628","|static|_FUN_0023b218_00025628",$d,00000000
"0002562c","|static|_FUN_0023b21c_0002562c",$d,00000000
"00025630","|static|_FUN_0023adbc_00025630",$d,00000000
"00025634","|static|_FUN_0056f8ac_00025634",$d,00000000
"00025638","|static|_FUN_0023b1ac_00025638",$d,00000000
"0002563c","|static|_FUN_0023af1c_0002563c",$d,00000000
"00025640","|static|_FUN_0023b214_00025640",$d,00000000
"00025654","|static|_FUN_005db288_00025654",$d,00000000
"00025658","|static|_FUN_007753b4_00025658",$d,00000000
"0002565c","|static|_FUN_00772630_0002565c",$d,00000000
"00025660","|static|_FUN_005d9084_00025660",$d,00000000
"00025664","|static|_FUN_005da414_00025664",$d,00000000
"00025668","|static|_FUN_005dd22c_00025668",$d,00000000
"0002566c","|static|_FUN_0075ab50_0002566c",$d,00000000
"00025670","|static|_FUN_007726d4_00025670",$d,00000000
"00025674","|static|_FUN_005dc4d8_00025674",$d,00000000
"00025678","|static|_FUN_0075ab40_00025678",$d,00000000
"0002567c","|static|_FUN_0075ab54_0002567c",$d,00000000
"00025680","|static|_FUN_0075ab48_00025680",$d,00000000
"00025684","DAT_00025684",$d,00000000
"00025694","|static|_FUN_006e46f4_00025694",$d,00000000
"0002569c","|static|_FUN_00307c54_0002569c",$d,00000000
"000256a0","|static|_FUN_006e473c_000256a0",$d,00000000
"000256a8","|static|_FUN_0057b98c_000256a8",$d,00000000
"000256ac","|static|_FUN_0056e674_000256ac",$d,00000000
"000256b0","|static|_FUN_00575d4c_000256b0",$d,00000000
"000256b4","|static|_LAB_0057ba24_000256b4",$d,00000000
"000256b8","|static|_FUN_0057ba2c_000256b8",$d,00000000
"000256bc","|static|_FUN_005755cc_000256bc",$d,00000000
"000256c0","|static|_FUN_00521a38_000256c0",$d,00000000
"000256c4","|static|_FUN_0056f1a4_000256c4",$d,00000000
"000256d4","|static|_FUN_0076f810_000256d4",$d,00000000
"000256d8","|static|_FUN_0076f55c_000256d8",$d,00000000
"000256dc","|static|_FUN_005772b4_000256dc",$d,00000000
"000256e0","|static|_FUN_0076f7dc_000256e0",$d,00000000
"000256e4","|static|_FUN_00750970_000256e4",$d,00000000
"000256e8","|static|_FUN_0076f540_000256e8",$d,00000000
"000256ec","|static|_FUN_0076f7d4_000256ec",$d,00000000
"000256f0","|static|_FUN_006e46e8_000256f0",$d,00000000
"000256f4","|static|_FUN_006e4500_000256f4",$d,00000000
"000256f8","|static|_FUN_006e4518_000256f8",$d,00000000
"000256fc","|static|_FUN_0076f538_000256fc",$d,00000000
"00025700","|static|_FUN_0076f548_00025700",$d,00000000
"00025704","|static|_FUN_0056ea04_00025704",$d,00000000
"00025708","|static|_FUN_0056e6c4_00025708",$d,00000000
"0002570c","|static|_FUN_0056e24c_0002570c",$d,00000000
"00025710","|static|_FUN_00570f10_00025710",$d,00000000
"00025714","|static|_FUN_00570e9c_00025714",$d,00000000
"00025718","|static|_FUN_00570028_00025718",$d,00000000
"00025728","|static|_FUN_00751050_00025728",$d,00000000
"0002572c","|static|_FUN_00574e34_0002572c",$d,00000000
"00025740","|static|_FUN_00574cfc_00025740",$d,00000000
"00025758","|static|_FUN_0056f2ac_00025758",$d,00000000
"0002575c","|static|_FUN_00570950_0002575c",$d,00000000
"00025764","|static|_FUN_005707b8_00025764",$d,00000000
"00025768","|static|_FUN_005734bc_00025768",$d,00000000
"0002576c","|static|_FUN_004ea3a8_0002576c",$d,00000000
"00025770","|static|_FUN_004ea1ec_00025770",$d,00000000
"0002577c","|static|_FUN_005723a0_0002577c",$d,00000000
"00025790","|static|_FUN_0056f8b4_00025790",$d,00000000
"00025794","|static|_FUN_00573ea4_00025794",$d,00000000
"000257a8","|static|_FUN_007717ac_000257a8",$d,00000000
"000257c0","|static|_FUN_005f4b04_000257c0",$d,00000000
"000257c4","|static|_FUN_005f4b24_000257c4",$d,00000000
"000257c8","|static|_FUN_005f4b34_000257c8",$d,00000000
"000257cc","|static|_FUN_005f4b18_000257cc",$d,00000000
"000257d0","|static|_FUN_005f4b14_000257d0",$d,00000000
"000257d4","|static|_FUN_005f4b20_000257d4",$d,00000000
"000257d8","|static|_FUN_005f4b44_000257d8",$d,00000000
"000257dc","|static|_FUN_005f4b40_000257dc",$d,00000000
"000257e0","|static|_FUN_005f4b3c_000257e0",$d,00000000
"000257e4","|static|_FUN_005f4b50_000257e4",$d,00000000
"000257e8","|static|_FUN_005f4b08_000257e8",$d,00000000
"000257ec","|static|_FUN_005f4b28_000257ec",$d,00000000
"000257f0","|static|_FUN_005f4b6c_000257f0",$d,00000000
"000257f4","|static|_FUN_005f4b0c_000257f4",$d,00000000
"000257f8","|static|_FUN_005f4b38_000257f8",$d,00000000
"000257fc","|static|_FUN_005f4b54_000257fc",$d,00000000
"00025800","|static|_FUN_005f4b1c_00025800",$d,00000000
"00025804","|static|_FUN_005f4b10_00025804",$d,00000000
"00025808","|static|_FUN_005f4b4c_00025808",$d,00000000
"0002580c","|static|_FUN_005f4b48_0002580c",$d,00000000
"00025810","|static|_FUN_005f4b68_00025810",$d,00000000
"00025814","|static|_FUN_00573e9c_00025814",$d,00000000
"00025818","|static|_FUN_005f4b70_00025818",$d,00000000
"0002581c","|static|_FUN_005f4b78_0002581c",$d,00000000
"00025820","|static|_FUN_005f4b60_00025820",$d,00000000
"00025824","|static|_FUN_005f4b58_00025824",$d,00000000
"00025828","|static|_FUN_005f4b5c_00025828",$d,00000000
"0002582c","|static|_FUN_005f4b74_0002582c",$d,00000000
"00025830","|static|_FUN_005f4b80_00025830",$d,00000000
"00025834","|static|_FUN_005f4b88_00025834",$d,00000000
"00025838","|static|_FUN_005f4b7c_00025838",$d,00000000
"0002583c","|static|_FUN_005f4b84_0002583c",$d,00000000
"00025840","|static|_FUN_005f4b2c_00025840",$d,00000000
"00025844","|static|_FUN_0075ab68_00025844",$d,00000000
"00025848","|static|_FUN_0075ab8c_00025848",$d,00000000
"0002584c","|static|_FUN_0023bbe0_0002584c",$d,00000000
"00025850","|static|_FUN_0023b508_00025850",$d,00000000
"00025854","|static|_FUN_0023b2b8_00025854",$d,00000000
"00025858","|static|_FUN_0023b1b0_00025858",$d,00000000
"0002585c","|static|_FUN_0023b2b0_0002585c",$d,00000000
"00025860","|static|_FUN_005dd630_00025860",$d,00000000
"00025864","|static|_FUN_0023b504_00025864",$d,00000000
"00025868","|static|_LAB_005dd598_00025868",$d,00000000
"0002586c","|static|_FUN_005dd550_0002586c",$d,00000000
"00025870","|static|_FUN_005dd648_00025870",$d,00000000
"00025874","|static|_FUN_005dd670_00025874",$d,00000000
"00025878","|static|_FUN_005dd67c_00025878",$d,00000000
"0002587c","|static|_FUN_005dd65c_0002587c",$d,00000000
"00025880","|static|_FUN_005dd560_00025880",$d,00000000
"00025884","|static|_FUN_005dd64c_00025884",$d,00000000
"00025888","|static|_FUN_005dd5a0_00025888",$d,00000000
"0002588c","|static|_FUN_005dd638_0002588c",$d,00000000
"00025890","|static|_FUN_005dd694_00025890",$d,00000000
"00025894","|static|_FUN_005dd698_00025894",$d,00000000
"00025898","|static|_FUN_005dd55c_00025898",$d,00000000
"0002589c","|static|_FUN_005dd5b4_0002589c",$d,00000000
"000258a0","|static|_FUN_005dd674_000258a0",$d,00000000
"000258a4","|static|_FUN_005dd680_000258a4",$d,00000000
"000258a8","|static|_FUN_005dd684_000258a8",$d,00000000
"000258ac","|static|_LAB_0075ab5c_000258ac",$d,00000000
"000258b0","|static|_FUN_00713b0c_000258b0",$d,00000000
"000258b4","|static|_FUN_0023adb8_000258b4",$d,00000000
"000258b8","|static|_FUN_0023b2b4_000258b8",$d,00000000
"000258bc","|static|_FUN_0023b218_000258bc",$d,00000000
"000258c0","|static|_FUN_0023b21c_000258c0",$d,00000000
"000258c4","|static|_FUN_0023adbc_000258c4",$d,00000000
"000258c8","|static|_FUN_0056f8ac_000258c8",$d,00000000
"000258cc","|static|_FUN_0023b1ac_000258cc",$d,00000000
"000258d0","|static|_FUN_0023af1c_000258d0",$d,00000000
"000258d4","|static|_FUN_0023b214_000258d4",$d,00000000
"000258e8","|static|_FUN_005db288_000258e8",$d,00000000
"000258ec","|static|_FUN_007753b4_000258ec",$d,00000000
"000258f0","|static|_FUN_00772630_000258f0",$d,00000000
"000258f4","|static|_FUN_005d9084_000258f4",$d,00000000
"000258f8","|static|_FUN_005da414_000258f8",$d,00000000
"000258fc","|static|_FUN_005dd22c_000258fc",$d,00000000
"00025900","|static|_FUN_0075ab50_00025900",$d,00000000
"00025904","|static|_FUN_007726d4_00025904",$d,00000000
"00025908","|static|_FUN_005dc4d8_00025908",$d,00000000
"0002590c","|static|_FUN_0075ab40_0002590c",$d,00000000
"00025910","|static|_FUN_0075ab54_00025910",$d,00000000
"00025914","|static|_FUN_0075ab48_00025914",$d,00000000
"00025918","DAT_00025918",$d,00000000
"00025928","|static|_FUN_006e46f4_00025928",$d,00000000
"00025930","|static|_FUN_00307c54_00025930",$d,00000000
"00025934","|static|_FUN_006e473c_00025934",$d,00000000
"0002593c","|static|_FUN_0057b98c_0002593c",$d,00000000
"00025940","|static|_FUN_0056e674_00025940",$d,00000000
"00025944","|static|_FUN_00575d4c_00025944",$d,00000000
"00025948","|static|_LAB_0057ba24_00025948",$d,00000000
"0002594c","|static|_FUN_0057ba2c_0002594c",$d,00000000
"00025950","|static|_FUN_005755cc_00025950",$d,00000000
"00025954","|static|_FUN_00521a38_00025954",$d,00000000
"00025958","|static|_FUN_0056f1a4_00025958",$d,00000000
"00025968","|static|_FUN_0076f810_00025968",$d,00000000
"0002596c","|static|_FUN_0076f55c_0002596c",$d,00000000
"00025970","|static|_FUN_005772b4_00025970",$d,00000000
"00025974","|static|_FUN_0076f7dc_00025974",$d,00000000
"00025978","|static|_FUN_00750970_00025978",$d,00000000
"0002597c","|static|_FUN_0076f540_0002597c",$d,00000000
"00025980","|static|_FUN_0076f7d4_00025980",$d,00000000
"00025984","|static|_FUN_006e46e8_00025984",$d,00000000
"00025988","|static|_FUN_006e4500_00025988",$d,00000000
"0002598c","|static|_FUN_006e4518_0002598c",$d,00000000
"00025990","|static|_FUN_0076f538_00025990",$d,00000000
"00025994","|static|_FUN_0076f548_00025994",$d,00000000
"00025998","|static|_FUN_0056ea04_00025998",$d,00000000
"0002599c","|static|_FUN_0056e6c4_0002599c",$d,00000000
"000259a0","|static|_FUN_0056e24c_000259a0",$d,00000000
"000259a4","|static|_FUN_00570f10_000259a4",$d,00000000
"000259a8","|static|_FUN_00570e9c_000259a8",$d,00000000
"000259ac","|static|_FUN_00570028_000259ac",$d,00000000
"000259b8","|static|_FUN_00573214_000259b8",$d,00000000
"000259bc","|static|_FUN_00751050_000259bc",$d,00000000
"000259c0","|static|_FUN_00574e34_000259c0",$d,00000000
"000259d4","|static|_FUN_00574cfc_000259d4",$d,00000000
"000259e0","|static|_FUN_0057418c_000259e0",$d,00000000
"000259ec","|static|_FUN_0056f2ac_000259ec",$d,00000000
"000259f0","|static|_FUN_00570950_000259f0",$d,00000000
"000259f8","|static|_FUN_005707b8_000259f8",$d,00000000
"000259fc","|static|_FUN_005734bc_000259fc",$d,00000000
"00025a00","|static|_FUN_004ea3a8_00025a00",$d,00000000
"00025a04","|static|_FUN_004ea1ec_00025a04",$d,00000000
"00025a10","|static|_FUN_005723a0_00025a10",$d,00000000
"00025a24","|static|_FUN_0056f8b4_00025a24",$d,00000000
"00025a28","|static|_FUN_00573ea4_00025a28",$d,00000000
"00025a3c","|static|_FUN_007717ac_00025a3c",$d,00000000
"00025a54","|static|_FUN_005f4b04_00025a54",$d,00000000
"00025a58","|static|_FUN_005f4b24_00025a58",$d,00000000
"00025a5c","|static|_FUN_005f4b34_00025a5c",$d,00000000
"00025a60","|static|_FUN_005f4b18_00025a60",$d,00000000
"00025a64","|static|_FUN_005f4b14_00025a64",$d,00000000
"00025a68","|static|_FUN_005f4b20_00025a68",$d,00000000
"00025a6c","|static|_FUN_005f4b44_00025a6c",$d,00000000
"00025a70","|static|_FUN_005f4b40_00025a70",$d,00000000
"00025a74","|static|_FUN_005f4b3c_00025a74",$d,00000000
"00025a78","|static|_FUN_005f4b50_00025a78",$d,00000000
"00025a7c","|static|_FUN_005f4b08_00025a7c",$d,00000000
"00025a80","|static|_FUN_005f4b28_00025a80",$d,00000000
"00025a84","|static|_FUN_005f4b6c_00025a84",$d,00000000
"00025a88","|static|_FUN_005f4b0c_00025a88",$d,00000000
"00025a8c","|static|_FUN_005f4b38_00025a8c",$d,00000000
"00025a90","|static|_FUN_005f4b54_00025a90",$d,00000000
"00025a94","|static|_FUN_005f4b1c_00025a94",$d,00000000
"00025a98","|static|_FUN_005f4b10_00025a98",$d,00000000
"00025a9c","|static|_FUN_005f4b4c_00025a9c",$d,00000000
"00025aa0","|static|_FUN_005f4b48_00025aa0",$d,00000000
"00025aa4","|static|_FUN_005f4b68_00025aa4",$d,00000000
"00025aa8","|static|_FUN_00573e9c_00025aa8",$d,00000000
"00025aac","|static|_FUN_005f4b70_00025aac",$d,00000000
"00025ab0","|static|_FUN_005f4b78_00025ab0",$d,00000000
"00025ab4","|static|_FUN_005f4b60_00025ab4",$d,00000000
"00025ab8","|static|_FUN_005f4b58_00025ab8",$d,00000000
"00025abc","|static|_FUN_005f4b5c_00025abc",$d,00000000
"00025ac0","|static|_FUN_005f4b74_00025ac0",$d,00000000
"00025ac4","|static|_FUN_005f4b80_00025ac4",$d,00000000
"00025ac8","|static|_FUN_005f4b88_00025ac8",$d,00000000
"00025acc","|static|_FUN_005f4b7c_00025acc",$d,00000000
"00025ad0","|static|_FUN_005f4b84_00025ad0",$d,00000000
"00025ad4","|static|_FUN_005f4b2c_00025ad4",$d,00000000
"00025ad8","|static|_FUN_0075ab68_00025ad8",$d,00000000
"00025adc","|static|_FUN_0075ab8c_00025adc",$d,00000000
"00025ae0","|static|_FUN_0023bbe0_00025ae0",$d,00000000
"00025ae4","|static|_FUN_0023b508_00025ae4",$d,00000000
"00025ae8","|static|_FUN_0023b2b8_00025ae8",$d,00000000
"00025aec","|static|_FUN_0023b1b0_00025aec",$d,00000000
"00025af0","|static|_FUN_0023b2b0_00025af0",$d,00000000
"00025af4","|static|_FUN_005dd630_00025af4",$d,00000000
"00025af8","|static|_FUN_0023b504_00025af8",$d,00000000
"00025afc","|static|_LAB_005dd598_00025afc",$d,00000000
"00025b00","|static|_FUN_005dd550_00025b00",$d,00000000
"00025b04","|static|_FUN_005dd648_00025b04",$d,00000000
"00025b08","|static|_FUN_005dd670_00025b08",$d,00000000
"00025b0c","|static|_FUN_005dd67c_00025b0c",$d,00000000
"00025b10","|static|_FUN_005dd65c_00025b10",$d,00000000
"00025b14","|static|_FUN_005dd560_00025b14",$d,00000000
"00025b18","|static|_FUN_005dd64c_00025b18",$d,00000000
"00025b1c","|static|_FUN_005dd5a0_00025b1c",$d,00000000
"00025b20","|static|_FUN_005dd638_00025b20",$d,00000000
"00025b24","|static|_FUN_005dd694_00025b24",$d,00000000
"00025b28","|static|_FUN_005dd698_00025b28",$d,00000000
"00025b2c","|static|_FUN_005dd55c_00025b2c",$d,00000000
"00025b30","|static|_FUN_005dd5b4_00025b30",$d,00000000
"00025b34","|static|_FUN_005dd674_00025b34",$d,00000000
"00025b38","|static|_FUN_005dd680_00025b38",$d,00000000
"00025b3c","|static|_FUN_005dd684_00025b3c",$d,00000000
"00025b40","|static|_LAB_0075ab5c_00025b40",$d,00000000
"00025b44","|static|_FUN_00713b0c_00025b44",$d,00000000
"00025b48","|static|_FUN_0023adb8_00025b48",$d,00000000
"00025b4c","|static|_FUN_0023b2b4_00025b4c",$d,00000000
"00025b50","|static|_FUN_0023b218_00025b50",$d,00000000
"00025b54","|static|_FUN_0023b21c_00025b54",$d,00000000
"00025b58","|static|_FUN_0023adbc_00025b58",$d,00000000
"00025b5c","|static|_FUN_0056f8ac_00025b5c",$d,00000000
"00025b60","|static|_FUN_0023b1ac_00025b60",$d,00000000
"00025b64","|static|_FUN_0023af1c_00025b64",$d,00000000
"00025b68","|static|_FUN_0023b214_00025b68",$d,00000000
"00025b7c","|static|_FUN_005db288_00025b7c",$d,00000000
"00025b80","|static|_FUN_007753b4_00025b80",$d,00000000
"00025b84","|static|_FUN_00772630_00025b84",$d,00000000
"00025b88","|static|_FUN_005d9084_00025b88",$d,00000000
"00025b8c","|static|_FUN_005da414_00025b8c",$d,00000000
"00025b90","|static|_FUN_005dd22c_00025b90",$d,00000000
"00025b94","|static|_FUN_0075ab50_00025b94",$d,00000000
"00025b98","|static|_FUN_007726d4_00025b98",$d,00000000
"00025b9c","|static|_FUN_005dc4d8_00025b9c",$d,00000000
"00025ba0","|static|_FUN_0075ab40_00025ba0",$d,00000000
"00025ba4","|static|_FUN_0075ab54_00025ba4",$d,00000000
"00025ba8","|static|_FUN_0075ab48_00025ba8",$d,00000000
"00025bac","DAT_00025bac",$d,00000000
"00025bbc","|static|_FUN_006e46f4_00025bbc",$d,00000000
"00025bc4","|static|_FUN_00307c54_00025bc4",$d,00000000
"00025bc8","|static|_FUN_006e473c_00025bc8",$d,00000000
"00025bd0","|static|_FUN_0057b98c_00025bd0",$d,00000000
"00025bd4","|static|_FUN_0056e674_00025bd4",$d,00000000
"00025bd8","|static|_FUN_00575d4c_00025bd8",$d,00000000
"00025bdc","|static|_LAB_0057ba24_00025bdc",$d,00000000
"00025be0","|static|_FUN_0057ba2c_00025be0",$d,00000000
"00025be4","|static|_FUN_005755cc_00025be4",$d,00000000
"00025be8","|static|_FUN_00521a38_00025be8",$d,00000000
"00025bec","|static|_FUN_0056f1a4_00025bec",$d,00000000
"00025bfc","|static|_FUN_0076f810_00025bfc",$d,00000000
"00025c00","|static|_FUN_0076f55c_00025c00",$d,00000000
"00025c04","|static|_FUN_005772b4_00025c04",$d,00000000
"00025c08","|static|_FUN_0076f7dc_00025c08",$d,00000000
"00025c0c","|static|_FUN_00750970_00025c0c",$d,00000000
"00025c10","|static|_FUN_0076f540_00025c10",$d,00000000
"00025c14","|static|_FUN_0076f7d4_00025c14",$d,00000000
"00025c18","|static|_FUN_006e46e8_00025c18",$d,00000000
"00025c1c","|static|_FUN_006e4500_00025c1c",$d,00000000
"00025c20","|static|_FUN_006e4518_00025c20",$d,00000000
"00025c24","|static|_FUN_0076f538_00025c24",$d,00000000
"00025c28","|static|_FUN_0076f548_00025c28",$d,00000000
"00025c2c","|static|_FUN_0056ea04_00025c2c",$d,00000000
"00025c30","|static|_FUN_0056e6c4_00025c30",$d,00000000
"00025c34","|static|_FUN_0056e24c_00025c34",$d,00000000
"00025c38","|static|_FUN_00570f10_00025c38",$d,00000000
"00025c3c","|static|_FUN_00570e9c_00025c3c",$d,00000000
"00025c40","|static|_FUN_00570028_00025c40",$d,00000000
"00025c54","|static|_FUN_00574e34_00025c54",$d,00000000
"00025c68","|static|_FUN_00574cfc_00025c68",$d,00000000
"00025c74","|static|_FUN_0057418c_00025c74",$d,00000000
"00025c80","|static|_FUN_0056f2ac_00025c80",$d,00000000
"00025c84","|static|_FUN_00570950_00025c84",$d,00000000
"00025c8c","|static|_FUN_005707b8_00025c8c",$d,00000000
"00025c90","|static|_FUN_005734bc_00025c90",$d,00000000
"00025c94","|static|_FUN_004ea3a8_00025c94",$d,00000000
"00025c98","|static|_FUN_004ea1ec_00025c98",$d,00000000
"00025ca4","|static|_FUN_005723a0_00025ca4",$d,00000000
"00025cb8","|static|_FUN_0056f8b4_00025cb8",$d,00000000
"00025cbc","|static|_FUN_00573ea4_00025cbc",$d,00000000
"00025cd0","|static|_FUN_007717ac_00025cd0",$d,00000000
"00025ce8","|static|_FUN_005f4b04_00025ce8",$d,00000000
"00025cec","|static|_FUN_005f4b24_00025cec",$d,00000000
"00025cf0","|static|_FUN_005f4b34_00025cf0",$d,00000000
"00025cf4","|static|_FUN_005f4b18_00025cf4",$d,00000000
"00025cf8","|static|_FUN_005f4b14_00025cf8",$d,00000000
"00025cfc","|static|_FUN_005f4b20_00025cfc",$d,00000000
"00025d00","|static|_FUN_005f4b44_00025d00",$d,00000000
"00025d04","|static|_FUN_005f4b40_00025d04",$d,00000000
"00025d08","|static|_FUN_005f4b3c_00025d08",$d,00000000
"00025d0c","|static|_FUN_005f4b50_00025d0c",$d,00000000
"00025d10","|static|_FUN_005f4b08_00025d10",$d,00000000
"00025d14","|static|_FUN_005f4b28_00025d14",$d,00000000
"00025d18","|static|_FUN_005f4b6c_00025d18",$d,00000000
"00025d1c","|static|_FUN_005f4b0c_00025d1c",$d,00000000
"00025d20","|static|_FUN_005f4b38_00025d20",$d,00000000
"00025d24","|static|_FUN_005f4b54_00025d24",$d,00000000
"00025d28","|static|_FUN_005f4b1c_00025d28",$d,00000000
"00025d2c","|static|_FUN_005f4b10_00025d2c",$d,00000000
"00025d30","|static|_FUN_005f4b4c_00025d30",$d,00000000
"00025d34","|static|_FUN_005f4b48_00025d34",$d,00000000
"00025d38","|static|_FUN_005f4b68_00025d38",$d,00000000
"00025d3c","|static|_FUN_00573e9c_00025d3c",$d,00000000
"00025d40","|static|_FUN_005f4b70_00025d40",$d,00000000
"00025d44","|static|_FUN_005f4b78_00025d44",$d,00000000
"00025d48","|static|_FUN_005f4b60_00025d48",$d,00000000
"00025d4c","|static|_FUN_005f4b58_00025d4c",$d,00000000
"00025d50","|static|_FUN_005f4b5c_00025d50",$d,00000000
"00025d54","|static|_FUN_005f4b74_00025d54",$d,00000000
"00025d58","|static|_FUN_005f4b80_00025d58",$d,00000000
"00025d5c","|static|_FUN_005f4b88_00025d5c",$d,00000000
"00025d60","|static|_FUN_005f4b7c_00025d60",$d,00000000
"00025d64","|static|_FUN_005f4b84_00025d64",$d,00000000
"00025d68","|static|_FUN_005f4b2c_00025d68",$d,00000000
"00025d6c","|static|_FUN_0075ab68_00025d6c",$d,00000000
"00025d70","|static|_FUN_0075ab8c_00025d70",$d,00000000
"00025d74","|static|_FUN_0023bbe0_00025d74",$d,00000000
"00025d78","|static|_FUN_0023b508_00025d78",$d,00000000
"00025d7c","|static|_FUN_0023b2b8_00025d7c",$d,00000000
"00025d80","|static|_FUN_0023b1b0_00025d80",$d,00000000
"00025d84","|static|_FUN_0023b2b0_00025d84",$d,00000000
"00025d88","|static|_FUN_005dd630_00025d88",$d,00000000
"00025d8c","|static|_FUN_0023b504_00025d8c",$d,00000000
"00025d90","|static|_LAB_005dd598_00025d90",$d,00000000
"00025d94","|static|_FUN_005dd550_00025d94",$d,00000000
"00025d98","|static|_FUN_005dd648_00025d98",$d,00000000
"00025d9c","|static|_FUN_005dd670_00025d9c",$d,00000000
"00025da0","|static|_FUN_005dd67c_00025da0",$d,00000000
"00025da4","|static|_FUN_005dd65c_00025da4",$d,00000000
"00025da8","|static|_FUN_005dd560_00025da8",$d,00000000
"00025dac","|static|_FUN_005dd64c_00025dac",$d,00000000
"00025db0","|static|_FUN_005dd5a0_00025db0",$d,00000000
"00025db4","|static|_FUN_005dd638_00025db4",$d,00000000
"00025db8","|static|_FUN_005dd694_00025db8",$d,00000000
"00025dbc","|static|_FUN_005dd698_00025dbc",$d,00000000
"00025dc0","|static|_FUN_005dd55c_00025dc0",$d,00000000
"00025dc4","|static|_FUN_005dd5b4_00025dc4",$d,00000000
"00025dc8","|static|_FUN_005dd674_00025dc8",$d,00000000
"00025dcc","|static|_FUN_005dd680_00025dcc",$d,00000000
"00025dd0","|static|_FUN_005dd684_00025dd0",$d,00000000
"00025dd4","|static|_LAB_0075ab5c_00025dd4",$d,00000000
"00025dd8","|static|_FUN_00713b0c_00025dd8",$d,00000000
"00025ddc","|static|_FUN_0023adb8_00025ddc",$d,00000000
"00025de0","|static|_FUN_0023b2b4_00025de0",$d,00000000
"00025de4","|static|_FUN_0023b218_00025de4",$d,00000000
"00025de8","|static|_FUN_0023b21c_00025de8",$d,00000000
"00025dec","|static|_FUN_0023adbc_00025dec",$d,00000000
"00025df0","|static|_FUN_0056f8ac_00025df0",$d,00000000
"00025df4","|static|_FUN_0023b1ac_00025df4",$d,00000000
"00025df8","|static|_FUN_0023af1c_00025df8",$d,00000000
"00025dfc","|static|_FUN_0023b214_00025dfc",$d,00000000
"00025e10","|static|_FUN_005db288_00025e10",$d,00000000
"00025e14","|static|_FUN_007753b4_00025e14",$d,00000000
"00025e18","|static|_FUN_00772630_00025e18",$d,00000000
"00025e1c","|static|_FUN_005d9084_00025e1c",$d,00000000
"00025e20","|static|_FUN_005da414_00025e20",$d,00000000
"00025e24","|static|_FUN_005dd22c_00025e24",$d,00000000
"00025e28","|static|_FUN_0075ab50_00025e28",$d,00000000
"00025e2c","|static|_FUN_007726d4_00025e2c",$d,00000000
"00025e30","|static|_FUN_005dc4d8_00025e30",$d,00000000
"00025e34","|static|_FUN_0075ab40_00025e34",$d,00000000
"00025e38","|static|_FUN_0075ab54_00025e38",$d,00000000
"00025e3c","|static|_FUN_0075ab48_00025e3c",$d,00000000
"00025e40","DAT_00025e40",$d,00000000
"00025e50","|static|_FUN_006e46f4_00025e50",$d,00000000
"00025e58","|static|_FUN_00307c54_00025e58",$d,00000000
"00025e5c","|static|_FUN_006e473c_00025e5c",$d,00000000
"00025e64","|static|_FUN_0057b98c_00025e64",$d,00000000
"00025e68","|static|_FUN_0056e674_00025e68",$d,00000000
"00025e6c","|static|_FUN_00575d4c_00025e6c",$d,00000000
"00025e70","|static|_LAB_0057ba24_00025e70",$d,00000000
"00025e74","|static|_FUN_0057ba2c_00025e74",$d,00000000
"00025e78","|static|_FUN_005755cc_00025e78",$d,00000000
"00025e7c","|static|_FUN_00521a38_00025e7c",$d,00000000
"00025e80","|static|_FUN_0056f1a4_00025e80",$d,00000000
"00025e90","|static|_FUN_0076f810_00025e90",$d,00000000
"00025e94","|static|_FUN_0076f55c_00025e94",$d,00000000
"00025e98","|static|_FUN_005772b4_00025e98",$d,00000000
"00025e9c","|static|_FUN_0076f7dc_00025e9c",$d,00000000
"00025ea0","|static|_FUN_00750970_00025ea0",$d,00000000
"00025ea4","|static|_FUN_0076f540_00025ea4",$d,00000000
"00025ea8","|static|_FUN_0076f7d4_00025ea8",$d,00000000
"00025eac","|static|_FUN_006e46e8_00025eac",$d,00000000
"00025eb0","|static|_FUN_006e4500_00025eb0",$d,00000000
"00025eb4","|static|_FUN_006e4518_00025eb4",$d,00000000
"00025eb8","|static|_FUN_0076f538_00025eb8",$d,00000000
"00025ebc","|static|_FUN_0076f548_00025ebc",$d,00000000
"00025ec0","|static|_FUN_0056ea04_00025ec0",$d,00000000
"00025ec4","|static|_FUN_0056e6c4_00025ec4",$d,00000000
"00025ec8","|static|_FUN_0056e24c_00025ec8",$d,00000000
"00025ecc","|static|_FUN_00570f10_00025ecc",$d,00000000
"00025ed0","|static|_FUN_00570e9c_00025ed0",$d,00000000
"00025ed4","|static|_FUN_00570028_00025ed4",$d,00000000
"00025ee8","|static|_FUN_00574e34_00025ee8",$d,00000000
"00025efc","|static|_FUN_00574cfc_00025efc",$d,00000000
"00025f08","|static|_FUN_0057418c_00025f08",$d,00000000
"00025f14","|static|_FUN_0056f2ac_00025f14",$d,00000000
"00025f18","|static|_FUN_00570950_00025f18",$d,00000000
"00025f20","|static|_FUN_005707b8_00025f20",$d,00000000
"00025f24","|static|_FUN_005734bc_00025f24",$d,00000000
"00025f28","|static|_FUN_004ea3a8_00025f28",$d,00000000
"00025f2c","|static|_FUN_004ea1ec_00025f2c",$d,00000000
"00025f38","|static|_FUN_005723a0_00025f38",$d,00000000
"00025f4c","|static|_FUN_0056f8b4_00025f4c",$d,00000000
"00025f50","|static|_FUN_00573ea4_00025f50",$d,00000000
"00025f64","|static|_FUN_007717ac_00025f64",$d,00000000
"00025f7c","|static|_FUN_005f4b04_00025f7c",$d,00000000
"00025f80","|static|_FUN_005f4b24_00025f80",$d,00000000
"00025f84","|static|_FUN_005f4b34_00025f84",$d,00000000
"00025f88","|static|_FUN_005f4b18_00025f88",$d,00000000
"00025f8c","|static|_FUN_005f4b14_00025f8c",$d,00000000
"00025f90","|static|_FUN_005f4b20_00025f90",$d,00000000
"00025f94","|static|_FUN_005f4b44_00025f94",$d,00000000
"00025f98","|static|_FUN_005f4b40_00025f98",$d,00000000
"00025f9c","|static|_FUN_005f4b3c_00025f9c",$d,00000000
"00025fa0","|static|_FUN_005f4b50_00025fa0",$d,00000000
"00025fa4","|static|_FUN_005f4b08_00025fa4",$d,00000000
"00025fa8","|static|_FUN_005f4b28_00025fa8",$d,00000000
"00025fac","|static|_FUN_005f4b6c_00025fac",$d,00000000
"00025fb0","|static|_FUN_005f4b0c_00025fb0",$d,00000000
"00025fb4","|static|_FUN_005f4b38_00025fb4",$d,00000000
"00025fb8","|static|_FUN_005f4b54_00025fb8",$d,00000000
"00025fbc","|static|_FUN_005f4b1c_00025fbc",$d,00000000
"00025fc0","|static|_FUN_005f4b10_00025fc0",$d,00000000
"00025fc4","|static|_FUN_005f4b4c_00025fc4",$d,00000000
"00025fc8","|static|_FUN_005f4b48_00025fc8",$d,00000000
"00025fcc","|static|_FUN_005f4b68_00025fcc",$d,00000000
"00025fd0","|static|_FUN_00573e9c_00025fd0",$d,00000000
"00025fd4","|static|_FUN_005f4b70_00025fd4",$d,00000000
"00025fd8","|static|_FUN_005f4b78_00025fd8",$d,00000000
"00025fdc","|static|_FUN_005f4b60_00025fdc",$d,00000000
"00025fe0","|static|_FUN_005f4b58_00025fe0",$d,00000000
"00025fe4","|static|_FUN_005f4b5c_00025fe4",$d,00000000
"00025fe8","|static|_FUN_005f4b74_00025fe8",$d,00000000
"00025fec","|static|_FUN_005f4b80_00025fec",$d,00000000
"00025ff0","|static|_FUN_005f4b88_00025ff0",$d,00000000
"00025ff4","|static|_FUN_005f4b7c_00025ff4",$d,00000000
"00025ff8","|static|_FUN_005f4b84_00025ff8",$d,00000000
"00025ffc","|static|_FUN_005f4b2c_00025ffc",$d,00000000
"00026000","|static|_FUN_0075ab68_00026000",$d,00000000
"00026004","|static|_FUN_0075ab8c_00026004",$d,00000000
"00026008","|static|_FUN_0023bbe0_00026008",$d,00000000
"0002600c","|static|_FUN_0023b508_0002600c",$d,00000000
"00026010","|static|_FUN_0023b2b8_00026010",$d,00000000
"00026014","|static|_FUN_0023b1b0_00026014",$d,00000000
"00026018","|static|_FUN_0023b2b0_00026018",$d,00000000
"0002601c","|static|_FUN_005dd630_0002601c",$d,00000000
"00026020","|static|_FUN_0023b504_00026020",$d,00000000
"00026024","|static|_LAB_005dd598_00026024",$d,00000000
"00026028","|static|_FUN_005dd550_00026028",$d,00000000
"0002602c","|static|_FUN_005dd648_0002602c",$d,00000000
"00026030","|static|_FUN_005dd670_00026030",$d,00000000
"00026034","|static|_FUN_005dd67c_00026034",$d,00000000
"00026038","|static|_FUN_005dd65c_00026038",$d,00000000
"0002603c","|static|_FUN_005dd560_0002603c",$d,00000000
"00026040","|static|_FUN_005dd64c_00026040",$d,00000000
"00026044","|static|_FUN_005dd5a0_00026044",$d,00000000
"00026048","|static|_FUN_005dd638_00026048",$d,00000000
"0002604c","|static|_FUN_005dd694_0002604c",$d,00000000
"00026050","|static|_FUN_005dd698_00026050",$d,00000000
"00026054","|static|_FUN_005dd55c_00026054",$d,00000000
"00026058","|static|_FUN_005dd5b4_00026058",$d,00000000
"0002605c","|static|_FUN_005dd674_0002605c",$d,00000000
"00026060","|static|_FUN_005dd680_00026060",$d,00000000
"00026064","|static|_FUN_005dd684_00026064",$d,00000000
"00026068","|static|_LAB_0075ab5c_00026068",$d,00000000
"0002606c","|static|_FUN_00713b0c_0002606c",$d,00000000
"00026070","|static|_FUN_0023adb8_00026070",$d,00000000
"00026074","|static|_FUN_0023b2b4_00026074",$d,00000000
"00026078","|static|_FUN_0023b218_00026078",$d,00000000
"0002607c","|static|_FUN_0023b21c_0002607c",$d,00000000
"00026080","|static|_FUN_0023adbc_00026080",$d,00000000
"00026084","|static|_FUN_0056f8ac_00026084",$d,00000000
"00026088","|static|_FUN_0023b1ac_00026088",$d,00000000
"0002608c","|static|_FUN_0023af1c_0002608c",$d,00000000
"00026090","|static|_FUN_0023b214_00026090",$d,00000000
"000260a4","|static|_FUN_005db288_000260a4",$d,00000000
"000260a8","|static|_FUN_007753b4_000260a8",$d,00000000
"000260ac","|static|_FUN_00772630_000260ac",$d,00000000
"000260b0","|static|_FUN_005d9084_000260b0",$d,00000000
"000260b4","|static|_FUN_005da414_000260b4",$d,00000000
"000260b8","|static|_FUN_005dd22c_000260b8",$d,00000000
"000260bc","|static|_FUN_0075ab50_000260bc",$d,00000000
"000260c0","|static|_FUN_007726d4_000260c0",$d,00000000
"000260c4","|static|_FUN_005dc4d8_000260c4",$d,00000000
"000260c8","|static|_FUN_0075ab40_000260c8",$d,00000000
"000260cc","|static|_FUN_0075ab54_000260cc",$d,00000000
"000260d0","|static|_FUN_0075ab48_000260d0",$d,00000000
"000260d4","DAT_000260d4",$d,00000000
"000260e4","|static|_FUN_006e46f4_000260e4",$d,00000000
"000260ec","|static|_FUN_00307c54_000260ec",$d,00000000
"000260f0","|static|_FUN_006e473c_000260f0",$d,00000000
"000260f8","|static|_FUN_0057b98c_000260f8",$d,00000000
"000260fc","|static|_FUN_0056e674_000260fc",$d,00000000
"00026100","|static|_FUN_00575d4c_00026100",$d,00000000
"00026104","|static|_LAB_0057ba24_00026104",$d,00000000
"00026108","|static|_FUN_0057ba2c_00026108",$d,00000000
"0002610c","|static|_FUN_005755cc_0002610c",$d,00000000
"00026110","|static|_FUN_00521a38_00026110",$d,00000000
"00026114","|static|_FUN_0056f1a4_00026114",$d,00000000
"00026124","|static|_FUN_0076f810_00026124",$d,00000000
"00026128","|static|_FUN_0076f55c_00026128",$d,00000000
"00026130","|static|_FUN_0076f7dc_00026130",$d,00000000
"00026134","|static|_FUN_00750970_00026134",$d,00000000
"00026138","|static|_FUN_0076f540_00026138",$d,00000000
"0002613c","|static|_FUN_0076f7d4_0002613c",$d,00000000
"00026140","|static|_FUN_006e46e8_00026140",$d,00000000
"00026144","|static|_FUN_006e4500_00026144",$d,00000000
"00026148","|static|_FUN_006e4518_00026148",$d,00000000
"0002614c","|static|_FUN_0076f538_0002614c",$d,00000000
"00026150","|static|_FUN_0076f548_00026150",$d,00000000
"00026154","|static|_FUN_0056ea04_00026154",$d,00000000
"00026158","|static|_FUN_0056e6c4_00026158",$d,00000000
"0002615c","|static|_FUN_0056e24c_0002615c",$d,00000000
"00026160","|static|_FUN_00570f10_00026160",$d,00000000
"00026164","|static|_FUN_00570e9c_00026164",$d,00000000
"00026168","|static|_FUN_00570028_00026168",$d,00000000
"00026174","|static|_FUN_00573214_00026174",$d,00000000
"00026178","|static|_FUN_00751050_00026178",$d,00000000
"0002617c","|static|_FUN_00574e34_0002617c",$d,00000000
"00026190","|static|_FUN_00574cfc_00026190",$d,00000000
"0002619c","|static|_FUN_0057418c_0002619c",$d,00000000
"000261a8","|static|_FUN_0056f2ac_000261a8",$d,00000000
"000261ac","|static|_FUN_00570950_000261ac",$d,00000000
"000261b4","|static|_FUN_005707b8_000261b4",$d,00000000
"000261b8","|static|_FUN_005734bc_000261b8",$d,00000000
"000261bc","|static|_FUN_004ea3a8_000261bc",$d,00000000
"000261c0","|static|_FUN_004ea1ec_000261c0",$d,00000000
"000261cc","|static|_FUN_005723a0_000261cc",$d,00000000
"000261e4","|static|_FUN_00573ea4_000261e4",$d,00000000
"00026214","|static|_FUN_007717ac_00026214",$d,00000000
"0002623c","|static|_FUN_005f4b14_0002623c",$d,00000000
"00026240","|static|_FUN_005f4b20_00026240",$d,00000000
"00026244","|static|_FUN_005f4b44_00026244",$d,00000000
"00026248","|static|_FUN_005f4b40_00026248",$d,00000000
"0002624c","|static|_FUN_005f4b3c_0002624c",$d,00000000
"00026250","|static|_FUN_005f4b50_00026250",$d,00000000
"00026254","|static|_FUN_005f4b08_00026254",$d,00000000
"00026258","|static|_FUN_005f4b28_00026258",$d,00000000
"0002625c","|static|_FUN_005f4b6c_0002625c",$d,00000000
"00026260","|static|_FUN_005f4b0c_00026260",$d,00000000
"00026264","|static|_FUN_005f4b38_00026264",$d,00000000
"00026268","|static|_FUN_005f4b54_00026268",$d,00000000
"0002626c","|static|_FUN_005f4b1c_0002626c",$d,00000000
"00026270","|static|_FUN_005f4b10_00026270",$d,00000000
"00026274","|static|_FUN_005f4b4c_00026274",$d,00000000
"00026278","|static|_FUN_005f4b48_00026278",$d,00000000
"0002627c","|static|_FUN_005f4b68_0002627c",$d,00000000
"00026280","|static|_FUN_00573e9c_00026280",$d,00000000
"00026284","|static|_FUN_005f4b70_00026284",$d,00000000
"00026288","|static|_FUN_005f4b78_00026288",$d,00000000
"0002628c","|static|_FUN_005f4b60_0002628c",$d,00000000
"00026290","|static|_FUN_005f4b58_00026290",$d,00000000
"00026294","|static|_FUN_005f4b5c_00026294",$d,00000000
"00026298","|static|_FUN_005f4b74_00026298",$d,00000000
"0002629c","|static|_FUN_005f4b80_0002629c",$d,00000000
"000262a0","|static|_FUN_005f4b88_000262a0",$d,00000000
"000262a4","|static|_FUN_005f4b7c_000262a4",$d,00000000
"000262a8","|static|_FUN_005f4b84_000262a8",$d,00000000
"000262ac","|static|_FUN_005f4b2c_000262ac",$d,00000000
"000262b0","|static|_FUN_0075ab68_000262b0",$d,00000000
"000262b4","|static|_FUN_0075ab8c_000262b4",$d,00000000
"000262b8","|static|_FUN_0023bbe0_000262b8",$d,00000000
"000262bc","|static|_FUN_0023b508_000262bc",$d,00000000
"000262c4","|static|_FUN_0023b1b0_000262c4",$d,00000000
"000262c8","|static|_FUN_0023b2b0_000262c8",$d,00000000
"000262cc","|static|_FUN_005dd630_000262cc",$d,00000000
"000262d0","|static|_FUN_0023b504_000262d0",$d,00000000
"000262d4","|static|_LAB_005dd598_000262d4",$d,00000000
"000262d8","|static|_FUN_005dd550_000262d8",$d,00000000
"000262dc","|static|_FUN_005dd648_000262dc",$d,00000000
"000262e0","|static|_FUN_005dd670_000262e0",$d,00000000
"000262e4","|static|_FUN_005dd67c_000262e4",$d,00000000
"000262e8","|static|_FUN_005dd65c_000262e8",$d,00000000
"000262ec","|static|_FUN_005dd560_000262ec",$d,00000000
"000262f0","|static|_FUN_005dd64c_000262f0",$d,00000000
"000262f4","|static|_FUN_005dd5a0_000262f4",$d,00000000
"000262f8","|static|_FUN_005dd638_000262f8",$d,00000000
"000262fc","|static|_FUN_005dd694_000262fc",$d,00000000
"00026300","|static|_FUN_005dd698_00026300",$d,00000000
"00026304","|static|_FUN_005dd55c_00026304",$d,00000000
"00026308","|static|_FUN_005dd5b4_00026308",$d,00000000
"0002630c","|static|_FUN_005dd674_0002630c",$d,00000000
"00026310","|static|_FUN_005dd680_00026310",$d,00000000
"00026314","|static|_FUN_005dd684_00026314",$d,00000000
"00026318","|static|_LAB_0075ab5c_00026318",$d,00000000
"0002631c","|static|_FUN_00713b0c_0002631c",$d,00000000
"00026320","|static|_FUN_0023adb8_00026320",$d,00000000
"00026324","|static|_FUN_0023b2b4_00026324",$d,00000000
"0002632c","|static|_FUN_0023b21c_0002632c",$d,00000000
"00026338","|static|_FUN_0023b1ac_00026338",$d,00000000
"0002633c","|static|_FUN_0023af1c_0002633c",$d,00000000
"00026340","|static|_FUN_0023b214_00026340",$d,00000000
"00026354","|static|_FUN_005db288_00026354",$d,00000000
"00026360","|static|_FUN_005d9084_00026360",$d,00000000
"00026364","|static|_FUN_005da414_00026364",$d,00000000
"00026368","|static|_FUN_005dd22c_00026368",$d,00000000
"0002636c","|static|_FUN_0075ab50_0002636c",$d,00000000
"00026370","|static|_FUN_007726d4_00026370",$d,00000000
"00026374","|static|_FUN_005dc4d8_00026374",$d,00000000
"00026378","|static|_FUN_0075ab40_00026378",$d,00000000
"0002637c","|static|_FUN_0075ab54_0002637c",$d,00000000
"00026380","|static|_FUN_0075ab48_00026380",$d,00000000
"00026384","DAT_00026384",$d,00000000
"00026394","|static|_FUN_006e46f4_00026394",$d,00000000
"0002639c","|static|_FUN_00307c54_0002639c",$d,00000000
"000263a0","|static|_FUN_006e473c_000263a0",$d,00000000
"000263a8","|static|_FUN_0057b98c_000263a8",$d,00000000
"000263ac","|static|_FUN_0056e674_000263ac",$d,00000000
"000263b0","|static|_FUN_00575d4c_000263b0",$d,00000000
"000263b4","|static|_LAB_0057ba24_000263b4",$d,00000000
"000263b8","|static|_FUN_0057ba2c_000263b8",$d,00000000
"000263bc","|static|_FUN_005755cc_000263bc",$d,00000000
"000263c0","|static|_FUN_00521a38_000263c0",$d,00000000
"000263c4","|static|_FUN_0056f1a4_000263c4",$d,00000000
"000263d4","|static|_FUN_0076f810_000263d4",$d,00000000
"000263d8","|static|_FUN_0076f55c_000263d8",$d,00000000
"000263e0","|static|_FUN_0076f7dc_000263e0",$d,00000000
"000263e4","|static|_FUN_00750970_000263e4",$d,00000000
"000263e8","|static|_FUN_0076f540_000263e8",$d,00000000
"000263ec","|static|_FUN_0076f7d4_000263ec",$d,00000000
"000263f0","|static|_FUN_006e46e8_000263f0",$d,00000000
"000263f4","|static|_FUN_006e4500_000263f4",$d,00000000
"000263f8","|static|_FUN_006e4518_000263f8",$d,00000000
"000263fc","|static|_FUN_0076f538_000263fc",$d,00000000
"00026400","|static|_FUN_0076f548_00026400",$d,00000000
"00026404","|static|_FUN_0056ea04_00026404",$d,00000000
"00026408","|static|_FUN_0056e6c4_00026408",$d,00000000
"0002640c","|static|_FUN_0056e24c_0002640c",$d,00000000
"00026410","|static|_FUN_00570f10_00026410",$d,00000000
"00026414","|static|_FUN_00570e9c_00026414",$d,00000000
"00026418","|static|_FUN_00570028_00026418",$d,00000000
"0002642c","|static|_FUN_00574e34_0002642c",$d,00000000
"00026440","|static|_FUN_00574cfc_00026440",$d,00000000
"0002644c","|static|_FUN_0057418c_0002644c",$d,00000000
"00026458","|static|_FUN_0056f2ac_00026458",$d,00000000
"0002645c","|static|_FUN_00570950_0002645c",$d,00000000
"00026468","|static|_FUN_005734bc_00026468",$d,00000000
"0002646c","|static|_FUN_004ea3a8_0002646c",$d,00000000
"00026470","|static|_FUN_004ea1ec_00026470",$d,00000000
"0002647c","|static|_FUN_005723a0_0002647c",$d,00000000
"00026494","|static|_FUN_00573ea4_00026494",$d,00000000
"000264c4","|static|_FUN_007717ac_000264c4",$d,00000000
"000264dc","|static|_FUN_005f4b04_000264dc",$d,00000000
"000264e0","|static|_FUN_005f4b24_000264e0",$d,00000000
"000264ec","|static|_FUN_005f4b14_000264ec",$d,00000000
"000264f0","|static|_FUN_005f4b20_000264f0",$d,00000000
"000264f4","|static|_FUN_005f4b44_000264f4",$d,00000000
"000264f8","|static|_FUN_005f4b40_000264f8",$d,00000000
"000264fc","|static|_FUN_005f4b3c_000264fc",$d,00000000
"00026500","|static|_FUN_005f4b50_00026500",$d,00000000
"00026504","|static|_FUN_005f4b08_00026504",$d,00000000
"00026508","|static|_FUN_005f4b28_00026508",$d,00000000
"00026510","|static|_FUN_005f4b0c_00026510",$d,00000000
"00026514","|static|_FUN_005f4b38_00026514",$d,00000000
"00026518","|static|_FUN_005f4b54_00026518",$d,00000000
"0002651c","|static|_FUN_005f4b1c_0002651c",$d,00000000
"00026520","|static|_FUN_005f4b10_00026520",$d,00000000
"00026524","|static|_FUN_005f4b4c_00026524",$d,00000000
"00026528","|static|_FUN_005f4b48_00026528",$d,00000000
"0002652c","|static|_FUN_005f4b68_0002652c",$d,00000000
"00026530","|static|_FUN_00573e9c_00026530",$d,00000000
"00026534","|static|_FUN_005f4b70_00026534",$d,00000000
"00026538","|static|_FUN_005f4b78_00026538",$d,00000000
"0002653c","|static|_FUN_005f4b60_0002653c",$d,00000000
"00026540","|static|_FUN_005f4b58_00026540",$d,00000000
"00026544","|static|_FUN_005f4b5c_00026544",$d,00000000
"00026548","|static|_FUN_005f4b74_00026548",$d,00000000
"0002654c","|static|_FUN_005f4b80_0002654c",$d,00000000
"00026550","|static|_FUN_005f4b88_00026550",$d,00000000
"00026554","|static|_FUN_005f4b7c_00026554",$d,00000000
"00026558","|static|_FUN_005f4b84_00026558",$d,00000000
"0002655c","|static|_FUN_005f4b2c_0002655c",$d,00000000
"00026560","|static|_FUN_0075ab68_00026560",$d,00000000
"00026564","|static|_FUN_0075ab8c_00026564",$d,00000000
"00026568","|static|_FUN_0023bbe0_00026568",$d,00000000
"0002656c","|static|_FUN_0023b508_0002656c",$d,00000000
"00026570","|static|_FUN_0023b2b8_00026570",$d,00000000
"00026578","|static|_FUN_0023b2b0_00026578",$d,00000000
"0002657c","|static|_FUN_005dd630_0002657c",$d,00000000
"00026580","|static|_FUN_0023b504_00026580",$d,00000000
"00026584","|static|_LAB_005dd598_00026584",$d,00000000
"00026588","|static|_FUN_005dd550_00026588",$d,00000000
"0002658c","|static|_FUN_005dd648_0002658c",$d,00000000
"00026590","|static|_FUN_005dd670_00026590",$d,00000000
"00026594","|static|_FUN_005dd67c_00026594",$d,00000000
"00026598","|static|_FUN_005dd65c_00026598",$d,00000000
"0002659c","|static|_FUN_005dd560_0002659c",$d,00000000
"000265a0","|static|_FUN_005dd64c_000265a0",$d,00000000
"000265a4","|static|_FUN_005dd5a0_000265a4",$d,00000000
"000265a8","|static|_FUN_005dd638_000265a8",$d,00000000
"000265ac","|static|_FUN_005dd694_000265ac",$d,00000000
"000265b0","|static|_FUN_005dd698_000265b0",$d,00000000
"000265b4","|static|_FUN_005dd55c_000265b4",$d,00000000
"000265b8","|static|_FUN_005dd5b4_000265b8",$d,00000000
"000265bc","|static|_FUN_005dd674_000265bc",$d,00000000
"000265c0","|static|_FUN_005dd680_000265c0",$d,00000000
"000265c4","|static|_FUN_005dd684_000265c4",$d,00000000
"000265c8","|static|_LAB_0075ab5c_000265c8",$d,00000000
"000265cc","|static|_FUN_00713b0c_000265cc",$d,00000000
"000265d0","|static|_FUN_0023adb8_000265d0",$d,00000000
"000265d4","|static|_FUN_0023b2b4_000265d4",$d,00000000
"000265dc","|static|_FUN_0023b21c_000265dc",$d,00000000
"000265e8","|static|_FUN_0023b1ac_000265e8",$d,00000000
"000265ec","|static|_FUN_0023af1c_000265ec",$d,00000000
"00026604","|static|_FUN_005db288_00026604",$d,00000000
"00026610","|static|_FUN_005d9084_00026610",$d,00000000
"00026614","|static|_FUN_005da414_00026614",$d,00000000
"00026618","|static|_FUN_005dd22c_00026618",$d,00000000
"0002661c","|static|_FUN_0075ab50_0002661c",$d,00000000
"00026620","|static|_FUN_007726d4_00026620",$d,00000000
"00026624","|static|_FUN_005dc4d8_00026624",$d,00000000
"00026628","|static|_FUN_0075ab40_00026628",$d,00000000
"0002662c","|static|_FUN_0075ab54_0002662c",$d,00000000
"00026630","|static|_FUN_0075ab48_00026630",$d,00000000
"00026634","DAT_00026634",$d,00000000
"00026644","|static|_FUN_006e46f4_00026644",$d,00000000
"0002664c","|static|_FUN_00307c54_0002664c",$d,00000000
"00026650","|static|_FUN_006e473c_00026650",$d,00000000
"00026658","|static|_FUN_0057b98c_00026658",$d,00000000
"0002665c","|static|_FUN_0056e674_0002665c",$d,00000000
"00026660","|static|_FUN_00575d4c_00026660",$d,00000000
"00026664","|static|_LAB_0057ba24_00026664",$d,00000000
"00026668","|static|_FUN_0057ba2c_00026668",$d,00000000
"0002666c","|static|_FUN_005755cc_0002666c",$d,00000000
"00026670","|static|_FUN_00521a38_00026670",$d,00000000
"00026674","|static|_FUN_0056f1a4_00026674",$d,00000000
"00026684","|static|_FUN_0076f810_00026684",$d,00000000
"00026688","|static|_FUN_0076f55c_00026688",$d,00000000
"0002668c","|static|_FUN_005772b4_0002668c",$d,00000000
"00026690","|static|_FUN_0076f7dc_00026690",$d,00000000
"00026694","|static|_FUN_00750970_00026694",$d,00000000
"00026698","|static|_FUN_0076f540_00026698",$d,00000000
"0002669c","|static|_FUN_0076f7d4_0002669c",$d,00000000
"000266a0","|static|_FUN_006e46e8_000266a0",$d,00000000
"000266a4","|static|_FUN_006e4500_000266a4",$d,00000000
"000266a8","|static|_FUN_006e4518_000266a8",$d,00000000
"000266ac","|static|_FUN_0076f538_000266ac",$d,00000000
"000266b0","|static|_FUN_0076f548_000266b0",$d,00000000
"000266b4","|static|_FUN_0056ea04_000266b4",$d,00000000
"000266b8","|static|_FUN_0056e6c4_000266b8",$d,00000000
"000266bc","|static|_FUN_0056e24c_000266bc",$d,00000000
"000266c0","|static|_FUN_00570f10_000266c0",$d,00000000
"000266c4","|static|_FUN_00570e9c_000266c4",$d,00000000
"000266c8","|static|_FUN_00570028_000266c8",$d,00000000
"000266dc","|static|_FUN_00574e34_000266dc",$d,00000000
"000266f0","|static|_FUN_00574cfc_000266f0",$d,00000000
"000266fc","|static|_FUN_0057418c_000266fc",$d,00000000
"00026708","|static|_FUN_0056f2ac_00026708",$d,00000000
"0002670c","|static|_FUN_00570950_0002670c",$d,00000000
"00026714","|static|_FUN_005707b8_00026714",$d,00000000
"00026718","|static|_FUN_005734bc_00026718",$d,00000000
"0002671c","|static|_FUN_004ea3a8_0002671c",$d,00000000
"00026720","|static|_FUN_004ea1ec_00026720",$d,00000000
"0002672c","|static|_FUN_005723a0_0002672c",$d,00000000
"00026740","|static|_FUN_0056f8b4_00026740",$d,00000000
"00026744","|static|_FUN_00573ea4_00026744",$d,00000000
"00026758","|static|_FUN_007717ac_00026758",$d,00000000
"00026770","|static|_FUN_005f4b04_00026770",$d,00000000
"00026774","|static|_FUN_005f4b24_00026774",$d,00000000
"00026778","|static|_FUN_005f4b34_00026778",$d,00000000
"0002677c","|static|_FUN_005f4b18_0002677c",$d,00000000
"00026780","|static|_FUN_005f4b14_00026780",$d,00000000
"00026784","|static|_FUN_005f4b20_00026784",$d,00000000
"00026788","|static|_FUN_005f4b44_00026788",$d,00000000
"0002678c","|static|_FUN_005f4b40_0002678c",$d,00000000
"00026790","|static|_FUN_005f4b3c_00026790",$d,00000000
"00026794","|static|_FUN_005f4b50_00026794",$d,00000000
"00026798","|static|_FUN_005f4b08_00026798",$d,00000000
"0002679c","|static|_FUN_005f4b28_0002679c",$d,00000000
"000267a0","|static|_FUN_005f4b6c_000267a0",$d,00000000
"000267a4","|static|_FUN_005f4b0c_000267a4",$d,00000000
"000267a8","|static|_FUN_005f4b38_000267a8",$d,00000000
"000267ac","|static|_FUN_005f4b54_000267ac",$d,00000000
"000267b0","|static|_FUN_005f4b1c_000267b0",$d,00000000
"000267b4","|static|_FUN_005f4b10_000267b4",$d,00000000
"000267b8","|static|_FUN_005f4b4c_000267b8",$d,00000000
"000267bc","|static|_FUN_005f4b48_000267bc",$d,00000000
"000267c0","|static|_FUN_005f4b68_000267c0",$d,00000000
"000267c4","|static|_FUN_00573e9c_000267c4",$d,00000000
"000267c8","|static|_FUN_005f4b70_000267c8",$d,00000000
"000267cc","|static|_FUN_005f4b78_000267cc",$d,00000000
"000267d0","|static|_FUN_005f4b60_000267d0",$d,00000000
"000267d4","|static|_FUN_005f4b58_000267d4",$d,00000000
"000267d8","|static|_FUN_005f4b5c_000267d8",$d,00000000
"000267dc","|static|_FUN_005f4b74_000267dc",$d,00000000
"000267e0","|static|_FUN_005f4b80_000267e0",$d,00000000
"000267e4","|static|_FUN_005f4b88_000267e4",$d,00000000
"000267e8","|static|_FUN_005f4b7c_000267e8",$d,00000000
"000267ec","|static|_FUN_005f4b84_000267ec",$d,00000000
"000267f0","|static|_FUN_005f4b2c_000267f0",$d,00000000
"000267f4","|static|_FUN_0075ab68_000267f4",$d,00000000
"000267f8","|static|_FUN_0075ab8c_000267f8",$d,00000000
"000267fc","|static|_FUN_0023bbe0_000267fc",$d,00000000
"00026800","|static|_FUN_0023b508_00026800",$d,00000000
"00026804","|static|_FUN_0023b2b8_00026804",$d,00000000
"00026808","|static|_FUN_0023b1b0_00026808",$d,00000000
"0002680c","|static|_FUN_0023b2b0_0002680c",$d,00000000
"00026810","|static|_FUN_005dd630_00026810",$d,00000000
"00026814","|static|_FUN_0023b504_00026814",$d,00000000
"00026818","|static|_LAB_005dd598_00026818",$d,00000000
"0002681c","|static|_FUN_005dd550_0002681c",$d,00000000
"00026820","|static|_FUN_005dd648_00026820",$d,00000000
"00026824","|static|_FUN_005dd670_00026824",$d,00000000
"00026828","|static|_FUN_005dd67c_00026828",$d,00000000
"0002682c","|static|_FUN_005dd65c_0002682c",$d,00000000
"00026830","|static|_FUN_005dd560_00026830",$d,00000000
"00026834","|static|_FUN_005dd64c_00026834",$d,00000000
"00026838","|static|_FUN_005dd5a0_00026838",$d,00000000
"0002683c","|static|_FUN_005dd638_0002683c",$d,00000000
"00026840","|static|_FUN_005dd694_00026840",$d,00000000
"00026844","|static|_FUN_005dd698_00026844",$d,00000000
"00026848","|static|_FUN_005dd55c_00026848",$d,00000000
"0002684c","|static|_FUN_005dd5b4_0002684c",$d,00000000
"00026850","|static|_FUN_005dd674_00026850",$d,00000000
"00026854","|static|_FUN_005dd680_00026854",$d,00000000
"00026858","|static|_FUN_005dd684_00026858",$d,00000000
"0002685c","|static|_LAB_0075ab5c_0002685c",$d,00000000
"00026860","|static|_FUN_00713b0c_00026860",$d,00000000
"00026864","|static|_FUN_0023adb8_00026864",$d,00000000
"00026868","|static|_FUN_0023b2b4_00026868",$d,00000000
"0002686c","|static|_FUN_0023b218_0002686c",$d,00000000
"00026870","|static|_FUN_0023b21c_00026870",$d,00000000
"00026874","|static|_FUN_0023adbc_00026874",$d,00000000
"00026878","|static|_FUN_0056f8ac_00026878",$d,00000000
"0002687c","|static|_FUN_0023b1ac_0002687c",$d,00000000
"00026880","|static|_FUN_0023af1c_00026880",$d,00000000
"00026884","|static|_FUN_0023b214_00026884",$d,00000000
"00026898","|static|_FUN_005db288_00026898",$d,00000000
"0002689c","|static|_FUN_007753b4_0002689c",$d,00000000
"000268a0","|static|_FUN_00772630_000268a0",$d,00000000
"000268a4","|static|_FUN_005d9084_000268a4",$d,00000000
"000268a8","|static|_FUN_005da414_000268a8",$d,00000000
"000268ac","|static|_FUN_005dd22c_000268ac",$d,00000000
"000268b0","|static|_FUN_0075ab50_000268b0",$d,00000000
"000268b4","|static|_FUN_007726d4_000268b4",$d,00000000
"000268b8","|static|_FUN_005dc4d8_000268b8",$d,00000000
"000268bc","|static|_FUN_0075ab40_000268bc",$d,00000000
"000268c0","|static|_FUN_0075ab54_000268c0",$d,00000000
"000268c4","|static|_FUN_0075ab48_000268c4",$d,00000000
"000268c8","DAT_000268c8",$d,00000000
"000268d8","|static|_FUN_006e46f4_000268d8",$d,00000000
"000268e0","|static|_FUN_00307c54_000268e0",$d,00000000
"000268e4","|static|_FUN_006e473c_000268e4",$d,00000000
"000268ec","|static|_FUN_0057b98c_000268ec",$d,00000000
"000268f0","|static|_FUN_0056e674_000268f0",$d,00000000
"000268f4","|static|_FUN_00575d4c_000268f4",$d,00000000
"000268f8","|static|_LAB_0057ba24_000268f8",$d,00000000
"000268fc","|static|_FUN_0057ba2c_000268fc",$d,00000000
"00026900","|static|_FUN_005755cc_00026900",$d,00000000
"00026904","|static|_FUN_00521a38_00026904",$d,00000000
"00026908","|static|_FUN_0056f1a4_00026908",$d,00000000
"00026918","|static|_FUN_0076f810_00026918",$d,00000000
"0002691c","|static|_FUN_0076f55c_0002691c",$d,00000000
"00026920","|static|_FUN_005772b4_00026920",$d,00000000
"00026924","|static|_FUN_0076f7dc_00026924",$d,00000000
"00026928","|static|_FUN_00750970_00026928",$d,00000000
"0002692c","|static|_FUN_0076f540_0002692c",$d,00000000
"00026930","|static|_FUN_0076f7d4_00026930",$d,00000000
"00026934","|static|_FUN_006e46e8_00026934",$d,00000000
"00026938","|static|_FUN_006e4500_00026938",$d,00000000
"0002693c","|static|_FUN_006e4518_0002693c",$d,00000000
"00026940","|static|_FUN_0076f538_00026940",$d,00000000
"00026944","|static|_FUN_0076f548_00026944",$d,00000000
"00026948","|static|_FUN_0056ea04_00026948",$d,00000000
"0002694c","|static|_FUN_0056e6c4_0002694c",$d,00000000
"00026950","|static|_FUN_0056e24c_00026950",$d,00000000
"00026954","|static|_FUN_00570f10_00026954",$d,00000000
"00026958","|static|_FUN_00570e9c_00026958",$d,00000000
"0002695c","|static|_FUN_00570028_0002695c",$d,00000000
"00026970","|static|_FUN_00574e34_00026970",$d,00000000
"00026984","|static|_FUN_00574cfc_00026984",$d,00000000
"00026990","|static|_FUN_0057418c_00026990",$d,00000000
"0002699c","|static|_FUN_0056f2ac_0002699c",$d,00000000
"000269a0","|static|_FUN_00570950_000269a0",$d,00000000
"000269a8","|static|_FUN_005707b8_000269a8",$d,00000000
"000269ac","|static|_FUN_005734bc_000269ac",$d,00000000
"000269b0","|static|_FUN_004ea3a8_000269b0",$d,00000000
"000269b4","|static|_FUN_004ea1ec_000269b4",$d,00000000
"000269c0","|static|_FUN_005723a0_000269c0",$d,00000000
"000269d4","|static|_FUN_0056f8b4_000269d4",$d,00000000
"000269d8","|static|_FUN_00573ea4_000269d8",$d,00000000
"000269fc","|static|_FUN_007717ac_000269fc",$d,00000000
"00026a14","|static|_FUN_005f4b04_00026a14",$d,00000000
"00026a18","|static|_FUN_005f4b24_00026a18",$d,00000000
"00026a1c","|static|_FUN_005f4b34_00026a1c",$d,00000000
"00026a20","|static|_FUN_005f4b18_00026a20",$d,00000000
"00026a24","|static|_FUN_005f4b14_00026a24",$d,00000000
"00026a28","|static|_FUN_005f4b20_00026a28",$d,00000000
"00026a2c","|static|_FUN_005f4b44_00026a2c",$d,00000000
"00026a30","|static|_FUN_005f4b40_00026a30",$d,00000000
"00026a34","|static|_FUN_005f4b3c_00026a34",$d,00000000
"00026a38","|static|_FUN_005f4b50_00026a38",$d,00000000
"00026a3c","|static|_FUN_005f4b08_00026a3c",$d,00000000
"00026a40","|static|_FUN_005f4b28_00026a40",$d,00000000
"00026a44","|static|_FUN_005f4b6c_00026a44",$d,00000000
"00026a48","|static|_FUN_005f4b0c_00026a48",$d,00000000
"00026a4c","|static|_FUN_005f4b38_00026a4c",$d,00000000
"00026a50","|static|_FUN_005f4b54_00026a50",$d,00000000
"00026a54","|static|_FUN_005f4b1c_00026a54",$d,00000000
"00026a58","|static|_FUN_005f4b10_00026a58",$d,00000000
"00026a5c","|static|_FUN_005f4b4c_00026a5c",$d,00000000
"00026a60","|static|_FUN_005f4b48_00026a60",$d,00000000
"00026a64","|static|_FUN_005f4b68_00026a64",$d,00000000
"00026a68","|static|_FUN_00573e9c_00026a68",$d,00000000
"00026a6c","|static|_FUN_005f4b70_00026a6c",$d,00000000
"00026a70","|static|_FUN_005f4b78_00026a70",$d,00000000
"00026a74","|static|_FUN_005f4b60_00026a74",$d,00000000
"00026a78","|static|_FUN_005f4b58_00026a78",$d,00000000
"00026a7c","|static|_FUN_005f4b5c_00026a7c",$d,00000000
"00026a80","|static|_FUN_005f4b74_00026a80",$d,00000000
"00026a84","|static|_FUN_005f4b80_00026a84",$d,00000000
"00026a88","|static|_FUN_005f4b88_00026a88",$d,00000000
"00026a8c","|static|_FUN_005f4b7c_00026a8c",$d,00000000
"00026a90","|static|_FUN_005f4b84_00026a90",$d,00000000
"00026a94","|static|_FUN_005f4b2c_00026a94",$d,00000000
"00026a98","|static|_FUN_0075ab68_00026a98",$d,00000000
"00026a9c","|static|_FUN_0075ab8c_00026a9c",$d,00000000
"00026aa0","|static|_FUN_0023bbe0_00026aa0",$d,00000000
"00026aa4","|static|_FUN_0023b508_00026aa4",$d,00000000
"00026aa8","|static|_FUN_0023b2b8_00026aa8",$d,00000000
"00026aac","|static|_FUN_0023b1b0_00026aac",$d,00000000
"00026ab0","|static|_FUN_0023b2b0_00026ab0",$d,00000000
"00026ab4","|static|_FUN_005dd630_00026ab4",$d,00000000
"00026ab8","|static|_FUN_0023b504_00026ab8",$d,00000000
"00026abc","|static|_LAB_005dd598_00026abc",$d,00000000
"00026ac0","|static|_FUN_005dd550_00026ac0",$d,00000000
"00026ac4","|static|_FUN_005dd648_00026ac4",$d,00000000
"00026ac8","|static|_FUN_005dd670_00026ac8",$d,00000000
"00026acc","|static|_FUN_005dd67c_00026acc",$d,00000000
"00026ad0","|static|_FUN_005dd65c_00026ad0",$d,00000000
"00026ad4","|static|_FUN_005dd560_00026ad4",$d,00000000
"00026ad8","|static|_FUN_005dd64c_00026ad8",$d,00000000
"00026adc","|static|_FUN_005dd5a0_00026adc",$d,00000000
"00026ae0","|static|_FUN_005dd638_00026ae0",$d,00000000
"00026ae4","|static|_FUN_005dd694_00026ae4",$d,00000000
"00026ae8","|static|_FUN_005dd698_00026ae8",$d,00000000
"00026aec","|static|_FUN_005dd55c_00026aec",$d,00000000
"00026af0","|static|_FUN_005dd5b4_00026af0",$d,00000000
"00026af4","|static|_FUN_005dd674_00026af4",$d,00000000
"00026af8","|static|_FUN_005dd680_00026af8",$d,00000000
"00026afc","|static|_FUN_005dd684_00026afc",$d,00000000
"00026b00","|static|_LAB_0075ab5c_00026b00",$d,00000000
"00026b04","|static|_FUN_00713b0c_00026b04",$d,00000000
"00026b08","|static|_FUN_0023adb8_00026b08",$d,00000000
"00026b0c","|static|_FUN_0023b2b4_00026b0c",$d,00000000
"00026b10","|static|_FUN_0023b218_00026b10",$d,00000000
"00026b14","|static|_FUN_0023b21c_00026b14",$d,00000000
"00026b18","|static|_FUN_0023adbc_00026b18",$d,00000000
"00026b1c","|static|_FUN_0056f8ac_00026b1c",$d,00000000
"00026b20","|static|_FUN_0023b1ac_00026b20",$d,00000000
"00026b24","|static|_FUN_0023af1c_00026b24",$d,00000000
"00026b28","|static|_FUN_0023b214_00026b28",$d,00000000
"00026b3c","|static|_FUN_005db288_00026b3c",$d,00000000
"00026b40","|static|_FUN_007753b4_00026b40",$d,00000000
"00026b44","|static|_FUN_00772630_00026b44",$d,00000000
"00026b48","|static|_FUN_005d9084_00026b48",$d,00000000
"00026b4c","|static|_FUN_005da414_00026b4c",$d,00000000
"00026b50","|static|_FUN_005dd22c_00026b50",$d,00000000
"00026b54","|static|_FUN_0075ab50_00026b54",$d,00000000
"00026b58","|static|_FUN_007726d4_00026b58",$d,00000000
"00026b5c","|static|_FUN_005dc4d8_00026b5c",$d,00000000
"00026b60","|static|_FUN_0075ab40_00026b60",$d,00000000
"00026b64","|static|_FUN_0075ab54_00026b64",$d,00000000
"00026b68","|static|_FUN_0075ab48_00026b68",$d,00000000
"00026b6c","DAT_00026b6c",$d,00000000
"00026b7c","|static|_FUN_006e46f4_00026b7c",$d,00000000
"00026b84","|static|_FUN_00307c54_00026b84",$d,00000000
"00026b88","|static|_FUN_006e473c_00026b88",$d,00000000
"00026b90","|static|_FUN_0057b98c_00026b90",$d,00000000
"00026b94","|static|_FUN_0056e674_00026b94",$d,00000000
"00026b98","|static|_FUN_00575d4c_00026b98",$d,00000000
"00026b9c","|static|_LAB_0057ba24_00026b9c",$d,00000000
"00026ba0","|static|_FUN_0057ba2c_00026ba0",$d,00000000
"00026ba4","|static|_FUN_005755cc_00026ba4",$d,00000000
"00026ba8","|static|_FUN_00521a38_00026ba8",$d,00000000
"00026bac","|static|_FUN_0056f1a4_00026bac",$d,00000000
"00026bbc","|static|_FUN_0076f810_00026bbc",$d,00000000
"00026bc0","|static|_FUN_0076f55c_00026bc0",$d,00000000
"00026bc4","|static|_FUN_005772b4_00026bc4",$d,00000000
"00026bc8","|static|_FUN_0076f7dc_00026bc8",$d,00000000
"00026bcc","|static|_FUN_00750970_00026bcc",$d,00000000
"00026bd0","|static|_FUN_0076f540_00026bd0",$d,00000000
"00026bd4","|static|_FUN_0076f7d4_00026bd4",$d,00000000
"00026bd8","|static|_FUN_006e46e8_00026bd8",$d,00000000
"00026bdc","|static|_FUN_006e4500_00026bdc",$d,00000000
"00026be0","|static|_FUN_006e4518_00026be0",$d,00000000
"00026be4","|static|_FUN_0076f538_00026be4",$d,00000000
"00026be8","|static|_FUN_0076f548_00026be8",$d,00000000
"00026bec","|static|_FUN_0056ea04_00026bec",$d,00000000
"00026bf0","|static|_FUN_0056e6c4_00026bf0",$d,00000000
"00026bf4","|static|_FUN_0056e24c_00026bf4",$d,00000000
"00026bf8","|static|_FUN_00570f10_00026bf8",$d,00000000
"00026bfc","|static|_FUN_00570e9c_00026bfc",$d,00000000
"00026c00","|static|_FUN_00570028_00026c00",$d,00000000
"00026c10","|static|_FUN_00751050_00026c10",$d,00000000
"00026c14","|static|_FUN_00574e34_00026c14",$d,00000000
"00026c28","|static|_FUN_00574cfc_00026c28",$d,00000000
"00026c34","|static|_FUN_0057418c_00026c34",$d,00000000
"00026c40","|static|_FUN_0056f2ac_00026c40",$d,00000000
"00026c44","|static|_FUN_00570950_00026c44",$d,00000000
"00026c4c","|static|_FUN_005707b8_00026c4c",$d,00000000
"00026c50","|static|_FUN_005734bc_00026c50",$d,00000000
"00026c54","|static|_FUN_004ea3a8_00026c54",$d,00000000
"00026c58","|static|_FUN_004ea1ec_00026c58",$d,00000000
"00026c64","|static|_FUN_005723a0_00026c64",$d,00000000
"00026c78","|static|_FUN_0056f8b4_00026c78",$d,00000000
"00026c7c","|static|_FUN_00573ea4_00026c7c",$d,00000000
"00026c90","|static|_FUN_007717ac_00026c90",$d,00000000
"00026ca8","|static|_FUN_005f4b04_00026ca8",$d,00000000
"00026cac","|static|_FUN_005f4b24_00026cac",$d,00000000
"00026cb0","|static|_FUN_005f4b34_00026cb0",$d,00000000
"00026cb4","|static|_FUN_005f4b18_00026cb4",$d,00000000
"00026cb8","|static|_FUN_005f4b14_00026cb8",$d,00000000
"00026cbc","|static|_FUN_005f4b20_00026cbc",$d,00000000
"00026cc0","|static|_FUN_005f4b44_00026cc0",$d,00000000
"00026cc4","|static|_FUN_005f4b40_00026cc4",$d,00000000
"00026cc8","|static|_FUN_005f4b3c_00026cc8",$d,00000000
"00026ccc","|static|_FUN_005f4b50_00026ccc",$d,00000000
"00026cd0","|static|_FUN_005f4b08_00026cd0",$d,00000000
"00026cd4","|static|_FUN_005f4b28_00026cd4",$d,00000000
"00026cd8","|static|_FUN_005f4b6c_00026cd8",$d,00000000
"00026cdc","|static|_FUN_005f4b0c_00026cdc",$d,00000000
"00026ce0","|static|_FUN_005f4b38_00026ce0",$d,00000000
"00026ce4","|static|_FUN_005f4b54_00026ce4",$d,00000000
"00026ce8","|static|_FUN_005f4b1c_00026ce8",$d,00000000
"00026cec","|static|_FUN_005f4b10_00026cec",$d,00000000
"00026cf0","|static|_FUN_005f4b4c_00026cf0",$d,00000000
"00026cf4","|static|_FUN_005f4b48_00026cf4",$d,00000000
"00026cf8","|static|_FUN_005f4b68_00026cf8",$d,00000000
"00026cfc","|static|_FUN_00573e9c_00026cfc",$d,00000000
"00026d00","|static|_FUN_005f4b70_00026d00",$d,00000000
"00026d04","|static|_FUN_005f4b78_00026d04",$d,00000000
"00026d08","|static|_FUN_005f4b60_00026d08",$d,00000000
"00026d0c","|static|_FUN_005f4b58_00026d0c",$d,00000000
"00026d10","|static|_FUN_005f4b5c_00026d10",$d,00000000
"00026d14","|static|_FUN_005f4b74_00026d14",$d,00000000
"00026d18","|static|_FUN_005f4b80_00026d18",$d,00000000
"00026d1c","|static|_FUN_005f4b88_00026d1c",$d,00000000
"00026d20","|static|_FUN_005f4b7c_00026d20",$d,00000000
"00026d24","|static|_FUN_005f4b84_00026d24",$d,00000000
"00026d28","|static|_FUN_005f4b2c_00026d28",$d,00000000
"00026d2c","|static|_FUN_0075ab68_00026d2c",$d,00000000
"00026d30","|static|_FUN_0075ab8c_00026d30",$d,00000000
"00026d34","|static|_FUN_0023bbe0_00026d34",$d,00000000
"00026d38","|static|_FUN_0023b508_00026d38",$d,00000000
"00026d3c","|static|_FUN_0023b2b8_00026d3c",$d,00000000
"00026d40","|static|_FUN_0023b1b0_00026d40",$d,00000000
"00026d44","|static|_FUN_0023b2b0_00026d44",$d,00000000
"00026d48","|static|_FUN_005dd630_00026d48",$d,00000000
"00026d4c","|static|_FUN_0023b504_00026d4c",$d,00000000
"00026d50","|static|_LAB_005dd598_00026d50",$d,00000000
"00026d54","|static|_FUN_005dd550_00026d54",$d,00000000
"00026d58","|static|_FUN_005dd648_00026d58",$d,00000000
"00026d5c","|static|_FUN_005dd670_00026d5c",$d,00000000
"00026d60","|static|_FUN_005dd67c_00026d60",$d,00000000
"00026d64","|static|_FUN_005dd65c_00026d64",$d,00000000
"00026d68","|static|_FUN_005dd560_00026d68",$d,00000000
"00026d6c","|static|_FUN_005dd64c_00026d6c",$d,00000000
"00026d70","|static|_FUN_005dd5a0_00026d70",$d,00000000
"00026d74","|static|_FUN_005dd638_00026d74",$d,00000000
"00026d78","|static|_FUN_005dd694_00026d78",$d,00000000
"00026d7c","|static|_FUN_005dd698_00026d7c",$d,00000000
"00026d80","|static|_FUN_005dd55c_00026d80",$d,00000000
"00026d84","|static|_FUN_005dd5b4_00026d84",$d,00000000
"00026d88","|static|_FUN_005dd674_00026d88",$d,00000000
"00026d8c","|static|_FUN_005dd680_00026d8c",$d,00000000
"00026d90","|static|_FUN_005dd684_00026d90",$d,00000000
"00026d94","|static|_LAB_0075ab5c_00026d94",$d,00000000
"00026d98","|static|_FUN_00713b0c_00026d98",$d,00000000
"00026d9c","|static|_FUN_0023adb8_00026d9c",$d,00000000
"00026da0","|static|_FUN_0023b2b4_00026da0",$d,00000000
"00026da4","|static|_FUN_0023b218_00026da4",$d,00000000
"00026da8","|static|_FUN_0023b21c_00026da8",$d,00000000
"00026dac","|static|_FUN_0023adbc_00026dac",$d,00000000
"00026db0","|static|_FUN_0056f8ac_00026db0",$d,00000000
"00026db4","|static|_FUN_0023b1ac_00026db4",$d,00000000
"00026db8","|static|_FUN_0023af1c_00026db8",$d,00000000
"00026dbc","|static|_FUN_0023b214_00026dbc",$d,00000000
"00026dd0","|static|_FUN_005db288_00026dd0",$d,00000000
"00026dd4","|static|_FUN_007753b4_00026dd4",$d,00000000
"00026dd8","|static|_FUN_00772630_00026dd8",$d,00000000
"00026ddc","|static|_FUN_005d9084_00026ddc",$d,00000000
"00026de0","|static|_FUN_005da414_00026de0",$d,00000000
"00026de4","|static|_FUN_005dd22c_00026de4",$d,00000000
"00026de8","|static|_FUN_0075ab50_00026de8",$d,00000000
"00026dec","|static|_FUN_007726d4_00026dec",$d,00000000
"00026df0","|static|_FUN_005dc4d8_00026df0",$d,00000000
"00026df4","|static|_FUN_0075ab40_00026df4",$d,00000000
"00026df8","|static|_FUN_0075ab54_00026df8",$d,00000000
"00026dfc","|static|_FUN_0075ab48_00026dfc",$d,00000000
"00026e00","DAT_00026e00",$d,00000000
"00026e10","|static|_FUN_006e46f4_00026e10",$d,00000000
"00026e18","|static|_FUN_00307c54_00026e18",$d,00000000
"00026e1c","|static|_FUN_006e473c_00026e1c",$d,00000000
"00026e24","|static|_FUN_0057b98c_00026e24",$d,00000000
"00026e28","|static|_FUN_0056e674_00026e28",$d,00000000
"00026e2c","|static|_FUN_00575d4c_00026e2c",$d,00000000
"00026e30","|static|_LAB_0057ba24_00026e30",$d,00000000
"00026e34","|static|_FUN_0057ba2c_00026e34",$d,00000000
"00026e38","|static|_FUN_005755cc_00026e38",$d,00000000
"00026e3c","|static|_FUN_00521a38_00026e3c",$d,00000000
"00026e40","|static|_FUN_0056f1a4_00026e40",$d,00000000
"00026e50","|static|_FUN_0076f810_00026e50",$d,00000000
"00026e54","|static|_FUN_0076f55c_00026e54",$d,00000000
"00026e58","|static|_FUN_005772b4_00026e58",$d,00000000
"00026e5c","|static|_FUN_0076f7dc_00026e5c",$d,00000000
"00026e60","|static|_FUN_00750970_00026e60",$d,00000000
"00026e64","|static|_FUN_0076f540_00026e64",$d,00000000
"00026e68","|static|_FUN_0076f7d4_00026e68",$d,00000000
"00026e6c","|static|_FUN_006e46e8_00026e6c",$d,00000000
"00026e70","|static|_FUN_006e4500_00026e70",$d,00000000
"00026e74","|static|_FUN_006e4518_00026e74",$d,00000000
"00026e78","|static|_FUN_0076f538_00026e78",$d,00000000
"00026e7c","|static|_FUN_0076f548_00026e7c",$d,00000000
"00026e80","|static|_FUN_0056ea04_00026e80",$d,00000000
"00026e84","|static|_FUN_0056e6c4_00026e84",$d,00000000
"00026e88","|static|_FUN_0056e24c_00026e88",$d,00000000
"00026e8c","|static|_FUN_00570f10_00026e8c",$d,00000000
"00026e90","|static|_FUN_00570e9c_00026e90",$d,00000000
"00026e94","|static|_FUN_00570028_00026e94",$d,00000000
"00026ea8","|static|_FUN_00574e34_00026ea8",$d,00000000
"00026ebc","|static|_FUN_00574cfc_00026ebc",$d,00000000
"00026ec8","|static|_FUN_0057418c_00026ec8",$d,00000000
"00026ed4","|static|_FUN_0056f2ac_00026ed4",$d,00000000
"00026ed8","|static|_FUN_00570950_00026ed8",$d,00000000
"00026ee0","|static|_FUN_005707b8_00026ee0",$d,00000000
"00026ee4","|static|_FUN_005734bc_00026ee4",$d,00000000
"00026ee8","|static|_FUN_004ea3a8_00026ee8",$d,00000000
"00026eec","|static|_FUN_004ea1ec_00026eec",$d,00000000
"00026ef8","|static|_FUN_005723a0_00026ef8",$d,00000000
"00026f0c","|static|_FUN_0056f8b4_00026f0c",$d,00000000
"00026f10","|static|_FUN_00573ea4_00026f10",$d,00000000
"00026f24","|static|_FUN_007717ac_00026f24",$d,00000000
"00026f3c","|static|_FUN_005f4b04_00026f3c",$d,00000000
"00026f40","|static|_FUN_005f4b24_00026f40",$d,00000000
"00026f44","|static|_FUN_005f4b34_00026f44",$d,00000000
"00026f48","|static|_FUN_005f4b18_00026f48",$d,00000000
"00026f4c","|static|_FUN_005f4b14_00026f4c",$d,00000000
"00026f50","|static|_FUN_005f4b20_00026f50",$d,00000000
"00026f54","|static|_FUN_005f4b44_00026f54",$d,00000000
"00026f58","|static|_FUN_005f4b40_00026f58",$d,00000000
"00026f5c","|static|_FUN_005f4b3c_00026f5c",$d,00000000
"00026f60","|static|_FUN_005f4b50_00026f60",$d,00000000
"00026f64","|static|_FUN_005f4b08_00026f64",$d,00000000
"00026f68","|static|_FUN_005f4b28_00026f68",$d,00000000
"00026f6c","|static|_FUN_005f4b6c_00026f6c",$d,00000000
"00026f70","|static|_FUN_005f4b0c_00026f70",$d,00000000
"00026f74","|static|_FUN_005f4b38_00026f74",$d,00000000
"00026f78","|static|_FUN_005f4b54_00026f78",$d,00000000
"00026f7c","|static|_FUN_005f4b1c_00026f7c",$d,00000000
"00026f80","|static|_FUN_005f4b10_00026f80",$d,00000000
"00026f84","|static|_FUN_005f4b4c_00026f84",$d,00000000
"00026f88","|static|_FUN_005f4b48_00026f88",$d,00000000
"00026f8c","|static|_FUN_005f4b68_00026f8c",$d,00000000
"00026f90","|static|_FUN_00573e9c_00026f90",$d,00000000
"00026f94","|static|_FUN_005f4b70_00026f94",$d,00000000
"00026f98","|static|_FUN_005f4b78_00026f98",$d,00000000
"00026f9c","|static|_FUN_005f4b60_00026f9c",$d,00000000
"00026fa0","|static|_FUN_005f4b58_00026fa0",$d,00000000
"00026fa4","|static|_FUN_005f4b5c_00026fa4",$d,00000000
"00026fa8","|static|_FUN_005f4b74_00026fa8",$d,00000000
"00026fac","|static|_FUN_005f4b80_00026fac",$d,00000000
"00026fb0","|static|_FUN_005f4b88_00026fb0",$d,00000000
"00026fb4","|static|_FUN_005f4b7c_00026fb4",$d,00000000
"00026fb8","|static|_FUN_005f4b84_00026fb8",$d,00000000
"00026fbc","|static|_FUN_005f4b2c_00026fbc",$d,00000000
"00026fc0","|static|_FUN_0075ab68_00026fc0",$d,00000000
"00026fc4","|static|_FUN_0075ab8c_00026fc4",$d,00000000
"00026fc8","|static|_FUN_0023bbe0_00026fc8",$d,00000000
"00026fcc","|static|_FUN_0023b508_00026fcc",$d,00000000
"00026fd0","|static|_FUN_0023b2b8_00026fd0",$d,00000000
"00026fd4","|static|_FUN_0023b1b0_00026fd4",$d,00000000
"00026fd8","|static|_FUN_0023b2b0_00026fd8",$d,00000000
"00026fdc","|static|_FUN_005dd630_00026fdc",$d,00000000
"00026fe0","|static|_FUN_0023b504_00026fe0",$d,00000000
"00026fe4","|static|_LAB_005dd598_00026fe4",$d,00000000
"00026fe8","|static|_FUN_005dd550_00026fe8",$d,00000000
"00026fec","|static|_FUN_005dd648_00026fec",$d,00000000
"00026ff0","|static|_FUN_005dd670_00026ff0",$d,00000000
"00026ff4","|static|_FUN_005dd67c_00026ff4",$d,00000000
"00026ff8","|static|_FUN_005dd65c_00026ff8",$d,00000000
"00026ffc","|static|_FUN_005dd560_00026ffc",$d,00000000
"00027000","|static|_FUN_005dd64c_00027000",$d,00000000
"00027004","|static|_FUN_005dd5a0_00027004",$d,00000000
"00027008","|static|_FUN_005dd638_00027008",$d,00000000
"0002700c","|static|_FUN_005dd694_0002700c",$d,00000000
"00027010","|static|_FUN_005dd698_00027010",$d,00000000
"00027014","|static|_FUN_005dd55c_00027014",$d,00000000
"00027018","|static|_FUN_005dd5b4_00027018",$d,00000000
"0002701c","|static|_FUN_005dd674_0002701c",$d,00000000
"00027020","|static|_FUN_005dd680_00027020",$d,00000000
"00027024","|static|_FUN_005dd684_00027024",$d,00000000
"00027028","|static|_LAB_0075ab5c_00027028",$d,00000000
"0002702c","|static|_FUN_00713b0c_0002702c",$d,00000000
"00027030","|static|_FUN_0023adb8_00027030",$d,00000000
"00027034","|static|_FUN_0023b2b4_00027034",$d,00000000
"00027038","|static|_FUN_0023b218_00027038",$d,00000000
"0002703c","|static|_FUN_0023b21c_0002703c",$d,00000000
"00027040","|static|_FUN_0023adbc_00027040",$d,00000000
"00027044","|static|_FUN_0056f8ac_00027044",$d,00000000
"00027048","|static|_FUN_0023b1ac_00027048",$d,00000000
"0002704c","|static|_FUN_0023af1c_0002704c",$d,00000000
"00027050","|static|_FUN_0023b214_00027050",$d,00000000
"00027064","|static|_FUN_005db288_00027064",$d,00000000
"00027068","|static|_FUN_007753b4_00027068",$d,00000000
"0002706c","|static|_FUN_00772630_0002706c",$d,00000000
"00027070","|static|_FUN_005d9084_00027070",$d,00000000
"00027074","|static|_FUN_005da414_00027074",$d,00000000
"00027078","|static|_FUN_005dd22c_00027078",$d,00000000
"0002707c","|static|_FUN_0075ab50_0002707c",$d,00000000
"00027080","|static|_FUN_007726d4_00027080",$d,00000000
"00027084","|static|_FUN_005dc4d8_00027084",$d,00000000
"00027088","|static|_FUN_0075ab40_00027088",$d,00000000
"0002708c","|static|_FUN_0075ab54_0002708c",$d,00000000
"00027090","|static|_FUN_0075ab48_00027090",$d,00000000
"00027094","DAT_00027094",$d,00000000
"000270a4","|static|_FUN_006e46f4_000270a4",$d,00000000
"000270ac","|static|_FUN_00307c54_000270ac",$d,00000000
"000270b0","|static|_FUN_006e473c_000270b0",$d,00000000
"000270b8","|static|_FUN_0057b98c_000270b8",$d,00000000
"000270bc","|static|_FUN_0056e674_000270bc",$d,00000000
"000270c0","|static|_FUN_00575d4c_000270c0",$d,00000000
"000270c4","|static|_LAB_0057ba24_000270c4",$d,00000000
"000270c8","|static|_FUN_0057ba2c_000270c8",$d,00000000
"000270cc","|static|_FUN_005755cc_000270cc",$d,00000000
"000270d0","|static|_FUN_00521a38_000270d0",$d,00000000
"000270d4","|static|_FUN_0056f1a4_000270d4",$d,00000000
"000270e4","|static|_FUN_0076f810_000270e4",$d,00000000
"000270e8","|static|_FUN_0076f55c_000270e8",$d,00000000
"000270ec","|static|_FUN_005772b4_000270ec",$d,00000000
"000270f0","|static|_FUN_0076f7dc_000270f0",$d,00000000
"000270f4","|static|_FUN_00750970_000270f4",$d,00000000
"000270f8","|static|_FUN_0076f540_000270f8",$d,00000000
"000270fc","|static|_FUN_0076f7d4_000270fc",$d,00000000
"00027100","|static|_FUN_006e46e8_00027100",$d,00000000
"00027104","|static|_FUN_006e4500_00027104",$d,00000000
"00027108","|static|_FUN_006e4518_00027108",$d,00000000
"0002710c","|static|_FUN_0076f538_0002710c",$d,00000000
"00027110","|static|_FUN_0076f548_00027110",$d,00000000
"00027114","|static|_FUN_0056ea04_00027114",$d,00000000
"00027118","|static|_FUN_0056e6c4_00027118",$d,00000000
"0002711c","|static|_FUN_0056e24c_0002711c",$d,00000000
"00027120","|static|_FUN_00570f10_00027120",$d,00000000
"00027124","|static|_FUN_00570e9c_00027124",$d,00000000
"00027128","|static|_FUN_00570028_00027128",$d,00000000
"00027138","|static|_FUN_00751050_00027138",$d,00000000
"0002713c","|static|_FUN_00574e34_0002713c",$d,00000000
"00027150","|static|_FUN_00574cfc_00027150",$d,00000000
"00027168","|static|_FUN_0056f2ac_00027168",$d,00000000
"0002716c","|static|_FUN_00570950_0002716c",$d,00000000
"00027174","|static|_FUN_005707b8_00027174",$d,00000000
"00027178","|static|_FUN_005734bc_00027178",$d,00000000
"0002717c","|static|_FUN_004ea3a8_0002717c",$d,00000000
"00027180","|static|_FUN_004ea1ec_00027180",$d,00000000
"0002718c","|static|_FUN_005723a0_0002718c",$d,00000000
"000271a0","|static|_FUN_0056f8b4_000271a0",$d,00000000
"000271a4","|static|_FUN_00573ea4_000271a4",$d,00000000
"000271cc","|static|_FUN_007717ac_000271cc",$d,00000000
"000271e4","|static|_FUN_005f4b04_000271e4",$d,00000000
"000271e8","|static|_FUN_005f4b24_000271e8",$d,00000000
"000271ec","|static|_FUN_005f4b34_000271ec",$d,00000000
"000271f0","|static|_FUN_005f4b18_000271f0",$d,00000000
"000271f4","|static|_FUN_005f4b14_000271f4",$d,00000000
"000271f8","|static|_FUN_005f4b20_000271f8",$d,00000000
"000271fc","|static|_FUN_005f4b44_000271fc",$d,00000000
"00027200","|static|_FUN_005f4b40_00027200",$d,00000000
"00027204","|static|_FUN_005f4b3c_00027204",$d,00000000
"00027208","|static|_FUN_005f4b50_00027208",$d,00000000
"0002720c","|static|_FUN_005f4b08_0002720c",$d,00000000
"00027210","|static|_FUN_005f4b28_00027210",$d,00000000
"00027214","|static|_FUN_005f4b6c_00027214",$d,00000000
"00027218","|static|_FUN_005f4b0c_00027218",$d,00000000
"0002721c","|static|_FUN_005f4b38_0002721c",$d,00000000
"00027220","|static|_FUN_005f4b54_00027220",$d,00000000
"00027224","|static|_FUN_005f4b1c_00027224",$d,00000000
"00027228","|static|_FUN_005f4b10_00027228",$d,00000000
"0002722c","|static|_FUN_005f4b4c_0002722c",$d,00000000
"00027230","|static|_FUN_005f4b48_00027230",$d,00000000
"00027234","|static|_FUN_005f4b68_00027234",$d,00000000
"00027238","|static|_FUN_00573e9c_00027238",$d,00000000
"0002723c","|static|_FUN_005f4b70_0002723c",$d,00000000
"00027240","|static|_FUN_005f4b78_00027240",$d,00000000
"00027244","|static|_FUN_005f4b60_00027244",$d,00000000
"00027248","|static|_FUN_005f4b58_00027248",$d,00000000
"0002724c","|static|_FUN_005f4b5c_0002724c",$d,00000000
"00027250","|static|_FUN_005f4b74_00027250",$d,00000000
"00027254","|static|_FUN_005f4b80_00027254",$d,00000000
"00027258","|static|_FUN_005f4b88_00027258",$d,00000000
"0002725c","|static|_FUN_005f4b7c_0002725c",$d,00000000
"00027260","|static|_FUN_005f4b84_00027260",$d,00000000
"00027264","|static|_FUN_005f4b2c_00027264",$d,00000000
"00027268","|static|_FUN_0075ab68_00027268",$d,00000000
"0002726c","|static|_FUN_0075ab8c_0002726c",$d,00000000
"00027270","|static|_FUN_0023bbe0_00027270",$d,00000000
"00027274","|static|_FUN_0023b508_00027274",$d,00000000
"00027278","|static|_FUN_0023b2b8_00027278",$d,00000000
"0002727c","|static|_FUN_0023b1b0_0002727c",$d,00000000
"00027280","|static|_FUN_0023b2b0_00027280",$d,00000000
"00027284","|static|_FUN_005dd630_00027284",$d,00000000
"00027288","|static|_FUN_0023b504_00027288",$d,00000000
"0002728c","|static|_LAB_005dd598_0002728c",$d,00000000
"00027290","|static|_FUN_005dd550_00027290",$d,00000000
"00027294","|static|_FUN_005dd648_00027294",$d,00000000
"00027298","|static|_FUN_005dd670_00027298",$d,00000000
"0002729c","|static|_FUN_005dd67c_0002729c",$d,00000000
"000272a0","|static|_FUN_005dd65c_000272a0",$d,00000000
"000272a4","|static|_FUN_005dd560_000272a4",$d,00000000
"000272a8","|static|_FUN_005dd64c_000272a8",$d,00000000
"000272ac","|static|_FUN_005dd5a0_000272ac",$d,00000000
"000272b0","|static|_FUN_005dd638_000272b0",$d,00000000
"000272b4","|static|_FUN_005dd694_000272b4",$d,00000000
"000272b8","|static|_FUN_005dd698_000272b8",$d,00000000
"000272bc","|static|_FUN_005dd55c_000272bc",$d,00000000
"000272c0","|static|_FUN_005dd5b4_000272c0",$d,00000000
"000272c4","|static|_FUN_005dd674_000272c4",$d,00000000
"000272c8","|static|_FUN_005dd680_000272c8",$d,00000000
"000272cc","|static|_FUN_005dd684_000272cc",$d,00000000
"000272d0","|static|_LAB_0075ab5c_000272d0",$d,00000000
"000272d4","|static|_FUN_00713b0c_000272d4",$d,00000000
"000272d8","|static|_FUN_0023adb8_000272d8",$d,00000000
"000272dc","|static|_FUN_0023b2b4_000272dc",$d,00000000
"000272e0","|static|_FUN_0023b218_000272e0",$d,00000000
"000272e4","|static|_FUN_0023b21c_000272e4",$d,00000000
"000272e8","|static|_FUN_0023adbc_000272e8",$d,00000000
"000272ec","|static|_FUN_0056f8ac_000272ec",$d,00000000
"000272f0","|static|_FUN_0023b1ac_000272f0",$d,00000000
"000272f4","|static|_FUN_0023af1c_000272f4",$d,00000000
"000272f8","|static|_FUN_0023b214_000272f8",$d,00000000
"0002730c","|static|_FUN_005db288_0002730c",$d,00000000
"00027310","|static|_FUN_007753b4_00027310",$d,00000000
"00027314","|static|_FUN_00772630_00027314",$d,00000000
"00027318","|static|_FUN_005d9084_00027318",$d,00000000
"0002731c","|static|_FUN_005da414_0002731c",$d,00000000
"00027320","|static|_FUN_005dd22c_00027320",$d,00000000
"00027324","|static|_FUN_0075ab50_00027324",$d,00000000
"00027328","|static|_FUN_007726d4_00027328",$d,00000000
"0002732c","|static|_FUN_005dc4d8_0002732c",$d,00000000
"00027330","|static|_FUN_0075ab40_00027330",$d,00000000
"00027334","|static|_FUN_0075ab54_00027334",$d,00000000
"00027338","|static|_FUN_0075ab48_00027338",$d,00000000
"0002734c","|static|_FUN_00529d8c_0002734c",$d,00000000
"00027354","|static|_LAB_00520f64_00027354",$d,00000000
"00027358","|static|_FUN_00529da0_00027358",$d,00000000
"00027360","|static|_LAB_00520f6c_00027360",$d,00000000
"00027364","|static|_FUN_00529cf4_00027364",$d,00000000
"0002736c","|static|_LAB_00521068_0002736c",$d,00000000
"00027370","|static|_FUN_00529d78_00027370",$d,00000000
"00027378","|static|_FUN_00521a3c_00027378",$d,00000000
"0002737c","|static|_FUN_00521064_0002737c",$d,00000000
"00027384","DAT_00027384",$d,00000000
"00027394","|static|_FUN_006e46f4_00027394",$d,00000000
"0002739c","|static|_FUN_00307c54_0002739c",$d,00000000
"000273a0","|static|_FUN_006e473c_000273a0",$d,00000000
"000273a8","|static|_FUN_0057b98c_000273a8",$d,00000000
"000273ac","|static|_FUN_0056e674_000273ac",$d,00000000
"000273b0","|static|_FUN_00575d4c_000273b0",$d,00000000
"000273b4","|static|_LAB_0057ba24_000273b4",$d,00000000
"000273b8","|static|_FUN_0057ba2c_000273b8",$d,00000000
"000273bc","|static|_FUN_005755cc_000273bc",$d,00000000
"000273c0","|static|_FUN_00521a38_000273c0",$d,00000000
"000273c4","|static|_FUN_0056f1a4_000273c4",$d,00000000
"000273d4","|static|_FUN_0076f810_000273d4",$d,00000000
"000273d8","|static|_FUN_0076f55c_000273d8",$d,00000000
"000273dc","|static|_FUN_005772b4_000273dc",$d,00000000
"000273e0","|static|_FUN_0076f7dc_000273e0",$d,00000000
"000273e4","|static|_FUN_00750970_000273e4",$d,00000000
"000273e8","|static|_FUN_0076f540_000273e8",$d,00000000
"000273ec","|static|_FUN_0076f7d4_000273ec",$d,00000000
"000273f0","|static|_FUN_006e46e8_000273f0",$d,00000000
"000273f4","|static|_FUN_006e4500_000273f4",$d,00000000
"000273f8","|static|_FUN_006e4518_000273f8",$d,00000000
"000273fc","|static|_FUN_0076f538_000273fc",$d,00000000
"00027400","|static|_FUN_0076f548_00027400",$d,00000000
"00027404","|static|_FUN_0056ea04_00027404",$d,00000000
"00027408","|static|_FUN_0056e6c4_00027408",$d,00000000
"0002740c","|static|_FUN_0056e24c_0002740c",$d,00000000
"00027410","|static|_FUN_00570f10_00027410",$d,00000000
"00027414","|static|_FUN_00570e9c_00027414",$d,00000000
"00027418","|static|_FUN_00570028_00027418",$d,00000000
"00027424","|static|_FUN_00573214_00027424",$d,00000000
"00027428","|static|_FUN_00751050_00027428",$d,00000000
"0002742c","|static|_FUN_00574e34_0002742c",$d,00000000
"00027440","|static|_FUN_00574cfc_00027440",$d,00000000
"0002744c","|static|_FUN_0057418c_0002744c",$d,00000000
"00027458","|static|_FUN_0056f2ac_00027458",$d,00000000
"0002745c","|static|_FUN_00570950_0002745c",$d,00000000
"00027464","|static|_FUN_005707b8_00027464",$d,00000000
"00027468","|static|_FUN_005734bc_00027468",$d,00000000
"0002746c","|static|_FUN_004ea3a8_0002746c",$d,00000000
"00027470","|static|_FUN_004ea1ec_00027470",$d,00000000
"0002747c","|static|_FUN_005723a0_0002747c",$d,00000000
"00027490","|static|_FUN_0056f8b4_00027490",$d,00000000
"00027494","|static|_FUN_00573ea4_00027494",$d,00000000
"000274a8","|static|_FUN_007717ac_000274a8",$d,00000000
"000274c0","|static|_FUN_005f4b04_000274c0",$d,00000000
"000274c4","|static|_FUN_005f4b24_000274c4",$d,00000000
"000274c8","|static|_FUN_005f4b34_000274c8",$d,00000000
"000274cc","|static|_FUN_005f4b18_000274cc",$d,00000000
"000274d0","|static|_FUN_005f4b14_000274d0",$d,00000000
"000274d4","|static|_FUN_005f4b20_000274d4",$d,00000000
"000274d8","|static|_FUN_005f4b44_000274d8",$d,00000000
"000274dc","|static|_FUN_005f4b40_000274dc",$d,00000000
"000274e0","|static|_FUN_005f4b3c_000274e0",$d,00000000
"000274e4","|static|_FUN_005f4b50_000274e4",$d,00000000
"000274e8","|static|_FUN_005f4b08_000274e8",$d,00000000
"000274ec","|static|_FUN_005f4b28_000274ec",$d,00000000
"000274f0","|static|_FUN_005f4b6c_000274f0",$d,00000000
"000274f4","|static|_FUN_005f4b0c_000274f4",$d,00000000
"000274f8","|static|_FUN_005f4b38_000274f8",$d,00000000
"000274fc","|static|_FUN_005f4b54_000274fc",$d,00000000
"00027500","|static|_FUN_005f4b1c_00027500",$d,00000000
"00027504","|static|_FUN_005f4b10_00027504",$d,00000000
"00027508","|static|_FUN_005f4b4c_00027508",$d,00000000
"0002750c","|static|_FUN_005f4b48_0002750c",$d,00000000
"00027510","|static|_FUN_005f4b68_00027510",$d,00000000
"00027514","|static|_FUN_00573e9c_00027514",$d,00000000
"00027518","|static|_FUN_005f4b70_00027518",$d,00000000
"0002751c","|static|_FUN_005f4b78_0002751c",$d,00000000
"00027520","|static|_FUN_005f4b60_00027520",$d,00000000
"00027524","|static|_FUN_005f4b58_00027524",$d,00000000
"00027528","|static|_FUN_005f4b5c_00027528",$d,00000000
"0002752c","|static|_FUN_005f4b74_0002752c",$d,00000000
"00027530","|static|_FUN_005f4b80_00027530",$d,00000000
"00027534","|static|_FUN_005f4b88_00027534",$d,00000000
"00027538","|static|_FUN_005f4b7c_00027538",$d,00000000
"0002753c","|static|_FUN_005f4b84_0002753c",$d,00000000
"00027540","|static|_FUN_005f4b2c_00027540",$d,00000000
"00027544","|static|_FUN_0075ab68_00027544",$d,00000000
"00027548","|static|_FUN_0075ab8c_00027548",$d,00000000
"0002754c","|static|_FUN_0023bbe0_0002754c",$d,00000000
"00027550","|static|_FUN_0023b508_00027550",$d,00000000
"00027554","|static|_FUN_0023b2b8_00027554",$d,00000000
"00027558","|static|_FUN_0023b1b0_00027558",$d,00000000
"0002755c","|static|_FUN_0023b2b0_0002755c",$d,00000000
"00027560","|static|_FUN_005dd630_00027560",$d,00000000
"00027564","|static|_FUN_0023b504_00027564",$d,00000000
"00027568","|static|_LAB_005dd598_00027568",$d,00000000
"0002756c","|static|_FUN_005dd550_0002756c",$d,00000000
"00027570","|static|_FUN_005dd648_00027570",$d,00000000
"00027574","|static|_FUN_005dd670_00027574",$d,00000000
"00027578","|static|_FUN_005dd67c_00027578",$d,00000000
"0002757c","|static|_FUN_005dd65c_0002757c",$d,00000000
"00027580","|static|_FUN_005dd560_00027580",$d,00000000
"00027584","|static|_FUN_005dd64c_00027584",$d,00000000
"00027588","|static|_FUN_005dd5a0_00027588",$d,00000000
"0002758c","|static|_FUN_005dd638_0002758c",$d,00000000
"00027590","|static|_FUN_005dd694_00027590",$d,00000000
"00027594","|static|_FUN_005dd698_00027594",$d,00000000
"00027598","|static|_FUN_005dd55c_00027598",$d,00000000
"0002759c","|static|_FUN_005dd5b4_0002759c",$d,00000000
"000275a0","|static|_FUN_005dd674_000275a0",$d,00000000
"000275a4","|static|_FUN_005dd680_000275a4",$d,00000000
"000275a8","|static|_FUN_005dd684_000275a8",$d,00000000
"000275ac","|static|_LAB_0075ab5c_000275ac",$d,00000000
"000275b0","|static|_FUN_00713b0c_000275b0",$d,00000000
"000275b4","|static|_FUN_0023adb8_000275b4",$d,00000000
"000275b8","|static|_FUN_0023b2b4_000275b8",$d,00000000
"000275bc","|static|_FUN_0023b218_000275bc",$d,00000000
"000275c0","|static|_FUN_0023b21c_000275c0",$d,00000000
"000275c4","|static|_FUN_0023adbc_000275c4",$d,00000000
"000275c8","|static|_FUN_0056f8ac_000275c8",$d,00000000
"000275cc","|static|_FUN_0023b1ac_000275cc",$d,00000000
"000275d0","|static|_FUN_0023af1c_000275d0",$d,00000000
"000275d4","|static|_FUN_0023b214_000275d4",$d,00000000
"000275e8","|static|_FUN_005db288_000275e8",$d,00000000
"000275ec","|static|_FUN_007753b4_000275ec",$d,00000000
"000275f0","|static|_FUN_00772630_000275f0",$d,00000000
"000275f4","|static|_FUN_005d9084_000275f4",$d,00000000
"000275f8","|static|_FUN_005da414_000275f8",$d,00000000
"000275fc","|static|_FUN_005dd22c_000275fc",$d,00000000
"00027600","|static|_FUN_0075ab50_00027600",$d,00000000
"00027604","|static|_FUN_007726d4_00027604",$d,00000000
"00027608","|static|_FUN_005dc4d8_00027608",$d,00000000
"0002760c","|static|_FUN_0075ab40_0002760c",$d,00000000
"00027610","|static|_FUN_0075ab54_00027610",$d,00000000
"00027614","|static|_FUN_0075ab48_00027614",$d,00000000
"00027618","DAT_00027618",$d,00000000
"00027628","|static|_FUN_006e46f4_00027628",$d,00000000
"00027630","|static|_FUN_00307c54_00027630",$d,00000000
"00027634","|static|_FUN_006e473c_00027634",$d,00000000
"0002763c","|static|_FUN_0057b98c_0002763c",$d,00000000
"00027640","|static|_FUN_0056e674_00027640",$d,00000000
"00027644","|static|_FUN_00575d4c_00027644",$d,00000000
"00027648","|static|_LAB_0057ba24_00027648",$d,00000000
"0002764c","|static|_FUN_0057ba2c_0002764c",$d,00000000
"00027650","|static|_FUN_005755cc_00027650",$d,00000000
"00027654","|static|_FUN_00521a38_00027654",$d,00000000
"00027658","|static|_FUN_0056f1a4_00027658",$d,00000000
"00027668","|static|_FUN_0076f810_00027668",$d,00000000
"0002766c","|static|_FUN_0076f55c_0002766c",$d,00000000
"00027670","|static|_FUN_005772b4_00027670",$d,00000000
"00027674","|static|_FUN_0076f7dc_00027674",$d,00000000
"00027678","|static|_FUN_00750970_00027678",$d,00000000
"0002767c","|static|_FUN_0076f540_0002767c",$d,00000000
"00027680","|static|_FUN_0076f7d4_00027680",$d,00000000
"00027684","|static|_FUN_006e46e8_00027684",$d,00000000
"00027688","|static|_FUN_006e4500_00027688",$d,00000000
"0002768c","|static|_FUN_006e4518_0002768c",$d,00000000
"00027690","|static|_FUN_0076f538_00027690",$d,00000000
"00027694","|static|_FUN_0076f548_00027694",$d,00000000
"00027698","|static|_FUN_0056ea04_00027698",$d,00000000
"0002769c","|static|_FUN_0056e6c4_0002769c",$d,00000000
"000276a0","|static|_FUN_0056e24c_000276a0",$d,00000000
"000276a4","|static|_FUN_00570f10_000276a4",$d,00000000
"000276a8","|static|_FUN_00570e9c_000276a8",$d,00000000
"000276ac","|static|_FUN_00570028_000276ac",$d,00000000
"000276c0","|static|_FUN_00574e34_000276c0",$d,00000000
"000276d4","|static|_FUN_00574cfc_000276d4",$d,00000000
"000276e0","|static|_FUN_0057418c_000276e0",$d,00000000
"000276ec","|static|_FUN_0056f2ac_000276ec",$d,00000000
"000276f0","|static|_FUN_00570950_000276f0",$d,00000000
"000276f8","|static|_FUN_005707b8_000276f8",$d,00000000
"000276fc","|static|_FUN_005734bc_000276fc",$d,00000000
"00027700","|static|_FUN_004ea3a8_00027700",$d,00000000
"00027704","|static|_FUN_004ea1ec_00027704",$d,00000000
"00027710","|static|_FUN_005723a0_00027710",$d,00000000
"00027724","|static|_FUN_0056f8b4_00027724",$d,00000000
"00027728","|static|_FUN_00573ea4_00027728",$d,00000000
"0002773c","|static|_FUN_007717ac_0002773c",$d,00000000
"00027754","|static|_FUN_005f4b04_00027754",$d,00000000
"00027758","|static|_FUN_005f4b24_00027758",$d,00000000
"0002775c","|static|_FUN_005f4b34_0002775c",$d,00000000
"00027760","|static|_FUN_005f4b18_00027760",$d,00000000
"00027764","|static|_FUN_005f4b14_00027764",$d,00000000
"00027768","|static|_FUN_005f4b20_00027768",$d,00000000
"0002776c","|static|_FUN_005f4b44_0002776c",$d,00000000
"00027770","|static|_FUN_005f4b40_00027770",$d,00000000
"00027774","|static|_FUN_005f4b3c_00027774",$d,00000000
"00027778","|static|_FUN_005f4b50_00027778",$d,00000000
"0002777c","|static|_FUN_005f4b08_0002777c",$d,00000000
"00027780","|static|_FUN_005f4b28_00027780",$d,00000000
"00027784","|static|_FUN_005f4b6c_00027784",$d,00000000
"00027788","|static|_FUN_005f4b0c_00027788",$d,00000000
"0002778c","|static|_FUN_005f4b38_0002778c",$d,00000000
"00027790","|static|_FUN_005f4b54_00027790",$d,00000000
"00027794","|static|_FUN_005f4b1c_00027794",$d,00000000
"00027798","|static|_FUN_005f4b10_00027798",$d,00000000
"0002779c","|static|_FUN_005f4b4c_0002779c",$d,00000000
"000277a0","|static|_FUN_005f4b48_000277a0",$d,00000000
"000277a4","|static|_FUN_005f4b68_000277a4",$d,00000000
"000277a8","|static|_FUN_00573e9c_000277a8",$d,00000000
"000277ac","|static|_FUN_005f4b70_000277ac",$d,00000000
"000277b0","|static|_FUN_005f4b78_000277b0",$d,00000000
"000277b4","|static|_FUN_005f4b60_000277b4",$d,00000000
"000277b8","|static|_FUN_005f4b58_000277b8",$d,00000000
"000277bc","|static|_FUN_005f4b5c_000277bc",$d,00000000
"000277c0","|static|_FUN_005f4b74_000277c0",$d,00000000
"000277c4","|static|_FUN_005f4b80_000277c4",$d,00000000
"000277c8","|static|_FUN_005f4b88_000277c8",$d,00000000
"000277cc","|static|_FUN_005f4b7c_000277cc",$d,00000000
"000277d0","|static|_FUN_005f4b84_000277d0",$d,00000000
"000277d4","|static|_FUN_005f4b2c_000277d4",$d,00000000
"000277d8","|static|_FUN_0075ab68_000277d8",$d,00000000
"000277dc","|static|_FUN_0075ab8c_000277dc",$d,00000000
"000277e0","|static|_FUN_0023bbe0_000277e0",$d,00000000
"000277e4","|static|_FUN_0023b508_000277e4",$d,00000000
"000277e8","|static|_FUN_0023b2b8_000277e8",$d,00000000
"000277ec","|static|_FUN_0023b1b0_000277ec",$d,00000000
"000277f0","|static|_FUN_0023b2b0_000277f0",$d,00000000
"000277f4","|static|_FUN_005dd630_000277f4",$d,00000000
"000277f8","|static|_FUN_0023b504_000277f8",$d,00000000
"000277fc","|static|_LAB_005dd598_000277fc",$d,00000000
"00027800","|static|_FUN_005dd550_00027800",$d,00000000
"00027804","|static|_FUN_005dd648_00027804",$d,00000000
"00027808","|static|_FUN_005dd670_00027808",$d,00000000
"0002780c","|static|_FUN_005dd67c_0002780c",$d,00000000
"00027810","|static|_FUN_005dd65c_00027810",$d,00000000
"00027814","|static|_FUN_005dd560_00027814",$d,00000000
"00027818","|static|_FUN_005dd64c_00027818",$d,00000000
"0002781c","|static|_FUN_005dd5a0_0002781c",$d,00000000
"00027820","|static|_FUN_005dd638_00027820",$d,00000000
"00027824","|static|_FUN_005dd694_00027824",$d,00000000
"00027828","|static|_FUN_005dd698_00027828",$d,00000000
"0002782c","|static|_FUN_005dd55c_0002782c",$d,00000000
"00027830","|static|_FUN_005dd5b4_00027830",$d,00000000
"00027834","|static|_FUN_005dd674_00027834",$d,00000000
"00027838","|static|_FUN_005dd680_00027838",$d,00000000
"0002783c","|static|_FUN_005dd684_0002783c",$d,00000000
"00027840","|static|_LAB_0075ab5c_00027840",$d,00000000
"00027844","|static|_FUN_00713b0c_00027844",$d,00000000
"00027848","|static|_FUN_0023adb8_00027848",$d,00000000
"0002784c","|static|_FUN_0023b2b4_0002784c",$d,00000000
"00027850","|static|_FUN_0023b218_00027850",$d,00000000
"00027854","|static|_FUN_0023b21c_00027854",$d,00000000
"00027858","|static|_FUN_0023adbc_00027858",$d,00000000
"0002785c","|static|_FUN_0056f8ac_0002785c",$d,00000000
"00027860","|static|_FUN_0023b1ac_00027860",$d,00000000
"00027864","|static|_FUN_0023af1c_00027864",$d,00000000
"00027868","|static|_FUN_0023b214_00027868",$d,00000000
"0002787c","|static|_FUN_005db288_0002787c",$d,00000000
"00027880","|static|_FUN_007753b4_00027880",$d,00000000
"00027884","|static|_FUN_00772630_00027884",$d,00000000
"00027888","|static|_FUN_005d9084_00027888",$d,00000000
"0002788c","|static|_FUN_005da414_0002788c",$d,00000000
"00027890","|static|_FUN_005dd22c_00027890",$d,00000000
"00027894","|static|_FUN_0075ab50_00027894",$d,00000000
"00027898","|static|_FUN_007726d4_00027898",$d,00000000
"0002789c","|static|_FUN_005dc4d8_0002789c",$d,00000000
"000278a0","|static|_FUN_0075ab40_000278a0",$d,00000000
"000278a4","|static|_FUN_0075ab54_000278a4",$d,00000000
"000278a8","|static|_FUN_0075ab48_000278a8",$d,00000000
"000278ac","DAT_000278ac",$d,00000000
"000278bc","|static|_FUN_006e46f4_000278bc",$d,00000000
"000278c4","|static|_FUN_00307c54_000278c4",$d,00000000
"000278c8","|static|_FUN_006e473c_000278c8",$d,00000000
"000278d0","|static|_FUN_0057b98c_000278d0",$d,00000000
"000278d4","|static|_FUN_0056e674_000278d4",$d,00000000
"000278d8","|static|_FUN_00575d4c_000278d8",$d,00000000
"000278dc","|static|_LAB_0057ba24_000278dc",$d,00000000
"000278e0","|static|_FUN_0057ba2c_000278e0",$d,00000000
"000278e4","|static|_FUN_005755cc_000278e4",$d,00000000
"000278e8","|static|_FUN_00521a38_000278e8",$d,00000000
"000278ec","|static|_FUN_0056f1a4_000278ec",$d,00000000
"000278fc","|static|_FUN_0076f810_000278fc",$d,00000000
"00027900","|static|_FUN_0076f55c_00027900",$d,00000000
"00027908","|static|_FUN_0076f7dc_00027908",$d,00000000
"0002790c","|static|_FUN_00750970_0002790c",$d,00000000
"00027910","|static|_FUN_0076f540_00027910",$d,00000000
"00027914","|static|_FUN_0076f7d4_00027914",$d,00000000
"00027918","|static|_FUN_006e46e8_00027918",$d,00000000
"0002791c","|static|_FUN_006e4500_0002791c",$d,00000000
"00027920","|static|_FUN_006e4518_00027920",$d,00000000
"00027924","|static|_FUN_0076f538_00027924",$d,00000000
"00027928","|static|_FUN_0076f548_00027928",$d,00000000
"0002792c","|static|_FUN_0056ea04_0002792c",$d,00000000
"00027930","|static|_FUN_0056e6c4_00027930",$d,00000000
"00027934","|static|_FUN_0056e24c_00027934",$d,00000000
"00027938","|static|_FUN_00570f10_00027938",$d,00000000
"0002793c","|static|_FUN_00570e9c_0002793c",$d,00000000
"00027940","|static|_FUN_00570028_00027940",$d,00000000
"00027954","|static|_FUN_00574e34_00027954",$d,00000000
"00027968","|static|_FUN_00574cfc_00027968",$d,00000000
"00027980","|static|_FUN_0056f2ac_00027980",$d,00000000
"00027984","|static|_FUN_00570950_00027984",$d,00000000
"0002798c","|static|_FUN_005707b8_0002798c",$d,00000000
"00027990","|static|_FUN_005734bc_00027990",$d,00000000
"00027994","|static|_FUN_004ea3a8_00027994",$d,00000000
"00027998","|static|_FUN_004ea1ec_00027998",$d,00000000
"000279a4","|static|_FUN_005723a0_000279a4",$d,00000000
"000279b8","|static|_FUN_0056f8b4_000279b8",$d,00000000
"000279bc","|static|_FUN_00573ea4_000279bc",$d,00000000
"000279d0","|static|_FUN_007717ac_000279d0",$d,00000000
"000279e8","|static|_FUN_005f4b04_000279e8",$d,00000000
"000279ec","|static|_FUN_005f4b24_000279ec",$d,00000000
"000279f0","|static|_FUN_005f4b34_000279f0",$d,00000000
"000279f4","|static|_FUN_005f4b18_000279f4",$d,00000000
"000279f8","|static|_FUN_005f4b14_000279f8",$d,00000000
"000279fc","|static|_FUN_005f4b20_000279fc",$d,00000000
"00027a00","|static|_FUN_005f4b44_00027a00",$d,00000000
"00027a04","|static|_FUN_005f4b40_00027a04",$d,00000000
"00027a08","|static|_FUN_005f4b3c_00027a08",$d,00000000
"00027a0c","|static|_FUN_005f4b50_00027a0c",$d,00000000
"00027a10","|static|_FUN_005f4b08_00027a10",$d,00000000
"00027a14","|static|_FUN_005f4b28_00027a14",$d,00000000
"00027a18","|static|_FUN_005f4b6c_00027a18",$d,00000000
"00027a1c","|static|_FUN_005f4b0c_00027a1c",$d,00000000
"00027a20","|static|_FUN_005f4b38_00027a20",$d,00000000
"00027a24","|static|_FUN_005f4b54_00027a24",$d,00000000
"00027a28","|static|_FUN_005f4b1c_00027a28",$d,00000000
"00027a2c","|static|_FUN_005f4b10_00027a2c",$d,00000000
"00027a30","|static|_FUN_005f4b4c_00027a30",$d,00000000
"00027a34","|static|_FUN_005f4b48_00027a34",$d,00000000
"00027a38","|static|_FUN_005f4b68_00027a38",$d,00000000
"00027a3c","|static|_FUN_00573e9c_00027a3c",$d,00000000
"00027a40","|static|_FUN_005f4b70_00027a40",$d,00000000
"00027a44","|static|_FUN_005f4b78_00027a44",$d,00000000
"00027a48","|static|_FUN_005f4b60_00027a48",$d,00000000
"00027a4c","|static|_FUN_005f4b58_00027a4c",$d,00000000
"00027a50","|static|_FUN_005f4b5c_00027a50",$d,00000000
"00027a54","|static|_FUN_005f4b74_00027a54",$d,00000000
"00027a58","|static|_FUN_005f4b80_00027a58",$d,00000000
"00027a5c","|static|_FUN_005f4b88_00027a5c",$d,00000000
"00027a60","|static|_FUN_005f4b7c_00027a60",$d,00000000
"00027a64","|static|_FUN_005f4b84_00027a64",$d,00000000
"00027a68","|static|_FUN_005f4b2c_00027a68",$d,00000000
"00027a6c","|static|_FUN_0075ab68_00027a6c",$d,00000000
"00027a70","|static|_FUN_0075ab8c_00027a70",$d,00000000
"00027a74","|static|_FUN_0023bbe0_00027a74",$d,00000000
"00027a78","|static|_FUN_0023b508_00027a78",$d,00000000
"00027a7c","|static|_FUN_0023b2b8_00027a7c",$d,00000000
"00027a80","|static|_FUN_0023b1b0_00027a80",$d,00000000
"00027a84","|static|_FUN_0023b2b0_00027a84",$d,00000000
"00027a88","|static|_FUN_005dd630_00027a88",$d,00000000
"00027a8c","|static|_FUN_0023b504_00027a8c",$d,00000000
"00027a90","|static|_LAB_005dd598_00027a90",$d,00000000
"00027a94","|static|_FUN_005dd550_00027a94",$d,00000000
"00027a98","|static|_FUN_005dd648_00027a98",$d,00000000
"00027a9c","|static|_FUN_005dd670_00027a9c",$d,00000000
"00027aa0","|static|_FUN_005dd67c_00027aa0",$d,00000000
"00027aa4","|static|_FUN_005dd65c_00027aa4",$d,00000000
"00027aa8","|static|_FUN_005dd560_00027aa8",$d,00000000
"00027aac","|static|_FUN_005dd64c_00027aac",$d,00000000
"00027ab0","|static|_FUN_005dd5a0_00027ab0",$d,00000000
"00027ab4","|static|_FUN_005dd638_00027ab4",$d,00000000
"00027ab8","|static|_FUN_005dd694_00027ab8",$d,00000000
"00027abc","|static|_FUN_005dd698_00027abc",$d,00000000
"00027ac0","|static|_FUN_005dd55c_00027ac0",$d,00000000
"00027ac4","|static|_FUN_005dd5b4_00027ac4",$d,00000000
"00027ac8","|static|_FUN_005dd674_00027ac8",$d,00000000
"00027acc","|static|_FUN_005dd680_00027acc",$d,00000000
"00027ad0","|static|_FUN_005dd684_00027ad0",$d,00000000
"00027ad4","|static|_LAB_0075ab5c_00027ad4",$d,00000000
"00027ad8","|static|_FUN_00713b0c_00027ad8",$d,00000000
"00027adc","|static|_FUN_0023adb8_00027adc",$d,00000000
"00027ae0","|static|_FUN_0023b2b4_00027ae0",$d,00000000
"00027ae4","|static|_FUN_0023b218_00027ae4",$d,00000000
"00027ae8","|static|_FUN_0023b21c_00027ae8",$d,00000000
"00027aec","|static|_FUN_0023adbc_00027aec",$d,00000000
"00027af0","|static|_FUN_0056f8ac_00027af0",$d,00000000
"00027af4","|static|_FUN_0023b1ac_00027af4",$d,00000000
"00027af8","|static|_FUN_0023af1c_00027af8",$d,00000000
"00027afc","|static|_FUN_0023b214_00027afc",$d,00000000
"00027b10","|static|_FUN_005db288_00027b10",$d,00000000
"00027b14","|static|_FUN_007753b4_00027b14",$d,00000000
"00027b18","|static|_FUN_00772630_00027b18",$d,00000000
"00027b1c","|static|_FUN_005d9084_00027b1c",$d,00000000
"00027b20","|static|_FUN_005da414_00027b20",$d,00000000
"00027b24","|static|_FUN_005dd22c_00027b24",$d,00000000
"00027b28","|static|_FUN_0075ab50_00027b28",$d,00000000
"00027b2c","|static|_FUN_007726d4_00027b2c",$d,00000000
"00027b30","|static|_FUN_005dc4d8_00027b30",$d,00000000
"00027b34","|static|_FUN_0075ab40_00027b34",$d,00000000
"00027b38","|static|_FUN_0075ab54_00027b38",$d,00000000
"00027b3c","|static|_FUN_0075ab48_00027b3c",$d,00000000
"00027b40","DAT_00027b40",$d,00000000
"00027b50","|static|_FUN_006e46f4_00027b50",$d,00000000
"00027b58","|static|_FUN_00307c54_00027b58",$d,00000000
"00027b5c","|static|_FUN_006e473c_00027b5c",$d,00000000
"00027b64","|static|_FUN_0057b98c_00027b64",$d,00000000
"00027b68","|static|_FUN_0056e674_00027b68",$d,00000000
"00027b6c","|static|_FUN_00575d4c_00027b6c",$d,00000000
"00027b70","|static|_LAB_0057ba24_00027b70",$d,00000000
"00027b74","|static|_FUN_0057ba2c_00027b74",$d,00000000
"00027b78","|static|_FUN_005755cc_00027b78",$d,00000000
"00027b7c","|static|_FUN_00521a38_00027b7c",$d,00000000
"00027b80","|static|_FUN_0056f1a4_00027b80",$d,00000000
"00027b90","|static|_FUN_0076f810_00027b90",$d,00000000
"00027b94","|static|_FUN_0076f55c_00027b94",$d,00000000
"00027b98","|static|_FUN_005772b4_00027b98",$d,00000000
"00027b9c","|static|_FUN_0076f7dc_00027b9c",$d,00000000
"00027ba0","|static|_FUN_00750970_00027ba0",$d,00000000
"00027ba4","|static|_FUN_0076f540_00027ba4",$d,00000000
"00027ba8","|static|_FUN_0076f7d4_00027ba8",$d,00000000
"00027bac","|static|_FUN_006e46e8_00027bac",$d,00000000
"00027bb0","|static|_FUN_006e4500_00027bb0",$d,00000000
"00027bb4","|static|_FUN_006e4518_00027bb4",$d,00000000
"00027bb8","|static|_FUN_0076f538_00027bb8",$d,00000000
"00027bbc","|static|_FUN_0076f548_00027bbc",$d,00000000
"00027bc0","|static|_FUN_0056ea04_00027bc0",$d,00000000
"00027bc4","|static|_FUN_0056e6c4_00027bc4",$d,00000000
"00027bc8","|static|_FUN_0056e24c_00027bc8",$d,00000000
"00027bcc","|static|_FUN_00570f10_00027bcc",$d,00000000
"00027bd0","|static|_FUN_00570e9c_00027bd0",$d,00000000
"00027bd4","|static|_FUN_00570028_00027bd4",$d,00000000
"00027be0","|static|_FUN_00573214_00027be0",$d,00000000
"00027be4","|static|_FUN_00751050_00027be4",$d,00000000
"00027be8","|static|_FUN_00574e34_00027be8",$d,00000000
"00027bfc","|static|_FUN_00574cfc_00027bfc",$d,00000000
"00027c08","|static|_FUN_0057418c_00027c08",$d,00000000
"00027c14","|static|_FUN_0056f2ac_00027c14",$d,00000000
"00027c18","|static|_FUN_00570950_00027c18",$d,00000000
"00027c20","|static|_FUN_005707b8_00027c20",$d,00000000
"00027c24","|static|_FUN_005734bc_00027c24",$d,00000000
"00027c28","|static|_FUN_004ea3a8_00027c28",$d,00000000
"00027c2c","|static|_FUN_004ea1ec_00027c2c",$d,00000000
"00027c38","|static|_FUN_005723a0_00027c38",$d,00000000
"00027c4c","|static|_FUN_0056f8b4_00027c4c",$d,00000000
"00027c50","|static|_FUN_00573ea4_00027c50",$d,00000000
"00027c64","|static|_FUN_007717ac_00027c64",$d,00000000
"00027c7c","|static|_FUN_005f4b04_00027c7c",$d,00000000
"00027c80","|static|_FUN_005f4b24_00027c80",$d,00000000
"00027c84","|static|_FUN_005f4b34_00027c84",$d,00000000
"00027c88","|static|_FUN_005f4b18_00027c88",$d,00000000
"00027c8c","|static|_FUN_005f4b14_00027c8c",$d,00000000
"00027c90","|static|_FUN_005f4b20_00027c90",$d,00000000
"00027c94","|static|_FUN_005f4b44_00027c94",$d,00000000
"00027c98","|static|_FUN_005f4b40_00027c98",$d,00000000
"00027c9c","|static|_FUN_005f4b3c_00027c9c",$d,00000000
"00027ca0","|static|_FUN_005f4b50_00027ca0",$d,00000000
"00027ca4","|static|_FUN_005f4b08_00027ca4",$d,00000000
"00027ca8","|static|_FUN_005f4b28_00027ca8",$d,00000000
"00027cac","|static|_FUN_005f4b6c_00027cac",$d,00000000
"00027cb0","|static|_FUN_005f4b0c_00027cb0",$d,00000000
"00027cb4","|static|_FUN_005f4b38_00027cb4",$d,00000000
"00027cb8","|static|_FUN_005f4b54_00027cb8",$d,00000000
"00027cbc","|static|_FUN_005f4b1c_00027cbc",$d,00000000
"00027cc0","|static|_FUN_005f4b10_00027cc0",$d,00000000
"00027cc4","|static|_FUN_005f4b4c_00027cc4",$d,00000000
"00027cc8","|static|_FUN_005f4b48_00027cc8",$d,00000000
"00027ccc","|static|_FUN_005f4b68_00027ccc",$d,00000000
"00027cd0","|static|_FUN_00573e9c_00027cd0",$d,00000000
"00027cd4","|static|_FUN_005f4b70_00027cd4",$d,00000000
"00027cd8","|static|_FUN_005f4b78_00027cd8",$d,00000000
"00027cdc","|static|_FUN_005f4b60_00027cdc",$d,00000000
"00027ce0","|static|_FUN_005f4b58_00027ce0",$d,00000000
"00027ce4","|static|_FUN_005f4b5c_00027ce4",$d,00000000
"00027ce8","|static|_FUN_005f4b74_00027ce8",$d,00000000
"00027cec","|static|_FUN_005f4b80_00027cec",$d,00000000
"00027cf0","|static|_FUN_005f4b88_00027cf0",$d,00000000
"00027cf4","|static|_FUN_005f4b7c_00027cf4",$d,00000000
"00027cf8","|static|_FUN_005f4b84_00027cf8",$d,00000000
"00027cfc","|static|_FUN_005f4b2c_00027cfc",$d,00000000
"00027d00","|static|_FUN_0075ab68_00027d00",$d,00000000
"00027d04","|static|_FUN_0075ab8c_00027d04",$d,00000000
"00027d08","|static|_FUN_0023bbe0_00027d08",$d,00000000
"00027d0c","|static|_FUN_0023b508_00027d0c",$d,00000000
"00027d10","|static|_FUN_0023b2b8_00027d10",$d,00000000
"00027d14","|static|_FUN_0023b1b0_00027d14",$d,00000000
"00027d18","|static|_FUN_0023b2b0_00027d18",$d,00000000
"00027d1c","|static|_FUN_005dd630_00027d1c",$d,00000000
"00027d20","|static|_FUN_0023b504_00027d20",$d,00000000
"00027d24","|static|_LAB_005dd598_00027d24",$d,00000000
"00027d28","|static|_FUN_005dd550_00027d28",$d,00000000
"00027d2c","|static|_FUN_005dd648_00027d2c",$d,00000000
"00027d30","|static|_FUN_005dd670_00027d30",$d,00000000
"00027d34","|static|_FUN_005dd67c_00027d34",$d,00000000
"00027d38","|static|_FUN_005dd65c_00027d38",$d,00000000
"00027d3c","|static|_FUN_005dd560_00027d3c",$d,00000000
"00027d40","|static|_FUN_005dd64c_00027d40",$d,00000000
"00027d44","|static|_FUN_005dd5a0_00027d44",$d,00000000
"00027d48","|static|_FUN_005dd638_00027d48",$d,00000000
"00027d4c","|static|_FUN_005dd694_00027d4c",$d,00000000
"00027d50","|static|_FUN_005dd698_00027d50",$d,00000000
"00027d54","|static|_FUN_005dd55c_00027d54",$d,00000000
"00027d58","|static|_FUN_005dd5b4_00027d58",$d,00000000
"00027d5c","|static|_FUN_005dd674_00027d5c",$d,00000000
"00027d60","|static|_FUN_005dd680_00027d60",$d,00000000
"00027d64","|static|_FUN_005dd684_00027d64",$d,00000000
"00027d68","|static|_LAB_0075ab5c_00027d68",$d,00000000
"00027d6c","|static|_FUN_00713b0c_00027d6c",$d,00000000
"00027d70","|static|_FUN_0023adb8_00027d70",$d,00000000
"00027d74","|static|_FUN_0023b2b4_00027d74",$d,00000000
"00027d78","|static|_FUN_0023b218_00027d78",$d,00000000
"00027d7c","|static|_FUN_0023b21c_00027d7c",$d,00000000
"00027d80","|static|_FUN_0023adbc_00027d80",$d,00000000
"00027d84","|static|_FUN_0056f8ac_00027d84",$d,00000000
"00027d88","|static|_FUN_0023b1ac_00027d88",$d,00000000
"00027d8c","|static|_FUN_0023af1c_00027d8c",$d,00000000
"00027d90","|static|_FUN_0023b214_00027d90",$d,00000000
"00027da4","|static|_FUN_005db288_00027da4",$d,00000000
"00027da8","|static|_FUN_007753b4_00027da8",$d,00000000
"00027dac","|static|_FUN_00772630_00027dac",$d,00000000
"00027db0","|static|_FUN_005d9084_00027db0",$d,00000000
"00027db4","|static|_FUN_005da414_00027db4",$d,00000000
"00027db8","|static|_FUN_005dd22c_00027db8",$d,00000000
"00027dbc","|static|_FUN_0075ab50_00027dbc",$d,00000000
"00027dc0","|static|_FUN_007726d4_00027dc0",$d,00000000
"00027dc4","|static|_FUN_005dc4d8_00027dc4",$d,00000000
"00027dc8","|static|_FUN_0075ab40_00027dc8",$d,00000000
"00027dcc","|static|_FUN_0075ab54_00027dcc",$d,00000000
"00027dd0","|static|_FUN_0075ab48_00027dd0",$d,00000000
"00027dd4","DAT_00027dd4",$d,00000000
"00027de4","|static|_FUN_006e46f4_00027de4",$d,00000000
"00027dec","|static|_FUN_00307c54_00027dec",$d,00000000
"00027df0","|static|_FUN_006e473c_00027df0",$d,00000000
"00027df8","|static|_FUN_0057b98c_00027df8",$d,00000000
"00027dfc","|static|_FUN_0056e674_00027dfc",$d,00000000
"00027e00","|static|_FUN_00575d4c_00027e00",$d,00000000
"00027e04","|static|_LAB_0057ba24_00027e04",$d,00000000
"00027e08","|static|_FUN_0057ba2c_00027e08",$d,00000000
"00027e0c","|static|_FUN_005755cc_00027e0c",$d,00000000
"00027e10","|static|_FUN_00521a38_00027e10",$d,00000000
"00027e14","|static|_FUN_0056f1a4_00027e14",$d,00000000
"00027e24","|static|_FUN_0076f810_00027e24",$d,00000000
"00027e28","|static|_FUN_0076f55c_00027e28",$d,00000000
"00027e2c","|static|_FUN_005772b4_00027e2c",$d,00000000
"00027e30","|static|_FUN_0076f7dc_00027e30",$d,00000000
"00027e34","|static|_FUN_00750970_00027e34",$d,00000000
"00027e38","|static|_FUN_0076f540_00027e38",$d,00000000
"00027e3c","|static|_FUN_0076f7d4_00027e3c",$d,00000000
"00027e40","|static|_FUN_006e46e8_00027e40",$d,00000000
"00027e44","|static|_FUN_006e4500_00027e44",$d,00000000
"00027e48","|static|_FUN_006e4518_00027e48",$d,00000000
"00027e4c","|static|_FUN_0076f538_00027e4c",$d,00000000
"00027e50","|static|_FUN_0076f548_00027e50",$d,00000000
"00027e54","|static|_FUN_0056ea04_00027e54",$d,00000000
"00027e58","|static|_FUN_0056e6c4_00027e58",$d,00000000
"00027e5c","|static|_FUN_0056e24c_00027e5c",$d,00000000
"00027e60","|static|_FUN_00570f10_00027e60",$d,00000000
"00027e64","|static|_FUN_00570e9c_00027e64",$d,00000000
"00027e68","|static|_FUN_00570028_00027e68",$d,00000000
"00027e7c","|static|_FUN_00574e34_00027e7c",$d,00000000
"00027e90","|static|_FUN_00574cfc_00027e90",$d,00000000
"00027e9c","|static|_FUN_0057418c_00027e9c",$d,00000000
"00027ea8","|static|_FUN_0056f2ac_00027ea8",$d,00000000
"00027eac","|static|_FUN_00570950_00027eac",$d,00000000
"00027eb4","|static|_FUN_005707b8_00027eb4",$d,00000000
"00027eb8","|static|_FUN_005734bc_00027eb8",$d,00000000
"00027ebc","|static|_FUN_004ea3a8_00027ebc",$d,00000000
"00027ec0","|static|_FUN_004ea1ec_00027ec0",$d,00000000
"00027ecc","|static|_FUN_005723a0_00027ecc",$d,00000000
"00027ee0","|static|_FUN_0056f8b4_00027ee0",$d,00000000
"00027ee4","|static|_FUN_00573ea4_00027ee4",$d,00000000
"00027ef8","|static|_FUN_007717ac_00027ef8",$d,00000000
"00027f10","|static|_FUN_005f4b04_00027f10",$d,00000000
"00027f14","|static|_FUN_005f4b24_00027f14",$d,00000000
"00027f18","|static|_FUN_005f4b34_00027f18",$d,00000000
"00027f1c","|static|_FUN_005f4b18_00027f1c",$d,00000000
"00027f20","|static|_FUN_005f4b14_00027f20",$d,00000000
"00027f24","|static|_FUN_005f4b20_00027f24",$d,00000000
"00027f28","|static|_FUN_005f4b44_00027f28",$d,00000000
"00027f2c","|static|_FUN_005f4b40_00027f2c",$d,00000000
"00027f30","|static|_FUN_005f4b3c_00027f30",$d,00000000
"00027f34","|static|_FUN_005f4b50_00027f34",$d,00000000
"00027f38","|static|_FUN_005f4b08_00027f38",$d,00000000
"00027f3c","|static|_FUN_005f4b28_00027f3c",$d,00000000
"00027f40","|static|_FUN_005f4b6c_00027f40",$d,00000000
"00027f44","|static|_FUN_005f4b0c_00027f44",$d,00000000
"00027f48","|static|_FUN_005f4b38_00027f48",$d,00000000
"00027f4c","|static|_FUN_005f4b54_00027f4c",$d,00000000
"00027f50","|static|_FUN_005f4b1c_00027f50",$d,00000000
"00027f54","|static|_FUN_005f4b10_00027f54",$d,00000000
"00027f58","|static|_FUN_005f4b4c_00027f58",$d,00000000
"00027f5c","|static|_FUN_005f4b48_00027f5c",$d,00000000
"00027f60","|static|_FUN_005f4b68_00027f60",$d,00000000
"00027f64","|static|_FUN_00573e9c_00027f64",$d,00000000
"00027f68","|static|_FUN_005f4b70_00027f68",$d,00000000
"00027f6c","|static|_FUN_005f4b78_00027f6c",$d,00000000
"00027f70","|static|_FUN_005f4b60_00027f70",$d,00000000
"00027f74","|static|_FUN_005f4b58_00027f74",$d,00000000
"00027f78","|static|_FUN_005f4b5c_00027f78",$d,00000000
"00027f7c","|static|_FUN_005f4b74_00027f7c",$d,00000000
"00027f80","|static|_FUN_005f4b80_00027f80",$d,00000000
"00027f84","|static|_FUN_005f4b88_00027f84",$d,00000000
"00027f88","|static|_FUN_005f4b7c_00027f88",$d,00000000
"00027f8c","|static|_FUN_005f4b84_00027f8c",$d,00000000
"00027f90","|static|_FUN_005f4b2c_00027f90",$d,00000000
"00027f94","|static|_FUN_0075ab68_00027f94",$d,00000000
"00027f98","|static|_FUN_0075ab8c_00027f98",$d,00000000
"00027f9c","|static|_FUN_0023bbe0_00027f9c",$d,00000000
"00027fa0","|static|_FUN_0023b508_00027fa0",$d,00000000
"00027fa4","|static|_FUN_0023b2b8_00027fa4",$d,00000000
"00027fa8","|static|_FUN_0023b1b0_00027fa8",$d,00000000
"00027fac","|static|_FUN_0023b2b0_00027fac",$d,00000000
"00027fb0","|static|_FUN_005dd630_00027fb0",$d,00000000
"00027fb4","|static|_FUN_0023b504_00027fb4",$d,00000000
"00027fb8","|static|_LAB_005dd598_00027fb8",$d,00000000
"00027fbc","|static|_FUN_005dd550_00027fbc",$d,00000000
"00027fc0","|static|_FUN_005dd648_00027fc0",$d,00000000
"00027fc4","|static|_FUN_005dd670_00027fc4",$d,00000000
"00027fc8","|static|_FUN_005dd67c_00027fc8",$d,00000000
"00027fcc","|static|_FUN_005dd65c_00027fcc",$d,00000000
"00027fd0","|static|_FUN_005dd560_00027fd0",$d,00000000
"00027fd4","|static|_FUN_005dd64c_00027fd4",$d,00000000
"00027fd8","|static|_FUN_005dd5a0_00027fd8",$d,00000000
"00027fdc","|static|_FUN_005dd638_00027fdc",$d,00000000
"00027fe0","|static|_FUN_005dd694_00027fe0",$d,00000000
"00027fe4","|static|_FUN_005dd698_00027fe4",$d,00000000
"00027fe8","|static|_FUN_005dd55c_00027fe8",$d,00000000
"00027fec","|static|_FUN_005dd5b4_00027fec",$d,00000000
"00027ff0","|static|_FUN_005dd674_00027ff0",$d,00000000
"00027ff4","|static|_FUN_005dd680_00027ff4",$d,00000000
"00027ff8","|static|_FUN_005dd684_00027ff8",$d,00000000
"00027ffc","|static|_LAB_0075ab5c_00027ffc",$d,00000000
"00028000","|static|_FUN_00713b0c_00028000",$d,00000000
"00028004","|static|_FUN_0023adb8_00028004",$d,00000000
"00028008","|static|_FUN_0023b2b4_00028008",$d,00000000
"0002800c","|static|_FUN_0023b218_0002800c",$d,00000000
"00028010","|static|_FUN_0023b21c_00028010",$d,00000000
"00028014","|static|_FUN_0023adbc_00028014",$d,00000000
"00028018","|static|_FUN_0056f8ac_00028018",$d,00000000
"0002801c","|static|_FUN_0023b1ac_0002801c",$d,00000000
"00028020","|static|_FUN_0023af1c_00028020",$d,00000000
"00028024","|static|_FUN_0023b214_00028024",$d,00000000
"00028038","|static|_FUN_005db288_00028038",$d,00000000
"0002803c","|static|_FUN_007753b4_0002803c",$d,00000000
"00028040","|static|_FUN_00772630_00028040",$d,00000000
"00028044","|static|_FUN_005d9084_00028044",$d,00000000
"00028048","|static|_FUN_005da414_00028048",$d,00000000
"0002804c","|static|_FUN_005dd22c_0002804c",$d,00000000
"00028050","|static|_FUN_0075ab50_00028050",$d,00000000
"00028054","|static|_FUN_007726d4_00028054",$d,00000000
"00028058","|static|_FUN_005dc4d8_00028058",$d,00000000
"0002805c","|static|_FUN_0075ab40_0002805c",$d,00000000
"00028060","|static|_FUN_0075ab54_00028060",$d,00000000
"00028064","|static|_FUN_0075ab48_00028064",$d,00000000
"00028068","DAT_00028068",$d,00000000
"00028078","|static|_FUN_006e46f4_00028078",$d,00000000
"00028080","|static|_FUN_00307c54_00028080",$d,00000000
"00028084","|static|_FUN_006e473c_00028084",$d,00000000
"0002808c","|static|_FUN_0057b98c_0002808c",$d,00000000
"00028090","|static|_FUN_0056e674_00028090",$d,00000000
"00028094","|static|_FUN_00575d4c_00028094",$d,00000000
"00028098","|static|_LAB_0057ba24_00028098",$d,00000000
"0002809c","|static|_FUN_0057ba2c_0002809c",$d,00000000
"000280a0","|static|_FUN_005755cc_000280a0",$d,00000000
"000280a4","|static|_FUN_00521a38_000280a4",$d,00000000
"000280a8","|static|_FUN_0056f1a4_000280a8",$d,00000000
"000280b8","|static|_FUN_0076f810_000280b8",$d,00000000
"000280bc","|static|_FUN_0076f55c_000280bc",$d,00000000
"000280c4","|static|_FUN_0076f7dc_000280c4",$d,00000000
"000280c8","|static|_FUN_00750970_000280c8",$d,00000000
"000280cc","|static|_FUN_0076f540_000280cc",$d,00000000
"000280d0","|static|_FUN_0076f7d4_000280d0",$d,00000000
"000280d4","|static|_FUN_006e46e8_000280d4",$d,00000000
"000280d8","|static|_FUN_006e4500_000280d8",$d,00000000
"000280dc","|static|_FUN_006e4518_000280dc",$d,00000000
"000280e0","|static|_FUN_0076f538_000280e0",$d,00000000
"000280e4","|static|_FUN_0076f548_000280e4",$d,00000000
"000280e8","|static|_FUN_0056ea04_000280e8",$d,00000000
"000280ec","|static|_FUN_0056e6c4_000280ec",$d,00000000
"000280f0","|static|_FUN_0056e24c_000280f0",$d,00000000
"000280f4","|static|_FUN_00570f10_000280f4",$d,00000000
"000280f8","|static|_FUN_00570e9c_000280f8",$d,00000000
"000280fc","|static|_FUN_00570028_000280fc",$d,00000000
"00028108","|static|_FUN_00573214_00028108",$d,00000000
"0002810c","|static|_FUN_00751050_0002810c",$d,00000000
"00028110","|static|_FUN_00574e34_00028110",$d,00000000
"00028120","|static|_FUN_0024f178_00028120",$d,00000000
"00028124","|static|_FUN_00574cfc_00028124",$d,00000000
"00028130","|static|_FUN_0057418c_00028130",$d,00000000
"00028134","|static|_FUN_0024f108_00028134",$d,00000000
"00028148","|static|_FUN_005707b8_00028148",$d,00000000
"0002814c","|static|_FUN_005734bc_0002814c",$d,00000000
"00028150","|static|_FUN_004ea3a8_00028150",$d,00000000
"00028154","|static|_FUN_004ea1ec_00028154",$d,00000000
"00028160","|static|_FUN_005723a0_00028160",$d,00000000
"00028174","|static|_FUN_0056f8b4_00028174",$d,00000000
"00028178","|static|_FUN_00573ea4_00028178",$d,00000000
"00028194","|static|_FUN_007717ac_00028194",$d,00000000
"000281ac","|static|_FUN_005f4b04_000281ac",$d,00000000
"000281b0","|static|_FUN_005f4b24_000281b0",$d,00000000
"000281b4","|static|_FUN_005f4b34_000281b4",$d,00000000
"000281b8","|static|_FUN_005f4b18_000281b8",$d,00000000
"000281bc","|static|_FUN_005f4b14_000281bc",$d,00000000
"000281c0","|static|_FUN_005f4b20_000281c0",$d,00000000
"000281c4","|static|_FUN_005f4b44_000281c4",$d,00000000
"000281c8","|static|_FUN_005f4b40_000281c8",$d,00000000
"000281cc","|static|_FUN_005f4b3c_000281cc",$d,00000000
"000281d0","|static|_FUN_005f4b50_000281d0",$d,00000000
"000281d4","|static|_FUN_005f4b08_000281d4",$d,00000000
"000281d8","|static|_FUN_005f4b28_000281d8",$d,00000000
"000281dc","|static|_FUN_005f4b6c_000281dc",$d,00000000
"000281e0","|static|_FUN_005f4b0c_000281e0",$d,00000000
"000281e4","|static|_FUN_005f4b38_000281e4",$d,00000000
"000281e8","|static|_FUN_005f4b54_000281e8",$d,00000000
"000281ec","|static|_FUN_005f4b1c_000281ec",$d,00000000
"000281f0","|static|_FUN_005f4b10_000281f0",$d,00000000
"000281f4","|static|_FUN_005f4b4c_000281f4",$d,00000000
"000281f8","|static|_FUN_005f4b48_000281f8",$d,00000000
"000281fc","|static|_FUN_005f4b68_000281fc",$d,00000000
"00028200","|static|_FUN_00573e9c_00028200",$d,00000000
"00028204","|static|_FUN_005f4b70_00028204",$d,00000000
"00028208","|static|_FUN_005f4b78_00028208",$d,00000000
"0002820c","|static|_FUN_005f4b60_0002820c",$d,00000000
"00028210","|static|_FUN_005f4b58_00028210",$d,00000000
"00028214","|static|_FUN_005f4b5c_00028214",$d,00000000
"00028218","|static|_FUN_005f4b74_00028218",$d,00000000
"0002821c","|static|_FUN_005f4b80_0002821c",$d,00000000
"00028220","|static|_FUN_005f4b88_00028220",$d,00000000
"00028224","|static|_FUN_005f4b7c_00028224",$d,00000000
"00028228","|static|_FUN_005f4b84_00028228",$d,00000000
"0002822c","|static|_FUN_005f4b2c_0002822c",$d,00000000
"00028230","|static|_FUN_0075ab68_00028230",$d,00000000
"00028234","|static|_FUN_0075ab8c_00028234",$d,00000000
"00028238","|static|_FUN_0023bbe0_00028238",$d,00000000
"0002823c","|static|_FUN_0023b508_0002823c",$d,00000000
"00028240","|static|_FUN_0023b2b8_00028240",$d,00000000
"00028244","|static|_FUN_0023b1b0_00028244",$d,00000000
"00028250","|static|_FUN_0023b504_00028250",$d,00000000
"00028254","|static|_LAB_005dd598_00028254",$d,00000000
"00028258","|static|_FUN_005dd550_00028258",$d,00000000
"0002825c","|static|_FUN_005dd648_0002825c",$d,00000000
"00028260","|static|_FUN_005dd670_00028260",$d,00000000
"00028264","|static|_FUN_005dd67c_00028264",$d,00000000
"00028268","|static|_FUN_005dd65c_00028268",$d,00000000
"0002826c","|static|_FUN_005dd560_0002826c",$d,00000000
"00028270","|static|_FUN_005dd64c_00028270",$d,00000000
"00028274","|static|_FUN_005dd5a0_00028274",$d,00000000
"00028278","|static|_FUN_005dd638_00028278",$d,00000000
"0002827c","|static|_FUN_005dd694_0002827c",$d,00000000
"00028280","|static|_FUN_005dd698_00028280",$d,00000000
"00028284","|static|_FUN_005dd55c_00028284",$d,00000000
"00028288","|static|_FUN_005dd5b4_00028288",$d,00000000
"0002828c","|static|_FUN_005dd674_0002828c",$d,00000000
"00028290","|static|_FUN_005dd680_00028290",$d,00000000
"00028294","|static|_FUN_005dd684_00028294",$d,00000000
"00028298","|static|_LAB_0075ab5c_00028298",$d,00000000
"0002829c","|static|_FUN_00713b0c_0002829c",$d,00000000
"000282a0","|static|_FUN_0023adb8_000282a0",$d,00000000
"000282a4","|static|_FUN_0023b2b4_000282a4",$d,00000000
"000282a8","|static|_FUN_0023b218_000282a8",$d,00000000
"000282ac","|static|_FUN_0023b21c_000282ac",$d,00000000
"000282b0","|static|_FUN_0023adbc_000282b0",$d,00000000
"000282b4","|static|_FUN_0056f8ac_000282b4",$d,00000000
"000282b8","|static|_FUN_0023b1ac_000282b8",$d,00000000
"000282bc","|static|_FUN_0023af1c_000282bc",$d,00000000
"000282c0","|static|_FUN_0023b214_000282c0",$d,00000000
"000282d4","|static|_FUN_005db288_000282d4",$d,00000000
"000282d8","|static|_FUN_007753b4_000282d8",$d,00000000
"000282dc","|static|_FUN_00772630_000282dc",$d,00000000
"000282e0","|static|_FUN_005d9084_000282e0",$d,00000000
"000282e4","|static|_FUN_005da414_000282e4",$d,00000000
"000282e8","|static|_FUN_005dd22c_000282e8",$d,00000000
"000282ec","|static|_FUN_0075ab50_000282ec",$d,00000000
"000282f0","|static|_FUN_007726d4_000282f0",$d,00000000
"000282f4","|static|_FUN_005dc4d8_000282f4",$d,00000000
"000282f8","|static|_FUN_0075ab40_000282f8",$d,00000000
"000282fc","|static|_FUN_0075ab54_000282fc",$d,00000000
"00028300","|static|_FUN_0075ab48_00028300",$d,00000000
"00028304","DAT_00028304",$d,00000000
"00028314","|static|_FUN_006e46f4_00028314",$d,00000000
"0002831c","|static|_FUN_00307c54_0002831c",$d,00000000
"00028320","|static|_FUN_006e473c_00028320",$d,00000000
"00028328","|static|_FUN_0057b98c_00028328",$d,00000000
"0002832c","|static|_FUN_0056e674_0002832c",$d,00000000
"00028330","|static|_FUN_00575d4c_00028330",$d,00000000
"00028334","|static|_LAB_0057ba24_00028334",$d,00000000
"00028338","|static|_FUN_0057ba2c_00028338",$d,00000000
"0002833c","|static|_FUN_005755cc_0002833c",$d,00000000
"00028340","|static|_FUN_00521a38_00028340",$d,00000000
"00028344","|static|_FUN_0056f1a4_00028344",$d,00000000
"00028354","|static|_FUN_0076f810_00028354",$d,00000000
"00028358","|static|_FUN_0076f55c_00028358",$d,00000000
"0002835c","|static|_FUN_005772b4_0002835c",$d,00000000
"00028360","|static|_FUN_0076f7dc_00028360",$d,00000000
"00028364","|static|_FUN_00750970_00028364",$d,00000000
"00028368","|static|_FUN_0076f540_00028368",$d,00000000
"0002836c","|static|_FUN_0076f7d4_0002836c",$d,00000000
"00028370","|static|_FUN_006e46e8_00028370",$d,00000000
"00028374","|static|_FUN_006e4500_00028374",$d,00000000
"00028378","|static|_FUN_006e4518_00028378",$d,00000000
"0002837c","|static|_FUN_0076f538_0002837c",$d,00000000
"00028380","|static|_FUN_0076f548_00028380",$d,00000000
"00028384","|static|_FUN_0056ea04_00028384",$d,00000000
"00028388","|static|_FUN_0056e6c4_00028388",$d,00000000
"0002838c","|static|_FUN_0056e24c_0002838c",$d,00000000
"00028390","|static|_FUN_00570f10_00028390",$d,00000000
"00028394","|static|_FUN_00570e9c_00028394",$d,00000000
"00028398","|static|_FUN_00570028_00028398",$d,00000000
"000283ac","|static|_FUN_00574e34_000283ac",$d,00000000
"000283c0","|static|_FUN_00574cfc_000283c0",$d,00000000
"000283cc","|static|_FUN_0057418c_000283cc",$d,00000000
"000283d8","|static|_FUN_0056f2ac_000283d8",$d,00000000
"000283dc","|static|_FUN_00570950_000283dc",$d,00000000
"000283e4","|static|_FUN_005707b8_000283e4",$d,00000000
"000283e8","|static|_FUN_005734bc_000283e8",$d,00000000
"000283ec","|static|_FUN_004ea3a8_000283ec",$d,00000000
"000283f0","|static|_FUN_004ea1ec_000283f0",$d,00000000
"000283fc","|static|_FUN_005723a0_000283fc",$d,00000000
"00028410","|static|_FUN_0056f8b4_00028410",$d,00000000
"00028414","|static|_FUN_00573ea4_00028414",$d,00000000
"00028428","|static|_FUN_007717ac_00028428",$d,00000000
"00028440","|static|_FUN_005f4b04_00028440",$d,00000000
"00028444","|static|_FUN_005f4b24_00028444",$d,00000000
"00028448","|static|_FUN_005f4b34_00028448",$d,00000000
"0002844c","|static|_FUN_005f4b18_0002844c",$d,00000000
"00028450","|static|_FUN_005f4b14_00028450",$d,00000000
"00028454","|static|_FUN_005f4b20_00028454",$d,00000000
"00028458","|static|_FUN_005f4b44_00028458",$d,00000000
"0002845c","|static|_FUN_005f4b40_0002845c",$d,00000000
"00028460","|static|_FUN_005f4b3c_00028460",$d,00000000
"00028464","|static|_FUN_005f4b50_00028464",$d,00000000
"00028468","|static|_FUN_005f4b08_00028468",$d,00000000
"0002846c","|static|_FUN_005f4b28_0002846c",$d,00000000
"00028470","|static|_FUN_005f4b6c_00028470",$d,00000000
"00028474","|static|_FUN_005f4b0c_00028474",$d,00000000
"00028478","|static|_FUN_005f4b38_00028478",$d,00000000
"0002847c","|static|_FUN_005f4b54_0002847c",$d,00000000
"00028480","|static|_FUN_005f4b1c_00028480",$d,00000000
"00028484","|static|_FUN_005f4b10_00028484",$d,00000000
"00028488","|static|_FUN_005f4b4c_00028488",$d,00000000
"0002848c","|static|_FUN_005f4b48_0002848c",$d,00000000
"00028490","|static|_FUN_005f4b68_00028490",$d,00000000
"00028494","|static|_FUN_00573e9c_00028494",$d,00000000
"00028498","|static|_FUN_005f4b70_00028498",$d,00000000
"0002849c","|static|_FUN_005f4b78_0002849c",$d,00000000
"000284a0","|static|_FUN_005f4b60_000284a0",$d,00000000
"000284a4","|static|_FUN_005f4b58_000284a4",$d,00000000
"000284a8","|static|_FUN_005f4b5c_000284a8",$d,00000000
"000284ac","|static|_FUN_005f4b74_000284ac",$d,00000000
"000284b0","|static|_FUN_005f4b80_000284b0",$d,00000000
"000284b4","|static|_FUN_005f4b88_000284b4",$d,00000000
"000284b8","|static|_FUN_005f4b7c_000284b8",$d,00000000
"000284bc","|static|_FUN_005f4b84_000284bc",$d,00000000
"000284c0","|static|_FUN_005f4b2c_000284c0",$d,00000000
"000284c4","|static|_FUN_0075ab68_000284c4",$d,00000000
"000284c8","|static|_FUN_0075ab8c_000284c8",$d,00000000
"000284cc","|static|_FUN_0023bbe0_000284cc",$d,00000000
"000284d0","|static|_FUN_0023b508_000284d0",$d,00000000
"000284d4","|static|_FUN_0023b2b8_000284d4",$d,00000000
"000284d8","|static|_FUN_0023b1b0_000284d8",$d,00000000
"000284dc","|static|_FUN_0023b2b0_000284dc",$d,00000000
"000284e0","|static|_FUN_005dd630_000284e0",$d,00000000
"000284e4","|static|_FUN_0023b504_000284e4",$d,00000000
"000284e8","|static|_LAB_005dd598_000284e8",$d,00000000
"000284ec","|static|_FUN_005dd550_000284ec",$d,00000000
"000284f0","|static|_FUN_005dd648_000284f0",$d,00000000
"000284f4","|static|_FUN_005dd670_000284f4",$d,00000000
"000284f8","|static|_FUN_005dd67c_000284f8",$d,00000000
"000284fc","|static|_FUN_005dd65c_000284fc",$d,00000000
"00028500","|static|_FUN_005dd560_00028500",$d,00000000
"00028504","|static|_FUN_005dd64c_00028504",$d,00000000
"00028508","|static|_FUN_005dd5a0_00028508",$d,00000000
"0002850c","|static|_FUN_005dd638_0002850c",$d,00000000
"00028510","|static|_FUN_005dd694_00028510",$d,00000000
"00028514","|static|_FUN_005dd698_00028514",$d,00000000
"00028518","|static|_FUN_005dd55c_00028518",$d,00000000
"0002851c","|static|_FUN_005dd5b4_0002851c",$d,00000000
"00028520","|static|_FUN_005dd674_00028520",$d,00000000
"00028524","|static|_FUN_005dd680_00028524",$d,00000000
"00028528","|static|_FUN_005dd684_00028528",$d,00000000
"0002852c","|static|_LAB_0075ab5c_0002852c",$d,00000000
"00028530","|static|_FUN_00713b0c_00028530",$d,00000000
"00028534","|static|_FUN_0023adb8_00028534",$d,00000000
"00028538","|static|_FUN_0023b2b4_00028538",$d,00000000
"0002853c","|static|_FUN_0023b218_0002853c",$d,00000000
"00028540","|static|_FUN_0023b21c_00028540",$d,00000000
"00028544","|static|_FUN_0023adbc_00028544",$d,00000000
"00028548","|static|_FUN_0056f8ac_00028548",$d,00000000
"0002854c","|static|_FUN_0023b1ac_0002854c",$d,00000000
"00028550","|static|_FUN_0023af1c_00028550",$d,00000000
"00028554","|static|_FUN_0023b214_00028554",$d,00000000
"00028568","|static|_FUN_005db288_00028568",$d,00000000
"0002856c","|static|_FUN_007753b4_0002856c",$d,00000000
"00028570","|static|_FUN_00772630_00028570",$d,00000000
"00028574","|static|_FUN_005d9084_00028574",$d,00000000
"00028578","|static|_FUN_005da414_00028578",$d,00000000
"0002857c","|static|_FUN_005dd22c_0002857c",$d,00000000
"00028580","|static|_FUN_0075ab50_00028580",$d,00000000
"00028584","|static|_FUN_007726d4_00028584",$d,00000000
"00028588","|static|_FUN_005dc4d8_00028588",$d,00000000
"0002858c","|static|_FUN_0075ab40_0002858c",$d,00000000
"00028590","|static|_FUN_0075ab54_00028590",$d,00000000
"00028594","|static|_FUN_0075ab48_00028594",$d,00000000
"00028598","DAT_00028598",$d,00000000
"000285a8","|static|_FUN_006e46f4_000285a8",$d,00000000
"000285b0","|static|_FUN_00307c54_000285b0",$d,00000000
"000285b4","|static|_FUN_006e473c_000285b4",$d,00000000
"000285bc","|static|_FUN_0057b98c_000285bc",$d,00000000
"000285c0","|static|_FUN_0056e674_000285c0",$d,00000000
"000285c4","|static|_FUN_00575d4c_000285c4",$d,00000000
"000285c8","|static|_LAB_0057ba24_000285c8",$d,00000000
"000285cc","|static|_FUN_0057ba2c_000285cc",$d,00000000
"000285d0","|static|_FUN_005755cc_000285d0",$d,00000000
"000285d4","|static|_FUN_00521a38_000285d4",$d,00000000
"000285d8","|static|_FUN_0056f1a4_000285d8",$d,00000000
"000285e8","|static|_FUN_0076f810_000285e8",$d,00000000
"000285ec","|static|_FUN_0076f55c_000285ec",$d,00000000
"000285f4","|static|_FUN_0076f7dc_000285f4",$d,00000000
"000285f8","|static|_FUN_00750970_000285f8",$d,00000000
"000285fc","|static|_FUN_0076f540_000285fc",$d,00000000
"00028600","|static|_FUN_0076f7d4_00028600",$d,00000000
"00028604","|static|_FUN_006e46e8_00028604",$d,00000000
"00028608","|static|_FUN_006e4500_00028608",$d,00000000
"0002860c","|static|_FUN_006e4518_0002860c",$d,00000000
"00028610","|static|_FUN_0076f538_00028610",$d,00000000
"00028614","|static|_FUN_0076f548_00028614",$d,00000000
"00028618","|static|_FUN_0056ea04_00028618",$d,00000000
"0002861c","|static|_FUN_0056e6c4_0002861c",$d,00000000
"00028620","|static|_FUN_0056e24c_00028620",$d,00000000
"00028624","|static|_FUN_00570f10_00028624",$d,00000000
"00028628","|static|_FUN_00570e9c_00028628",$d,00000000
"0002862c","|static|_FUN_00570028_0002862c",$d,00000000
"00028640","|static|_FUN_00574e34_00028640",$d,00000000
"00028654","|static|_FUN_00574cfc_00028654",$d,00000000
"00028660","|static|_FUN_0057418c_00028660",$d,00000000
"0002866c","|static|_FUN_0056f2ac_0002866c",$d,00000000
"00028670","|static|_FUN_00570950_00028670",$d,00000000
"00028678","|static|_FUN_005707b8_00028678",$d,00000000
"0002867c","|static|_FUN_005734bc_0002867c",$d,00000000
"00028680","|static|_FUN_004ea3a8_00028680",$d,00000000
"00028684","|static|_FUN_004ea1ec_00028684",$d,00000000
"00028690","|static|_FUN_005723a0_00028690",$d,00000000
"000286a8","|static|_FUN_00573ea4_000286a8",$d,00000000
"000286c4","|static|_FUN_007717ac_000286c4",$d,00000000
"000286dc","|static|_FUN_005f4b04_000286dc",$d,00000000
"000286e0","|static|_FUN_005f4b24_000286e0",$d,00000000
"000286e4","|static|_FUN_005f4b34_000286e4",$d,00000000
"000286e8","|static|_FUN_005f4b18_000286e8",$d,00000000
"000286ec","|static|_FUN_005f4b14_000286ec",$d,00000000
"000286f0","|static|_FUN_005f4b20_000286f0",$d,00000000
"000286f4","|static|_FUN_005f4b44_000286f4",$d,00000000
"000286f8","|static|_FUN_005f4b40_000286f8",$d,00000000
"000286fc","|static|_FUN_005f4b3c_000286fc",$d,00000000
"00028700","|static|_FUN_005f4b50_00028700",$d,00000000
"00028704","|static|_FUN_005f4b08_00028704",$d,00000000
"00028708","|static|_FUN_005f4b28_00028708",$d,00000000
"0002870c","|static|_FUN_005f4b6c_0002870c",$d,00000000
"00028710","|static|_FUN_005f4b0c_00028710",$d,00000000
"00028714","|static|_FUN_005f4b38_00028714",$d,00000000
"00028718","|static|_FUN_005f4b54_00028718",$d,00000000
"00028720","|static|_FUN_005f4b10_00028720",$d,00000000
"00028724","|static|_FUN_005f4b4c_00028724",$d,00000000
"00028728","|static|_FUN_005f4b48_00028728",$d,00000000
"0002872c","|static|_FUN_005f4b68_0002872c",$d,00000000
"00028730","|static|_FUN_00573e9c_00028730",$d,00000000
"00028734","|static|_FUN_005f4b70_00028734",$d,00000000
"00028738","|static|_FUN_005f4b78_00028738",$d,00000000
"0002873c","|static|_FUN_005f4b60_0002873c",$d,00000000
"00028740","|static|_FUN_005f4b58_00028740",$d,00000000
"00028744","|static|_FUN_005f4b5c_00028744",$d,00000000
"00028748","|static|_FUN_005f4b74_00028748",$d,00000000
"0002874c","|static|_FUN_005f4b80_0002874c",$d,00000000
"00028750","|static|_FUN_005f4b88_00028750",$d,00000000
"00028754","|static|_FUN_005f4b7c_00028754",$d,00000000
"00028758","|static|_FUN_005f4b84_00028758",$d,00000000
"0002875c","|static|_FUN_005f4b2c_0002875c",$d,00000000
"00028760","|static|_FUN_0075ab68_00028760",$d,00000000
"00028764","|static|_FUN_0075ab8c_00028764",$d,00000000
"00028768","|static|_FUN_0023bbe0_00028768",$d,00000000
"0002876c","|static|_FUN_0023b508_0002876c",$d,00000000
"00028770","|static|_FUN_0023b2b8_00028770",$d,00000000
"00028774","|static|_FUN_0023b1b0_00028774",$d,00000000
"00028778","|static|_FUN_0023b2b0_00028778",$d,00000000
"0002877c","|static|_FUN_005dd630_0002877c",$d,00000000
"00028780","|static|_FUN_0023b504_00028780",$d,00000000
"00028784","|static|_LAB_005dd598_00028784",$d,00000000
"00028788","|static|_FUN_005dd550_00028788",$d,00000000
"0002878c","|static|_FUN_005dd648_0002878c",$d,00000000
"00028790","|static|_FUN_005dd670_00028790",$d,00000000
"00028794","|static|_FUN_005dd67c_00028794",$d,00000000
"00028798","|static|_FUN_005dd65c_00028798",$d,00000000
"0002879c","|static|_FUN_005dd560_0002879c",$d,00000000
"000287a0","|static|_FUN_005dd64c_000287a0",$d,00000000
"000287a4","|static|_FUN_005dd5a0_000287a4",$d,00000000
"000287a8","|static|_FUN_005dd638_000287a8",$d,00000000
"000287ac","|static|_FUN_005dd694_000287ac",$d,00000000
"000287b0","|static|_FUN_005dd698_000287b0",$d,00000000
"000287b4","|static|_FUN_005dd55c_000287b4",$d,00000000
"000287b8","|static|_FUN_005dd5b4_000287b8",$d,00000000
"000287bc","|static|_FUN_005dd674_000287bc",$d,00000000
"000287c0","|static|_FUN_005dd680_000287c0",$d,00000000
"000287c4","|static|_FUN_005dd684_000287c4",$d,00000000
"000287c8","|static|_LAB_0075ab5c_000287c8",$d,00000000
"000287cc","|static|_FUN_00713b0c_000287cc",$d,00000000
"000287d0","|static|_FUN_0023adb8_000287d0",$d,00000000
"000287d4","|static|_FUN_0023b2b4_000287d4",$d,00000000
"000287d8","|static|_FUN_0023b218_000287d8",$d,00000000
"000287dc","|static|_FUN_0023b21c_000287dc",$d,00000000
"000287e8","|static|_FUN_0023b1ac_000287e8",$d,00000000
"000287ec","|static|_FUN_0023af1c_000287ec",$d,00000000
"000287f0","|static|_FUN_0023b214_000287f0",$d,00000000
"00028804","|static|_FUN_005db288_00028804",$d,00000000
"00028810","|static|_FUN_005d9084_00028810",$d,00000000
"00028814","|static|_FUN_005da414_00028814",$d,00000000
"00028818","|static|_FUN_005dd22c_00028818",$d,00000000
"0002881c","|static|_FUN_0075ab50_0002881c",$d,00000000
"00028820","|static|_FUN_007726d4_00028820",$d,00000000
"00028824","|static|_FUN_005dc4d8_00028824",$d,00000000
"00028828","|static|_FUN_0075ab40_00028828",$d,00000000
"0002882c","|static|_FUN_0075ab54_0002882c",$d,00000000
"00028830","|static|_FUN_0075ab48_00028830",$d,00000000
"00028834","DAT_00028834",$d,00000000
"00028844","|static|_FUN_006e46f4_00028844",$d,00000000
"0002884c","|static|_FUN_00307c54_0002884c",$d,00000000
"00028850","|static|_FUN_006e473c_00028850",$d,00000000
"00028858","|static|_FUN_0057b98c_00028858",$d,00000000
"0002885c","|static|_FUN_0056e674_0002885c",$d,00000000
"00028860","|static|_FUN_00575d4c_00028860",$d,00000000
"00028864","|static|_LAB_0057ba24_00028864",$d,00000000
"00028868","|static|_FUN_0057ba2c_00028868",$d,00000000
"0002886c","|static|_FUN_005755cc_0002886c",$d,00000000
"00028870","|static|_FUN_00521a38_00028870",$d,00000000
"00028874","|static|_FUN_0056f1a4_00028874",$d,00000000
"00028884","|static|_FUN_0076f810_00028884",$d,00000000
"00028888","|static|_FUN_0076f55c_00028888",$d,00000000
"0002888c","|static|_FUN_005772b4_0002888c",$d,00000000
"00028890","|static|_FUN_0076f7dc_00028890",$d,00000000
"00028894","|static|_FUN_00750970_00028894",$d,00000000
"00028898","|static|_FUN_0076f540_00028898",$d,00000000
"0002889c","|static|_FUN_0076f7d4_0002889c",$d,00000000
"000288a0","|static|_FUN_006e46e8_000288a0",$d,00000000
"000288a4","|static|_FUN_006e4500_000288a4",$d,00000000
"000288a8","|static|_FUN_006e4518_000288a8",$d,00000000
"000288ac","|static|_FUN_0076f538_000288ac",$d,00000000
"000288b0","|static|_FUN_0076f548_000288b0",$d,00000000
"000288b4","|static|_FUN_0056ea04_000288b4",$d,00000000
"000288b8","|static|_FUN_0056e6c4_000288b8",$d,00000000
"000288bc","|static|_FUN_0056e24c_000288bc",$d,00000000
"000288c0","|static|_FUN_00570f10_000288c0",$d,00000000
"000288c4","|static|_FUN_00570e9c_000288c4",$d,00000000
"000288c8","|static|_FUN_00570028_000288c8",$d,00000000
"000288dc","|static|_FUN_00574e34_000288dc",$d,00000000
"000288f0","|static|_FUN_00574cfc_000288f0",$d,00000000
"000288fc","|static|_FUN_0057418c_000288fc",$d,00000000
"00028908","|static|_FUN_0056f2ac_00028908",$d,00000000
"0002890c","|static|_FUN_00570950_0002890c",$d,00000000
"00028914","|static|_FUN_005707b8_00028914",$d,00000000
"00028918","|static|_FUN_005734bc_00028918",$d,00000000
"0002891c","|static|_FUN_004ea3a8_0002891c",$d,00000000
"00028920","|static|_FUN_004ea1ec_00028920",$d,00000000
"0002892c","|static|_FUN_005723a0_0002892c",$d,00000000
"00028940","|static|_FUN_0056f8b4_00028940",$d,00000000
"00028944","|static|_FUN_00573ea4_00028944",$d,00000000
"00028958","|static|_FUN_007717ac_00028958",$d,00000000
"00028970","|static|_FUN_005f4b04_00028970",$d,00000000
"00028974","|static|_FUN_005f4b24_00028974",$d,00000000
"00028978","|static|_FUN_005f4b34_00028978",$d,00000000
"0002897c","|static|_FUN_005f4b18_0002897c",$d,00000000
"00028980","|static|_FUN_005f4b14_00028980",$d,00000000
"00028984","|static|_FUN_005f4b20_00028984",$d,00000000
"00028988","|static|_FUN_005f4b44_00028988",$d,00000000
"0002898c","|static|_FUN_005f4b40_0002898c",$d,00000000
"00028990","|static|_FUN_005f4b3c_00028990",$d,00000000
"00028994","|static|_FUN_005f4b50_00028994",$d,00000000
"00028998","|static|_FUN_005f4b08_00028998",$d,00000000
"0002899c","|static|_FUN_005f4b28_0002899c",$d,00000000
"000289a0","|static|_FUN_005f4b6c_000289a0",$d,00000000
"000289a4","|static|_FUN_005f4b0c_000289a4",$d,00000000
"000289a8","|static|_FUN_005f4b38_000289a8",$d,00000000
"000289ac","|static|_FUN_005f4b54_000289ac",$d,00000000
"000289b0","|static|_FUN_005f4b1c_000289b0",$d,00000000
"000289b4","|static|_FUN_005f4b10_000289b4",$d,00000000
"000289b8","|static|_FUN_005f4b4c_000289b8",$d,00000000
"000289bc","|static|_FUN_005f4b48_000289bc",$d,00000000
"000289c0","|static|_FUN_005f4b68_000289c0",$d,00000000
"000289c4","|static|_FUN_00573e9c_000289c4",$d,00000000
"000289c8","|static|_FUN_005f4b70_000289c8",$d,00000000
"000289cc","|static|_FUN_005f4b78_000289cc",$d,00000000
"000289d0","|static|_FUN_005f4b60_000289d0",$d,00000000
"000289d4","|static|_FUN_005f4b58_000289d4",$d,00000000
"000289d8","|static|_FUN_005f4b5c_000289d8",$d,00000000
"000289dc","|static|_FUN_005f4b74_000289dc",$d,00000000
"000289e0","|static|_FUN_005f4b80_000289e0",$d,00000000
"000289e4","|static|_FUN_005f4b88_000289e4",$d,00000000
"000289e8","|static|_FUN_005f4b7c_000289e8",$d,00000000
"000289ec","|static|_FUN_005f4b84_000289ec",$d,00000000
"000289f0","|static|_FUN_005f4b2c_000289f0",$d,00000000
"000289f4","|static|_FUN_0075ab68_000289f4",$d,00000000
"000289f8","|static|_FUN_0075ab8c_000289f8",$d,00000000
"000289fc","|static|_FUN_0023bbe0_000289fc",$d,00000000
"00028a00","|static|_FUN_0023b508_00028a00",$d,00000000
"00028a04","|static|_FUN_0023b2b8_00028a04",$d,00000000
"00028a08","|static|_FUN_0023b1b0_00028a08",$d,00000000
"00028a0c","|static|_FUN_0023b2b0_00028a0c",$d,00000000
"00028a10","|static|_FUN_005dd630_00028a10",$d,00000000
"00028a14","|static|_FUN_0023b504_00028a14",$d,00000000
"00028a18","|static|_LAB_005dd598_00028a18",$d,00000000
"00028a1c","|static|_FUN_005dd550_00028a1c",$d,00000000
"00028a20","|static|_FUN_005dd648_00028a20",$d,00000000
"00028a24","|static|_FUN_005dd670_00028a24",$d,00000000
"00028a28","|static|_FUN_005dd67c_00028a28",$d,00000000
"00028a2c","|static|_FUN_005dd65c_00028a2c",$d,00000000
"00028a30","|static|_FUN_005dd560_00028a30",$d,00000000
"00028a34","|static|_FUN_005dd64c_00028a34",$d,00000000
"00028a38","|static|_FUN_005dd5a0_00028a38",$d,00000000
"00028a3c","|static|_FUN_005dd638_00028a3c",$d,00000000
"00028a40","|static|_FUN_005dd694_00028a40",$d,00000000
"00028a44","|static|_FUN_005dd698_00028a44",$d,00000000
"00028a48","|static|_FUN_005dd55c_00028a48",$d,00000000
"00028a4c","|static|_FUN_005dd5b4_00028a4c",$d,00000000
"00028a50","|static|_FUN_005dd674_00028a50",$d,00000000
"00028a54","|static|_FUN_005dd680_00028a54",$d,00000000
"00028a58","|static|_FUN_005dd684_00028a58",$d,00000000
"00028a5c","|static|_LAB_0075ab5c_00028a5c",$d,00000000
"00028a60","|static|_FUN_00713b0c_00028a60",$d,00000000
"00028a64","|static|_FUN_0023adb8_00028a64",$d,00000000
"00028a68","|static|_FUN_0023b2b4_00028a68",$d,00000000
"00028a6c","|static|_FUN_0023b218_00028a6c",$d,00000000
"00028a70","|static|_FUN_0023b21c_00028a70",$d,00000000
"00028a74","|static|_FUN_0023adbc_00028a74",$d,00000000
"00028a78","|static|_FUN_0056f8ac_00028a78",$d,00000000
"00028a7c","|static|_FUN_0023b1ac_00028a7c",$d,00000000
"00028a80","|static|_FUN_0023af1c_00028a80",$d,00000000
"00028a84","|static|_FUN_0023b214_00028a84",$d,00000000
"00028a98","|static|_FUN_005db288_00028a98",$d,00000000
"00028a9c","|static|_FUN_007753b4_00028a9c",$d,00000000
"00028aa0","|static|_FUN_00772630_00028aa0",$d,00000000
"00028aa4","|static|_FUN_005d9084_00028aa4",$d,00000000
"00028aa8","|static|_FUN_005da414_00028aa8",$d,00000000
"00028aac","|static|_FUN_005dd22c_00028aac",$d,00000000
"00028ab0","|static|_FUN_0075ab50_00028ab0",$d,00000000
"00028ab4","|static|_FUN_007726d4_00028ab4",$d,00000000
"00028ab8","|static|_FUN_005dc4d8_00028ab8",$d,00000000
"00028abc","|static|_FUN_0075ab40_00028abc",$d,00000000
"00028ac0","|static|_FUN_0075ab54_00028ac0",$d,00000000
"00028ac4","|static|_FUN_0075ab48_00028ac4",$d,00000000
"00028ac8","DAT_00028ac8",$d,00000000
"00028ad8","|static|_FUN_006e46f4_00028ad8",$d,00000000
"00028ae0","|static|_FUN_00307c54_00028ae0",$d,00000000
"00028ae4","|static|_FUN_006e473c_00028ae4",$d,00000000
"00028aec","|static|_FUN_0057b98c_00028aec",$d,00000000
"00028af0","|static|_FUN_0056e674_00028af0",$d,00000000
"00028af4","|static|_FUN_00575d4c_00028af4",$d,00000000
"00028af8","|static|_LAB_0057ba24_00028af8",$d,00000000
"00028afc","|static|_FUN_0057ba2c_00028afc",$d,00000000
"00028b00","|static|_FUN_005755cc_00028b00",$d,00000000
"00028b04","|static|_FUN_00521a38_00028b04",$d,00000000
"00028b08","|static|_FUN_0056f1a4_00028b08",$d,00000000
"00028b18","|static|_FUN_0076f810_00028b18",$d,00000000
"00028b1c","|static|_FUN_0076f55c_00028b1c",$d,00000000
"00028b20","|static|_FUN_005772b4_00028b20",$d,00000000
"00028b24","|static|_FUN_0076f7dc_00028b24",$d,00000000
"00028b28","|static|_FUN_00750970_00028b28",$d,00000000
"00028b2c","|static|_FUN_0076f540_00028b2c",$d,00000000
"00028b30","|static|_FUN_0076f7d4_00028b30",$d,00000000
"00028b34","|static|_FUN_006e46e8_00028b34",$d,00000000
"00028b38","|static|_FUN_006e4500_00028b38",$d,00000000
"00028b3c","|static|_FUN_006e4518_00028b3c",$d,00000000
"00028b40","|static|_FUN_0076f538_00028b40",$d,00000000
"00028b44","|static|_FUN_0076f548_00028b44",$d,00000000
"00028b48","|static|_FUN_0056ea04_00028b48",$d,00000000
"00028b4c","|static|_FUN_0056e6c4_00028b4c",$d,00000000
"00028b50","|static|_FUN_0056e24c_00028b50",$d,00000000
"00028b54","|static|_FUN_00570f10_00028b54",$d,00000000
"00028b58","|static|_FUN_00570e9c_00028b58",$d,00000000
"00028b5c","|static|_FUN_00570028_00028b5c",$d,00000000
"00028b68","|static|_FUN_00573214_00028b68",$d,00000000
"00028b6c","|static|_FUN_00751050_00028b6c",$d,00000000
"00028b70","|static|_FUN_00574e34_00028b70",$d,00000000
"00028b84","|static|_FUN_00574cfc_00028b84",$d,00000000
"00028b90","|static|_FUN_0057418c_00028b90",$d,00000000
"00028b9c","|static|_FUN_0056f2ac_00028b9c",$d,00000000
"00028ba0","|static|_FUN_00570950_00028ba0",$d,00000000
"00028bac","|static|_FUN_005734bc_00028bac",$d,00000000
"00028bc0","|static|_FUN_005723a0_00028bc0",$d,00000000
"00028bd4","|static|_FUN_0056f8b4_00028bd4",$d,00000000
"00028bd8","|static|_FUN_00573ea4_00028bd8",$d,00000000
"00028bec","|static|_FUN_007717ac_00028bec",$d,00000000
"00028c04","|static|_FUN_005f4b04_00028c04",$d,00000000
"00028c08","|static|_FUN_005f4b24_00028c08",$d,00000000
"00028c0c","|static|_FUN_005f4b34_00028c0c",$d,00000000
"00028c10","|static|_FUN_005f4b18_00028c10",$d,00000000
"00028c14","|static|_FUN_005f4b14_00028c14",$d,00000000
"00028c18","|static|_FUN_005f4b20_00028c18",$d,00000000
"00028c1c","|static|_FUN_005f4b44_00028c1c",$d,00000000
"00028c20","|static|_FUN_005f4b40_00028c20",$d,00000000
"00028c24","|static|_FUN_005f4b3c_00028c24",$d,00000000
"00028c28","|static|_FUN_005f4b50_00028c28",$d,00000000
"00028c2c","|static|_FUN_005f4b08_00028c2c",$d,00000000
"00028c30","|static|_FUN_005f4b28_00028c30",$d,00000000
"00028c34","|static|_FUN_005f4b6c_00028c34",$d,00000000
"00028c38","|static|_FUN_005f4b0c_00028c38",$d,00000000
"00028c3c","|static|_FUN_005f4b38_00028c3c",$d,00000000
"00028c40","|static|_FUN_005f4b54_00028c40",$d,00000000
"00028c44","|static|_FUN_005f4b1c_00028c44",$d,00000000
"00028c48","|static|_FUN_005f4b10_00028c48",$d,00000000
"00028c4c","|static|_FUN_005f4b4c_00028c4c",$d,00000000
"00028c50","|static|_FUN_005f4b48_00028c50",$d,00000000
"00028c54","|static|_FUN_005f4b68_00028c54",$d,00000000
"00028c58","|static|_FUN_00573e9c_00028c58",$d,00000000
"00028c5c","|static|_FUN_005f4b70_00028c5c",$d,00000000
"00028c60","|static|_FUN_005f4b78_00028c60",$d,00000000
"00028c64","|static|_FUN_005f4b60_00028c64",$d,00000000
"00028c68","|static|_FUN_005f4b58_00028c68",$d,00000000
"00028c6c","|static|_FUN_005f4b5c_00028c6c",$d,00000000
"00028c70","|static|_FUN_005f4b74_00028c70",$d,00000000
"00028c74","|static|_FUN_005f4b80_00028c74",$d,00000000
"00028c78","|static|_FUN_005f4b88_00028c78",$d,00000000
"00028c7c","|static|_FUN_005f4b7c_00028c7c",$d,00000000
"00028c80","|static|_FUN_005f4b84_00028c80",$d,00000000
"00028c84","|static|_FUN_005f4b2c_00028c84",$d,00000000
"00028c88","|static|_FUN_0075ab68_00028c88",$d,00000000
"00028c8c","|static|_FUN_0075ab8c_00028c8c",$d,00000000
"00028c90","|static|_FUN_0023bbe0_00028c90",$d,00000000
"00028c94","|static|_FUN_0023b508_00028c94",$d,00000000
"00028c98","|static|_FUN_0023b2b8_00028c98",$d,00000000
"00028c9c","|static|_FUN_0023b1b0_00028c9c",$d,00000000
"00028ca0","|static|_FUN_0023b2b0_00028ca0",$d,00000000
"00028ca4","|static|_FUN_005dd630_00028ca4",$d,00000000
"00028ca8","|static|_FUN_0023b504_00028ca8",$d,00000000
"00028cac","|static|_LAB_005dd598_00028cac",$d,00000000
"00028cb0","|static|_FUN_005dd550_00028cb0",$d,00000000
"00028cb4","|static|_FUN_005dd648_00028cb4",$d,00000000
"00028cb8","|static|_FUN_005dd670_00028cb8",$d,00000000
"00028cbc","|static|_FUN_005dd67c_00028cbc",$d,00000000
"00028cc0","|static|_FUN_005dd65c_00028cc0",$d,00000000
"00028cc4","|static|_FUN_005dd560_00028cc4",$d,00000000
"00028cc8","|static|_FUN_005dd64c_00028cc8",$d,00000000
"00028ccc","|static|_FUN_005dd5a0_00028ccc",$d,00000000
"00028cd0","|static|_FUN_005dd638_00028cd0",$d,00000000
"00028cd4","|static|_FUN_005dd694_00028cd4",$d,00000000
"00028cd8","|static|_FUN_005dd698_00028cd8",$d,00000000
"00028cdc","|static|_FUN_005dd55c_00028cdc",$d,00000000
"00028ce0","|static|_FUN_005dd5b4_00028ce0",$d,00000000
"00028ce4","|static|_FUN_005dd674_00028ce4",$d,00000000
"00028ce8","|static|_FUN_005dd680_00028ce8",$d,00000000
"00028cec","|static|_FUN_005dd684_00028cec",$d,00000000
"00028cf0","|static|_LAB_0075ab5c_00028cf0",$d,00000000
"00028cf4","|static|_FUN_00713b0c_00028cf4",$d,00000000
"00028cf8","|static|_FUN_0023adb8_00028cf8",$d,00000000
"00028cfc","|static|_FUN_0023b2b4_00028cfc",$d,00000000
"00028d00","|static|_FUN_0023b218_00028d00",$d,00000000
"00028d04","|static|_FUN_0023b21c_00028d04",$d,00000000
"00028d08","|static|_FUN_0023adbc_00028d08",$d,00000000
"00028d0c","|static|_FUN_0056f8ac_00028d0c",$d,00000000
"00028d10","|static|_FUN_0023b1ac_00028d10",$d,00000000
"00028d14","|static|_FUN_0023af1c_00028d14",$d,00000000
"00028d18","|static|_FUN_0023b214_00028d18",$d,00000000
"00028d2c","|static|_FUN_005db288_00028d2c",$d,00000000
"00028d30","|static|_FUN_007753b4_00028d30",$d,00000000
"00028d34","|static|_FUN_00772630_00028d34",$d,00000000
"00028d38","|static|_FUN_005d9084_00028d38",$d,00000000
"00028d3c","|static|_FUN_005da414_00028d3c",$d,00000000
"00028d40","|static|_FUN_005dd22c_00028d40",$d,00000000
"00028d44","|static|_FUN_0075ab50_00028d44",$d,00000000
"00028d48","|static|_FUN_007726d4_00028d48",$d,00000000
"00028d4c","|static|_FUN_005dc4d8_00028d4c",$d,00000000
"00028d50","|static|_FUN_0075ab40_00028d50",$d,00000000
"00028d54","|static|_FUN_0075ab54_00028d54",$d,00000000
"00028d58","|static|_FUN_0075ab48_00028d58",$d,00000000
"00028d5c","DAT_00028d5c",$d,00000000
"00028d6c","|static|_FUN_006e46f4_00028d6c",$d,00000000
"00028d74","|static|_FUN_00307c54_00028d74",$d,00000000
"00028d78","|static|_FUN_006e473c_00028d78",$d,00000000
"00028d80","|static|_FUN_0057b98c_00028d80",$d,00000000
"00028d84","|static|_FUN_0056e674_00028d84",$d,00000000
"00028d88","|static|_FUN_00575d4c_00028d88",$d,00000000
"00028d8c","|static|_LAB_0057ba24_00028d8c",$d,00000000
"00028d90","|static|_FUN_0057ba2c_00028d90",$d,00000000
"00028d94","|static|_FUN_005755cc_00028d94",$d,00000000
"00028d98","|static|_FUN_00521a38_00028d98",$d,00000000
"00028d9c","|static|_FUN_0056f1a4_00028d9c",$d,00000000
"00028dac","|static|_FUN_0076f810_00028dac",$d,00000000
"00028db0","|static|_FUN_0076f55c_00028db0",$d,00000000
"00028db4","|static|_FUN_005772b4_00028db4",$d,00000000
"00028db8","|static|_FUN_0076f7dc_00028db8",$d,00000000
"00028dbc","|static|_FUN_00750970_00028dbc",$d,00000000
"00028dc0","|static|_FUN_0076f540_00028dc0",$d,00000000
"00028dc4","|static|_FUN_0076f7d4_00028dc4",$d,00000000
"00028dc8","|static|_FUN_006e46e8_00028dc8",$d,00000000
"00028dcc","|static|_FUN_006e4500_00028dcc",$d,00000000
"00028dd0","|static|_FUN_006e4518_00028dd0",$d,00000000
"00028dd4","|static|_FUN_0076f538_00028dd4",$d,00000000
"00028dd8","|static|_FUN_0076f548_00028dd8",$d,00000000
"00028ddc","|static|_FUN_0056ea04_00028ddc",$d,00000000
"00028de0","|static|_FUN_0056e6c4_00028de0",$d,00000000
"00028de4","|static|_FUN_0056e24c_00028de4",$d,00000000
"00028de8","|static|_FUN_00570f10_00028de8",$d,00000000
"00028dec","|static|_FUN_00570e9c_00028dec",$d,00000000
"00028df0","|static|_FUN_00570028_00028df0",$d,00000000
"00028e00","|static|_FUN_00751050_00028e00",$d,00000000
"00028e04","|static|_FUN_00574e34_00028e04",$d,00000000
"00028e24","|static|_FUN_0057418c_00028e24",$d,00000000
"00028e30","|static|_FUN_0056f2ac_00028e30",$d,00000000
"00028e34","|static|_FUN_00570950_00028e34",$d,00000000
"00028e3c","|static|_FUN_005707b8_00028e3c",$d,00000000
"00028e40","|static|_FUN_005734bc_00028e40",$d,00000000
"00028e44","|static|_FUN_004ea3a8_00028e44",$d,00000000
"00028e48","|static|_FUN_004ea1ec_00028e48",$d,00000000
"00028e54","|static|_FUN_005723a0_00028e54",$d,00000000
"00028e68","|static|_FUN_0056f8b4_00028e68",$d,00000000
"00028e6c","|static|_FUN_00573ea4_00028e6c",$d,00000000
"00028e80","|static|_FUN_007717ac_00028e80",$d,00000000
"00028e98","|static|_FUN_005f4b04_00028e98",$d,00000000
"00028e9c","|static|_FUN_005f4b24_00028e9c",$d,00000000
"00028ea0","|static|_FUN_005f4b34_00028ea0",$d,00000000
"00028ea4","|static|_FUN_005f4b18_00028ea4",$d,00000000
"00028ea8","|static|_FUN_005f4b14_00028ea8",$d,00000000
"00028eac","|static|_FUN_005f4b20_00028eac",$d,00000000
"00028eb0","|static|_FUN_005f4b44_00028eb0",$d,00000000
"00028eb4","|static|_FUN_005f4b40_00028eb4",$d,00000000
"00028eb8","|static|_FUN_005f4b3c_00028eb8",$d,00000000
"00028ebc","|static|_FUN_005f4b50_00028ebc",$d,00000000
"00028ec0","|static|_FUN_005f4b08_00028ec0",$d,00000000
"00028ec4","|static|_FUN_005f4b28_00028ec4",$d,00000000
"00028ec8","|static|_FUN_005f4b6c_00028ec8",$d,00000000
"00028ecc","|static|_FUN_005f4b0c_00028ecc",$d,00000000
"00028ed0","|static|_FUN_005f4b38_00028ed0",$d,00000000
"00028ed4","|static|_FUN_005f4b54_00028ed4",$d,00000000
"00028ed8","|static|_FUN_005f4b1c_00028ed8",$d,00000000
"00028edc","|static|_FUN_005f4b10_00028edc",$d,00000000
"00028ee0","|static|_FUN_005f4b4c_00028ee0",$d,00000000
"00028ee4","|static|_FUN_005f4b48_00028ee4",$d,00000000
"00028ee8","|static|_FUN_005f4b68_00028ee8",$d,00000000
"00028eec","|static|_FUN_00573e9c_00028eec",$d,00000000
"00028ef0","|static|_FUN_005f4b70_00028ef0",$d,00000000
"00028ef4","|static|_FUN_005f4b78_00028ef4",$d,00000000
"00028ef8","|static|_FUN_005f4b60_00028ef8",$d,00000000
"00028efc","|static|_FUN_005f4b58_00028efc",$d,00000000
"00028f00","|static|_FUN_005f4b5c_00028f00",$d,00000000
"00028f04","|static|_FUN_005f4b74_00028f04",$d,00000000
"00028f08","|static|_FUN_005f4b80_00028f08",$d,00000000
"00028f0c","|static|_FUN_005f4b88_00028f0c",$d,00000000
"00028f10","|static|_FUN_005f4b7c_00028f10",$d,00000000
"00028f14","|static|_FUN_005f4b84_00028f14",$d,00000000
"00028f18","|static|_FUN_005f4b2c_00028f18",$d,00000000
"00028f1c","|static|_FUN_0075ab68_00028f1c",$d,00000000
"00028f20","|static|_FUN_0075ab8c_00028f20",$d,00000000
"00028f24","|static|_FUN_0023bbe0_00028f24",$d,00000000
"00028f28","|static|_FUN_0023b508_00028f28",$d,00000000
"00028f2c","|static|_FUN_0023b2b8_00028f2c",$d,00000000
"00028f30","|static|_FUN_0023b1b0_00028f30",$d,00000000
"00028f34","|static|_FUN_0023b2b0_00028f34",$d,00000000
"00028f38","|static|_FUN_005dd630_00028f38",$d,00000000
"00028f3c","|static|_FUN_0023b504_00028f3c",$d,00000000
"00028f40","|static|_LAB_005dd598_00028f40",$d,00000000
"00028f44","|static|_FUN_005dd550_00028f44",$d,00000000
"00028f48","|static|_FUN_005dd648_00028f48",$d,00000000
"00028f4c","|static|_FUN_005dd670_00028f4c",$d,00000000
"00028f50","|static|_FUN_005dd67c_00028f50",$d,00000000
"00028f54","|static|_FUN_005dd65c_00028f54",$d,00000000
"00028f58","|static|_FUN_005dd560_00028f58",$d,00000000
"00028f5c","|static|_FUN_005dd64c_00028f5c",$d,00000000
"00028f60","|static|_FUN_005dd5a0_00028f60",$d,00000000
"00028f64","|static|_FUN_005dd638_00028f64",$d,00000000
"00028f68","|static|_FUN_005dd694_00028f68",$d,00000000
"00028f6c","|static|_FUN_005dd698_00028f6c",$d,00000000
"00028f70","|static|_FUN_005dd55c_00028f70",$d,00000000
"00028f74","|static|_FUN_005dd5b4_00028f74",$d,00000000
"00028f78","|static|_FUN_005dd674_00028f78",$d,00000000
"00028f7c","|static|_FUN_005dd680_00028f7c",$d,00000000
"00028f80","|static|_FUN_005dd684_00028f80",$d,00000000
"00028f84","|static|_LAB_0075ab5c_00028f84",$d,00000000
"00028f88","|static|_FUN_00713b0c_00028f88",$d,00000000
"00028f8c","|static|_FUN_0023adb8_00028f8c",$d,00000000
"00028f90","|static|_FUN_0023b2b4_00028f90",$d,00000000
"00028f94","|static|_FUN_0023b218_00028f94",$d,00000000
"00028f98","|static|_FUN_0023b21c_00028f98",$d,00000000
"00028f9c","|static|_FUN_0023adbc_00028f9c",$d,00000000
"00028fa0","|static|_FUN_0056f8ac_00028fa0",$d,00000000
"00028fa4","|static|_FUN_0023b1ac_00028fa4",$d,00000000
"00028fa8","|static|_FUN_0023af1c_00028fa8",$d,00000000
"00028fac","|static|_FUN_0023b214_00028fac",$d,00000000
"00028fc0","|static|_FUN_005db288_00028fc0",$d,00000000
"00028fc4","|static|_FUN_007753b4_00028fc4",$d,00000000
"00028fc8","|static|_FUN_00772630_00028fc8",$d,00000000
"00028fcc","|static|_FUN_005d9084_00028fcc",$d,00000000
"00028fd0","|static|_FUN_005da414_00028fd0",$d,00000000
"00028fd4","|static|_FUN_005dd22c_00028fd4",$d,00000000
"00028fd8","|static|_FUN_0075ab50_00028fd8",$d,00000000
"00028fdc","|static|_FUN_007726d4_00028fdc",$d,00000000
"00028fe0","|static|_FUN_005dc4d8_00028fe0",$d,00000000
"00028fe4","|static|_FUN_0075ab40_00028fe4",$d,00000000
"00028fe8","|static|_FUN_0075ab54_00028fe8",$d,00000000
"00028fec","|static|_FUN_0075ab48_00028fec",$d,00000000
"00028ff0","DAT_00028ff0",$d,00000000
"00029000","|static|_FUN_006e46f4_00029000",$d,00000000
"00029008","|static|_FUN_00307c54_00029008",$d,00000000
"0002900c","|static|_FUN_006e473c_0002900c",$d,00000000
"00029014","|static|_FUN_0057b98c_00029014",$d,00000000
"00029018","|static|_FUN_0056e674_00029018",$d,00000000
"0002901c","|static|_FUN_00575d4c_0002901c",$d,00000000
"00029020","|static|_LAB_0057ba24_00029020",$d,00000000
"00029024","|static|_FUN_0057ba2c_00029024",$d,00000000
"00029028","|static|_FUN_005755cc_00029028",$d,00000000
"0002902c","|static|_FUN_00521a38_0002902c",$d,00000000
"00029030","|static|_FUN_0056f1a4_00029030",$d,00000000
"00029040","|static|_FUN_0076f810_00029040",$d,00000000
"00029044","|static|_FUN_0076f55c_00029044",$d,00000000
"0002904c","|static|_FUN_0076f7dc_0002904c",$d,00000000
"00029050","|static|_FUN_00750970_00029050",$d,00000000
"00029054","|static|_FUN_0076f540_00029054",$d,00000000
"00029058","|static|_FUN_0076f7d4_00029058",$d,00000000
"0002905c","|static|_FUN_006e46e8_0002905c",$d,00000000
"00029060","|static|_FUN_006e4500_00029060",$d,00000000
"00029064","|static|_FUN_006e4518_00029064",$d,00000000
"00029068","|static|_FUN_0076f538_00029068",$d,00000000
"0002906c","|static|_FUN_0076f548_0002906c",$d,00000000
"00029070","|static|_FUN_0056ea04_00029070",$d,00000000
"00029074","|static|_FUN_0056e6c4_00029074",$d,00000000
"00029078","|static|_FUN_0056e24c_00029078",$d,00000000
"0002907c","|static|_FUN_00570f10_0002907c",$d,00000000
"00029080","|static|_FUN_00570e9c_00029080",$d,00000000
"00029084","|static|_FUN_00570028_00029084",$d,00000000
"00029098","|static|_FUN_00574e34_00029098",$d,00000000
"000290ac","|static|_FUN_00574cfc_000290ac",$d,00000000
"000290b8","|static|_FUN_0057418c_000290b8",$d,00000000
"000290c4","|static|_FUN_0056f2ac_000290c4",$d,00000000
"000290c8","|static|_FUN_00570950_000290c8",$d,00000000
"000290d0","|static|_FUN_005707b8_000290d0",$d,00000000
"000290d4","|static|_FUN_005734bc_000290d4",$d,00000000
"000290d8","|static|_FUN_004ea3a8_000290d8",$d,00000000
"000290dc","|static|_FUN_004ea1ec_000290dc",$d,00000000
"000290e8","|static|_FUN_005723a0_000290e8",$d,00000000
"00029100","|static|_FUN_00573ea4_00029100",$d,00000000
"0002913c","|static|_FUN_007717ac_0002913c",$d,00000000
"00029154","|static|_FUN_005f4b04_00029154",$d,00000000
"00029158","|static|_FUN_005f4b24_00029158",$d,00000000
"0002915c","|static|_FUN_005f4b34_0002915c",$d,00000000
"00029160","|static|_FUN_005f4b18_00029160",$d,00000000
"00029164","|static|_FUN_005f4b14_00029164",$d,00000000
"00029168","|static|_FUN_005f4b20_00029168",$d,00000000
"0002916c","|static|_FUN_005f4b44_0002916c",$d,00000000
"00029170","|static|_FUN_005f4b40_00029170",$d,00000000
"00029174","|static|_FUN_005f4b3c_00029174",$d,00000000
"00029178","|static|_FUN_005f4b50_00029178",$d,00000000
"0002917c","|static|_FUN_005f4b08_0002917c",$d,00000000
"00029180","|static|_FUN_005f4b28_00029180",$d,00000000
"00029184","|static|_FUN_005f4b6c_00029184",$d,00000000
"00029188","|static|_FUN_005f4b0c_00029188",$d,00000000
"0002918c","|static|_FUN_005f4b38_0002918c",$d,00000000
"00029190","|static|_FUN_005f4b54_00029190",$d,00000000
"00029194","|static|_FUN_005f4b1c_00029194",$d,00000000
"00029198","|static|_FUN_005f4b10_00029198",$d,00000000
"0002919c","|static|_FUN_005f4b4c_0002919c",$d,00000000
"000291a0","|static|_FUN_005f4b48_000291a0",$d,00000000
"000291a4","|static|_FUN_005f4b68_000291a4",$d,00000000
"000291a8","|static|_FUN_00573e9c_000291a8",$d,00000000
"000291ac","|static|_FUN_005f4b70_000291ac",$d,00000000
"000291b0","|static|_FUN_005f4b78_000291b0",$d,00000000
"000291b4","|static|_FUN_005f4b60_000291b4",$d,00000000
"000291b8","|static|_FUN_005f4b58_000291b8",$d,00000000
"000291bc","|static|_FUN_005f4b5c_000291bc",$d,00000000
"000291c0","|static|_FUN_005f4b74_000291c0",$d,00000000
"000291c4","|static|_FUN_005f4b80_000291c4",$d,00000000
"000291c8","|static|_FUN_005f4b88_000291c8",$d,00000000
"000291cc","|static|_FUN_005f4b7c_000291cc",$d,00000000
"000291d0","|static|_FUN_005f4b84_000291d0",$d,00000000
"000291d4","|static|_FUN_005f4b2c_000291d4",$d,00000000
"000291d8","|static|_FUN_0075ab68_000291d8",$d,00000000
"000291dc","|static|_FUN_0075ab8c_000291dc",$d,00000000
"000291e0","|static|_FUN_0023bbe0_000291e0",$d,00000000
"000291e4","|static|_FUN_0023b508_000291e4",$d,00000000
"000291e8","|static|_FUN_0023b2b8_000291e8",$d,00000000
"000291ec","|static|_FUN_0023b1b0_000291ec",$d,00000000
"000291f0","|static|_FUN_0023b2b0_000291f0",$d,00000000
"000291f4","|static|_FUN_005dd630_000291f4",$d,00000000
"000291f8","|static|_FUN_0023b504_000291f8",$d,00000000
"000291fc","|static|_LAB_005dd598_000291fc",$d,00000000
"00029200","|static|_FUN_005dd550_00029200",$d,00000000
"00029204","|static|_FUN_005dd648_00029204",$d,00000000
"00029208","|static|_FUN_005dd670_00029208",$d,00000000
"0002920c","|static|_FUN_005dd67c_0002920c",$d,00000000
"00029210","|static|_FUN_005dd65c_00029210",$d,00000000
"00029214","|static|_FUN_005dd560_00029214",$d,00000000
"00029218","|static|_FUN_005dd64c_00029218",$d,00000000
"0002921c","|static|_FUN_005dd5a0_0002921c",$d,00000000
"00029220","|static|_FUN_005dd638_00029220",$d,00000000
"00029224","|static|_FUN_005dd694_00029224",$d,00000000
"00029228","|static|_FUN_005dd698_00029228",$d,00000000
"0002922c","|static|_FUN_005dd55c_0002922c",$d,00000000
"00029230","|static|_FUN_005dd5b4_00029230",$d,00000000
"00029234","|static|_FUN_005dd674_00029234",$d,00000000
"00029238","|static|_FUN_005dd680_00029238",$d,00000000
"0002923c","|static|_FUN_005dd684_0002923c",$d,00000000
"00029240","|static|_LAB_0075ab5c_00029240",$d,00000000
"00029244","|static|_FUN_00713b0c_00029244",$d,00000000
"00029248","|static|_FUN_0023adb8_00029248",$d,00000000
"0002924c","|static|_FUN_0023b2b4_0002924c",$d,00000000
"00029254","|static|_FUN_0023b21c_00029254",$d,00000000
"00029260","|static|_FUN_0023b1ac_00029260",$d,00000000
"00029264","|static|_FUN_0023af1c_00029264",$d,00000000
"00029268","|static|_FUN_0023b214_00029268",$d,00000000
"0002927c","|static|_FUN_005db288_0002927c",$d,00000000
"00029288","|static|_FUN_005d9084_00029288",$d,00000000
"0002928c","|static|_FUN_005da414_0002928c",$d,00000000
"00029290","|static|_FUN_005dd22c_00029290",$d,00000000
"00029294","|static|_FUN_0075ab50_00029294",$d,00000000
"00029298","|static|_FUN_007726d4_00029298",$d,00000000
"0002929c","|static|_FUN_005dc4d8_0002929c",$d,00000000
"000292a0","|static|_FUN_0075ab40_000292a0",$d,00000000
"000292a4","|static|_FUN_0075ab54_000292a4",$d,00000000
"000292a8","|static|_FUN_0075ab48_000292a8",$d,00000000
"000292ac","DAT_000292ac",$d,00000000
"000292bc","|static|_FUN_006e46f4_000292bc",$d,00000000
"000292c4","|static|_FUN_00307c54_000292c4",$d,00000000
"000292c8","|static|_FUN_006e473c_000292c8",$d,00000000
"000292d0","|static|_FUN_0057b98c_000292d0",$d,00000000
"000292d4","|static|_FUN_0056e674_000292d4",$d,00000000
"000292d8","|static|_FUN_00575d4c_000292d8",$d,00000000
"000292dc","|static|_LAB_0057ba24_000292dc",$d,00000000
"000292e0","|static|_FUN_0057ba2c_000292e0",$d,00000000
"000292e4","|static|_FUN_005755cc_000292e4",$d,00000000
"000292e8","|static|_FUN_00521a38_000292e8",$d,00000000
"000292ec","|static|_FUN_0056f1a4_000292ec",$d,00000000
"000292fc","|static|_FUN_0076f810_000292fc",$d,00000000
"00029300","|static|_FUN_0076f55c_00029300",$d,00000000
"00029308","|static|_FUN_0076f7dc_00029308",$d,00000000
"0002930c","|static|_FUN_00750970_0002930c",$d,00000000
"00029310","|static|_FUN_0076f540_00029310",$d,00000000
"00029314","|static|_FUN_0076f7d4_00029314",$d,00000000
"00029318","|static|_FUN_006e46e8_00029318",$d,00000000
"0002931c","|static|_FUN_006e4500_0002931c",$d,00000000
"00029320","|static|_FUN_006e4518_00029320",$d,00000000
"00029324","|static|_FUN_0076f538_00029324",$d,00000000
"00029328","|static|_FUN_0076f548_00029328",$d,00000000
"0002932c","|static|_FUN_0056ea04_0002932c",$d,00000000
"00029330","|static|_FUN_0056e6c4_00029330",$d,00000000
"00029334","|static|_FUN_0056e24c_00029334",$d,00000000
"00029338","|static|_FUN_00570f10_00029338",$d,00000000
"0002933c","|static|_FUN_00570e9c_0002933c",$d,00000000
"00029340","|static|_FUN_00570028_00029340",$d,00000000
"00029350","|static|_FUN_00751050_00029350",$d,00000000
"00029354","|static|_FUN_00574e34_00029354",$d,00000000
"00029368","|static|_FUN_00574cfc_00029368",$d,00000000
"00029374","|static|_FUN_0057418c_00029374",$d,00000000
"00029380","|static|_FUN_0056f2ac_00029380",$d,00000000
"00029384","|static|_FUN_00570950_00029384",$d,00000000
"0002938c","|static|_FUN_005707b8_0002938c",$d,00000000
"00029390","|static|_FUN_005734bc_00029390",$d,00000000
"00029394","|static|_FUN_004ea3a8_00029394",$d,00000000
"00029398","|static|_FUN_004ea1ec_00029398",$d,00000000
"000293a4","|static|_FUN_005723a0_000293a4",$d,00000000
"000293bc","|static|_FUN_00573ea4_000293bc",$d,00000000
"000293d8","|static|_FUN_007717ac_000293d8",$d,00000000
"000293f0","|static|_FUN_005f4b04_000293f0",$d,00000000
"000293f4","|static|_FUN_005f4b24_000293f4",$d,00000000
"000293f8","|static|_FUN_005f4b34_000293f8",$d,00000000
"000293fc","|static|_FUN_005f4b18_000293fc",$d,00000000
"00029400","|static|_FUN_005f4b14_00029400",$d,00000000
"00029404","|static|_FUN_005f4b20_00029404",$d,00000000
"00029408","|static|_FUN_005f4b44_00029408",$d,00000000
"0002940c","|static|_FUN_005f4b40_0002940c",$d,00000000
"00029410","|static|_FUN_005f4b3c_00029410",$d,00000000
"00029414","|static|_FUN_005f4b50_00029414",$d,00000000
"00029418","|static|_FUN_005f4b08_00029418",$d,00000000
"0002941c","|static|_FUN_005f4b28_0002941c",$d,00000000
"00029420","|static|_FUN_005f4b6c_00029420",$d,00000000
"00029424","|static|_FUN_005f4b0c_00029424",$d,00000000
"00029428","|static|_FUN_005f4b38_00029428",$d,00000000
"0002942c","|static|_FUN_005f4b54_0002942c",$d,00000000
"00029430","|static|_FUN_005f4b1c_00029430",$d,00000000
"00029434","|static|_FUN_005f4b10_00029434",$d,00000000
"00029438","|static|_FUN_005f4b4c_00029438",$d,00000000
"0002943c","|static|_FUN_005f4b48_0002943c",$d,00000000
"00029440","|static|_FUN_005f4b68_00029440",$d,00000000
"00029444","|static|_FUN_00573e9c_00029444",$d,00000000
"00029448","|static|_FUN_005f4b70_00029448",$d,00000000
"0002944c","|static|_FUN_005f4b78_0002944c",$d,00000000
"00029450","|static|_FUN_005f4b60_00029450",$d,00000000
"00029454","|static|_FUN_005f4b58_00029454",$d,00000000
"00029458","|static|_FUN_005f4b5c_00029458",$d,00000000
"0002945c","|static|_FUN_005f4b74_0002945c",$d,00000000
"00029460","|static|_FUN_005f4b80_00029460",$d,00000000
"00029464","|static|_FUN_005f4b88_00029464",$d,00000000
"00029468","|static|_FUN_005f4b7c_00029468",$d,00000000
"0002946c","|static|_FUN_005f4b84_0002946c",$d,00000000
"00029470","|static|_FUN_005f4b2c_00029470",$d,00000000
"00029474","|static|_FUN_0075ab68_00029474",$d,00000000
"00029478","|static|_FUN_0075ab8c_00029478",$d,00000000
"0002947c","|static|_FUN_0023bbe0_0002947c",$d,00000000
"00029480","|static|_FUN_0023b508_00029480",$d,00000000
"00029484","|static|_FUN_0023b2b8_00029484",$d,00000000
"00029488","|static|_FUN_0023b1b0_00029488",$d,00000000
"0002948c","|static|_FUN_0023b2b0_0002948c",$d,00000000
"00029490","|static|_FUN_005dd630_00029490",$d,00000000
"00029494","|static|_FUN_0023b504_00029494",$d,00000000
"00029498","|static|_LAB_005dd598_00029498",$d,00000000
"0002949c","|static|_FUN_005dd550_0002949c",$d,00000000
"000294a0","|static|_FUN_005dd648_000294a0",$d,00000000
"000294a4","|static|_FUN_005dd670_000294a4",$d,00000000
"000294a8","|static|_FUN_005dd67c_000294a8",$d,00000000
"000294ac","|static|_FUN_005dd65c_000294ac",$d,00000000
"000294b0","|static|_FUN_005dd560_000294b0",$d,00000000
"000294b4","|static|_FUN_005dd64c_000294b4",$d,00000000
"000294b8","|static|_FUN_005dd5a0_000294b8",$d,00000000
"000294bc","|static|_FUN_005dd638_000294bc",$d,00000000
"000294c0","|static|_FUN_005dd694_000294c0",$d,00000000
"000294c4","|static|_FUN_005dd698_000294c4",$d,00000000
"000294c8","|static|_FUN_005dd55c_000294c8",$d,00000000
"000294cc","|static|_FUN_005dd5b4_000294cc",$d,00000000
"000294d0","|static|_FUN_005dd674_000294d0",$d,00000000
"000294d4","|static|_FUN_005dd680_000294d4",$d,00000000
"000294d8","|static|_FUN_005dd684_000294d8",$d,00000000
"000294dc","|static|_LAB_0075ab5c_000294dc",$d,00000000
"000294e0","|static|_FUN_00713b0c_000294e0",$d,00000000
"000294e4","|static|_FUN_0023adb8_000294e4",$d,00000000
"000294e8","|static|_FUN_0023b2b4_000294e8",$d,00000000
"000294f0","|static|_FUN_0023b21c_000294f0",$d,00000000
"000294fc","|static|_FUN_0023b1ac_000294fc",$d,00000000
"00029500","|static|_FUN_0023af1c_00029500",$d,00000000
"00029504","|static|_FUN_0023b214_00029504",$d,00000000
"00029518","|static|_FUN_005db288_00029518",$d,00000000
"00029524","|static|_FUN_005d9084_00029524",$d,00000000
"00029528","|static|_FUN_005da414_00029528",$d,00000000
"0002952c","|static|_FUN_005dd22c_0002952c",$d,00000000
"00029530","|static|_FUN_0075ab50_00029530",$d,00000000
"00029534","|static|_FUN_007726d4_00029534",$d,00000000
"00029538","|static|_FUN_005dc4d8_00029538",$d,00000000
"0002953c","|static|_FUN_0075ab40_0002953c",$d,00000000
"00029540","|static|_FUN_0075ab54_00029540",$d,00000000
"00029544","|static|_FUN_0075ab48_00029544",$d,00000000
"00029548","DAT_00029548",$d,00000000
"00029558","|static|_FUN_006e46f4_00029558",$d,00000000
"00029560","|static|_FUN_00307c54_00029560",$d,00000000
"00029564","|static|_FUN_006e473c_00029564",$d,00000000
"0002956c","|static|_FUN_0057b98c_0002956c",$d,00000000
"00029570","|static|_FUN_0056e674_00029570",$d,00000000
"00029574","|static|_FUN_00575d4c_00029574",$d,00000000
"00029578","|static|_LAB_0057ba24_00029578",$d,00000000
"0002957c","|static|_FUN_0057ba2c_0002957c",$d,00000000
"00029580","|static|_FUN_005755cc_00029580",$d,00000000
"00029584","|static|_FUN_00521a38_00029584",$d,00000000
"00029588","|static|_FUN_0056f1a4_00029588",$d,00000000
"00029598","|static|_FUN_0076f810_00029598",$d,00000000
"0002959c","|static|_FUN_0076f55c_0002959c",$d,00000000
"000295a4","|static|_FUN_0076f7dc_000295a4",$d,00000000
"000295a8","|static|_FUN_00750970_000295a8",$d,00000000
"000295ac","|static|_FUN_0076f540_000295ac",$d,00000000
"000295b0","|static|_FUN_0076f7d4_000295b0",$d,00000000
"000295b4","|static|_FUN_006e46e8_000295b4",$d,00000000
"000295b8","|static|_FUN_006e4500_000295b8",$d,00000000
"000295bc","|static|_FUN_006e4518_000295bc",$d,00000000
"000295c0","|static|_FUN_0076f538_000295c0",$d,00000000
"000295c4","|static|_FUN_0076f548_000295c4",$d,00000000
"000295c8","|static|_FUN_0056ea04_000295c8",$d,00000000
"000295cc","|static|_FUN_0056e6c4_000295cc",$d,00000000
"000295d0","|static|_FUN_0056e24c_000295d0",$d,00000000
"000295d4","|static|_FUN_00570f10_000295d4",$d,00000000
"000295d8","|static|_FUN_00570e9c_000295d8",$d,00000000
"000295dc","|static|_FUN_00570028_000295dc",$d,00000000
"000295ec","|static|_FUN_00751050_000295ec",$d,00000000
"000295f0","|static|_FUN_00574e34_000295f0",$d,00000000
"00029604","|static|_FUN_00574cfc_00029604",$d,00000000
"0002961c","|static|_FUN_0056f2ac_0002961c",$d,00000000
"00029620","|static|_FUN_00570950_00029620",$d,00000000
"00029628","|static|_FUN_005707b8_00029628",$d,00000000
"0002962c","|static|_FUN_005734bc_0002962c",$d,00000000
"00029630","|static|_FUN_004ea3a8_00029630",$d,00000000
"00029634","|static|_FUN_004ea1ec_00029634",$d,00000000
"00029640","|static|_FUN_005723a0_00029640",$d,00000000
"00029654","|static|_FUN_0056f8b4_00029654",$d,00000000
"00029658","|static|_FUN_00573ea4_00029658",$d,00000000
"00029688","|static|_FUN_007717ac_00029688",$d,00000000
"000296a0","|static|_FUN_005f4b04_000296a0",$d,00000000
"000296a4","|static|_FUN_005f4b24_000296a4",$d,00000000
"000296a8","|static|_FUN_005f4b34_000296a8",$d,00000000
"000296ac","|static|_FUN_005f4b18_000296ac",$d,00000000
"000296b0","|static|_FUN_005f4b14_000296b0",$d,00000000
"000296b4","|static|_FUN_005f4b20_000296b4",$d,00000000
"000296b8","|static|_FUN_005f4b44_000296b8",$d,00000000
"000296bc","|static|_FUN_005f4b40_000296bc",$d,00000000
"000296c0","|static|_FUN_005f4b3c_000296c0",$d,00000000
"000296c4","|static|_FUN_005f4b50_000296c4",$d,00000000
"000296c8","|static|_FUN_005f4b08_000296c8",$d,00000000
"000296cc","|static|_FUN_005f4b28_000296cc",$d,00000000
"000296d0","|static|_FUN_005f4b6c_000296d0",$d,00000000
"000296d4","|static|_FUN_005f4b0c_000296d4",$d,00000000
"000296d8","|static|_FUN_005f4b38_000296d8",$d,00000000
"000296dc","|static|_FUN_005f4b54_000296dc",$d,00000000
"000296e0","|static|_FUN_005f4b1c_000296e0",$d,00000000
"000296e4","|static|_FUN_005f4b10_000296e4",$d,00000000
"000296e8","|static|_FUN_005f4b4c_000296e8",$d,00000000
"000296ec","|static|_FUN_005f4b48_000296ec",$d,00000000
"000296f0","|static|_FUN_005f4b68_000296f0",$d,00000000
"000296f4","|static|_FUN_00573e9c_000296f4",$d,00000000
"000296f8","|static|_FUN_005f4b70_000296f8",$d,00000000
"000296fc","|static|_FUN_005f4b78_000296fc",$d,00000000
"00029700","|static|_FUN_005f4b60_00029700",$d,00000000
"00029704","|static|_FUN_005f4b58_00029704",$d,00000000
"00029708","|static|_FUN_005f4b5c_00029708",$d,00000000
"0002970c","|static|_FUN_005f4b74_0002970c",$d,00000000
"00029710","|static|_FUN_005f4b80_00029710",$d,00000000
"00029714","|static|_FUN_005f4b88_00029714",$d,00000000
"00029718","|static|_FUN_005f4b7c_00029718",$d,00000000
"0002971c","|static|_FUN_005f4b84_0002971c",$d,00000000
"00029720","|static|_FUN_005f4b2c_00029720",$d,00000000
"00029724","|static|_FUN_0075ab68_00029724",$d,00000000
"00029728","|static|_FUN_0075ab8c_00029728",$d,00000000
"0002972c","|static|_FUN_0023bbe0_0002972c",$d,00000000
"00029730","|static|_FUN_0023b508_00029730",$d,00000000
"00029734","|static|_FUN_0023b2b8_00029734",$d,00000000
"00029738","|static|_FUN_0023b1b0_00029738",$d,00000000
"0002973c","|static|_FUN_0023b2b0_0002973c",$d,00000000
"00029740","|static|_FUN_005dd630_00029740",$d,00000000
"00029744","|static|_FUN_0023b504_00029744",$d,00000000
"00029748","|static|_LAB_005dd598_00029748",$d,00000000
"0002974c","|static|_FUN_005dd550_0002974c",$d,00000000
"00029750","|static|_FUN_005dd648_00029750",$d,00000000
"00029754","|static|_FUN_005dd670_00029754",$d,00000000
"00029758","|static|_FUN_005dd67c_00029758",$d,00000000
"0002975c","|static|_FUN_005dd65c_0002975c",$d,00000000
"00029760","|static|_FUN_005dd560_00029760",$d,00000000
"00029764","|static|_FUN_005dd64c_00029764",$d,00000000
"00029768","|static|_FUN_005dd5a0_00029768",$d,00000000
"0002976c","|static|_FUN_005dd638_0002976c",$d,00000000
"00029770","|static|_FUN_005dd694_00029770",$d,00000000
"00029774","|static|_FUN_005dd698_00029774",$d,00000000
"00029778","|static|_FUN_005dd55c_00029778",$d,00000000
"0002977c","|static|_FUN_005dd5b4_0002977c",$d,00000000
"00029780","|static|_FUN_005dd674_00029780",$d,00000000
"00029784","|static|_FUN_005dd680_00029784",$d,00000000
"00029788","|static|_FUN_005dd684_00029788",$d,00000000
"0002978c","|static|_LAB_0075ab5c_0002978c",$d,00000000
"00029790","|static|_FUN_00713b0c_00029790",$d,00000000
"00029794","|static|_FUN_0023adb8_00029794",$d,00000000
"00029798","|static|_FUN_0023b2b4_00029798",$d,00000000
"000297a0","|static|_FUN_0023b21c_000297a0",$d,00000000
"000297a8","|static|_FUN_0056f8ac_000297a8",$d,00000000
"000297ac","|static|_FUN_0023b1ac_000297ac",$d,00000000
"000297b0","|static|_FUN_0023af1c_000297b0",$d,00000000
"000297b4","|static|_FUN_0023b214_000297b4",$d,00000000
"000297c8","|static|_FUN_005db288_000297c8",$d,00000000
"000297cc","|static|_FUN_007753b4_000297cc",$d,00000000
"000297d4","|static|_FUN_005d9084_000297d4",$d,00000000
"000297d8","|static|_FUN_005da414_000297d8",$d,00000000
"000297dc","|static|_FUN_005dd22c_000297dc",$d,00000000
"000297e0","|static|_FUN_0075ab50_000297e0",$d,00000000
"000297e4","|static|_FUN_007726d4_000297e4",$d,00000000
"000297e8","|static|_FUN_005dc4d8_000297e8",$d,00000000
"000297ec","|static|_FUN_0075ab40_000297ec",$d,00000000
"000297f0","|static|_FUN_0075ab54_000297f0",$d,00000000
"000297f4","|static|_FUN_0075ab48_000297f4",$d,00000000
"000297f8","DAT_000297f8",$d,00000000
"00029808","|static|_FUN_006e46f4_00029808",$d,00000000
"00029810","|static|_FUN_00307c54_00029810",$d,00000000
"00029814","|static|_FUN_006e473c_00029814",$d,00000000
"0002981c","|static|_FUN_0057b98c_0002981c",$d,00000000
"00029820","|static|_FUN_0056e674_00029820",$d,00000000
"00029824","|static|_FUN_00575d4c_00029824",$d,00000000
"00029828","|static|_LAB_0057ba24_00029828",$d,00000000
"0002982c","|static|_FUN_0057ba2c_0002982c",$d,00000000
"00029830","|static|_FUN_005755cc_00029830",$d,00000000
"00029834","|static|_FUN_00521a38_00029834",$d,00000000
"00029838","|static|_FUN_0056f1a4_00029838",$d,00000000
"00029848","|static|_FUN_0076f810_00029848",$d,00000000
"0002984c","|static|_FUN_0076f55c_0002984c",$d,00000000
"00029850","|static|_FUN_005772b4_00029850",$d,00000000
"00029854","|static|_FUN_0076f7dc_00029854",$d,00000000
"00029858","|static|_FUN_00750970_00029858",$d,00000000
"0002985c","|static|_FUN_0076f540_0002985c",$d,00000000
"00029860","|static|_FUN_0076f7d4_00029860",$d,00000000
"00029864","|static|_FUN_006e46e8_00029864",$d,00000000
"00029868","|static|_FUN_006e4500_00029868",$d,00000000
"0002986c","|static|_FUN_006e4518_0002986c",$d,00000000
"00029870","|static|_FUN_0076f538_00029870",$d,00000000
"00029874","|static|_FUN_0076f548_00029874",$d,00000000
"00029878","|static|_FUN_0056ea04_00029878",$d,00000000
"0002987c","|static|_FUN_0056e6c4_0002987c",$d,00000000
"00029880","|static|_FUN_0056e24c_00029880",$d,00000000
"00029884","|static|_FUN_00570f10_00029884",$d,00000000
"00029888","|static|_FUN_00570e9c_00029888",$d,00000000
"0002988c","|static|_FUN_00570028_0002988c",$d,00000000
"0002989c","|static|_FUN_00751050_0002989c",$d,00000000
"000298a0","|static|_FUN_00574e34_000298a0",$d,00000000
"000298b4","|static|_FUN_00574cfc_000298b4",$d,00000000
"000298cc","|static|_FUN_0056f2ac_000298cc",$d,00000000
"000298d0","|static|_FUN_00570950_000298d0",$d,00000000
"000298d8","|static|_FUN_005707b8_000298d8",$d,00000000
"000298dc","|static|_FUN_005734bc_000298dc",$d,00000000
"000298e0","|static|_FUN_004ea3a8_000298e0",$d,00000000
"000298e4","|static|_FUN_004ea1ec_000298e4",$d,00000000
"000298f0","|static|_FUN_005723a0_000298f0",$d,00000000
"00029904","|static|_FUN_0056f8b4_00029904",$d,00000000
"00029908","|static|_FUN_00573ea4_00029908",$d,00000000
"0002991c","|static|_FUN_007717ac_0002991c",$d,00000000
"00029934","|static|_FUN_005f4b04_00029934",$d,00000000
"00029938","|static|_FUN_005f4b24_00029938",$d,00000000
"0002993c","|static|_FUN_005f4b34_0002993c",$d,00000000
"00029940","|static|_FUN_005f4b18_00029940",$d,00000000
"00029944","|static|_FUN_005f4b14_00029944",$d,00000000
"00029948","|static|_FUN_005f4b20_00029948",$d,00000000
"0002994c","|static|_FUN_005f4b44_0002994c",$d,00000000
"00029950","|static|_FUN_005f4b40_00029950",$d,00000000
"00029954","|static|_FUN_005f4b3c_00029954",$d,00000000
"00029958","|static|_FUN_005f4b50_00029958",$d,00000000
"0002995c","|static|_FUN_005f4b08_0002995c",$d,00000000
"00029960","|static|_FUN_005f4b28_00029960",$d,00000000
"00029964","|static|_FUN_005f4b6c_00029964",$d,00000000
"00029968","|static|_FUN_005f4b0c_00029968",$d,00000000
"0002996c","|static|_FUN_005f4b38_0002996c",$d,00000000
"00029970","|static|_FUN_005f4b54_00029970",$d,00000000
"00029974","|static|_FUN_005f4b1c_00029974",$d,00000000
"00029978","|static|_FUN_005f4b10_00029978",$d,00000000
"0002997c","|static|_FUN_005f4b4c_0002997c",$d,00000000
"00029980","|static|_FUN_005f4b48_00029980",$d,00000000
"00029984","|static|_FUN_005f4b68_00029984",$d,00000000
"00029988","|static|_FUN_00573e9c_00029988",$d,00000000
"0002998c","|static|_FUN_005f4b70_0002998c",$d,00000000
"00029990","|static|_FUN_005f4b78_00029990",$d,00000000
"00029994","|static|_FUN_005f4b60_00029994",$d,00000000
"00029998","|static|_FUN_005f4b58_00029998",$d,00000000
"0002999c","|static|_FUN_005f4b5c_0002999c",$d,00000000
"000299a0","|static|_FUN_005f4b74_000299a0",$d,00000000
"000299a4","|static|_FUN_005f4b80_000299a4",$d,00000000
"000299a8","|static|_FUN_005f4b88_000299a8",$d,00000000
"000299ac","|static|_FUN_005f4b7c_000299ac",$d,00000000
"000299b0","|static|_FUN_005f4b84_000299b0",$d,00000000
"000299b4","|static|_FUN_005f4b2c_000299b4",$d,00000000
"000299b8","|static|_FUN_0075ab68_000299b8",$d,00000000
"000299bc","|static|_FUN_0075ab8c_000299bc",$d,00000000
"000299c0","|static|_FUN_0023bbe0_000299c0",$d,00000000
"000299c4","|static|_FUN_0023b508_000299c4",$d,00000000
"000299c8","|static|_FUN_0023b2b8_000299c8",$d,00000000
"000299cc","|static|_FUN_0023b1b0_000299cc",$d,00000000
"000299d0","|static|_FUN_0023b2b0_000299d0",$d,00000000
"000299d4","|static|_FUN_005dd630_000299d4",$d,00000000
"000299d8","|static|_FUN_0023b504_000299d8",$d,00000000
"000299dc","|static|_LAB_005dd598_000299dc",$d,00000000
"000299e0","|static|_FUN_005dd550_000299e0",$d,00000000
"000299e4","|static|_FUN_005dd648_000299e4",$d,00000000
"000299e8","|static|_FUN_005dd670_000299e8",$d,00000000
"000299ec","|static|_FUN_005dd67c_000299ec",$d,00000000
"000299f0","|static|_FUN_005dd65c_000299f0",$d,00000000
"000299f4","|static|_FUN_005dd560_000299f4",$d,00000000
"000299f8","|static|_FUN_005dd64c_000299f8",$d,00000000
"000299fc","|static|_FUN_005dd5a0_000299fc",$d,00000000
"00029a00","|static|_FUN_005dd638_00029a00",$d,00000000
"00029a04","|static|_FUN_005dd694_00029a04",$d,00000000
"00029a08","|static|_FUN_005dd698_00029a08",$d,00000000
"00029a0c","|static|_FUN_005dd55c_00029a0c",$d,00000000
"00029a10","|static|_FUN_005dd5b4_00029a10",$d,00000000
"00029a14","|static|_FUN_005dd674_00029a14",$d,00000000
"00029a18","|static|_FUN_005dd680_00029a18",$d,00000000
"00029a1c","|static|_FUN_005dd684_00029a1c",$d,00000000
"00029a20","|static|_LAB_0075ab5c_00029a20",$d,00000000
"00029a24","|static|_FUN_00713b0c_00029a24",$d,00000000
"00029a28","|static|_FUN_0023adb8_00029a28",$d,00000000
"00029a2c","|static|_FUN_0023b2b4_00029a2c",$d,00000000
"00029a30","|static|_FUN_0023b218_00029a30",$d,00000000
"00029a34","|static|_FUN_0023b21c_00029a34",$d,00000000
"00029a38","|static|_FUN_0023adbc_00029a38",$d,00000000
"00029a3c","|static|_FUN_0056f8ac_00029a3c",$d,00000000
"00029a40","|static|_FUN_0023b1ac_00029a40",$d,00000000
"00029a44","|static|_FUN_0023af1c_00029a44",$d,00000000
"00029a48","|static|_FUN_0023b214_00029a48",$d,00000000
"00029a5c","|static|_FUN_005db288_00029a5c",$d,00000000
"00029a60","|static|_FUN_007753b4_00029a60",$d,00000000
"00029a64","|static|_FUN_00772630_00029a64",$d,00000000
"00029a68","|static|_FUN_005d9084_00029a68",$d,00000000
"00029a6c","|static|_FUN_005da414_00029a6c",$d,00000000
"00029a70","|static|_FUN_005dd22c_00029a70",$d,00000000
"00029a74","|static|_FUN_0075ab50_00029a74",$d,00000000
"00029a78","|static|_FUN_007726d4_00029a78",$d,00000000
"00029a7c","|static|_FUN_005dc4d8_00029a7c",$d,00000000
"00029a80","|static|_FUN_0075ab40_00029a80",$d,00000000
"00029a84","|static|_FUN_0075ab54_00029a84",$d,00000000
"00029a88","|static|_FUN_0075ab48_00029a88",$d,00000000
"00029a8c","DAT_00029a8c",$d,00000000
"00029a9c","|static|_FUN_006e46f4_00029a9c",$d,00000000
"00029aa4","|static|_FUN_00307c54_00029aa4",$d,00000000
"00029aa8","|static|_FUN_006e473c_00029aa8",$d,00000000
"00029ab0","|static|_FUN_0057b98c_00029ab0",$d,00000000
"00029ab4","|static|_FUN_0056e674_00029ab4",$d,00000000
"00029ab8","|static|_FUN_00575d4c_00029ab8",$d,00000000
"00029abc","|static|_LAB_0057ba24_00029abc",$d,00000000
"00029ac0","|static|_FUN_0057ba2c_00029ac0",$d,00000000
"00029ac4","|static|_FUN_005755cc_00029ac4",$d,00000000
"00029ac8","|static|_FUN_00521a38_00029ac8",$d,00000000
"00029acc","|static|_FUN_0056f1a4_00029acc",$d,00000000
"00029adc","|static|_FUN_0076f810_00029adc",$d,00000000
"00029ae0","|static|_FUN_0076f55c_00029ae0",$d,00000000
"00029ae8","|static|_FUN_0076f7dc_00029ae8",$d,00000000
"00029aec","|static|_FUN_00750970_00029aec",$d,00000000
"00029af0","|static|_FUN_0076f540_00029af0",$d,00000000
"00029af4","|static|_FUN_0076f7d4_00029af4",$d,00000000
"00029af8","|static|_FUN_006e46e8_00029af8",$d,00000000
"00029afc","|static|_FUN_006e4500_00029afc",$d,00000000
"00029b00","|static|_FUN_006e4518_00029b00",$d,00000000
"00029b04","|static|_FUN_0076f538_00029b04",$d,00000000
"00029b08","|static|_FUN_0076f548_00029b08",$d,00000000
"00029b0c","|static|_FUN_0056ea04_00029b0c",$d,00000000
"00029b10","|static|_FUN_0056e6c4_00029b10",$d,00000000
"00029b14","|static|_FUN_0056e24c_00029b14",$d,00000000
"00029b18","|static|_FUN_00570f10_00029b18",$d,00000000
"00029b1c","|static|_FUN_00570e9c_00029b1c",$d,00000000
"00029b20","|static|_FUN_00570028_00029b20",$d,00000000
"00029b34","|static|_FUN_00574e34_00029b34",$d,00000000
"00029b48","|static|_FUN_00574cfc_00029b48",$d,00000000
"00029b54","|static|_FUN_0057418c_00029b54",$d,00000000
"00029b60","|static|_FUN_0056f2ac_00029b60",$d,00000000
"00029b64","|static|_FUN_00570950_00029b64",$d,00000000
"00029b6c","|static|_FUN_005707b8_00029b6c",$d,00000000
"00029b70","|static|_FUN_005734bc_00029b70",$d,00000000
"00029b74","|static|_FUN_004ea3a8_00029b74",$d,00000000
"00029b78","|static|_FUN_004ea1ec_00029b78",$d,00000000
"00029b84","|static|_FUN_005723a0_00029b84",$d,00000000
"00029b9c","|static|_FUN_00573ea4_00029b9c",$d,00000000
"00029bc8","|static|_FUN_007717ac_00029bc8",$d,00000000
"00029be0","|static|_FUN_005f4b04_00029be0",$d,00000000
"00029be4","|static|_FUN_005f4b24_00029be4",$d,00000000
"00029be8","|static|_FUN_005f4b34_00029be8",$d,00000000
"00029bec","|static|_FUN_005f4b18_00029bec",$d,00000000
"00029bf0","|static|_FUN_005f4b14_00029bf0",$d,00000000
"00029bf4","|static|_FUN_005f4b20_00029bf4",$d,00000000
"00029bf8","|static|_FUN_005f4b44_00029bf8",$d,00000000
"00029bfc","|static|_FUN_005f4b40_00029bfc",$d,00000000
"00029c00","|static|_FUN_005f4b3c_00029c00",$d,00000000
"00029c04","|static|_FUN_005f4b50_00029c04",$d,00000000
"00029c08","|static|_FUN_005f4b08_00029c08",$d,00000000
"00029c0c","|static|_FUN_005f4b28_00029c0c",$d,00000000
"00029c10","|static|_FUN_005f4b6c_00029c10",$d,00000000
"00029c14","|static|_FUN_005f4b0c_00029c14",$d,00000000
"00029c18","|static|_FUN_005f4b38_00029c18",$d,00000000
"00029c1c","|static|_FUN_005f4b54_00029c1c",$d,00000000
"00029c20","|static|_FUN_005f4b1c_00029c20",$d,00000000
"00029c24","|static|_FUN_005f4b10_00029c24",$d,00000000
"00029c28","|static|_FUN_005f4b4c_00029c28",$d,00000000
"00029c2c","|static|_FUN_005f4b48_00029c2c",$d,00000000
"00029c30","|static|_FUN_005f4b68_00029c30",$d,00000000
"00029c34","|static|_FUN_00573e9c_00029c34",$d,00000000
"00029c38","|static|_FUN_005f4b70_00029c38",$d,00000000
"00029c3c","|static|_FUN_005f4b78_00029c3c",$d,00000000
"00029c40","|static|_FUN_005f4b60_00029c40",$d,00000000
"00029c44","|static|_FUN_005f4b58_00029c44",$d,00000000
"00029c48","|static|_FUN_005f4b5c_00029c48",$d,00000000
"00029c4c","|static|_FUN_005f4b74_00029c4c",$d,00000000
"00029c50","|static|_FUN_005f4b80_00029c50",$d,00000000
"00029c54","|static|_FUN_005f4b88_00029c54",$d,00000000
"00029c58","|static|_FUN_005f4b7c_00029c58",$d,00000000
"00029c5c","|static|_FUN_005f4b84_00029c5c",$d,00000000
"00029c60","|static|_FUN_005f4b2c_00029c60",$d,00000000
"00029c64","|static|_FUN_0075ab68_00029c64",$d,00000000
"00029c68","|static|_FUN_0075ab8c_00029c68",$d,00000000
"00029c6c","|static|_FUN_0023bbe0_00029c6c",$d,00000000
"00029c70","|static|_FUN_0023b508_00029c70",$d,00000000
"00029c78","|static|_FUN_0023b1b0_00029c78",$d,00000000
"00029c7c","|static|_FUN_0023b2b0_00029c7c",$d,00000000
"00029c80","|static|_FUN_005dd630_00029c80",$d,00000000
"00029c84","|static|_FUN_0023b504_00029c84",$d,00000000
"00029c88","|static|_LAB_005dd598_00029c88",$d,00000000
"00029c8c","|static|_FUN_005dd550_00029c8c",$d,00000000
"00029c90","|static|_FUN_005dd648_00029c90",$d,00000000
"00029c94","|static|_FUN_005dd670_00029c94",$d,00000000
"00029c98","|static|_FUN_005dd67c_00029c98",$d,00000000
"00029c9c","|static|_FUN_005dd65c_00029c9c",$d,00000000
"00029ca0","|static|_FUN_005dd560_00029ca0",$d,00000000
"00029ca4","|static|_FUN_005dd64c_00029ca4",$d,00000000
"00029ca8","|static|_FUN_005dd5a0_00029ca8",$d,00000000
"00029cac","|static|_FUN_005dd638_00029cac",$d,00000000
"00029cb0","|static|_FUN_005dd694_00029cb0",$d,00000000
"00029cb4","|static|_FUN_005dd698_00029cb4",$d,00000000
"00029cb8","|static|_FUN_005dd55c_00029cb8",$d,00000000
"00029cbc","|static|_FUN_005dd5b4_00029cbc",$d,00000000
"00029cc0","|static|_FUN_005dd674_00029cc0",$d,00000000
"00029cc4","|static|_FUN_005dd680_00029cc4",$d,00000000
"00029cc8","|static|_FUN_005dd684_00029cc8",$d,00000000
"00029ccc","|static|_LAB_0075ab5c_00029ccc",$d,00000000
"00029cd0","|static|_FUN_00713b0c_00029cd0",$d,00000000
"00029cd4","|static|_FUN_0023adb8_00029cd4",$d,00000000
"00029cd8","|static|_FUN_0023b2b4_00029cd8",$d,00000000
"00029ce0","|static|_FUN_0023b21c_00029ce0",$d,00000000
"00029cec","|static|_FUN_0023b1ac_00029cec",$d,00000000
"00029cf0","|static|_FUN_0023af1c_00029cf0",$d,00000000
"00029cf4","|static|_FUN_0023b214_00029cf4",$d,00000000
"00029d08","|static|_FUN_005db288_00029d08",$d,00000000
"00029d14","|static|_FUN_005d9084_00029d14",$d,00000000
"00029d18","|static|_FUN_005da414_00029d18",$d,00000000
"00029d1c","|static|_FUN_005dd22c_00029d1c",$d,00000000
"00029d20","|static|_FUN_0075ab50_00029d20",$d,00000000
"00029d24","|static|_FUN_007726d4_00029d24",$d,00000000
"00029d28","|static|_FUN_005dc4d8_00029d28",$d,00000000
"00029d2c","|static|_FUN_0075ab40_00029d2c",$d,00000000
"00029d30","|static|_FUN_0075ab54_00029d30",$d,00000000
"00029d34","|static|_FUN_0075ab48_00029d34",$d,00000000
"00029d38","DAT_00029d38",$d,00000000
"00029d48","|static|_FUN_006e46f4_00029d48",$d,00000000
"00029d50","|static|_FUN_00307c54_00029d50",$d,00000000
"00029d54","|static|_FUN_006e473c_00029d54",$d,00000000
"00029d5c","|static|_FUN_0057b98c_00029d5c",$d,00000000
"00029d60","|static|_FUN_0056e674_00029d60",$d,00000000
"00029d64","|static|_FUN_00575d4c_00029d64",$d,00000000
"00029d68","|static|_LAB_0057ba24_00029d68",$d,00000000
"00029d6c","|static|_FUN_0057ba2c_00029d6c",$d,00000000
"00029d70","|static|_FUN_005755cc_00029d70",$d,00000000
"00029d74","|static|_FUN_00521a38_00029d74",$d,00000000
"00029d78","|static|_FUN_0056f1a4_00029d78",$d,00000000
"00029d88","|static|_FUN_0076f810_00029d88",$d,00000000
"00029d8c","|static|_FUN_0076f55c_00029d8c",$d,00000000
"00029d90","|static|_FUN_005772b4_00029d90",$d,00000000
"00029d94","|static|_FUN_0076f7dc_00029d94",$d,00000000
"00029d98","|static|_FUN_00750970_00029d98",$d,00000000
"00029d9c","|static|_FUN_0076f540_00029d9c",$d,00000000
"00029da0","|static|_FUN_0076f7d4_00029da0",$d,00000000
"00029da4","|static|_FUN_006e46e8_00029da4",$d,00000000
"00029da8","|static|_FUN_006e4500_00029da8",$d,00000000
"00029dac","|static|_FUN_006e4518_00029dac",$d,00000000
"00029db0","|static|_FUN_0076f538_00029db0",$d,00000000
"00029db4","|static|_FUN_0076f548_00029db4",$d,00000000
"00029db8","|static|_FUN_0056ea04_00029db8",$d,00000000
"00029dbc","|static|_FUN_0056e6c4_00029dbc",$d,00000000
"00029dc0","|static|_FUN_0056e24c_00029dc0",$d,00000000
"00029dc4","|static|_FUN_00570f10_00029dc4",$d,00000000
"00029dc8","|static|_FUN_00570e9c_00029dc8",$d,00000000
"00029dcc","|static|_FUN_00570028_00029dcc",$d,00000000
"00029dd8","|static|_FUN_00573214_00029dd8",$d,00000000
"00029ddc","|static|_FUN_00751050_00029ddc",$d,00000000
"00029de0","|static|_FUN_00574e34_00029de0",$d,00000000
"00029df4","|static|_FUN_00574cfc_00029df4",$d,00000000
"00029e00","|static|_FUN_0057418c_00029e00",$d,00000000
"00029e0c","|static|_FUN_0056f2ac_00029e0c",$d,00000000
"00029e10","|static|_FUN_00570950_00029e10",$d,00000000
"00029e1c","|static|_FUN_005734bc_00029e1c",$d,00000000
"00029e20","|static|_FUN_004ea3a8_00029e20",$d,00000000
"00029e24","|static|_FUN_004ea1ec_00029e24",$d,00000000
"00029e30","|static|_FUN_005723a0_00029e30",$d,00000000
"00029e44","|static|_FUN_0056f8b4_00029e44",$d,00000000
"00029e48","|static|_FUN_00573ea4_00029e48",$d,00000000
"00029e5c","|static|_FUN_007717ac_00029e5c",$d,00000000
"00029e74","|static|_FUN_005f4b04_00029e74",$d,00000000
"00029e78","|static|_FUN_005f4b24_00029e78",$d,00000000
"00029e7c","|static|_FUN_005f4b34_00029e7c",$d,00000000
"00029e80","|static|_FUN_005f4b18_00029e80",$d,00000000
"00029e84","|static|_FUN_005f4b14_00029e84",$d,00000000
"00029e88","|static|_FUN_005f4b20_00029e88",$d,00000000
"00029e8c","|static|_FUN_005f4b44_00029e8c",$d,00000000
"00029e90","|static|_FUN_005f4b40_00029e90",$d,00000000
"00029e94","|static|_FUN_005f4b3c_00029e94",$d,00000000
"00029e98","|static|_FUN_005f4b50_00029e98",$d,00000000
"00029e9c","|static|_FUN_005f4b08_00029e9c",$d,00000000
"00029ea0","|static|_FUN_005f4b28_00029ea0",$d,00000000
"00029ea4","|static|_FUN_005f4b6c_00029ea4",$d,00000000
"00029ea8","|static|_FUN_005f4b0c_00029ea8",$d,00000000
"00029eac","|static|_FUN_005f4b38_00029eac",$d,00000000
"00029eb0","|static|_FUN_005f4b54_00029eb0",$d,00000000
"00029eb4","|static|_FUN_005f4b1c_00029eb4",$d,00000000
"00029eb8","|static|_FUN_005f4b10_00029eb8",$d,00000000
"00029ebc","|static|_FUN_005f4b4c_00029ebc",$d,00000000
"00029ec0","|static|_FUN_005f4b48_00029ec0",$d,00000000
"00029ec4","|static|_FUN_005f4b68_00029ec4",$d,00000000
"00029ec8","|static|_FUN_00573e9c_00029ec8",$d,00000000
"00029ecc","|static|_FUN_005f4b70_00029ecc",$d,00000000
"00029ed0","|static|_FUN_005f4b78_00029ed0",$d,00000000
"00029ed4","|static|_FUN_005f4b60_00029ed4",$d,00000000
"00029ed8","|static|_FUN_005f4b58_00029ed8",$d,00000000
"00029edc","|static|_FUN_005f4b5c_00029edc",$d,00000000
"00029ee0","|static|_FUN_005f4b74_00029ee0",$d,00000000
"00029ee4","|static|_FUN_005f4b80_00029ee4",$d,00000000
"00029ee8","|static|_FUN_005f4b88_00029ee8",$d,00000000
"00029eec","|static|_FUN_005f4b7c_00029eec",$d,00000000
"00029ef0","|static|_FUN_005f4b84_00029ef0",$d,00000000
"00029ef4","|static|_FUN_005f4b2c_00029ef4",$d,00000000
"00029ef8","|static|_FUN_0075ab68_00029ef8",$d,00000000
"00029efc","|static|_FUN_0075ab8c_00029efc",$d,00000000
"00029f00","|static|_FUN_0023bbe0_00029f00",$d,00000000
"00029f04","|static|_FUN_0023b508_00029f04",$d,00000000
"00029f08","|static|_FUN_0023b2b8_00029f08",$d,00000000
"00029f0c","|static|_FUN_0023b1b0_00029f0c",$d,00000000
"00029f10","|static|_FUN_0023b2b0_00029f10",$d,00000000
"00029f14","|static|_FUN_005dd630_00029f14",$d,00000000
"00029f18","|static|_FUN_0023b504_00029f18",$d,00000000
"00029f1c","|static|_LAB_005dd598_00029f1c",$d,00000000
"00029f20","|static|_FUN_005dd550_00029f20",$d,00000000
"00029f24","|static|_FUN_005dd648_00029f24",$d,00000000
"00029f28","|static|_FUN_005dd670_00029f28",$d,00000000
"00029f2c","|static|_FUN_005dd67c_00029f2c",$d,00000000
"00029f30","|static|_FUN_005dd65c_00029f30",$d,00000000
"00029f34","|static|_FUN_005dd560_00029f34",$d,00000000
"00029f38","|static|_FUN_005dd64c_00029f38",$d,00000000
"00029f3c","|static|_FUN_005dd5a0_00029f3c",$d,00000000
"00029f40","|static|_FUN_005dd638_00029f40",$d,00000000
"00029f44","|static|_FUN_005dd694_00029f44",$d,00000000
"00029f48","|static|_FUN_005dd698_00029f48",$d,00000000
"00029f4c","|static|_FUN_005dd55c_00029f4c",$d,00000000
"00029f50","|static|_FUN_005dd5b4_00029f50",$d,00000000
"00029f54","|static|_FUN_005dd674_00029f54",$d,00000000
"00029f58","|static|_FUN_005dd680_00029f58",$d,00000000
"00029f5c","|static|_FUN_005dd684_00029f5c",$d,00000000
"00029f60","|static|_LAB_0075ab5c_00029f60",$d,00000000
"00029f64","|static|_FUN_00713b0c_00029f64",$d,00000000
"00029f68","|static|_FUN_0023adb8_00029f68",$d,00000000
"00029f6c","|static|_FUN_0023b2b4_00029f6c",$d,00000000
"00029f70","|static|_FUN_0023b218_00029f70",$d,00000000
"00029f74","|static|_FUN_0023b21c_00029f74",$d,00000000
"00029f78","|static|_FUN_0023adbc_00029f78",$d,00000000
"00029f7c","|static|_FUN_0056f8ac_00029f7c",$d,00000000
"00029f80","|static|_FUN_0023b1ac_00029f80",$d,00000000
"00029f84","|static|_FUN_0023af1c_00029f84",$d,00000000
"00029f88","|static|_FUN_0023b214_00029f88",$d,00000000
"00029f9c","|static|_FUN_005db288_00029f9c",$d,00000000
"00029fa0","|static|_FUN_007753b4_00029fa0",$d,00000000
"00029fa4","|static|_FUN_00772630_00029fa4",$d,00000000
"00029fa8","|static|_FUN_005d9084_00029fa8",$d,00000000
"00029fac","|static|_FUN_005da414_00029fac",$d,00000000
"00029fb0","|static|_FUN_005dd22c_00029fb0",$d,00000000
"00029fb4","|static|_FUN_0075ab50_00029fb4",$d,00000000
"00029fb8","|static|_FUN_007726d4_00029fb8",$d,00000000
"00029fbc","|static|_FUN_005dc4d8_00029fbc",$d,00000000
"00029fc0","|static|_FUN_0075ab40_00029fc0",$d,00000000
"00029fc4","|static|_FUN_0075ab54_00029fc4",$d,00000000
"00029fc8","|static|_FUN_0075ab48_00029fc8",$d,00000000
"00029fcc","DAT_00029fcc",$d,00000000
"00029fdc","|static|_FUN_006e46f4_00029fdc",$d,00000000
"00029fe4","|static|_FUN_00307c54_00029fe4",$d,00000000
"00029fe8","|static|_FUN_006e473c_00029fe8",$d,00000000
"00029ff0","|static|_FUN_0057b98c_00029ff0",$d,00000000
"00029ff4","|static|_FUN_0056e674_00029ff4",$d,00000000
"00029ff8","|static|_FUN_00575d4c_00029ff8",$d,00000000
"00029ffc","|static|_LAB_0057ba24_00029ffc",$d,00000000
"0002a000","|static|_FUN_0057ba2c_0002a000",$d,00000000
"0002a004","|static|_FUN_005755cc_0002a004",$d,00000000
"0002a008","|static|_FUN_00521a38_0002a008",$d,00000000
"0002a00c","|static|_FUN_0056f1a4_0002a00c",$d,00000000
"0002a01c","|static|_FUN_0076f810_0002a01c",$d,00000000
"0002a020","|static|_FUN_0076f55c_0002a020",$d,00000000
"0002a024","|static|_FUN_005772b4_0002a024",$d,00000000
"0002a028","|static|_FUN_0076f7dc_0002a028",$d,00000000
"0002a02c","|static|_FUN_00750970_0002a02c",$d,00000000
"0002a030","|static|_FUN_0076f540_0002a030",$d,00000000
"0002a034","|static|_FUN_0076f7d4_0002a034",$d,00000000
"0002a038","|static|_FUN_006e46e8_0002a038",$d,00000000
"0002a03c","|static|_FUN_006e4500_0002a03c",$d,00000000
"0002a040","|static|_FUN_006e4518_0002a040",$d,00000000
"0002a044","|static|_FUN_0076f538_0002a044",$d,00000000
"0002a048","|static|_FUN_0076f548_0002a048",$d,00000000
"0002a04c","|static|_FUN_0056ea04_0002a04c",$d,00000000
"0002a050","|static|_FUN_0056e6c4_0002a050",$d,00000000
"0002a054","|static|_FUN_0056e24c_0002a054",$d,00000000
"0002a058","|static|_FUN_00570f10_0002a058",$d,00000000
"0002a05c","|static|_FUN_00570e9c_0002a05c",$d,00000000
"0002a060","|static|_FUN_00570028_0002a060",$d,00000000
"0002a06c","|static|_FUN_00573214_0002a06c",$d,00000000
"0002a070","|static|_FUN_00751050_0002a070",$d,00000000
"0002a074","|static|_FUN_00574e34_0002a074",$d,00000000
"0002a088","|static|_FUN_00574cfc_0002a088",$d,00000000
"0002a094","|static|_FUN_0057418c_0002a094",$d,00000000
"0002a0a0","|static|_FUN_0056f2ac_0002a0a0",$d,00000000
"0002a0a4","|static|_FUN_00570950_0002a0a4",$d,00000000
"0002a0b0","|static|_FUN_005734bc_0002a0b0",$d,00000000
"0002a0c4","|static|_FUN_005723a0_0002a0c4",$d,00000000
"0002a0d8","|static|_FUN_0056f8b4_0002a0d8",$d,00000000
"0002a0dc","|static|_FUN_00573ea4_0002a0dc",$d,00000000
"0002a0f0","|static|_FUN_007717ac_0002a0f0",$d,00000000
"0002a108","|static|_FUN_005f4b04_0002a108",$d,00000000
"0002a10c","|static|_FUN_005f4b24_0002a10c",$d,00000000
"0002a110","|static|_FUN_005f4b34_0002a110",$d,00000000
"0002a114","|static|_FUN_005f4b18_0002a114",$d,00000000
"0002a118","|static|_FUN_005f4b14_0002a118",$d,00000000
"0002a11c","|static|_FUN_005f4b20_0002a11c",$d,00000000
"0002a120","|static|_FUN_005f4b44_0002a120",$d,00000000
"0002a124","|static|_FUN_005f4b40_0002a124",$d,00000000
"0002a128","|static|_FUN_005f4b3c_0002a128",$d,00000000
"0002a12c","|static|_FUN_005f4b50_0002a12c",$d,00000000
"0002a130","|static|_FUN_005f4b08_0002a130",$d,00000000
"0002a134","|static|_FUN_005f4b28_0002a134",$d,00000000
"0002a138","|static|_FUN_005f4b6c_0002a138",$d,00000000
"0002a13c","|static|_FUN_005f4b0c_0002a13c",$d,00000000
"0002a140","|static|_FUN_005f4b38_0002a140",$d,00000000
"0002a144","|static|_FUN_005f4b54_0002a144",$d,00000000
"0002a148","|static|_FUN_005f4b1c_0002a148",$d,00000000
"0002a14c","|static|_FUN_005f4b10_0002a14c",$d,00000000
"0002a150","|static|_FUN_005f4b4c_0002a150",$d,00000000
"0002a154","|static|_FUN_005f4b48_0002a154",$d,00000000
"0002a158","|static|_FUN_005f4b68_0002a158",$d,00000000
"0002a15c","|static|_FUN_00573e9c_0002a15c",$d,00000000
"0002a160","|static|_FUN_005f4b70_0002a160",$d,00000000
"0002a164","|static|_FUN_005f4b78_0002a164",$d,00000000
"0002a168","|static|_FUN_005f4b60_0002a168",$d,00000000
"0002a16c","|static|_FUN_005f4b58_0002a16c",$d,00000000
"0002a170","|static|_FUN_005f4b5c_0002a170",$d,00000000
"0002a174","|static|_FUN_005f4b74_0002a174",$d,00000000
"0002a178","|static|_FUN_005f4b80_0002a178",$d,00000000
"0002a17c","|static|_FUN_005f4b88_0002a17c",$d,00000000
"0002a180","|static|_FUN_005f4b7c_0002a180",$d,00000000
"0002a184","|static|_FUN_005f4b84_0002a184",$d,00000000
"0002a188","|static|_FUN_005f4b2c_0002a188",$d,00000000
"0002a18c","|static|_FUN_0075ab68_0002a18c",$d,00000000
"0002a190","|static|_FUN_0075ab8c_0002a190",$d,00000000
"0002a194","|static|_FUN_0023bbe0_0002a194",$d,00000000
"0002a198","|static|_FUN_0023b508_0002a198",$d,00000000
"0002a19c","|static|_FUN_0023b2b8_0002a19c",$d,00000000
"0002a1a0","|static|_FUN_0023b1b0_0002a1a0",$d,00000000
"0002a1a4","|static|_FUN_0023b2b0_0002a1a4",$d,00000000
"0002a1a8","|static|_FUN_005dd630_0002a1a8",$d,00000000
"0002a1ac","|static|_FUN_0023b504_0002a1ac",$d,00000000
"0002a1b0","|static|_LAB_005dd598_0002a1b0",$d,00000000
"0002a1b4","|static|_FUN_005dd550_0002a1b4",$d,00000000
"0002a1b8","|static|_FUN_005dd648_0002a1b8",$d,00000000
"0002a1bc","|static|_FUN_005dd670_0002a1bc",$d,00000000
"0002a1c0","|static|_FUN_005dd67c_0002a1c0",$d,00000000
"0002a1c4","|static|_FUN_005dd65c_0002a1c4",$d,00000000
"0002a1c8","|static|_FUN_005dd560_0002a1c8",$d,00000000
"0002a1cc","|static|_FUN_005dd64c_0002a1cc",$d,00000000
"0002a1d0","|static|_FUN_005dd5a0_0002a1d0",$d,00000000
"0002a1d4","|static|_FUN_005dd638_0002a1d4",$d,00000000
"0002a1d8","|static|_FUN_005dd694_0002a1d8",$d,00000000
"0002a1dc","|static|_FUN_005dd698_0002a1dc",$d,00000000
"0002a1e0","|static|_FUN_005dd55c_0002a1e0",$d,00000000
"0002a1e4","|static|_FUN_005dd5b4_0002a1e4",$d,00000000
"0002a1e8","|static|_FUN_005dd674_0002a1e8",$d,00000000
"0002a1ec","|static|_FUN_005dd680_0002a1ec",$d,00000000
"0002a1f0","|static|_FUN_005dd684_0002a1f0",$d,00000000
"0002a1f4","|static|_LAB_0075ab5c_0002a1f4",$d,00000000
"0002a1f8","|static|_FUN_00713b0c_0002a1f8",$d,00000000
"0002a1fc","|static|_FUN_0023adb8_0002a1fc",$d,00000000
"0002a200","|static|_FUN_0023b2b4_0002a200",$d,00000000
"0002a204","|static|_FUN_0023b218_0002a204",$d,00000000
"0002a208","|static|_FUN_0023b21c_0002a208",$d,00000000
"0002a20c","|static|_FUN_0023adbc_0002a20c",$d,00000000
"0002a210","|static|_FUN_0056f8ac_0002a210",$d,00000000
"0002a214","|static|_FUN_0023b1ac_0002a214",$d,00000000
"0002a218","|static|_FUN_0023af1c_0002a218",$d,00000000
"0002a21c","|static|_FUN_0023b214_0002a21c",$d,00000000
"0002a230","|static|_FUN_005db288_0002a230",$d,00000000
"0002a234","|static|_FUN_007753b4_0002a234",$d,00000000
"0002a238","|static|_FUN_00772630_0002a238",$d,00000000
"0002a23c","|static|_FUN_005d9084_0002a23c",$d,00000000
"0002a240","|static|_FUN_005da414_0002a240",$d,00000000
"0002a244","|static|_FUN_005dd22c_0002a244",$d,00000000
"0002a248","|static|_FUN_0075ab50_0002a248",$d,00000000
"0002a24c","|static|_FUN_007726d4_0002a24c",$d,00000000
"0002a250","|static|_FUN_005dc4d8_0002a250",$d,00000000
"0002a254","|static|_FUN_0075ab40_0002a254",$d,00000000
"0002a258","|static|_FUN_0075ab54_0002a258",$d,00000000
"0002a25c","|static|_FUN_0075ab48_0002a25c",$d,00000000
"0002a260","DAT_0002a260",$d,00000000
"0002a270","|static|_FUN_006e46f4_0002a270",$d,00000000
"0002a278","|static|_FUN_00307c54_0002a278",$d,00000000
"0002a27c","|static|_FUN_006e473c_0002a27c",$d,00000000
"0002a284","|static|_FUN_0057b98c_0002a284",$d,00000000
"0002a288","|static|_FUN_0056e674_0002a288",$d,00000000
"0002a28c","|static|_FUN_00575d4c_0002a28c",$d,00000000
"0002a290","|static|_LAB_0057ba24_0002a290",$d,00000000
"0002a294","|static|_FUN_0057ba2c_0002a294",$d,00000000
"0002a298","|static|_FUN_005755cc_0002a298",$d,00000000
"0002a29c","|static|_FUN_00521a38_0002a29c",$d,00000000
"0002a2a0","|static|_FUN_0056f1a4_0002a2a0",$d,00000000
"0002a2b0","|static|_FUN_0076f810_0002a2b0",$d,00000000
"0002a2b4","|static|_FUN_0076f55c_0002a2b4",$d,00000000
"0002a2b8","|static|_FUN_005772b4_0002a2b8",$d,00000000
"0002a2bc","|static|_FUN_0076f7dc_0002a2bc",$d,00000000
"0002a2c0","|static|_FUN_00750970_0002a2c0",$d,00000000
"0002a2c4","|static|_FUN_0076f540_0002a2c4",$d,00000000
"0002a2c8","|static|_FUN_0076f7d4_0002a2c8",$d,00000000
"0002a2cc","|static|_FUN_006e46e8_0002a2cc",$d,00000000
"0002a2d0","|static|_FUN_006e4500_0002a2d0",$d,00000000
"0002a2d4","|static|_FUN_006e4518_0002a2d4",$d,00000000
"0002a2d8","|static|_FUN_0076f538_0002a2d8",$d,00000000
"0002a2dc","|static|_FUN_0076f548_0002a2dc",$d,00000000
"0002a2e0","|static|_FUN_0056ea04_0002a2e0",$d,00000000
"0002a2e4","|static|_FUN_0056e6c4_0002a2e4",$d,00000000
"0002a2e8","|static|_FUN_0056e24c_0002a2e8",$d,00000000
"0002a2ec","|static|_FUN_00570f10_0002a2ec",$d,00000000
"0002a2f0","|static|_FUN_00570e9c_0002a2f0",$d,00000000
"0002a2f4","|static|_FUN_00570028_0002a2f4",$d,00000000
"0002a308","|static|_FUN_00574e34_0002a308",$d,00000000
"0002a334","|static|_FUN_0056f2ac_0002a334",$d,00000000
"0002a338","|static|_FUN_00570950_0002a338",$d,00000000
"0002a340","|static|_FUN_005707b8_0002a340",$d,00000000
"0002a344","|static|_FUN_005734bc_0002a344",$d,00000000
"0002a348","|static|_FUN_004ea3a8_0002a348",$d,00000000
"0002a34c","|static|_FUN_004ea1ec_0002a34c",$d,00000000
"0002a358","|static|_FUN_005723a0_0002a358",$d,00000000
"0002a36c","|static|_FUN_0056f8b4_0002a36c",$d,00000000
"0002a370","|static|_FUN_00573ea4_0002a370",$d,00000000
"0002a384","|static|_FUN_007717ac_0002a384",$d,00000000
"0002a39c","|static|_FUN_005f4b04_0002a39c",$d,00000000
"0002a3a0","|static|_FUN_005f4b24_0002a3a0",$d,00000000
"0002a3a4","|static|_FUN_005f4b34_0002a3a4",$d,00000000
"0002a3a8","|static|_FUN_005f4b18_0002a3a8",$d,00000000
"0002a3ac","|static|_FUN_005f4b14_0002a3ac",$d,00000000
"0002a3b0","|static|_FUN_005f4b20_0002a3b0",$d,00000000
"0002a3b4","|static|_FUN_005f4b44_0002a3b4",$d,00000000
"0002a3b8","|static|_FUN_005f4b40_0002a3b8",$d,00000000
"0002a3bc","|static|_FUN_005f4b3c_0002a3bc",$d,00000000
"0002a3c0","|static|_FUN_005f4b50_0002a3c0",$d,00000000
"0002a3c4","|static|_FUN_005f4b08_0002a3c4",$d,00000000
"0002a3c8","|static|_FUN_005f4b28_0002a3c8",$d,00000000
"0002a3cc","|static|_FUN_005f4b6c_0002a3cc",$d,00000000
"0002a3d0","|static|_FUN_005f4b0c_0002a3d0",$d,00000000
"0002a3d4","|static|_FUN_005f4b38_0002a3d4",$d,00000000
"0002a3d8","|static|_FUN_005f4b54_0002a3d8",$d,00000000
"0002a3dc","|static|_FUN_005f4b1c_0002a3dc",$d,00000000
"0002a3e0","|static|_FUN_005f4b10_0002a3e0",$d,00000000
"0002a3e4","|static|_FUN_005f4b4c_0002a3e4",$d,00000000
"0002a3e8","|static|_FUN_005f4b48_0002a3e8",$d,00000000
"0002a3ec","|static|_FUN_005f4b68_0002a3ec",$d,00000000
"0002a3f0","|static|_FUN_00573e9c_0002a3f0",$d,00000000
"0002a3f4","|static|_FUN_005f4b70_0002a3f4",$d,00000000
"0002a3f8","|static|_FUN_005f4b78_0002a3f8",$d,00000000
"0002a3fc","|static|_FUN_005f4b60_0002a3fc",$d,00000000
"0002a400","|static|_FUN_005f4b58_0002a400",$d,00000000
"0002a404","|static|_FUN_005f4b5c_0002a404",$d,00000000
"0002a408","|static|_FUN_005f4b74_0002a408",$d,00000000
"0002a40c","|static|_FUN_005f4b80_0002a40c",$d,00000000
"0002a410","|static|_FUN_005f4b88_0002a410",$d,00000000
"0002a414","|static|_FUN_005f4b7c_0002a414",$d,00000000
"0002a418","|static|_FUN_005f4b84_0002a418",$d,00000000
"0002a41c","|static|_FUN_005f4b2c_0002a41c",$d,00000000
"0002a420","|static|_FUN_0075ab68_0002a420",$d,00000000
"0002a424","|static|_FUN_0075ab8c_0002a424",$d,00000000
"0002a428","|static|_FUN_0023bbe0_0002a428",$d,00000000
"0002a42c","|static|_FUN_0023b508_0002a42c",$d,00000000
"0002a430","|static|_FUN_0023b2b8_0002a430",$d,00000000
"0002a434","|static|_FUN_0023b1b0_0002a434",$d,00000000
"0002a438","|static|_FUN_0023b2b0_0002a438",$d,00000000
"0002a43c","|static|_FUN_005dd630_0002a43c",$d,00000000
"0002a440","|static|_FUN_0023b504_0002a440",$d,00000000
"0002a444","|static|_LAB_005dd598_0002a444",$d,00000000
"0002a448","|static|_FUN_005dd550_0002a448",$d,00000000
"0002a44c","|static|_FUN_005dd648_0002a44c",$d,00000000
"0002a450","|static|_FUN_005dd670_0002a450",$d,00000000
"0002a454","|static|_FUN_005dd67c_0002a454",$d,00000000
"0002a458","|static|_FUN_005dd65c_0002a458",$d,00000000
"0002a45c","|static|_FUN_005dd560_0002a45c",$d,00000000
"0002a460","|static|_FUN_005dd64c_0002a460",$d,00000000
"0002a464","|static|_FUN_005dd5a0_0002a464",$d,00000000
"0002a468","|static|_FUN_005dd638_0002a468",$d,00000000
"0002a46c","|static|_FUN_005dd694_0002a46c",$d,00000000
"0002a470","|static|_FUN_005dd698_0002a470",$d,00000000
"0002a474","|static|_FUN_005dd55c_0002a474",$d,00000000
"0002a478","|static|_FUN_005dd5b4_0002a478",$d,00000000
"0002a47c","|static|_FUN_005dd674_0002a47c",$d,00000000
"0002a480","|static|_FUN_005dd680_0002a480",$d,00000000
"0002a484","|static|_FUN_005dd684_0002a484",$d,00000000
"0002a488","|static|_LAB_0075ab5c_0002a488",$d,00000000
"0002a48c","|static|_FUN_00713b0c_0002a48c",$d,00000000
"0002a490","|static|_FUN_0023adb8_0002a490",$d,00000000
"0002a494","|static|_FUN_0023b2b4_0002a494",$d,00000000
"0002a498","|static|_FUN_0023b218_0002a498",$d,00000000
"0002a49c","|static|_FUN_0023b21c_0002a49c",$d,00000000
"0002a4a0","|static|_FUN_0023adbc_0002a4a0",$d,00000000
"0002a4a4","|static|_FUN_0056f8ac_0002a4a4",$d,00000000
"0002a4a8","|static|_FUN_0023b1ac_0002a4a8",$d,00000000
"0002a4ac","|static|_FUN_0023af1c_0002a4ac",$d,00000000
"0002a4b0","|static|_FUN_0023b214_0002a4b0",$d,00000000
"0002a4c4","|static|_FUN_005db288_0002a4c4",$d,00000000
"0002a4c8","|static|_FUN_007753b4_0002a4c8",$d,00000000
"0002a4cc","|static|_FUN_00772630_0002a4cc",$d,00000000
"0002a4d0","|static|_FUN_005d9084_0002a4d0",$d,00000000
"0002a4d4","|static|_FUN_005da414_0002a4d4",$d,00000000
"0002a4d8","|static|_FUN_005dd22c_0002a4d8",$d,00000000
"0002a4dc","|static|_FUN_0075ab50_0002a4dc",$d,00000000
"0002a4e0","|static|_FUN_007726d4_0002a4e0",$d,00000000
"0002a4e4","|static|_FUN_005dc4d8_0002a4e4",$d,00000000
"0002a4e8","|static|_FUN_0075ab40_0002a4e8",$d,00000000
"0002a4ec","|static|_FUN_0075ab54_0002a4ec",$d,00000000
"0002a4f0","|static|_FUN_0075ab48_0002a4f0",$d,00000000
"0002a4f4","DAT_0002a4f4",$d,00000000
"0002a504","|static|_FUN_006e46f4_0002a504",$d,00000000
"0002a50c","|static|_FUN_00307c54_0002a50c",$d,00000000
"0002a510","|static|_FUN_006e473c_0002a510",$d,00000000
"0002a518","|static|_FUN_0057b98c_0002a518",$d,00000000
"0002a51c","|static|_FUN_0056e674_0002a51c",$d,00000000
"0002a520","|static|_FUN_00575d4c_0002a520",$d,00000000
"0002a524","|static|_LAB_0057ba24_0002a524",$d,00000000
"0002a528","|static|_FUN_0057ba2c_0002a528",$d,00000000
"0002a52c","|static|_FUN_005755cc_0002a52c",$d,00000000
"0002a530","|static|_FUN_00521a38_0002a530",$d,00000000
"0002a534","|static|_FUN_0056f1a4_0002a534",$d,00000000
"0002a544","|static|_FUN_0076f810_0002a544",$d,00000000
"0002a548","|static|_FUN_0076f55c_0002a548",$d,00000000
"0002a54c","|static|_FUN_005772b4_0002a54c",$d,00000000
"0002a550","|static|_FUN_0076f7dc_0002a550",$d,00000000
"0002a554","|static|_FUN_00750970_0002a554",$d,00000000
"0002a558","|static|_FUN_0076f540_0002a558",$d,00000000
"0002a55c","|static|_FUN_0076f7d4_0002a55c",$d,00000000
"0002a560","|static|_FUN_006e46e8_0002a560",$d,00000000
"0002a564","|static|_FUN_006e4500_0002a564",$d,00000000
"0002a568","|static|_FUN_006e4518_0002a568",$d,00000000
"0002a56c","|static|_FUN_0076f538_0002a56c",$d,00000000
"0002a570","|static|_FUN_0076f548_0002a570",$d,00000000
"0002a574","|static|_FUN_0056ea04_0002a574",$d,00000000
"0002a578","|static|_FUN_0056e6c4_0002a578",$d,00000000
"0002a57c","|static|_FUN_0056e24c_0002a57c",$d,00000000
"0002a580","|static|_FUN_00570f10_0002a580",$d,00000000
"0002a584","|static|_FUN_00570e9c_0002a584",$d,00000000
"0002a588","|static|_FUN_00570028_0002a588",$d,00000000
"0002a594","|static|_FUN_00573214_0002a594",$d,00000000
"0002a598","|static|_FUN_00751050_0002a598",$d,00000000
"0002a59c","|static|_FUN_00574e34_0002a59c",$d,00000000
"0002a5b0","|static|_FUN_00574cfc_0002a5b0",$d,00000000
"0002a5bc","|static|_FUN_0057418c_0002a5bc",$d,00000000
"0002a5c8","|static|_FUN_0056f2ac_0002a5c8",$d,00000000
"0002a5cc","|static|_FUN_00570950_0002a5cc",$d,00000000
"0002a5d4","|static|_FUN_005707b8_0002a5d4",$d,00000000
"0002a5d8","|static|_FUN_005734bc_0002a5d8",$d,00000000
"0002a5dc","|static|_FUN_004ea3a8_0002a5dc",$d,00000000
"0002a5e0","|static|_FUN_004ea1ec_0002a5e0",$d,00000000
"0002a5ec","|static|_FUN_005723a0_0002a5ec",$d,00000000
"0002a600","|static|_FUN_0056f8b4_0002a600",$d,00000000
"0002a604","|static|_FUN_00573ea4_0002a604",$d,00000000
"0002a618","|static|_FUN_007717ac_0002a618",$d,00000000
"0002a630","|static|_FUN_005f4b04_0002a630",$d,00000000
"0002a634","|static|_FUN_005f4b24_0002a634",$d,00000000
"0002a638","|static|_FUN_005f4b34_0002a638",$d,00000000
"0002a63c","|static|_FUN_005f4b18_0002a63c",$d,00000000
"0002a640","|static|_FUN_005f4b14_0002a640",$d,00000000
"0002a644","|static|_FUN_005f4b20_0002a644",$d,00000000
"0002a648","|static|_FUN_005f4b44_0002a648",$d,00000000
"0002a64c","|static|_FUN_005f4b40_0002a64c",$d,00000000
"0002a650","|static|_FUN_005f4b3c_0002a650",$d,00000000
"0002a654","|static|_FUN_005f4b50_0002a654",$d,00000000
"0002a658","|static|_FUN_005f4b08_0002a658",$d,00000000
"0002a65c","|static|_FUN_005f4b28_0002a65c",$d,00000000
"0002a660","|static|_FUN_005f4b6c_0002a660",$d,00000000
"0002a664","|static|_FUN_005f4b0c_0002a664",$d,00000000
"0002a668","|static|_FUN_005f4b38_0002a668",$d,00000000
"0002a66c","|static|_FUN_005f4b54_0002a66c",$d,00000000
"0002a670","|static|_FUN_005f4b1c_0002a670",$d,00000000
"0002a674","|static|_FUN_005f4b10_0002a674",$d,00000000
"0002a678","|static|_FUN_005f4b4c_0002a678",$d,00000000
"0002a67c","|static|_FUN_005f4b48_0002a67c",$d,00000000
"0002a680","|static|_FUN_005f4b68_0002a680",$d,00000000
"0002a684","|static|_FUN_00573e9c_0002a684",$d,00000000
"0002a688","|static|_FUN_005f4b70_0002a688",$d,00000000
"0002a68c","|static|_FUN_005f4b78_0002a68c",$d,00000000
"0002a690","|static|_FUN_005f4b60_0002a690",$d,00000000
"0002a694","|static|_FUN_005f4b58_0002a694",$d,00000000
"0002a698","|static|_FUN_005f4b5c_0002a698",$d,00000000
"0002a69c","|static|_FUN_005f4b74_0002a69c",$d,00000000
"0002a6a0","|static|_FUN_005f4b80_0002a6a0",$d,00000000
"0002a6a4","|static|_FUN_005f4b88_0002a6a4",$d,00000000
"0002a6a8","|static|_FUN_005f4b7c_0002a6a8",$d,00000000
"0002a6ac","|static|_FUN_005f4b84_0002a6ac",$d,00000000
"0002a6b0","|static|_FUN_005f4b2c_0002a6b0",$d,00000000
"0002a6b4","|static|_FUN_0075ab68_0002a6b4",$d,00000000
"0002a6b8","|static|_FUN_0075ab8c_0002a6b8",$d,00000000
"0002a6bc","|static|_FUN_0023bbe0_0002a6bc",$d,00000000
"0002a6c0","|static|_FUN_0023b508_0002a6c0",$d,00000000
"0002a6c4","|static|_FUN_0023b2b8_0002a6c4",$d,00000000
"0002a6c8","|static|_FUN_0023b1b0_0002a6c8",$d,00000000
"0002a6cc","|static|_FUN_0023b2b0_0002a6cc",$d,00000000
"0002a6d0","|static|_FUN_005dd630_0002a6d0",$d,00000000
"0002a6d4","|static|_FUN_0023b504_0002a6d4",$d,00000000
"0002a6d8","|static|_LAB_005dd598_0002a6d8",$d,00000000
"0002a6dc","|static|_FUN_005dd550_0002a6dc",$d,00000000
"0002a6e0","|static|_FUN_005dd648_0002a6e0",$d,00000000
"0002a6e4","|static|_FUN_005dd670_0002a6e4",$d,00000000
"0002a6e8","|static|_FUN_005dd67c_0002a6e8",$d,00000000
"0002a6ec","|static|_FUN_005dd65c_0002a6ec",$d,00000000
"0002a6f0","|static|_FUN_005dd560_0002a6f0",$d,00000000
"0002a6f4","|static|_FUN_005dd64c_0002a6f4",$d,00000000
"0002a6f8","|static|_FUN_005dd5a0_0002a6f8",$d,00000000
"0002a6fc","|static|_FUN_005dd638_0002a6fc",$d,00000000
"0002a700","|static|_FUN_005dd694_0002a700",$d,00000000
"0002a704","|static|_FUN_005dd698_0002a704",$d,00000000
"0002a708","|static|_FUN_005dd55c_0002a708",$d,00000000
"0002a70c","|static|_FUN_005dd5b4_0002a70c",$d,00000000
"0002a710","|static|_FUN_005dd674_0002a710",$d,00000000
"0002a714","|static|_FUN_005dd680_0002a714",$d,00000000
"0002a718","|static|_FUN_005dd684_0002a718",$d,00000000
"0002a71c","|static|_LAB_0075ab5c_0002a71c",$d,00000000
"0002a720","|static|_FUN_00713b0c_0002a720",$d,00000000
"0002a724","|static|_FUN_0023adb8_0002a724",$d,00000000
"0002a728","|static|_FUN_0023b2b4_0002a728",$d,00000000
"0002a72c","|static|_FUN_0023b218_0002a72c",$d,00000000
"0002a730","|static|_FUN_0023b21c_0002a730",$d,00000000
"0002a734","|static|_FUN_0023adbc_0002a734",$d,00000000
"0002a738","|static|_FUN_0056f8ac_0002a738",$d,00000000
"0002a73c","|static|_FUN_0023b1ac_0002a73c",$d,00000000
"0002a740","|static|_FUN_0023af1c_0002a740",$d,00000000
"0002a744","|static|_FUN_0023b214_0002a744",$d,00000000
"0002a758","|static|_FUN_005db288_0002a758",$d,00000000
"0002a75c","|static|_FUN_007753b4_0002a75c",$d,00000000
"0002a760","|static|_FUN_00772630_0002a760",$d,00000000
"0002a764","|static|_FUN_005d9084_0002a764",$d,00000000
"0002a768","|static|_FUN_005da414_0002a768",$d,00000000
"0002a76c","|static|_FUN_005dd22c_0002a76c",$d,00000000
"0002a770","|static|_FUN_0075ab50_0002a770",$d,00000000
"0002a774","|static|_FUN_007726d4_0002a774",$d,00000000
"0002a778","|static|_FUN_005dc4d8_0002a778",$d,00000000
"0002a77c","|static|_FUN_0075ab40_0002a77c",$d,00000000
"0002a780","|static|_FUN_0075ab54_0002a780",$d,00000000
"0002a784","|static|_FUN_0075ab48_0002a784",$d,00000000
"0002a788","DAT_0002a788",$d,00000000
"0002a798","|static|_FUN_006e46f4_0002a798",$d,00000000
"0002a7a0","|static|_FUN_00307c54_0002a7a0",$d,00000000
"0002a7a4","|static|_FUN_006e473c_0002a7a4",$d,00000000
"0002a7ac","|static|_FUN_0057b98c_0002a7ac",$d,00000000
"0002a7b0","|static|_FUN_0056e674_0002a7b0",$d,00000000
"0002a7b4","|static|_FUN_00575d4c_0002a7b4",$d,00000000
"0002a7b8","|static|_LAB_0057ba24_0002a7b8",$d,00000000
"0002a7bc","|static|_FUN_0057ba2c_0002a7bc",$d,00000000
"0002a7c0","|static|_FUN_005755cc_0002a7c0",$d,00000000
"0002a7c4","|static|_FUN_00521a38_0002a7c4",$d,00000000
"0002a7c8","|static|_FUN_0056f1a4_0002a7c8",$d,00000000
"0002a7d8","|static|_FUN_0076f810_0002a7d8",$d,00000000
"0002a7dc","|static|_FUN_0076f55c_0002a7dc",$d,00000000
"0002a7e4","|static|_FUN_0076f7dc_0002a7e4",$d,00000000
"0002a7e8","|static|_FUN_00750970_0002a7e8",$d,00000000
"0002a7ec","|static|_FUN_0076f540_0002a7ec",$d,00000000
"0002a7f0","|static|_FUN_0076f7d4_0002a7f0",$d,00000000
"0002a7f4","|static|_FUN_006e46e8_0002a7f4",$d,00000000
"0002a7f8","|static|_FUN_006e4500_0002a7f8",$d,00000000
"0002a7fc","|static|_FUN_006e4518_0002a7fc",$d,00000000
"0002a800","|static|_FUN_0076f538_0002a800",$d,00000000
"0002a804","|static|_FUN_0076f548_0002a804",$d,00000000
"0002a808","|static|_FUN_0056ea04_0002a808",$d,00000000
"0002a80c","|static|_FUN_0056e6c4_0002a80c",$d,00000000
"0002a810","|static|_FUN_0056e24c_0002a810",$d,00000000
"0002a814","|static|_FUN_00570f10_0002a814",$d,00000000
"0002a818","|static|_FUN_00570e9c_0002a818",$d,00000000
"0002a81c","|static|_FUN_00570028_0002a81c",$d,00000000
"0002a830","|static|_FUN_00574e34_0002a830",$d,00000000
"0002a844","|static|_FUN_00574cfc_0002a844",$d,00000000
"0002a850","|static|_FUN_0057418c_0002a850",$d,00000000
"0002a85c","|static|_FUN_0056f2ac_0002a85c",$d,00000000
"0002a860","|static|_FUN_00570950_0002a860",$d,00000000
"0002a868","|static|_FUN_005707b8_0002a868",$d,00000000
"0002a86c","|static|_FUN_005734bc_0002a86c",$d,00000000
"0002a870","|static|_FUN_004ea3a8_0002a870",$d,00000000
"0002a874","|static|_FUN_004ea1ec_0002a874",$d,00000000
"0002a880","|static|_FUN_005723a0_0002a880",$d,00000000
"0002a898","|static|_FUN_00573ea4_0002a898",$d,00000000
"0002a8c8","|static|_FUN_007717ac_0002a8c8",$d,00000000
"0002a8e0","|static|_FUN_005f4b04_0002a8e0",$d,00000000
"0002a8e4","|static|_FUN_005f4b24_0002a8e4",$d,00000000
"0002a8e8","|static|_FUN_005f4b34_0002a8e8",$d,00000000
"0002a8ec","|static|_FUN_005f4b18_0002a8ec",$d,00000000
"0002a8f0","|static|_FUN_005f4b14_0002a8f0",$d,00000000
"0002a8f4","|static|_FUN_005f4b20_0002a8f4",$d,00000000
"0002a8f8","|static|_FUN_005f4b44_0002a8f8",$d,00000000
"0002a8fc","|static|_FUN_005f4b40_0002a8fc",$d,00000000
"0002a900","|static|_FUN_005f4b3c_0002a900",$d,00000000
"0002a904","|static|_FUN_005f4b50_0002a904",$d,00000000
"0002a908","|static|_FUN_005f4b08_0002a908",$d,00000000
"0002a90c","|static|_FUN_005f4b28_0002a90c",$d,00000000
"0002a910","|static|_FUN_005f4b6c_0002a910",$d,00000000
"0002a914","|static|_FUN_005f4b0c_0002a914",$d,00000000
"0002a918","|static|_FUN_005f4b38_0002a918",$d,00000000
"0002a91c","|static|_FUN_005f4b54_0002a91c",$d,00000000
"0002a920","|static|_FUN_005f4b1c_0002a920",$d,00000000
"0002a924","|static|_FUN_005f4b10_0002a924",$d,00000000
"0002a928","|static|_FUN_005f4b4c_0002a928",$d,00000000
"0002a92c","|static|_FUN_005f4b48_0002a92c",$d,00000000
"0002a930","|static|_FUN_005f4b68_0002a930",$d,00000000
"0002a934","|static|_FUN_00573e9c_0002a934",$d,00000000
"0002a938","|static|_FUN_005f4b70_0002a938",$d,00000000
"0002a93c","|static|_FUN_005f4b78_0002a93c",$d,00000000
"0002a940","|static|_FUN_005f4b60_0002a940",$d,00000000
"0002a944","|static|_FUN_005f4b58_0002a944",$d,00000000
"0002a948","|static|_FUN_005f4b5c_0002a948",$d,00000000
"0002a94c","|static|_FUN_005f4b74_0002a94c",$d,00000000
"0002a950","|static|_FUN_005f4b80_0002a950",$d,00000000
"0002a954","|static|_FUN_005f4b88_0002a954",$d,00000000
"0002a958","|static|_FUN_005f4b7c_0002a958",$d,00000000
"0002a95c","|static|_FUN_005f4b84_0002a95c",$d,00000000
"0002a960","|static|_FUN_005f4b2c_0002a960",$d,00000000
"0002a964","|static|_FUN_0075ab68_0002a964",$d,00000000
"0002a968","|static|_FUN_0075ab8c_0002a968",$d,00000000
"0002a96c","|static|_FUN_0023bbe0_0002a96c",$d,00000000
"0002a970","|static|_FUN_0023b508_0002a970",$d,00000000
"0002a978","|static|_FUN_0023b1b0_0002a978",$d,00000000
"0002a97c","|static|_FUN_0023b2b0_0002a97c",$d,00000000
"0002a980","|static|_FUN_005dd630_0002a980",$d,00000000
"0002a984","|static|_FUN_0023b504_0002a984",$d,00000000
"0002a988","|static|_LAB_005dd598_0002a988",$d,00000000
"0002a98c","|static|_FUN_005dd550_0002a98c",$d,00000000
"0002a990","|static|_FUN_005dd648_0002a990",$d,00000000
"0002a994","|static|_FUN_005dd670_0002a994",$d,00000000
"0002a998","|static|_FUN_005dd67c_0002a998",$d,00000000
"0002a99c","|static|_FUN_005dd65c_0002a99c",$d,00000000
"0002a9a0","|static|_FUN_005dd560_0002a9a0",$d,00000000
"0002a9a4","|static|_FUN_005dd64c_0002a9a4",$d,00000000
"0002a9a8","|static|_FUN_005dd5a0_0002a9a8",$d,00000000
"0002a9ac","|static|_FUN_005dd638_0002a9ac",$d,00000000
"0002a9b0","|static|_FUN_005dd694_0002a9b0",$d,00000000
"0002a9b4","|static|_FUN_005dd698_0002a9b4",$d,00000000
"0002a9b8","|static|_FUN_005dd55c_0002a9b8",$d,00000000
"0002a9bc","|static|_FUN_005dd5b4_0002a9bc",$d,00000000
"0002a9c0","|static|_FUN_005dd674_0002a9c0",$d,00000000
"0002a9c4","|static|_FUN_005dd680_0002a9c4",$d,00000000
"0002a9c8","|static|_FUN_005dd684_0002a9c8",$d,00000000
"0002a9cc","|static|_LAB_0075ab5c_0002a9cc",$d,00000000
"0002a9d0","|static|_FUN_00713b0c_0002a9d0",$d,00000000
"0002a9d4","|static|_FUN_0023adb8_0002a9d4",$d,00000000
"0002a9d8","|static|_FUN_0023b2b4_0002a9d8",$d,00000000
"0002a9e0","|static|_FUN_0023b21c_0002a9e0",$d,00000000
"0002a9ec","|static|_FUN_0023b1ac_0002a9ec",$d,00000000
"0002a9f0","|static|_FUN_0023af1c_0002a9f0",$d,00000000
"0002a9f4","|static|_FUN_0023b214_0002a9f4",$d,00000000
"0002aa08","|static|_FUN_005db288_0002aa08",$d,00000000
"0002aa14","|static|_FUN_005d9084_0002aa14",$d,00000000
"0002aa18","|static|_FUN_005da414_0002aa18",$d,00000000
"0002aa1c","|static|_FUN_005dd22c_0002aa1c",$d,00000000
"0002aa20","|static|_FUN_0075ab50_0002aa20",$d,00000000
"0002aa24","|static|_FUN_007726d4_0002aa24",$d,00000000
"0002aa28","|static|_FUN_005dc4d8_0002aa28",$d,00000000
"0002aa2c","|static|_FUN_0075ab40_0002aa2c",$d,00000000
"0002aa30","|static|_FUN_0075ab54_0002aa30",$d,00000000
"0002aa34","|static|_FUN_0075ab48_0002aa34",$d,00000000
"0002aa38","DAT_0002aa38",$d,00000000
"0002aa48","|static|_FUN_006e46f4_0002aa48",$d,00000000
"0002aa50","|static|_FUN_00307c54_0002aa50",$d,00000000
"0002aa54","|static|_FUN_006e473c_0002aa54",$d,00000000
"0002aa5c","|static|_FUN_0057b98c_0002aa5c",$d,00000000
"0002aa60","|static|_FUN_0056e674_0002aa60",$d,00000000
"0002aa64","|static|_FUN_00575d4c_0002aa64",$d,00000000
"0002aa68","|static|_LAB_0057ba24_0002aa68",$d,00000000
"0002aa6c","|static|_FUN_0057ba2c_0002aa6c",$d,00000000
"0002aa70","|static|_FUN_005755cc_0002aa70",$d,00000000
"0002aa74","|static|_FUN_00521a38_0002aa74",$d,00000000
"0002aa78","|static|_FUN_0056f1a4_0002aa78",$d,00000000
"0002aa88","|static|_FUN_0076f810_0002aa88",$d,00000000
"0002aa8c","|static|_FUN_0076f55c_0002aa8c",$d,00000000
"0002aa90","|static|_FUN_005772b4_0002aa90",$d,00000000
"0002aa94","|static|_FUN_0076f7dc_0002aa94",$d,00000000
"0002aa98","|static|_FUN_00750970_0002aa98",$d,00000000
"0002aa9c","|static|_FUN_0076f540_0002aa9c",$d,00000000
"0002aaa0","|static|_FUN_0076f7d4_0002aaa0",$d,00000000
"0002aaa4","|static|_FUN_006e46e8_0002aaa4",$d,00000000
"0002aaa8","|static|_FUN_006e4500_0002aaa8",$d,00000000
"0002aaac","|static|_FUN_006e4518_0002aaac",$d,00000000
"0002aab0","|static|_FUN_0076f538_0002aab0",$d,00000000
"0002aab4","|static|_FUN_0076f548_0002aab4",$d,00000000
"0002aab8","|static|_FUN_0056ea04_0002aab8",$d,00000000
"0002aabc","|static|_FUN_0056e6c4_0002aabc",$d,00000000
"0002aac0","|static|_FUN_0056e24c_0002aac0",$d,00000000
"0002aac4","|static|_FUN_00570f10_0002aac4",$d,00000000
"0002aac8","|static|_FUN_00570e9c_0002aac8",$d,00000000
"0002aacc","|static|_FUN_00570028_0002aacc",$d,00000000
"0002aad8","|static|_FUN_00573214_0002aad8",$d,00000000
"0002aadc","|static|_FUN_00751050_0002aadc",$d,00000000
"0002aae0","|static|_FUN_00574e34_0002aae0",$d,00000000
"0002aaf4","|static|_FUN_00574cfc_0002aaf4",$d,00000000
"0002ab00","|static|_FUN_0057418c_0002ab00",$d,00000000
"0002ab1c","|static|_FUN_005734bc_0002ab1c",$d,00000000
"0002ab30","|static|_FUN_005723a0_0002ab30",$d,00000000
"0002ab44","|static|_FUN_0056f8b4_0002ab44",$d,00000000
"0002ab48","|static|_FUN_00573ea4_0002ab48",$d,00000000
"0002ab5c","|static|_FUN_007717ac_0002ab5c",$d,00000000
"0002ab74","|static|_FUN_005f4b04_0002ab74",$d,00000000
"0002ab78","|static|_FUN_005f4b24_0002ab78",$d,00000000
"0002ab7c","|static|_FUN_005f4b34_0002ab7c",$d,00000000
"0002ab80","|static|_FUN_005f4b18_0002ab80",$d,00000000
"0002ab84","|static|_FUN_005f4b14_0002ab84",$d,00000000
"0002ab88","|static|_FUN_005f4b20_0002ab88",$d,00000000
"0002ab8c","|static|_FUN_005f4b44_0002ab8c",$d,00000000
"0002ab90","|static|_FUN_005f4b40_0002ab90",$d,00000000
"0002ab94","|static|_FUN_005f4b3c_0002ab94",$d,00000000
"0002ab98","|static|_FUN_005f4b50_0002ab98",$d,00000000
"0002ab9c","|static|_FUN_005f4b08_0002ab9c",$d,00000000
"0002aba0","|static|_FUN_005f4b28_0002aba0",$d,00000000
"0002aba4","|static|_FUN_005f4b6c_0002aba4",$d,00000000
"0002aba8","|static|_FUN_005f4b0c_0002aba8",$d,00000000
"0002abac","|static|_FUN_005f4b38_0002abac",$d,00000000
"0002abb0","|static|_FUN_005f4b54_0002abb0",$d,00000000
"0002abb4","|static|_FUN_005f4b1c_0002abb4",$d,00000000
"0002abb8","|static|_FUN_005f4b10_0002abb8",$d,00000000
"0002abbc","|static|_FUN_005f4b4c_0002abbc",$d,00000000
"0002abc0","|static|_FUN_005f4b48_0002abc0",$d,00000000
"0002abc4","|static|_FUN_005f4b68_0002abc4",$d,00000000
"0002abc8","|static|_FUN_00573e9c_0002abc8",$d,00000000
"0002abcc","|static|_FUN_005f4b70_0002abcc",$d,00000000
"0002abd0","|static|_FUN_005f4b78_0002abd0",$d,00000000
"0002abd4","|static|_FUN_005f4b60_0002abd4",$d,00000000
"0002abd8","|static|_FUN_005f4b58_0002abd8",$d,00000000
"0002abdc","|static|_FUN_005f4b5c_0002abdc",$d,00000000
"0002abe0","|static|_FUN_005f4b74_0002abe0",$d,00000000
"0002abe4","|static|_FUN_005f4b80_0002abe4",$d,00000000
"0002abe8","|static|_FUN_005f4b88_0002abe8",$d,00000000
"0002abec","|static|_FUN_005f4b7c_0002abec",$d,00000000
"0002abf0","|static|_FUN_005f4b84_0002abf0",$d,00000000
"0002abf4","|static|_FUN_005f4b2c_0002abf4",$d,00000000
"0002abf8","|static|_FUN_0075ab68_0002abf8",$d,00000000
"0002abfc","|static|_FUN_0075ab8c_0002abfc",$d,00000000
"0002ac00","|static|_FUN_0023bbe0_0002ac00",$d,00000000
"0002ac04","|static|_FUN_0023b508_0002ac04",$d,00000000
"0002ac08","|static|_FUN_0023b2b8_0002ac08",$d,00000000
"0002ac0c","|static|_FUN_0023b1b0_0002ac0c",$d,00000000
"0002ac10","|static|_FUN_0023b2b0_0002ac10",$d,00000000
"0002ac14","|static|_FUN_005dd630_0002ac14",$d,00000000
"0002ac18","|static|_FUN_0023b504_0002ac18",$d,00000000
"0002ac1c","|static|_LAB_005dd598_0002ac1c",$d,00000000
"0002ac20","|static|_FUN_005dd550_0002ac20",$d,00000000
"0002ac24","|static|_FUN_005dd648_0002ac24",$d,00000000
"0002ac28","|static|_FUN_005dd670_0002ac28",$d,00000000
"0002ac2c","|static|_FUN_005dd67c_0002ac2c",$d,00000000
"0002ac30","|static|_FUN_005dd65c_0002ac30",$d,00000000
"0002ac34","|static|_FUN_005dd560_0002ac34",$d,00000000
"0002ac38","|static|_FUN_005dd64c_0002ac38",$d,00000000
"0002ac3c","|static|_FUN_005dd5a0_0002ac3c",$d,00000000
"0002ac40","|static|_FUN_005dd638_0002ac40",$d,00000000
"0002ac44","|static|_FUN_005dd694_0002ac44",$d,00000000
"0002ac48","|static|_FUN_005dd698_0002ac48",$d,00000000
"0002ac4c","|static|_FUN_005dd55c_0002ac4c",$d,00000000
"0002ac50","|static|_FUN_005dd5b4_0002ac50",$d,00000000
"0002ac54","|static|_FUN_005dd674_0002ac54",$d,00000000
"0002ac58","|static|_FUN_005dd680_0002ac58",$d,00000000
"0002ac5c","|static|_FUN_005dd684_0002ac5c",$d,00000000
"0002ac60","|static|_LAB_0075ab5c_0002ac60",$d,00000000
"0002ac64","|static|_FUN_00713b0c_0002ac64",$d,00000000
"0002ac68","|static|_FUN_0023adb8_0002ac68",$d,00000000
"0002ac6c","|static|_FUN_0023b2b4_0002ac6c",$d,00000000
"0002ac70","|static|_FUN_0023b218_0002ac70",$d,00000000
"0002ac74","|static|_FUN_0023b21c_0002ac74",$d,00000000
"0002ac78","|static|_FUN_0023adbc_0002ac78",$d,00000000
"0002ac7c","|static|_FUN_0056f8ac_0002ac7c",$d,00000000
"0002ac80","|static|_FUN_0023b1ac_0002ac80",$d,00000000
"0002ac84","|static|_FUN_0023af1c_0002ac84",$d,00000000
"0002ac88","|static|_FUN_0023b214_0002ac88",$d,00000000
"0002ac9c","|static|_FUN_005db288_0002ac9c",$d,00000000
"0002aca0","|static|_FUN_007753b4_0002aca0",$d,00000000
"0002aca4","|static|_FUN_00772630_0002aca4",$d,00000000
"0002aca8","|static|_FUN_005d9084_0002aca8",$d,00000000
"0002acac","|static|_FUN_005da414_0002acac",$d,00000000
"0002acb0","|static|_FUN_005dd22c_0002acb0",$d,00000000
"0002acb4","|static|_FUN_0075ab50_0002acb4",$d,00000000
"0002acb8","|static|_FUN_007726d4_0002acb8",$d,00000000
"0002acbc","|static|_FUN_005dc4d8_0002acbc",$d,00000000
"0002acc0","|static|_FUN_0075ab40_0002acc0",$d,00000000
"0002acc4","|static|_FUN_0075ab54_0002acc4",$d,00000000
"0002acc8","|static|_FUN_0075ab48_0002acc8",$d,00000000
"0002accc","DAT_0002accc",$d,00000000
"0002acdc","|static|_FUN_006e46f4_0002acdc",$d,00000000
"0002ace4","|static|_FUN_00307c54_0002ace4",$d,00000000
"0002ace8","|static|_FUN_006e473c_0002ace8",$d,00000000
"0002acf0","|static|_FUN_0057b98c_0002acf0",$d,00000000
"0002acf4","|static|_FUN_0056e674_0002acf4",$d,00000000
"0002acf8","|static|_FUN_00575d4c_0002acf8",$d,00000000
"0002acfc","|static|_LAB_0057ba24_0002acfc",$d,00000000
"0002ad00","|static|_FUN_0057ba2c_0002ad00",$d,00000000
"0002ad04","|static|_FUN_005755cc_0002ad04",$d,00000000
"0002ad08","|static|_FUN_00521a38_0002ad08",$d,00000000
"0002ad0c","|static|_FUN_0056f1a4_0002ad0c",$d,00000000
"0002ad1c","|static|_FUN_0076f810_0002ad1c",$d,00000000
"0002ad20","|static|_FUN_0076f55c_0002ad20",$d,00000000
"0002ad24","|static|_FUN_005772b4_0002ad24",$d,00000000
"0002ad28","|static|_FUN_0076f7dc_0002ad28",$d,00000000
"0002ad2c","|static|_FUN_00750970_0002ad2c",$d,00000000
"0002ad30","|static|_FUN_0076f540_0002ad30",$d,00000000
"0002ad34","|static|_FUN_0076f7d4_0002ad34",$d,00000000
"0002ad38","|static|_FUN_006e46e8_0002ad38",$d,00000000
"0002ad3c","|static|_FUN_006e4500_0002ad3c",$d,00000000
"0002ad40","|static|_FUN_006e4518_0002ad40",$d,00000000
"0002ad44","|static|_FUN_0076f538_0002ad44",$d,00000000
"0002ad48","|static|_FUN_0076f548_0002ad48",$d,00000000
"0002ad4c","|static|_FUN_0056ea04_0002ad4c",$d,00000000
"0002ad50","|static|_FUN_0056e6c4_0002ad50",$d,00000000
"0002ad54","|static|_FUN_0056e24c_0002ad54",$d,00000000
"0002ad58","|static|_FUN_00570f10_0002ad58",$d,00000000
"0002ad5c","|static|_FUN_00570e9c_0002ad5c",$d,00000000
"0002ad60","|static|_FUN_00570028_0002ad60",$d,00000000
"0002ad74","|static|_FUN_00574e34_0002ad74",$d,00000000
"0002ad88","|static|_FUN_00574cfc_0002ad88",$d,00000000
"0002ad94","|static|_FUN_0057418c_0002ad94",$d,00000000
"0002ada0","|static|_FUN_0056f2ac_0002ada0",$d,00000000
"0002ada4","|static|_FUN_00570950_0002ada4",$d,00000000
"0002adac","|static|_FUN_005707b8_0002adac",$d,00000000
"0002adb0","|static|_FUN_005734bc_0002adb0",$d,00000000
"0002adb4","|static|_FUN_004ea3a8_0002adb4",$d,00000000
"0002adb8","|static|_FUN_004ea1ec_0002adb8",$d,00000000
"0002adc4","|static|_FUN_005723a0_0002adc4",$d,00000000
"0002add8","|static|_FUN_0056f8b4_0002add8",$d,00000000
"0002addc","|static|_FUN_00573ea4_0002addc",$d,00000000
"0002adf0","|static|_FUN_007717ac_0002adf0",$d,00000000
"0002ae08","|static|_FUN_005f4b04_0002ae08",$d,00000000
"0002ae0c","|static|_FUN_005f4b24_0002ae0c",$d,00000000
"0002ae10","|static|_FUN_005f4b34_0002ae10",$d,00000000
"0002ae14","|static|_FUN_005f4b18_0002ae14",$d,00000000
"0002ae18","|static|_FUN_005f4b14_0002ae18",$d,00000000
"0002ae1c","|static|_FUN_005f4b20_0002ae1c",$d,00000000
"0002ae20","|static|_FUN_005f4b44_0002ae20",$d,00000000
"0002ae24","|static|_FUN_005f4b40_0002ae24",$d,00000000
"0002ae28","|static|_FUN_005f4b3c_0002ae28",$d,00000000
"0002ae2c","|static|_FUN_005f4b50_0002ae2c",$d,00000000
"0002ae30","|static|_FUN_005f4b08_0002ae30",$d,00000000
"0002ae34","|static|_FUN_005f4b28_0002ae34",$d,00000000
"0002ae38","|static|_FUN_005f4b6c_0002ae38",$d,00000000
"0002ae3c","|static|_FUN_005f4b0c_0002ae3c",$d,00000000
"0002ae40","|static|_FUN_005f4b38_0002ae40",$d,00000000
"0002ae44","|static|_FUN_005f4b54_0002ae44",$d,00000000
"0002ae48","|static|_FUN_005f4b1c_0002ae48",$d,00000000
"0002ae4c","|static|_FUN_005f4b10_0002ae4c",$d,00000000
"0002ae50","|static|_FUN_005f4b4c_0002ae50",$d,00000000
"0002ae54","|static|_FUN_005f4b48_0002ae54",$d,00000000
"0002ae58","|static|_FUN_005f4b68_0002ae58",$d,00000000
"0002ae5c","|static|_FUN_00573e9c_0002ae5c",$d,00000000
"0002ae60","|static|_FUN_005f4b70_0002ae60",$d,00000000
"0002ae64","|static|_FUN_005f4b78_0002ae64",$d,00000000
"0002ae68","|static|_FUN_005f4b60_0002ae68",$d,00000000
"0002ae6c","|static|_FUN_005f4b58_0002ae6c",$d,00000000
"0002ae70","|static|_FUN_005f4b5c_0002ae70",$d,00000000
"0002ae74","|static|_FUN_005f4b74_0002ae74",$d,00000000
"0002ae78","|static|_FUN_005f4b80_0002ae78",$d,00000000
"0002ae7c","|static|_FUN_005f4b88_0002ae7c",$d,00000000
"0002ae80","|static|_FUN_005f4b7c_0002ae80",$d,00000000
"0002ae84","|static|_FUN_005f4b84_0002ae84",$d,00000000
"0002ae88","|static|_FUN_005f4b2c_0002ae88",$d,00000000
"0002ae8c","|static|_FUN_0075ab68_0002ae8c",$d,00000000
"0002ae90","|static|_FUN_0075ab8c_0002ae90",$d,00000000
"0002ae94","|static|_FUN_0023bbe0_0002ae94",$d,00000000
"0002ae98","|static|_FUN_0023b508_0002ae98",$d,00000000
"0002ae9c","|static|_FUN_0023b2b8_0002ae9c",$d,00000000
"0002aea0","|static|_FUN_0023b1b0_0002aea0",$d,00000000
"0002aea4","|static|_FUN_0023b2b0_0002aea4",$d,00000000
"0002aea8","|static|_FUN_005dd630_0002aea8",$d,00000000
"0002aeac","|static|_FUN_0023b504_0002aeac",$d,00000000
"0002aeb0","|static|_LAB_005dd598_0002aeb0",$d,00000000
"0002aeb4","|static|_FUN_005dd550_0002aeb4",$d,00000000
"0002aeb8","|static|_FUN_005dd648_0002aeb8",$d,00000000
"0002aebc","|static|_FUN_005dd670_0002aebc",$d,00000000
"0002aec0","|static|_FUN_005dd67c_0002aec0",$d,00000000
"0002aec4","|static|_FUN_005dd65c_0002aec4",$d,00000000
"0002aec8","|static|_FUN_005dd560_0002aec8",$d,00000000
"0002aecc","|static|_FUN_005dd64c_0002aecc",$d,00000000
"0002aed0","|static|_FUN_005dd5a0_0002aed0",$d,00000000
"0002aed4","|static|_FUN_005dd638_0002aed4",$d,00000000
"0002aed8","|static|_FUN_005dd694_0002aed8",$d,00000000
"0002aedc","|static|_FUN_005dd698_0002aedc",$d,00000000
"0002aee0","|static|_FUN_005dd55c_0002aee0",$d,00000000
"0002aee4","|static|_FUN_005dd5b4_0002aee4",$d,00000000
"0002aee8","|static|_FUN_005dd674_0002aee8",$d,00000000
"0002aeec","|static|_FUN_005dd680_0002aeec",$d,00000000
"0002aef0","|static|_FUN_005dd684_0002aef0",$d,00000000
"0002aef4","|static|_LAB_0075ab5c_0002aef4",$d,00000000
"0002aef8","|static|_FUN_00713b0c_0002aef8",$d,00000000
"0002aefc","|static|_FUN_0023adb8_0002aefc",$d,00000000
"0002af00","|static|_FUN_0023b2b4_0002af00",$d,00000000
"0002af04","|static|_FUN_0023b218_0002af04",$d,00000000
"0002af08","|static|_FUN_0023b21c_0002af08",$d,00000000
"0002af0c","|static|_FUN_0023adbc_0002af0c",$d,00000000
"0002af10","|static|_FUN_0056f8ac_0002af10",$d,00000000
"0002af14","|static|_FUN_0023b1ac_0002af14",$d,00000000
"0002af18","|static|_FUN_0023af1c_0002af18",$d,00000000
"0002af1c","|static|_FUN_0023b214_0002af1c",$d,00000000
"0002af30","|static|_FUN_005db288_0002af30",$d,00000000
"0002af34","|static|_FUN_007753b4_0002af34",$d,00000000
"0002af38","|static|_FUN_00772630_0002af38",$d,00000000
"0002af3c","|static|_FUN_005d9084_0002af3c",$d,00000000
"0002af40","|static|_FUN_005da414_0002af40",$d,00000000
"0002af44","|static|_FUN_005dd22c_0002af44",$d,00000000
"0002af48","|static|_FUN_0075ab50_0002af48",$d,00000000
"0002af4c","|static|_FUN_007726d4_0002af4c",$d,00000000
"0002af50","|static|_FUN_005dc4d8_0002af50",$d,00000000
"0002af54","|static|_FUN_0075ab40_0002af54",$d,00000000
"0002af58","|static|_FUN_0075ab54_0002af58",$d,00000000
"0002af5c","|static|_FUN_0075ab48_0002af5c",$d,00000000
"0002af60","DAT_0002af60",$d,00000000
"0002af70","|static|_FUN_006e46f4_0002af70",$d,00000000
"0002af78","|static|_FUN_00307c54_0002af78",$d,00000000
"0002af7c","|static|_FUN_006e473c_0002af7c",$d,00000000
"0002af84","|static|_FUN_0057b98c_0002af84",$d,00000000
"0002af88","|static|_FUN_0056e674_0002af88",$d,00000000
"0002af8c","|static|_FUN_00575d4c_0002af8c",$d,00000000
"0002af90","|static|_LAB_0057ba24_0002af90",$d,00000000
"0002af94","|static|_FUN_0057ba2c_0002af94",$d,00000000
"0002af98","|static|_FUN_005755cc_0002af98",$d,00000000
"0002af9c","|static|_FUN_00521a38_0002af9c",$d,00000000
"0002afa0","|static|_FUN_0056f1a4_0002afa0",$d,00000000
"0002afb0","|static|_FUN_0076f810_0002afb0",$d,00000000
"0002afbc","|static|_FUN_0076f7dc_0002afbc",$d,00000000
"0002afc0","|static|_FUN_00750970_0002afc0",$d,00000000
"0002afc4","|static|_FUN_0076f540_0002afc4",$d,00000000
"0002afc8","|static|_FUN_0076f7d4_0002afc8",$d,00000000
"0002afcc","|static|_FUN_006e46e8_0002afcc",$d,00000000
"0002afd0","|static|_FUN_006e4500_0002afd0",$d,00000000
"0002afd4","|static|_FUN_006e4518_0002afd4",$d,00000000
"0002afd8","|static|_FUN_0076f538_0002afd8",$d,00000000
"0002afdc","|static|_FUN_0076f548_0002afdc",$d,00000000
"0002afe0","|static|_FUN_0056ea04_0002afe0",$d,00000000
"0002afe4","|static|_FUN_0056e6c4_0002afe4",$d,00000000
"0002afe8","|static|_FUN_0056e24c_0002afe8",$d,00000000
"0002afec","|static|_FUN_00570f10_0002afec",$d,00000000
"0002aff0","|static|_FUN_00570e9c_0002aff0",$d,00000000
"0002aff4","|static|_FUN_00570028_0002aff4",$d,00000000
"0002b000","|static|_FUN_00573214_0002b000",$d,00000000
"0002b004","|static|_FUN_00751050_0002b004",$d,00000000
"0002b008","|static|_FUN_00574e34_0002b008",$d,00000000
"0002b01c","|static|_FUN_00574cfc_0002b01c",$d,00000000
"0002b028","|static|_FUN_0057418c_0002b028",$d,00000000
"0002b034","|static|_FUN_0056f2ac_0002b034",$d,00000000
"0002b038","|static|_FUN_00570950_0002b038",$d,00000000
"0002b040","|static|_FUN_005707b8_0002b040",$d,00000000
"0002b044","|static|_FUN_005734bc_0002b044",$d,00000000
"0002b048","|static|_FUN_004ea3a8_0002b048",$d,00000000
"0002b04c","|static|_FUN_004ea1ec_0002b04c",$d,00000000
"0002b058","|static|_FUN_005723a0_0002b058",$d,00000000
"0002b070","|static|_FUN_00573ea4_0002b070",$d,00000000
"0002b098","|static|_FUN_007717ac_0002b098",$d,00000000
"0002b0b4","|static|_FUN_005f4b24_0002b0b4",$d,00000000
"0002b0b8","|static|_FUN_005f4b34_0002b0b8",$d,00000000
"0002b0bc","|static|_FUN_005f4b18_0002b0bc",$d,00000000
"0002b0c4","|static|_FUN_005f4b20_0002b0c4",$d,00000000
"0002b0c8","|static|_FUN_005f4b44_0002b0c8",$d,00000000
"0002b0cc","|static|_FUN_005f4b40_0002b0cc",$d,00000000
"0002b0d0","|static|_FUN_005f4b3c_0002b0d0",$d,00000000
"0002b0d4","|static|_FUN_005f4b50_0002b0d4",$d,00000000
"0002b0d8","|static|_FUN_005f4b08_0002b0d8",$d,00000000
"0002b0dc","|static|_FUN_005f4b28_0002b0dc",$d,00000000
"0002b0e0","|static|_FUN_005f4b6c_0002b0e0",$d,00000000
"0002b0e4","|static|_FUN_005f4b0c_0002b0e4",$d,00000000
"0002b0e8","|static|_FUN_005f4b38_0002b0e8",$d,00000000
"0002b0ec","|static|_FUN_005f4b54_0002b0ec",$d,00000000
"0002b0f0","|static|_FUN_005f4b1c_0002b0f0",$d,00000000
"0002b0f4","|static|_FUN_005f4b10_0002b0f4",$d,00000000
"0002b0f8","|static|_FUN_005f4b4c_0002b0f8",$d,00000000
"0002b0fc","|static|_FUN_005f4b48_0002b0fc",$d,00000000
"0002b100","|static|_FUN_005f4b68_0002b100",$d,00000000
"0002b104","|static|_FUN_00573e9c_0002b104",$d,00000000
"0002b108","|static|_FUN_005f4b70_0002b108",$d,00000000
"0002b10c","|static|_FUN_005f4b78_0002b10c",$d,00000000
"0002b110","|static|_FUN_005f4b60_0002b110",$d,00000000
"0002b114","|static|_FUN_005f4b58_0002b114",$d,00000000
"0002b118","|static|_FUN_005f4b5c_0002b118",$d,00000000
"0002b11c","|static|_FUN_005f4b74_0002b11c",$d,00000000
"0002b120","|static|_FUN_005f4b80_0002b120",$d,00000000
"0002b124","|static|_FUN_005f4b88_0002b124",$d,00000000
"0002b128","|static|_FUN_005f4b7c_0002b128",$d,00000000
"0002b12c","|static|_FUN_005f4b84_0002b12c",$d,00000000
"0002b130","|static|_FUN_005f4b2c_0002b130",$d,00000000
"0002b134","|static|_FUN_0075ab68_0002b134",$d,00000000
"0002b138","|static|_FUN_0075ab8c_0002b138",$d,00000000
"0002b13c","|static|_FUN_0023bbe0_0002b13c",$d,00000000
"0002b140","|static|_FUN_0023b508_0002b140",$d,00000000
"0002b144","|static|_FUN_0023b2b8_0002b144",$d,00000000
"0002b148","|static|_FUN_0023b1b0_0002b148",$d,00000000
"0002b14c","|static|_FUN_0023b2b0_0002b14c",$d,00000000
"0002b150","|static|_FUN_005dd630_0002b150",$d,00000000
"0002b154","|static|_FUN_0023b504_0002b154",$d,00000000
"0002b158","|static|_LAB_005dd598_0002b158",$d,00000000
"0002b15c","|static|_FUN_005dd550_0002b15c",$d,00000000
"0002b160","|static|_FUN_005dd648_0002b160",$d,00000000
"0002b164","|static|_FUN_005dd670_0002b164",$d,00000000
"0002b168","|static|_FUN_005dd67c_0002b168",$d,00000000
"0002b16c","|static|_FUN_005dd65c_0002b16c",$d,00000000
"0002b170","|static|_FUN_005dd560_0002b170",$d,00000000
"0002b174","|static|_FUN_005dd64c_0002b174",$d,00000000
"0002b178","|static|_FUN_005dd5a0_0002b178",$d,00000000
"0002b17c","|static|_FUN_005dd638_0002b17c",$d,00000000
"0002b180","|static|_FUN_005dd694_0002b180",$d,00000000
"0002b184","|static|_FUN_005dd698_0002b184",$d,00000000
"0002b188","|static|_FUN_005dd55c_0002b188",$d,00000000
"0002b18c","|static|_FUN_005dd5b4_0002b18c",$d,00000000
"0002b190","|static|_FUN_005dd674_0002b190",$d,00000000
"0002b194","|static|_FUN_005dd680_0002b194",$d,00000000
"0002b198","|static|_FUN_005dd684_0002b198",$d,00000000
"0002b19c","|static|_LAB_0075ab5c_0002b19c",$d,00000000
"0002b1a0","|static|_FUN_00713b0c_0002b1a0",$d,00000000
"0002b1a4","|static|_FUN_0023adb8_0002b1a4",$d,00000000
"0002b1a8","|static|_FUN_0023b2b4_0002b1a8",$d,00000000
"0002b1b0","|static|_FUN_0023b21c_0002b1b0",$d,00000000
"0002b1c0","|static|_FUN_0023af1c_0002b1c0",$d,00000000
"0002b1c4","|static|_FUN_0023b214_0002b1c4",$d,00000000
"0002b1d8","|static|_FUN_005db288_0002b1d8",$d,00000000
"0002b1e4","|static|_FUN_005d9084_0002b1e4",$d,00000000
"0002b1e8","|static|_FUN_005da414_0002b1e8",$d,00000000
"0002b1ec","|static|_FUN_005dd22c_0002b1ec",$d,00000000
"0002b1f0","|static|_FUN_0075ab50_0002b1f0",$d,00000000
"0002b1f8","|static|_FUN_005dc4d8_0002b1f8",$d,00000000
"0002b1fc","|static|_FUN_0075ab40_0002b1fc",$d,00000000
"0002b200","|static|_FUN_0075ab54_0002b200",$d,00000000
"0002b204","|static|_FUN_0075ab48_0002b204",$d,00000000
"0002b208","DAT_0002b208",$d,00000000
"0002b218","|static|_FUN_006e46f4_0002b218",$d,00000000
"0002b220","|static|_FUN_00307c54_0002b220",$d,00000000
"0002b224","|static|_FUN_006e473c_0002b224",$d,00000000
"0002b22c","|static|_FUN_0057b98c_0002b22c",$d,00000000
"0002b230","|static|_FUN_0056e674_0002b230",$d,00000000
"0002b234","|static|_FUN_00575d4c_0002b234",$d,00000000
"0002b238","|static|_LAB_0057ba24_0002b238",$d,00000000
"0002b23c","|static|_FUN_0057ba2c_0002b23c",$d,00000000
"0002b240","|static|_FUN_005755cc_0002b240",$d,00000000
"0002b244","|static|_FUN_00521a38_0002b244",$d,00000000
"0002b248","|static|_FUN_0056f1a4_0002b248",$d,00000000
"0002b258","|static|_FUN_0076f810_0002b258",$d,00000000
"0002b25c","|static|_FUN_0076f55c_0002b25c",$d,00000000
"0002b260","|static|_FUN_005772b4_0002b260",$d,00000000
"0002b264","|static|_FUN_0076f7dc_0002b264",$d,00000000
"0002b268","|static|_FUN_00750970_0002b268",$d,00000000
"0002b26c","|static|_FUN_0076f540_0002b26c",$d,00000000
"0002b270","|static|_FUN_0076f7d4_0002b270",$d,00000000
"0002b274","|static|_FUN_006e46e8_0002b274",$d,00000000
"0002b278","|static|_FUN_006e4500_0002b278",$d,00000000
"0002b27c","|static|_FUN_006e4518_0002b27c",$d,00000000
"0002b280","|static|_FUN_0076f538_0002b280",$d,00000000
"0002b284","|static|_FUN_0076f548_0002b284",$d,00000000
"0002b288","|static|_FUN_0056ea04_0002b288",$d,00000000
"0002b28c","|static|_FUN_0056e6c4_0002b28c",$d,00000000
"0002b290","|static|_FUN_0056e24c_0002b290",$d,00000000
"0002b294","|static|_FUN_00570f10_0002b294",$d,00000000
"0002b298","|static|_FUN_00570e9c_0002b298",$d,00000000
"0002b29c","|static|_FUN_00570028_0002b29c",$d,00000000
"0002b2b0","|static|_FUN_00574e34_0002b2b0",$d,00000000
"0002b2c4","|static|_FUN_00574cfc_0002b2c4",$d,00000000
"0002b2d0","|static|_FUN_0057418c_0002b2d0",$d,00000000
"0002b2dc","|static|_FUN_0056f2ac_0002b2dc",$d,00000000
"0002b2e0","|static|_FUN_00570950_0002b2e0",$d,00000000
"0002b2e8","|static|_FUN_005707b8_0002b2e8",$d,00000000
"0002b2ec","|static|_FUN_005734bc_0002b2ec",$d,00000000
"0002b2f0","|static|_FUN_004ea3a8_0002b2f0",$d,00000000
"0002b2f4","|static|_FUN_004ea1ec_0002b2f4",$d,00000000
"0002b300","|static|_FUN_005723a0_0002b300",$d,00000000
"0002b314","|static|_FUN_0056f8b4_0002b314",$d,00000000
"0002b318","|static|_FUN_00573ea4_0002b318",$d,00000000
"0002b338","|static|_FUN_007717ac_0002b338",$d,00000000
"0002b350","|static|_FUN_005f4b04_0002b350",$d,00000000
"0002b354","|static|_FUN_005f4b24_0002b354",$d,00000000
"0002b358","|static|_FUN_005f4b34_0002b358",$d,00000000
"0002b35c","|static|_FUN_005f4b18_0002b35c",$d,00000000
"0002b360","|static|_FUN_005f4b14_0002b360",$d,00000000
"0002b364","|static|_FUN_005f4b20_0002b364",$d,00000000
"0002b368","|static|_FUN_005f4b44_0002b368",$d,00000000
"0002b36c","|static|_FUN_005f4b40_0002b36c",$d,00000000
"0002b370","|static|_FUN_005f4b3c_0002b370",$d,00000000
"0002b374","|static|_FUN_005f4b50_0002b374",$d,00000000
"0002b378","|static|_FUN_005f4b08_0002b378",$d,00000000
"0002b37c","|static|_FUN_005f4b28_0002b37c",$d,00000000
"0002b380","|static|_FUN_005f4b6c_0002b380",$d,00000000
"0002b384","|static|_FUN_005f4b0c_0002b384",$d,00000000
"0002b388","|static|_FUN_005f4b38_0002b388",$d,00000000
"0002b38c","|static|_FUN_005f4b54_0002b38c",$d,00000000
"0002b390","|static|_FUN_005f4b1c_0002b390",$d,00000000
"0002b394","|static|_FUN_005f4b10_0002b394",$d,00000000
"0002b398","|static|_FUN_005f4b4c_0002b398",$d,00000000
"0002b39c","|static|_FUN_005f4b48_0002b39c",$d,00000000
"0002b3a0","|static|_FUN_005f4b68_0002b3a0",$d,00000000
"0002b3a4","|static|_FUN_00573e9c_0002b3a4",$d,00000000
"0002b3a8","|static|_FUN_005f4b70_0002b3a8",$d,00000000
"0002b3ac","|static|_FUN_005f4b78_0002b3ac",$d,00000000
"0002b3b0","|static|_FUN_005f4b60_0002b3b0",$d,00000000
"0002b3b4","|static|_FUN_005f4b58_0002b3b4",$d,00000000
"0002b3b8","|static|_FUN_005f4b5c_0002b3b8",$d,00000000
"0002b3bc","|static|_FUN_005f4b74_0002b3bc",$d,00000000
"0002b3c0","|static|_FUN_005f4b80_0002b3c0",$d,00000000
"0002b3c4","|static|_FUN_005f4b88_0002b3c4",$d,00000000
"0002b3c8","|static|_FUN_005f4b7c_0002b3c8",$d,00000000
"0002b3cc","|static|_FUN_005f4b84_0002b3cc",$d,00000000
"0002b3d0","|static|_FUN_005f4b2c_0002b3d0",$d,00000000
"0002b3d4","|static|_FUN_0075ab68_0002b3d4",$d,00000000
"0002b3d8","|static|_FUN_0075ab8c_0002b3d8",$d,00000000
"0002b3dc","|static|_FUN_0023bbe0_0002b3dc",$d,00000000
"0002b3e0","|static|_FUN_0023b508_0002b3e0",$d,00000000
"0002b3e4","|static|_FUN_0023b2b8_0002b3e4",$d,00000000
"0002b3e8","|static|_FUN_0023b1b0_0002b3e8",$d,00000000
"0002b3ec","|static|_FUN_0023b2b0_0002b3ec",$d,00000000
"0002b3f0","|static|_FUN_005dd630_0002b3f0",$d,00000000
"0002b3f4","|static|_FUN_0023b504_0002b3f4",$d,00000000
"0002b3f8","|static|_LAB_005dd598_0002b3f8",$d,00000000
"0002b3fc","|static|_FUN_005dd550_0002b3fc",$d,00000000
"0002b400","|static|_FUN_005dd648_0002b400",$d,00000000
"0002b404","|static|_FUN_005dd670_0002b404",$d,00000000
"0002b408","|static|_FUN_005dd67c_0002b408",$d,00000000
"0002b40c","|static|_FUN_005dd65c_0002b40c",$d,00000000
"0002b410","|static|_FUN_005dd560_0002b410",$d,00000000
"0002b414","|static|_FUN_005dd64c_0002b414",$d,00000000
"0002b418","|static|_FUN_005dd5a0_0002b418",$d,00000000
"0002b41c","|static|_FUN_005dd638_0002b41c",$d,00000000
"0002b420","|static|_FUN_005dd694_0002b420",$d,00000000
"0002b424","|static|_FUN_005dd698_0002b424",$d,00000000
"0002b428","|static|_FUN_005dd55c_0002b428",$d,00000000
"0002b42c","|static|_FUN_005dd5b4_0002b42c",$d,00000000
"0002b430","|static|_FUN_005dd674_0002b430",$d,00000000
"0002b434","|static|_FUN_005dd680_0002b434",$d,00000000
"0002b438","|static|_FUN_005dd684_0002b438",$d,00000000
"0002b43c","|static|_LAB_0075ab5c_0002b43c",$d,00000000
"0002b440","|static|_FUN_00713b0c_0002b440",$d,00000000
"0002b444","|static|_FUN_0023adb8_0002b444",$d,00000000
"0002b448","|static|_FUN_0023b2b4_0002b448",$d,00000000
"0002b44c","|static|_FUN_0023b218_0002b44c",$d,00000000
"0002b450","|static|_FUN_0023b21c_0002b450",$d,00000000
"0002b454","|static|_FUN_0023adbc_0002b454",$d,00000000
"0002b458","|static|_FUN_0056f8ac_0002b458",$d,00000000
"0002b45c","|static|_FUN_0023b1ac_0002b45c",$d,00000000
"0002b460","|static|_FUN_0023af1c_0002b460",$d,00000000
"0002b464","|static|_FUN_0023b214_0002b464",$d,00000000
"0002b478","|static|_FUN_005db288_0002b478",$d,00000000
"0002b47c","|static|_FUN_007753b4_0002b47c",$d,00000000
"0002b480","|static|_FUN_00772630_0002b480",$d,00000000
"0002b484","|static|_FUN_005d9084_0002b484",$d,00000000
"0002b488","|static|_FUN_005da414_0002b488",$d,00000000
"0002b48c","|static|_FUN_005dd22c_0002b48c",$d,00000000
"0002b490","|static|_FUN_0075ab50_0002b490",$d,00000000
"0002b494","|static|_FUN_007726d4_0002b494",$d,00000000
"0002b498","|static|_FUN_005dc4d8_0002b498",$d,00000000
"0002b49c","|static|_FUN_0075ab40_0002b49c",$d,00000000
"0002b4a0","|static|_FUN_0075ab54_0002b4a0",$d,00000000
"0002b4a4","|static|_FUN_0075ab48_0002b4a4",$d,00000000
"0002b4a8","DAT_0002b4a8",$d,00000000
"0002b4b8","|static|_FUN_006e46f4_0002b4b8",$d,00000000
"0002b4c0","|static|_FUN_00307c54_0002b4c0",$d,00000000
"0002b4c4","|static|_FUN_006e473c_0002b4c4",$d,00000000
"0002b4cc","|static|_FUN_0057b98c_0002b4cc",$d,00000000
"0002b4d0","|static|_FUN_0056e674_0002b4d0",$d,00000000
"0002b4d4","|static|_FUN_00575d4c_0002b4d4",$d,00000000
"0002b4d8","|static|_LAB_0057ba24_0002b4d8",$d,00000000
"0002b4dc","|static|_FUN_0057ba2c_0002b4dc",$d,00000000
"0002b4e0","|static|_FUN_005755cc_0002b4e0",$d,00000000
"0002b4e4","|static|_FUN_00521a38_0002b4e4",$d,00000000
"0002b4e8","|static|_FUN_0056f1a4_0002b4e8",$d,00000000
"0002b4f8","|static|_FUN_0076f810_0002b4f8",$d,00000000
"0002b4fc","|static|_FUN_0076f55c_0002b4fc",$d,00000000
"0002b500","|static|_FUN_005772b4_0002b500",$d,00000000
"0002b504","|static|_FUN_0076f7dc_0002b504",$d,00000000
"0002b508","|static|_FUN_00750970_0002b508",$d,00000000
"0002b50c","|static|_FUN_0076f540_0002b50c",$d,00000000
"0002b510","|static|_FUN_0076f7d4_0002b510",$d,00000000
"0002b514","|static|_FUN_006e46e8_0002b514",$d,00000000
"0002b518","|static|_FUN_006e4500_0002b518",$d,00000000
"0002b51c","|static|_FUN_006e4518_0002b51c",$d,00000000
"0002b520","|static|_FUN_0076f538_0002b520",$d,00000000
"0002b524","|static|_FUN_0076f548_0002b524",$d,00000000
"0002b528","|static|_FUN_0056ea04_0002b528",$d,00000000
"0002b52c","|static|_FUN_0056e6c4_0002b52c",$d,00000000
"0002b530","|static|_FUN_0056e24c_0002b530",$d,00000000
"0002b534","|static|_FUN_00570f10_0002b534",$d,00000000
"0002b538","|static|_FUN_00570e9c_0002b538",$d,00000000
"0002b53c","|static|_FUN_00570028_0002b53c",$d,00000000
"0002b550","|static|_FUN_00574e34_0002b550",$d,00000000
"0002b564","|static|_FUN_00574cfc_0002b564",$d,00000000
"0002b570","|static|_FUN_0057418c_0002b570",$d,00000000
"0002b57c","|static|_FUN_0056f2ac_0002b57c",$d,00000000
"0002b580","|static|_FUN_00570950_0002b580",$d,00000000
"0002b588","|static|_FUN_005707b8_0002b588",$d,00000000
"0002b58c","|static|_FUN_005734bc_0002b58c",$d,00000000
"0002b590","|static|_FUN_004ea3a8_0002b590",$d,00000000
"0002b594","|static|_FUN_004ea1ec_0002b594",$d,00000000
"0002b5a0","|static|_FUN_005723a0_0002b5a0",$d,00000000
"0002b5b4","|static|_FUN_0056f8b4_0002b5b4",$d,00000000
"0002b5b8","|static|_FUN_00573ea4_0002b5b8",$d,00000000
"0002b5ec","|static|_FUN_007717ac_0002b5ec",$d,00000000
"0002b604","|static|_FUN_005f4b04_0002b604",$d,00000000
"0002b608","|static|_FUN_005f4b24_0002b608",$d,00000000
"0002b60c","|static|_FUN_005f4b34_0002b60c",$d,00000000
"0002b610","|static|_FUN_005f4b18_0002b610",$d,00000000
"0002b614","|static|_FUN_005f4b14_0002b614",$d,00000000
"0002b618","|static|_FUN_005f4b20_0002b618",$d,00000000
"0002b61c","|static|_FUN_005f4b44_0002b61c",$d,00000000
"0002b620","|static|_FUN_005f4b40_0002b620",$d,00000000
"0002b624","|static|_FUN_005f4b3c_0002b624",$d,00000000
"0002b628","|static|_FUN_005f4b50_0002b628",$d,00000000
"0002b62c","|static|_FUN_005f4b08_0002b62c",$d,00000000
"0002b630","|static|_FUN_005f4b28_0002b630",$d,00000000
"0002b634","|static|_FUN_005f4b6c_0002b634",$d,00000000
"0002b638","|static|_FUN_005f4b0c_0002b638",$d,00000000
"0002b63c","|static|_FUN_005f4b38_0002b63c",$d,00000000
"0002b640","|static|_FUN_005f4b54_0002b640",$d,00000000
"0002b644","|static|_FUN_005f4b1c_0002b644",$d,00000000
"0002b648","|static|_FUN_005f4b10_0002b648",$d,00000000
"0002b64c","|static|_FUN_005f4b4c_0002b64c",$d,00000000
"0002b650","|static|_FUN_005f4b48_0002b650",$d,00000000
"0002b654","|static|_FUN_005f4b68_0002b654",$d,00000000
"0002b658","|static|_FUN_00573e9c_0002b658",$d,00000000
"0002b65c","|static|_FUN_005f4b70_0002b65c",$d,00000000
"0002b660","|static|_FUN_005f4b78_0002b660",$d,00000000
"0002b664","|static|_FUN_005f4b60_0002b664",$d,00000000
"0002b668","|static|_FUN_005f4b58_0002b668",$d,00000000
"0002b66c","|static|_FUN_005f4b5c_0002b66c",$d,00000000
"0002b670","|static|_FUN_005f4b74_0002b670",$d,00000000
"0002b674","|static|_FUN_005f4b80_0002b674",$d,00000000
"0002b678","|static|_FUN_005f4b88_0002b678",$d,00000000
"0002b67c","|static|_FUN_005f4b7c_0002b67c",$d,00000000
"0002b680","|static|_FUN_005f4b84_0002b680",$d,00000000
"0002b684","|static|_FUN_005f4b2c_0002b684",$d,00000000
"0002b688","|static|_FUN_0075ab68_0002b688",$d,00000000
"0002b68c","|static|_FUN_0075ab8c_0002b68c",$d,00000000
"0002b690","|static|_FUN_0023bbe0_0002b690",$d,00000000
"0002b694","|static|_FUN_0023b508_0002b694",$d,00000000
"0002b698","|static|_FUN_0023b2b8_0002b698",$d,00000000
"0002b69c","|static|_FUN_0023b1b0_0002b69c",$d,00000000
"0002b6a0","|static|_FUN_0023b2b0_0002b6a0",$d,00000000
"0002b6a4","|static|_FUN_005dd630_0002b6a4",$d,00000000
"0002b6a8","|static|_FUN_0023b504_0002b6a8",$d,00000000
"0002b6ac","|static|_LAB_005dd598_0002b6ac",$d,00000000
"0002b6b0","|static|_FUN_005dd550_0002b6b0",$d,00000000
"0002b6b4","|static|_FUN_005dd648_0002b6b4",$d,00000000
"0002b6b8","|static|_FUN_005dd670_0002b6b8",$d,00000000
"0002b6bc","|static|_FUN_005dd67c_0002b6bc",$d,00000000
"0002b6c0","|static|_FUN_005dd65c_0002b6c0",$d,00000000
"0002b6c4","|static|_FUN_005dd560_0002b6c4",$d,00000000
"0002b6c8","|static|_FUN_005dd64c_0002b6c8",$d,00000000
"0002b6cc","|static|_FUN_005dd5a0_0002b6cc",$d,00000000
"0002b6d0","|static|_FUN_005dd638_0002b6d0",$d,00000000
"0002b6d4","|static|_FUN_005dd694_0002b6d4",$d,00000000
"0002b6d8","|static|_FUN_005dd698_0002b6d8",$d,00000000
"0002b6dc","|static|_FUN_005dd55c_0002b6dc",$d,00000000
"0002b6e0","|static|_FUN_005dd5b4_0002b6e0",$d,00000000
"0002b6e4","|static|_FUN_005dd674_0002b6e4",$d,00000000
"0002b6e8","|static|_FUN_005dd680_0002b6e8",$d,00000000
"0002b6ec","|static|_FUN_005dd684_0002b6ec",$d,00000000
"0002b6f0","|static|_LAB_0075ab5c_0002b6f0",$d,00000000
"0002b6f4","|static|_FUN_00713b0c_0002b6f4",$d,00000000
"0002b6f8","|static|_FUN_0023adb8_0002b6f8",$d,00000000
"0002b6fc","|static|_FUN_0023b2b4_0002b6fc",$d,00000000
"0002b700","|static|_FUN_0023b218_0002b700",$d,00000000
"0002b704","|static|_FUN_0023b21c_0002b704",$d,00000000
"0002b708","|static|_FUN_0023adbc_0002b708",$d,00000000
"0002b70c","|static|_FUN_0056f8ac_0002b70c",$d,00000000
"0002b710","|static|_FUN_0023b1ac_0002b710",$d,00000000
"0002b714","|static|_FUN_0023af1c_0002b714",$d,00000000
"0002b718","|static|_FUN_0023b214_0002b718",$d,00000000
"0002b72c","|static|_FUN_005db288_0002b72c",$d,00000000
"0002b730","|static|_FUN_007753b4_0002b730",$d,00000000
"0002b734","|static|_FUN_00772630_0002b734",$d,00000000
"0002b738","|static|_FUN_005d9084_0002b738",$d,00000000
"0002b73c","|static|_FUN_005da414_0002b73c",$d,00000000
"0002b740","|static|_FUN_005dd22c_0002b740",$d,00000000
"0002b744","|static|_FUN_0075ab50_0002b744",$d,00000000
"0002b748","|static|_FUN_007726d4_0002b748",$d,00000000
"0002b74c","|static|_FUN_005dc4d8_0002b74c",$d,00000000
"0002b750","|static|_FUN_0075ab40_0002b750",$d,00000000
"0002b754","|static|_FUN_0075ab54_0002b754",$d,00000000
"0002b758","|static|_FUN_0075ab48_0002b758",$d,00000000
"0002b75c","DAT_0002b75c",$d,00000000
"0002b76c","|static|_FUN_006e46f4_0002b76c",$d,00000000
"0002b774","|static|_FUN_00307c54_0002b774",$d,00000000
"0002b778","|static|_FUN_006e473c_0002b778",$d,00000000
"0002b780","|static|_FUN_0057b98c_0002b780",$d,00000000
"0002b784","|static|_FUN_0056e674_0002b784",$d,00000000
"0002b788","|static|_FUN_00575d4c_0002b788",$d,00000000
"0002b78c","|static|_LAB_0057ba24_0002b78c",$d,00000000
"0002b790","|static|_FUN_0057ba2c_0002b790",$d,00000000
"0002b794","|static|_FUN_005755cc_0002b794",$d,00000000
"0002b798","|static|_FUN_00521a38_0002b798",$d,00000000
"0002b79c","|static|_FUN_0056f1a4_0002b79c",$d,00000000
"0002b7ac","|static|_FUN_0076f810_0002b7ac",$d,00000000
"0002b7b0","|static|_FUN_0076f55c_0002b7b0",$d,00000000
"0002b7b4","|static|_FUN_005772b4_0002b7b4",$d,00000000
"0002b7b8","|static|_FUN_0076f7dc_0002b7b8",$d,00000000
"0002b7bc","|static|_FUN_00750970_0002b7bc",$d,00000000
"0002b7c0","|static|_FUN_0076f540_0002b7c0",$d,00000000
"0002b7c4","|static|_FUN_0076f7d4_0002b7c4",$d,00000000
"0002b7c8","|static|_FUN_006e46e8_0002b7c8",$d,00000000
"0002b7cc","|static|_FUN_006e4500_0002b7cc",$d,00000000
"0002b7d0","|static|_FUN_006e4518_0002b7d0",$d,00000000
"0002b7d4","|static|_FUN_0076f538_0002b7d4",$d,00000000
"0002b7d8","|static|_FUN_0076f548_0002b7d8",$d,00000000
"0002b7dc","|static|_FUN_0056ea04_0002b7dc",$d,00000000
"0002b7e0","|static|_FUN_0056e6c4_0002b7e0",$d,00000000
"0002b7e4","|static|_FUN_0056e24c_0002b7e4",$d,00000000
"0002b7e8","|static|_FUN_00570f10_0002b7e8",$d,00000000
"0002b7ec","|static|_FUN_00570e9c_0002b7ec",$d,00000000
"0002b7f0","|static|_FUN_00570028_0002b7f0",$d,00000000
"0002b804","|static|_FUN_00574e34_0002b804",$d,00000000
"0002b818","|static|_FUN_00574cfc_0002b818",$d,00000000
"0002b824","|static|_FUN_0057418c_0002b824",$d,00000000
"0002b830","|static|_FUN_0056f2ac_0002b830",$d,00000000
"0002b834","|static|_FUN_00570950_0002b834",$d,00000000
"0002b83c","|static|_FUN_005707b8_0002b83c",$d,00000000
"0002b840","|static|_FUN_005734bc_0002b840",$d,00000000
"0002b844","|static|_FUN_004ea3a8_0002b844",$d,00000000
"0002b848","|static|_FUN_004ea1ec_0002b848",$d,00000000
"0002b854","|static|_FUN_005723a0_0002b854",$d,00000000
"0002b868","|static|_FUN_0056f8b4_0002b868",$d,00000000
"0002b86c","|static|_FUN_00573ea4_0002b86c",$d,00000000
"0002b880","|static|_FUN_007717ac_0002b880",$d,00000000
"0002b898","|static|_FUN_005f4b04_0002b898",$d,00000000
"0002b89c","|static|_FUN_005f4b24_0002b89c",$d,00000000
"0002b8a0","|static|_FUN_005f4b34_0002b8a0",$d,00000000
"0002b8a4","|static|_FUN_005f4b18_0002b8a4",$d,00000000
"0002b8a8","|static|_FUN_005f4b14_0002b8a8",$d,00000000
"0002b8ac","|static|_FUN_005f4b20_0002b8ac",$d,00000000
"0002b8b0","|static|_FUN_005f4b44_0002b8b0",$d,00000000
"0002b8b4","|static|_FUN_005f4b40_0002b8b4",$d,00000000
"0002b8b8","|static|_FUN_005f4b3c_0002b8b8",$d,00000000
"0002b8bc","|static|_FUN_005f4b50_0002b8bc",$d,00000000
"0002b8c0","|static|_FUN_005f4b08_0002b8c0",$d,00000000
"0002b8c4","|static|_FUN_005f4b28_0002b8c4",$d,00000000
"0002b8c8","|static|_FUN_005f4b6c_0002b8c8",$d,00000000
"0002b8cc","|static|_FUN_005f4b0c_0002b8cc",$d,00000000
"0002b8d0","|static|_FUN_005f4b38_0002b8d0",$d,00000000
"0002b8d4","|static|_FUN_005f4b54_0002b8d4",$d,00000000
"0002b8d8","|static|_FUN_005f4b1c_0002b8d8",$d,00000000
"0002b8dc","|static|_FUN_005f4b10_0002b8dc",$d,00000000
"0002b8e0","|static|_FUN_005f4b4c_0002b8e0",$d,00000000
"0002b8e4","|static|_FUN_005f4b48_0002b8e4",$d,00000000
"0002b8e8","|static|_FUN_005f4b68_0002b8e8",$d,00000000
"0002b8ec","|static|_FUN_00573e9c_0002b8ec",$d,00000000
"0002b8f0","|static|_FUN_005f4b70_0002b8f0",$d,00000000
"0002b8f4","|static|_FUN_005f4b78_0002b8f4",$d,00000000
"0002b8f8","|static|_FUN_005f4b60_0002b8f8",$d,00000000
"0002b8fc","|static|_FUN_005f4b58_0002b8fc",$d,00000000
"0002b900","|static|_FUN_005f4b5c_0002b900",$d,00000000
"0002b904","|static|_FUN_005f4b74_0002b904",$d,00000000
"0002b908","|static|_FUN_005f4b80_0002b908",$d,00000000
"0002b90c","|static|_FUN_005f4b88_0002b90c",$d,00000000
"0002b910","|static|_FUN_005f4b7c_0002b910",$d,00000000
"0002b914","|static|_FUN_005f4b84_0002b914",$d,00000000
"0002b918","|static|_FUN_005f4b2c_0002b918",$d,00000000
"0002b91c","|static|_FUN_0075ab68_0002b91c",$d,00000000
"0002b920","|static|_FUN_0075ab8c_0002b920",$d,00000000
"0002b924","|static|_FUN_0023bbe0_0002b924",$d,00000000
"0002b928","|static|_FUN_0023b508_0002b928",$d,00000000
"0002b92c","|static|_FUN_0023b2b8_0002b92c",$d,00000000
"0002b930","|static|_FUN_0023b1b0_0002b930",$d,00000000
"0002b934","|static|_FUN_0023b2b0_0002b934",$d,00000000
"0002b938","|static|_FUN_005dd630_0002b938",$d,00000000
"0002b93c","|static|_FUN_0023b504_0002b93c",$d,00000000
"0002b940","|static|_LAB_005dd598_0002b940",$d,00000000
"0002b944","|static|_FUN_005dd550_0002b944",$d,00000000
"0002b948","|static|_FUN_005dd648_0002b948",$d,00000000
"0002b94c","|static|_FUN_005dd670_0002b94c",$d,00000000
"0002b950","|static|_FUN_005dd67c_0002b950",$d,00000000
"0002b954","|static|_FUN_005dd65c_0002b954",$d,00000000
"0002b958","|static|_FUN_005dd560_0002b958",$d,00000000
"0002b95c","|static|_FUN_005dd64c_0002b95c",$d,00000000
"0002b960","|static|_FUN_005dd5a0_0002b960",$d,00000000
"0002b964","|static|_FUN_005dd638_0002b964",$d,00000000
"0002b968","|static|_FUN_005dd694_0002b968",$d,00000000
"0002b96c","|static|_FUN_005dd698_0002b96c",$d,00000000
"0002b970","|static|_FUN_005dd55c_0002b970",$d,00000000
"0002b974","|static|_FUN_005dd5b4_0002b974",$d,00000000
"0002b978","|static|_FUN_005dd674_0002b978",$d,00000000
"0002b97c","|static|_FUN_005dd680_0002b97c",$d,00000000
"0002b980","|static|_FUN_005dd684_0002b980",$d,00000000
"0002b984","|static|_LAB_0075ab5c_0002b984",$d,00000000
"0002b988","|static|_FUN_00713b0c_0002b988",$d,00000000
"0002b98c","|static|_FUN_0023adb8_0002b98c",$d,00000000
"0002b990","|static|_FUN_0023b2b4_0002b990",$d,00000000
"0002b994","|static|_FUN_0023b218_0002b994",$d,00000000
"0002b998","|static|_FUN_0023b21c_0002b998",$d,00000000
"0002b99c","|static|_FUN_0023adbc_0002b99c",$d,00000000
"0002b9a0","|static|_FUN_0056f8ac_0002b9a0",$d,00000000
"0002b9a4","|static|_FUN_0023b1ac_0002b9a4",$d,00000000
"0002b9a8","|static|_FUN_0023af1c_0002b9a8",$d,00000000
"0002b9ac","|static|_FUN_0023b214_0002b9ac",$d,00000000
"0002b9c0","|static|_FUN_005db288_0002b9c0",$d,00000000
"0002b9c4","|static|_FUN_007753b4_0002b9c4",$d,00000000
"0002b9c8","|static|_FUN_00772630_0002b9c8",$d,00000000
"0002b9cc","|static|_FUN_005d9084_0002b9cc",$d,00000000
"0002b9d0","|static|_FUN_005da414_0002b9d0",$d,00000000
"0002b9d4","|static|_FUN_005dd22c_0002b9d4",$d,00000000
"0002b9d8","|static|_FUN_0075ab50_0002b9d8",$d,00000000
"0002b9dc","|static|_FUN_007726d4_0002b9dc",$d,00000000
"0002b9e0","|static|_FUN_005dc4d8_0002b9e0",$d,00000000
"0002b9e4","|static|_FUN_0075ab40_0002b9e4",$d,00000000
"0002b9e8","|static|_FUN_0075ab54_0002b9e8",$d,00000000
"0002b9ec","|static|_FUN_0075ab48_0002b9ec",$d,00000000
"0002baa8","|static|_FUN_005fcf94_0002baa8",$d,00000000
"0002baac","|static|_FUN_0075cc5c_0002baac",$d,00000000
"0002bab0","|static|_FUN_0075cc44_0002bab0",$d,00000000
"0002bab8","|static|_FUN_005fcb20_0002bab8",$d,00000000
"0002bac0","|static|_FUN_005fceb0_0002bac0",$d,00000000
"0002bacc","|static|_FUN_0075b8a8_0002bacc",$d,00000000
