Location,Name,Mode,Size
"000004e0","FUN_000004e0",$a,00000004
"00098c04","FUN_00098c04",$a,0000001c
"000048a8","FUN_000048a8",$a,0000002c
"000a9fe4","FUN_000a9fe4",$a,00000078
"0009be84","FUN_0009be84",$a,00000030
"0003aa94","FUN_0003aa94",$a,00000038
"0002e880","FUN_0002e880",$a,0000003c
"00001098","FUN_00001098",$a,00000004
"00000ca0","FUN_00000ca0",$a,00000004
"000004e8","FUN_000004e8",$a,00000004
"00001090","FUN_00001090",$a,00000004
"00091804","FUN_00091804",$a,0000010c
"00000ca8","FUN_00000ca8",$a,00000004
"0009f604","FUN_0009f604",$a,000001b8
"00016110","FUN_00016110",$a,00000154
"0008a56c","FUN_0008a56c",$a,00000030
"0006fb88","FUN_0006fb88",$a,0000010c
"000aa94c","FUN_000aa94c",$a,00000028
"0004e48c","FUN_0004e48c",$a,00000054
"000004f0","FUN_000004f0",$a,00000004
"00028d20","FUN_00028d20",$a,000000a8
"0001ae5c","FUN_0001ae5c",$a,00000034
"000ad4d4","FUN_000ad4d4",$a,0000014c
"00056cec","FUN_00056cec",$a,00000020
"0004e018","FUN_0004e018",$a,0000006c
"000320c8","FUN_000320c8",$a,0000014c
"00047da4","FUN_00047da4",$a,00000060
"0006e080","FUN_0006e080",$a,0000007c
"00091abc","FUN_00091abc",$a,000000a8
"0004f338","FUN_0004f338",$a,0000001c
"000013a8","FUN_000013a8",$a,00000004
"000b38a0","FUN_000b38a0",$a,000001b0
"00000cb8","FUN_00000cb8",$a,00000004
"000004f8","FUN_000004f8",$a,00000004
"00053538","FUN_00053538",$a,0000003c
"00049040","FUN_00049040",$a,00000014
"0008bc00","FUN_0008bc00",$a,00000210
"000013a0","FUN_000013a0",$a,00000004
"0005571c","FUN_0005571c",$a,000001b0
"000d7580","FUN_000d7580",$a,0000003c
"0009e728","FUN_0009e728",$a,000000d0
"000a18d4","FUN_000a18d4",$a,00000044
"0004f360","FUN_0004f360",$a,0000000c
"000ac1b8","FUN_000ac1b8",$a,000000d0
"000b2a50","FUN_000b2a50",$a,000000e8
"00074c58","FUN_00074c58",$a,0000000c
"00001068","FUN_00001068",$a,00000004
"0004022c","FUN_0004022c",$a,000000f0
"00049058","FUN_00049058",$a,00000048
"00095b3c","FUN_00095b3c",$a,0000006c
"00001070","FUN_00001070",$a,00000004
"000abac4","FUN_000abac4",$a,00000084
"0006efec","FUN_0006efec",$a,000000c8
"000573dc","FUN_000573dc",$a,000000cc
"0008f2b0","FUN_0008f2b0",$a,00000088
"000822b4","switchD_000822ac::switchdataD_000822b4",$d,00000004
"00072a70","FUN_00072a70",$a,00000014
"00074c44","FUN_00074c44",$a,00000010
"000e081c","DAT_000e081c",$d,00000001
"0008ad38","FUN_0008ad38",$a,000000c8
"00025c70","FUN_00025c70",$a,00000480
"00094068","FUN_00094068",$a,00000094
"0004dd1c","switchD_0004dd14::switchdataD_0004dd1c",$d,00000004
"000703c4","FUN_000703c4",$a,00000068
"00078af0","FUN_00078af0",$a,0000000c
"000d7d40","FUN_000d7d40",$a,00000004
"0002c9d8","FUN_0002c9d8",$a,000002d8
"00001078","FUN_00001078",$a,00000004
"0004f354","FUN_0004f354",$a,00000008
"00004104","FUN_00004104",$a,000000f0
"00001088","FUN_00001088",$a,00000004
"000990c4","switchD_000990bc::switchdataD_000990c4",$d,00000004
"0002afc0","FUN_0002afc0",$a,00000028
"000ab130","switchD_000ab128::switchdataD_000ab130",$d,00000004
"000004d8","FUN_000004d8",$a,00000004
"00001080","FUN_00001080",$a,00000004
"0004abac","FUN_0004abac",$a,00000018
"0008ebcc","FUN_0008ebcc",$a,00000050
"0006c1c4","FUN_0006c1c4",$a,00000044
"000004d0","FUN_000004d0",$a,00000004
"0006abe8","FUN_0006abe8",$a,00000058
"0009e1f8","FUN_0009e1f8",$a,00000094
"000013d0","FUN_000013d0",$a,00000004
"000925cc","FUN_000925cc",$a,000000f0
"000a80a8","FUN_000a80a8",$a,00000054
"0002e82c","FUN_0002e82c",$a,00000018
"000431d0","FUN_000431d0",$a,00000030
"000431bc","FUN_000431bc",$a,00000010
"000d78a0","FUN_000d78a0",$a,0000003c
"000a27a4","FUN_000a27a4",$a,00000034
"00086414","FUN_00086414",$a,00000094
"00057090","FUN_00057090",$a,00000050
"00000cf0","FUN_00000cf0",$a,00000004
"00029458","FUN_00029458",$a,00000080
"00048d7c","FUN_00048d7c",$a,00000034
"0000a478","FUN_0000a478",$a,000000a8
"00000180","strlen",$t,0000004a
"0005707c","FUN_0005707c",$a,00000014
"000a3354","FUN_000a3354",$a,000000b8
"000aa508","FUN_000aa508",$a,00000030
"000af6e0","FUN_000af6e0",$a,0000009c
"0000d984","FUN_0000d984",$a,0000015c
"00000ce8","FUN_00000ce8",$a,00000004
"000795ec","FUN_000795ec",$a,00000208
"000013d8","FUN_000013d8",$a,00000004
"0007b020","switchD_0007b018::switchdataD_0007b020",$d,00000004
"00034ab8","FUN_00034ab8",$a,00000030
"0002f1e0","FUN_0002f1e0",$a,000000e4
"00051f3c","FUN_00051f3c",$a,000000d8
"0004d59c","FUN_0004d59c",$a,0000013c
"0003aa4c","FUN_0003aa4c",$a,0000003c
"0004a08c","FUN_0004a08c",$a,00000028
"00071b54","FUN_00071b54",$a,00000098
"0003f988","FUN_0003f988",$a,00000064
"000057a4","FUN_000057a4",$a,00000278
"0007af5c","switchD_0007af54::switchdataD_0007af5c",$d,00000004
"000aa98c","FUN_000aa98c",$a,000000b8
"0008e3f8","FUN_0008e3f8",$a,000000a4
"0001e60c","FUN_0001e60c",$a,00000238
"000a3b1c","FUN_000a3b1c",$a,000000a4
"0008338c","FUN_0008338c",$a,00000080
"000488d8","FUN_000488d8",$a,00000020
"00098884","FUN_00098884",$a,00000054
"0003ee14","FUN_0003ee14",$a,00000044
"00000cf8","FUN_00000cf8",$a,00000004
"0009c3b4","switchD_0009c3ac::switchdataD_0009c3b4",$d,00000004
"0008e904","FUN_0008e904",$a,00000094
"00051318","FUN_00051318",$a,00000014
"000013e8","FUN_000013e8",$a,00000004
"000b6674","FUN_000b6674",$a,0000002c
"00069074","FUN_00069074",$a,00000018
"000aabe4","switchD_000aabdc::switchdataD_000aabe4",$d,00000004
"000e24c4","DAT_000e24c4",$d,00000001
"0004ff64","FUN_0004ff64",$a,00000258
"00013fcc","FUN_00013fcc",$a,0000023c
"000e02dc","DAT_000e02dc",$d,00000001
"0007bcec","FUN_0007bcec",$a,00000014
"0006908c","FUN_0006908c",$a,0000000c
"00000cd0","FUN_00000cd0",$a,00000004
"00000cc0","FUN_00000cc0",$a,00000004
"00073590","FUN_00073590",$a,0000013c
"000013b8","FUN_000013b8",$a,00000004
"00025080","FUN_00025080",$a,00000020
"00000cc8","FUN_00000cc8",$a,00000004
"000a0db8","FUN_000a0db8",$a,00000048
"00072268","FUN_00072268",$a,00000064
"000782f0","FUN_000782f0",$a,0000002c
"000013b0","FUN_000013b0",$a,00000004
"0000ac04","FUN_0000ac04",$a,0000002c
"000013c0","FUN_000013c0",$a,00000004
"000b4038","FUN_000b4038",$a,0000005c
"00080a9c","FUN_00080a9c",$a,00000024
"0007f184","FUN_0007f184",$a,000000ac
"000a4338","switchD_000a4330::switchdataD_000a4338",$d,00000004
"000048d4","FUN_000048d4",$a,0000002c
"000b2da4","FUN_000b2da4",$a,00000110
"0001ae90","FUN_0001ae90",$a,00000038
"0004e478","FUN_0004e478",$a,00000014
"0008dcf4","FUN_0008dcf4",$a,00000064
"0005132c","FUN_0005132c",$a,00000058
"00000ce0","FUN_00000ce0",$a,00000004
"000ad0b0","FUN_000ad0b0",$a,000001d0
"00000cd8","FUN_00000cd8",$a,00000004
"00070fc0","FUN_00070fc0",$a,0000005c
"000013c8","FUN_000013c8",$a,00000004
"00069098","FUN_00069098",$a,0000011c
"0000e808","FUN_0000e808",$a,0000021c
"0009a320","FUN_0009a320",$a,00000288
"0006680c","FUN_0006680c",$a,00000348
"000488f8","FUN_000488f8",$a,00000010
"00050c3c","FUN_00050c3c",$a,00000070
"000497a4","FUN_000497a4",$a,000000e4
"000e37e0","DAT_000e37e0",$d,00000001
"00090bb8","FUN_00090bb8",$a,00000178
"000712e0","FUN_000712e0",$a,0000003c
"00027a88","FUN_00027a88",$a,0000022c
"000b1338","FUN_000b1338",$a,00000040
"000aec34","FUN_000aec34",$a,00000014
"000a6a04","switchD_000a69fc::switchdataD_000a6a04",$d,00000004
"0006e91c","FUN_0006e91c",$a,000005cc
"0002bec0","FUN_0002bec0",$a,00000028
"00003db4","FUN_00003db4",$a,00000038
"0008a16c","FUN_0008a16c",$a,00000048
"0004e084","FUN_0004e084",$a,00000094
"0004efe8","FUN_0004efe8",$a,00000214
"00030004","FUN_00030004",$a,00000018
"000120ac","FUN_000120ac",$a,000000e0
"000133fc","FUN_000133fc",$a,000000b8
"00000608","FUN_00000608",$a,00000004
"0000bf98","FUN_0000bf98",$a,00000110
"000a0e54","FUN_000a0e54",$a,00000058
"00051ea8","FUN_00051ea8",$a,00000080
"000aec48","FUN_000aec48",$a,00000048
"00000600","FUN_00000600",$a,00000004
"0007f0e4","FUN_0007f0e4",$a,00000060
"000952c8","FUN_000952c8",$a,000000e0
"000503b8","FUN_000503b8",$a,00000214
"00029008","FUN_00029008",$a,000000ec
"000a0210","FUN_000a0210",$a,0000005c
"0009c160","FUN_0009c160",$a,00000098
"0002cf98","switchD_0002cf90::switchdataD_0002cf98",$d,00000004
"0004efd4","FUN_0004efd4",$a,00000014
"0000c204","FUN_0000c204",$a,000000f4
"00020f98","switchD_00020f90::switchdataD_00020f98",$d,00000004
"000987bc","FUN_000987bc",$a,00000038
"00096db4","FUN_00096db4",$a,000000f0
"000747cc","FUN_000747cc",$a,00000008
"00034ae8","FUN_00034ae8",$a,00000010
"00029c48","FUN_00029c48",$a,00000080
"000516f0","FUN_000516f0",$a,000000b0
"000013f0","FUN_000013f0",$a,00000004
"0008a8e8","FUN_0008a8e8",$a,0000001c
"0005228c","FUN_0005228c",$a,000001f8
"000978f4","FUN_000978f4",$a,00000058
"0009a6f0","FUN_0009a6f0",$a,0000021c
"00031f64","FUN_00031f64",$a,00000078
"00049458","switchD_00049450::switchdataD_00049458",$d,00000004
"0005271c","switchD_00052714::switchdataD_0005271c",$d,00000004
"0006ad58","FUN_0006ad58",$a,00000054
"000480a8","FUN_000480a8",$a,000001e0
"0009ed90","switchD_0009ed88::switchdataD_0009ed90",$d,00000004
"0002bee8","FUN_0002bee8",$a,00000604
"000013f8","FUN_000013f8",$a,00000004
"000a5914","FUN_000a5914",$a,000001b0
"00017024","FUN_00017024",$a,0000006c
"000516dc","FUN_000516dc",$a,00000014
"00036cb4","FUN_00036cb4",$a,000000d0
"000168cc","FUN_000168cc",$a,00000074
"0000ac44","FUN_0000ac44",$a,00000084
"0005314c","FUN_0005314c",$a,00000034
"0000ce20","FUN_0000ce20",$a,000001b4
"00027a50","FUN_00027a50",$a,00000038
"00047710","FUN_00047710",$a,00000104
"0008603c","FUN_0008603c",$a,00000338
"00074fc0","FUN_00074fc0",$a,00000134
"000244fc","FUN_000244fc",$a,000000a4
"00068e08","FUN_00068e08",$a,00000018
"0000a004","FUN_0000a004",$a,0000002c
"00069970","FUN_00069970",$a,000000b4
"000a84a0","FUN_000a84a0",$a,00000028
"000747ec","FUN_000747ec",$a,00000034
"000b7bb4","FUN_000b7bb4",$a,000000dc
"000a9c98","FUN_000a9c98",$a,00000058
"00029c34","FUN_00029c34",$a,00000014
"00020a9c","switchD_00020a94::switchdataD_00020a9c",$d,00000004
"00099f74","FUN_00099f74",$a,0000004c
"0004ec98","FUN_0004ec98",$a,00000130
"000507e0","FUN_000507e0",$a,0000004c
"0003c068","FUN_0003c068",$a,00000080
"0005488c","FUN_0005488c",$a,00000040
"0008e504","FUN_0008e504",$a,00000090
"000725d0","FUN_000725d0",$a,00000010
"00000638","FUN_00000638",$a,00000004
"00000e00","FUN_00000e00",$a,00000004
"00093ccc","FUN_00093ccc",$a,000000c4
"0007c518","FUN_0007c518",$a,000000d0
"0000e430","FUN_0000e430",$a,00000060
"00069bc8","FUN_00069bc8",$a,0000011c
"00000630","FUN_00000630",$a,00000004
"000582c8","FUN_000582c8",$a,0000006c
"00000e08","FUN_00000e08",$a,00000004
"00082ba8","FUN_00082ba8",$a,00000010
"000a712c","switchD_000a7124::switchdataD_000a712c",$d,00000004
"0000a7ec","FUN_0000a7ec",$a,000000cc
"00052230","FUN_00052230",$a,0000000c
"00070bb0","FUN_00070bb0",$a,00000090
"00051384","FUN_00051384",$a,000000f8
"000a7dc8","FUN_000a7dc8",$a,00000064
"0007e1f0","FUN_0007e1f0",$a,00000040
"0006bafc","FUN_0006bafc",$a,00000100
"00032dc8","switchD_00032dc0::switchdataD_00032dc8",$d,00000004
"000ad34c","switchD_000ad344::switchdataD_000ad34c",$d,00000004
"0002ff40","FUN_0002ff40",$a,00000060
"00010434","FUN_00010434",$a,00000128
"0007b670","FUN_0007b670",$a,000001b4
"00003dec","FUN_00003dec",$a,00000020
"00074c64","FUN_00074c64",$a,00000050
"00072a84","FUN_00072a84",$a,00000064
"000693f0","FUN_000693f0",$a,000000a0
"0005223c","FUN_0005223c",$a,00000050
"000738f0","FUN_000738f0",$a,00000028
"00000648","FUN_00000648",$a,00000004
"00000e18","FUN_00000e18",$a,00000004
"000d797c","FUN_000d797c",$a,00000018
"00089538","FUN_00089538",$a,0000000c
"00000640","FUN_00000640",$a,00000004
"000ae7c4","FUN_000ae7c4",$a,0000001c
"00082bb8","FUN_00082bb8",$a,00000064
"000b269c","FUN_000b269c",$a,000000a0
"0002f308","FUN_0002f308",$a,00000128
"00098004","FUN_00098004",$a,00000180
"000a3f1c","FUN_000a3f1c",$a,0000008c
"000b1b48","FUN_000b1b48",$a,000000c4
"0002afe8","FUN_0002afe8",$a,00000040
"0004abcc","FUN_0004abcc",$a,00000074
"0003ee8c","FUN_0003ee8c",$a,000003a4
"00032214","FUN_00032214",$a,00000018
"0004f36c","FUN_0004f36c",$a,0000005c
"00013be4","FUN_00013be4",$a,0000004c
"00000618","FUN_00000618",$a,00000004
"00054c08","FUN_00054c08",$a,00000008
"0005357c","FUN_0005357c",$a,00000010
"0006a558","FUN_0006a558",$a,0000000c
"000747d4","FUN_000747d4",$a,00000014
"00000610","FUN_00000610",$a,00000004
"000142c8","FUN_000142c8",$a,00000078
"0003001c","FUN_0003001c",$a,000000a8
"000177e0","FUN_000177e0",$a,00000040
"000aec94","FUN_000aec94",$a,00000164
"00044ebc","switchD_00044eb4::switchdataD_00044ebc",$d,00000004
"000a6804","FUN_000a6804",$a,0000008c
"000d7d08","FUN_000d7d08",$a,00000030
"00058780","switchD_00058778::switchdataD_00058780",$d,00000004
"000ac5dc","FUN_000ac5dc",$a,00000338
"000297c4","FUN_000297c4",$a,00000098
"000b6610","FUN_000b6610",$a,00000064
"00000628","FUN_00000628",$a,00000004
"0005358c","FUN_0005358c",$a,00000014
"0001392c","FUN_0001392c",$a,0000003c
"000725e0","FUN_000725e0",$a,00000208
"0000a044","FUN_0000a044",$a,00000044
"000d751c","FUN_000d751c",$a,00000018
"00054c10","FUN_00054c10",$a,0000003c
"00000620","FUN_00000620",$a,00000004
"00053114","FUN_00053114",$a,00000038
"000ae7e0","FUN_000ae7e0",$a,00000068
"000526c0","switchD_000526b8::switchdataD_000526c0",$d,00000004
"00049ff0","FUN_00049ff0",$a,00000098
"0007ce48","switchD_0007ce40::switchdataD_0007ce48",$d,00000004
"0008ceb0","FUN_0008ceb0",$a,00000060
"00000e40","FUN_00000e40",$a,00000004
"0004c748","FUN_0004c748",$a,00000128
"000b68fc","FUN_000b68fc",$a,00000058
"00074bac","FUN_00074bac",$a,00000004
"0004f2c8","FUN_0004f2c8",$a,00000018
"00001528","FUN_00001528",$a,00000004
"00050938","FUN_00050938",$a,000001b4
"000329f8","FUN_000329f8",$a,0000011c
"00000678","FUN_00000678",$a,00000004
"00000e48","FUN_00000e48",$a,00000004
"000a44a8","FUN_000a44a8",$a,00000030
"0000d144","FUN_0000d144",$a,00000158
"00069d0c","FUN_00069d0c",$a,0000011c
"0001179c","FUN_0001179c",$a,000000a0
"00001520","FUN_00001520",$a,00000004
"0007053c","FUN_0007053c",$a,00000084
"0008fc2c","FUN_0008fc2c",$a,00000144
"0007dc54","FUN_0007dc54",$a,000000dc
"000b3bac","FUN_000b3bac",$a,000000d4
"00070d08","FUN_00070d08",$a,00000078
"00058418","FUN_00058418",$a,00000024
"00000680","FUN_00000680",$a,00000004
"000a6f00","switchD_000a6ef8::switchdataD_000a6f00",$d,00000004
"000ad2c8","switchD_000ad2c0::switchdataD_000ad2c8",$d,00000004
"00077178","FUN_00077178",$a,00000018
"00074bb0","FUN_00074bb0",$a,00000090
"00057564","FUN_00057564",$a,0000001c
"0003af24","FUN_0003af24",$a,0000007c
"0009c730","switchD_0009c728::switchdataD_0009c730",$d,00000004
"0002b818","FUN_0002b818",$a,00000084
"0006cb10","FUN_0006cb10",$a,000000ac
"00030fbc","FUN_00030fbc",$a,00000018
"00000e50","FUN_00000e50",$a,00000004
"0001adf8","FUN_0001adf8",$a,0000002c
"0001e268","FUN_0001e268",$a,00000014
"00057584","FUN_00057584",$a,00000084
"00043b84","FUN_00043b84",$a,000000c0
"00001538","FUN_00001538",$a,00000004
"00057100","FUN_00057100",$a,00000050
"00081694","FUN_00081694",$a,00000178
"00049954","FUN_00049954",$a,00000020
"0003224c","FUN_0003224c",$a,000000f0
"00000e58","FUN_00000e58",$a,00000004
"0006c340","FUN_0006c340",$a,0000009c
"00000688","FUN_00000688",$a,00000004
"000dfe50","DAT_000dfe50",$d,00000001
"0006f854","FUN_0006f854",$a,00000034
"00011f84","FUN_00011f84",$a,00000038
"00001530","FUN_00001530",$a,00000004
"0007c8f0","FUN_0007c8f0",$a,000001d4
"00000690","FUN_00000690",$a,00000004
"0008e8d4","FUN_0008e8d4",$a,0000002c
"000b087c","FUN_000b087c",$a,00000358
"00097ce4","FUN_00097ce4",$a,00000018
"000b42b8","FUN_000b42b8",$a,00000070
"000b6194","FUN_000b6194",$a,000001f8
"00010c3c","FUN_00010c3c",$a,00000388
"000a505c","FUN_000a505c",$a,00000054
"000d73dc","FUN_000d73dc",$a,00000018
"00050bfc","FUN_00050bfc",$a,0000003c
"00001508","FUN_00001508",$a,00000004
"00000e20","FUN_00000e20",$a,00000004
"0006f888","FUN_0006f888",$a,00000060
"00000658","FUN_00000658",$a,00000004
"000a8104","FUN_000a8104",$a,0000004c
"00001500","FUN_00001500",$a,00000004
"00000e28","FUN_00000e28",$a,00000004
"0004fab0","FUN_0004fab0",$a,0000000c
"00000650","FUN_00000650",$a,00000004
"00081668","FUN_00081668",$a,0000001c
"0007c12c","FUN_0007c12c",$a,0000001c
"0000a094","FUN_0000a094",$a,00000084
"0008cb88","FUN_0008cb88",$a,00000288
"00080338","FUN_00080338",$a,00000034
"0007c148","FUN_0007c148",$a,0000005c
"000569cc","FUN_000569cc",$a,00000144
"00069580","FUN_00069580",$a,000000f4
"0006b7c4","FUN_0006b7c4",$a,000000f4
"00037be8","FUN_00037be8",$a,0000016c
"0004ebfc","FUN_0004ebfc",$a,00000090
"000e0b64","DAT_000e0b64",$d,00000001
"0008e10c","FUN_0008e10c",$a,0000011c
"00000e30","FUN_00000e30",$a,00000004
"0006bc80","FUN_0006bc80",$a,00000030
"00001518","FUN_00001518",$a,00000004
"000b2610","FUN_000b2610",$a,0000008c
"000aa064","FUN_000aa064",$a,000000b0
"00000668","FUN_00000668",$a,00000004
"000a061c","FUN_000a061c",$a,00000040
"0005843c","FUN_0005843c",$a,00000184
"000abb54","FUN_000abb54",$a,0000004c
"00000e38","FUN_00000e38",$a,00000004
"0007ef70","FUN_0007ef70",$a,00000100
"00001510","FUN_00001510",$a,00000004
"00077190","FUN_00077190",$a,0000016c
"0004faa0","FUN_0004faa0",$a,00000010
"0003222c","FUN_0003222c",$a,00000020
"00000660","FUN_00000660",$a,00000004
"00000670","FUN_00000670",$a,00000004
"00017094","FUN_00017094",$a,00000040
"00088a78","FUN_00088a78",$a,0000022c
"0006de58","FUN_0006de58",$a,0000007c
"00081e40","FUN_00081e40",$a,0000002c
"0008e59c","FUN_0008e59c",$a,00000058
"000863d8","FUN_000863d8",$a,00000038
"0004f2e4","FUN_0004f2e4",$a,00000050
"0001e240","FUN_0001e240",$a,00000028
"00013550","FUN_00013550",$a,00000068
"00000a00","FUN_00000a00",$a,00000004
"0006d644","FUN_0006d644",$a,000003ac
"000493f0","FUN_000493f0",$a,00000058
"00086fe4","FUN_00086fe4",$a,0000008c
"00056680","FUN_00056680",$a,00000078
"00000e88","FUN_00000e88",$a,00000004
"0000e7b0","FUN_0000e7b0",$a,00000050
"000a0e04","FUN_000a0e04",$a,00000028
"00001568","FUN_00001568",$a,00000004
"00000a08","FUN_00000a08",$a,00000004
"0006f820","FUN_0006f820",$a,00000030
"0000e034","FUN_0000e034",$a,0000017c
"0008de8c","FUN_0008de8c",$a,000000d0
"0003c904","FUN_0003c904",$a,00000090
"0009e398","FUN_0009e398",$a,0000001c
"000009c8","FUN_000009c8",$a,00000004
"000009c0","FUN_000009c0",$a,00000004
"00054c4c","FUN_00054c4c",$a,00000020
"000a44f4","FUN_000a44f4",$a,00000074
"000a3dfc","FUN_000a3dfc",$a,00000018
"00000e80","FUN_00000e80",$a,00000004
"000aa7dc","FUN_000aa7dc",$a,00000044
"00059d68","switchD_00059d60::switchdataD_00059d68",$d,00000004
"00000a10","FUN_00000a10",$a,00000004
"0002e7d0","FUN_0002e7d0",$a,00000008
"00017b84","switchD_00017b7c::switchdataD_00017b84",$d,00000004
"00000e98","FUN_00000e98",$a,00000004
"00081650","FUN_00081650",$a,00000018
"00000a18","FUN_00000a18",$a,00000004
"00001578","FUN_00001578",$a,00000004
"00053180","FUN_00053180",$a,0000008c
"00067328","FUN_00067328",$a,000001b0
"00047f08","FUN_00047f08",$a,00000134
"0004f6ec","FUN_0004f6ec",$a,00000018
"000009d8","FUN_000009d8",$a,00000004
"00001580","FUN_00001580",$a,00000004
"0006646c","FUN_0006646c",$a,00000028
"00068e20","FUN_00068e20",$a,00000134
"0004c1f8","FUN_0004c1f8",$a,000000a8
"00037f34","switchD_00037f2c::switchdataD_00037f34",$d,00000004
"000009d0","FUN_000009d0",$a,00000004
"00070970","FUN_00070970",$a,00000134
"00000e90","FUN_00000e90",$a,00000004
"00071820","FUN_00071820",$a,0000014c
"0008160c","FUN_0008160c",$a,0000001c
"000974b0","FUN_000974b0",$a,00000190
"00001548","FUN_00001548",$a,00000004
"00000e68","FUN_00000e68",$a,00000004
"00000698","FUN_00000698",$a,00000004
"000b4828","FUN_000b4828",$a,00000254
"0006b000","FUN_0006b000",$a,000000a0
"00001540","FUN_00001540",$a,00000004
"0001e290","FUN_0001e290",$a,00000014
"00001550","FUN_00001550",$a,00000004
"00090d44","FUN_00090d44",$a,0000034c
"00078488","FUN_00078488",$a,00000060
"0006a8d4","FUN_0006a8d4",$a,00000114
"000009a0","FUN_000009a0",$a,00000004
"00054c6c","FUN_00054c6c",$a,00000020
"0000ca88","FUN_0000ca88",$a,0000011c
"000b53f8","switchD_000b53f0::switchdataD_000b53f8",$d,00000004
"000d7940","FUN_000d7940",$a,0000003c
"00000e60","FUN_00000e60",$a,00000004
"000a8150","FUN_000a8150",$a,00000094
"0000a3c8","FUN_0000a3c8",$a,000000a4
"000449bc","FUN_000449bc",$a,000000c4
"00066498","FUN_00066498",$a,0000010c
"00000e78","FUN_00000e78",$a,00000004
"0002fb5c","FUN_0002fb5c",$a,000000bc
"00001558","FUN_00001558",$a,00000004
"00043b4c","FUN_00043b4c",$a,00000030
"000b4adc","FUN_000b4adc",$a,00000084
"000b73b0","FUN_000b73b0",$a,00000038
"0001e27c","FUN_0001e27c",$a,00000014
"000009a8","FUN_000009a8",$a,00000004
"000009b8","FUN_000009b8",$a,00000004
"00001560","FUN_00001560",$a,00000004
"00099b4c","FUN_00099b4c",$a,0000016c
"00054c90","FUN_00054c90",$a,00000070
"00088270","FUN_00088270",$a,0000045c
"000009b0","FUN_000009b0",$a,00000004
"0004e3f8","FUN_0004e3f8",$a,00000014
"00024e24","FUN_00024e24",$a,000001c0
"00058404","FUN_00058404",$a,00000014
"000547bc","FUN_000547bc",$a,000000c8
"0002464c","FUN_0002464c",$a,000002e4
"00000e70","FUN_00000e70",$a,00000004
"0000dd4c","switchD_0000dd44::switchdataD_0000dd4c",$d,00000004
"00053cec","FUN_00053cec",$a,000002f4
"00000a48","FUN_00000a48",$a,00000004
"000aeaa0","FUN_000aeaa0",$a,000000dc
"000369b0","FUN_000369b0",$a,00000298
"000663d0","FUN_000663d0",$a,00000058
"00001128","FUN_00001128",$a,00000004
"0007f25c","FUN_0007f25c",$a,00000100
"0005185c","FUN_0005185c",$a,0000001c
"00048e4c","FUN_00048e4c",$a,00000030
"00050d00","FUN_00050d00",$a,00000088
"00003784","FUN_00003784",$a,00000028
"00094590","FUN_00094590",$a,000000ec
"000926c4","FUN_000926c4",$a,0000015c
"00091090","FUN_00091090",$a,00000114
"000828ac","FUN_000828ac",$a,0000026c
"00071470","FUN_00071470",$a,00000040
"00001130","FUN_00001130",$a,00000004
"000a3a2c","FUN_000a3a2c",$a,0000005c
"00002c0c","FUN_00002c0c",$a,00000130
"00047374","FUN_00047374",$a,000000a8
"0003a368","FUN_0003a368",$a,00000324
"00000a40","FUN_00000a40",$a,00000004
"0009c0e4","FUN_0009c0e4",$a,00000054
"00070d80","FUN_00070d80",$a,000000a8
"000e0f30","DAT_000e0f30",$d,00000001
"000b1df4","FUN_000b1df4",$a,00000078
"0004de30","FUN_0004de30",$a,00000010
"0006da40","FUN_0006da40",$a,00000020
"00000a58","FUN_00000a58",$a,00000004
"0009e2c0","FUN_0009e2c0",$a,000000d4
"000543f4","FUN_000543f4",$a,000000c4
"0001e5dc","FUN_0001e5dc",$a,00000014
"0000cdbc","FUN_0000cdbc",$a,00000060
"00082144","FUN_00082144",$a,00000028
"00049558","FUN_00049558",$a,00000064
"00001138","FUN_00001138",$a,00000004
"0007c4f0","FUN_0007c4f0",$a,00000028
"0008ece8","switchD_0008ece0::switchdataD_0008ece8",$d,00000004
"0006acb0","FUN_0006acb0",$a,00000094
"000347c4","FUN_000347c4",$a,00000138
"00024234","FUN_00024234",$a,000001d0
"0001e5f0","FUN_0001e5f0",$a,00000014
"0004a170","FUN_0004a170",$a,00000024
"00001140","FUN_00001140",$a,00000004
"000913a0","FUN_000913a0",$a,00000210
"00011b80","FUN_00011b80",$a,00000034
"0000abec","FUN_0000abec",$a,0000000c
"00051878","FUN_00051878",$a,00000010
"00033188","FUN_00033188",$a,00000140
"00000a50","FUN_00000a50",$a,00000004
"0007aae4","FUN_0007aae4",$a,00000008
"00048db4","thunk_FUN_000009e8_00048db4",$a,00000004
"00047b50","FUN_00047b50",$a,00000110
"000e1e10","DAT_000e1e10",$d,00000001
"00057194","FUN_00057194",$a,0000006c
"000d71a4","OnExit",$d,00000001
"000819e8","FUN_000819e8",$a,00000110
"000432d0","FUN_000432d0",$a,000001f4
"00001108","FUN_00001108",$a,00000004
"00000a28","FUN_00000a28",$a,00000004
"0008f054","FUN_0008f054",$a,000000c0
"0006e154","FUN_0006e154",$a,00000018
"00001588","FUN_00001588",$a,00000004
"000a95b4","switchD_000a95ac::switchdataD_000a95b4",$d,00000004
"000a3298","FUN_000a3298",$a,000000b4
"00001100","FUN_00001100",$a,00000004
"00001110","FUN_00001110",$a,00000004
"000009e8","FUN_000009e8",$a,00000004
"00001590","FUN_00001590",$a,00000004
"000062e0","FUN_000062e0",$a,000001a0
"00003768","FUN_00003768",$a,0000001c
"00054bc0","FUN_00054bc0",$a,00000028
"00051888","FUN_00051888",$a,0000001c
"000467e0","FUN_000467e0",$a,00000158
"000009e0","FUN_000009e0",$a,00000004
"0007dfc0","FUN_0007dfc0",$a,00000034
"00015744","FUN_00015744",$a,000000e4
"000325bc","FUN_000325bc",$a,00000368
"0008e4a0","FUN_0008e4a0",$a,0000005c
"00000a20","FUN_00000a20",$a,00000004
"0006da60","FUN_0006da60",$a,0000000c
"0009e2a0","FUN_0009e2a0",$a,00000018
"0001cbb8","FUN_0001cbb8",$a,000000d4
"00093258","FUN_00093258",$a,000000ec
"00000a38","FUN_00000a38",$a,00000004
"000116a0","FUN_000116a0",$a,0000001c
"00001118","FUN_00001118",$a,00000004
"00094100","FUN_00094100",$a,00000034
"00086964","FUN_00086964",$a,00000050
"00001598","FUN_00001598",$a,00000004
"000489bc","FUN_000489bc",$a,0000002c
"0001223c","FUN_0001223c",$a,00000048
"00001120","FUN_00001120",$a,00000004
"0004a194","FUN_0004a194",$a,00000038
"000009f8","FUN_000009f8",$a,00000004
"000e0788","DAT_000e0788",$d,00000001
"00042680","switchD_00042678::switchdataD_00042680",$d,00000004
"0001decc","FUN_0001decc",$a,00000340
"000d71bc","OnUnresolved",$d,00000001
"0007bdf0","FUN_0007bdf0",$a,000001b0
"00071c3c","FUN_00071c3c",$a,000000bc
"00085e00","FUN_00085e00",$a,0000002c
"000009f0","FUN_000009f0",$a,00000004
"00046070","FUN_00046070",$a,00000018
"00000a30","FUN_00000a30",$a,00000004
"00072338","FUN_00072338",$a,000000d8
"0000025c","FUN_0000025c",$t,00000152
"0004fabc","FUN_0004fabc",$a,00000020
"00000a88","FUN_00000a88",$a,00000004
"000534f4","FUN_000534f4",$a,0000003c
"0002feac","FUN_0002feac",$a,0000007c
"0000e3b4","FUN_0000e3b4",$a,00000028
"000116f4","FUN_000116f4",$a,000000a0
"00067b84","FUN_00067b84",$a,00000020
"00043eb0","FUN_00043eb0",$a,0000004c
"00001168","FUN_00001168",$a,00000004
"00016e34","FUN_00016e34",$a,00000010
"0001228c","FUN_0001228c",$a,00000048
"000872d8","FUN_000872d8",$a,000001a4
"000005c8","FUN_000005c8",$a,00000004
"00001170","FUN_00001170",$a,00000004
"0002dce8","FUN_0002dce8",$a,00000254
"00051824","FUN_00051824",$a,00000034
"00000a80","FUN_00000a80",$a,00000004
"000ab798","FUN_000ab798",$a,00000094
"000005c0","FUN_000005c0",$a,00000004
"000018f0","FUN_000018f0",$a,00000064
"00015f5c","FUN_00015f5c",$a,0000001c
"00000a98","FUN_00000a98",$a,00000004
"0009455c","FUN_0009455c",$a,00000034
"00080b5c","FUN_00080b5c",$a,00000060
"0000bae0","FUN_0000bae0",$a,00000178
"00001178","FUN_00001178",$a,00000004
"00048670","FUN_00048670",$a,00000024
"000676b0","FUN_000676b0",$a,00000114
"000005d8","FUN_000005d8",$a,00000004
"00000a90","FUN_00000a90",$a,00000004
"00067b6c","FUN_00067b6c",$a,00000018
"0004a11c","FUN_0004a11c",$a,00000054
"000005d0","FUN_000005d0",$a,00000004
"00000a68","FUN_00000a68",$a,00000004
"00057154","FUN_00057154",$a,00000040
"000138b4","FUN_000138b4",$a,00000070
"000116d8","FUN_000116d8",$a,0000001c
"00086910","FUN_00086910",$a,00000050
"00001148","FUN_00001148",$a,00000004
"00066ff8","FUN_00066ff8",$a,00000328
"000ae848","FUN_000ae848",$a,000000f0
"000e2be8","DAT_000e2be8",$d,00000001
"00001150","FUN_00001150",$a,00000004
"0002e900","FUN_0002e900",$a,00000408
"000a8d10","FUN_000a8d10",$a,00000444
"00044a88","FUN_00044a88",$a,000002a0
"00000a60","FUN_00000a60",$a,00000004
"0006da20","FUN_0006da20",$a,00000020
"000663b8","FUN_000663b8",$a,00000018
"00097cfc","FUN_00097cfc",$a,000000d8
"00082d28","FUN_00082d28",$a,00000180
"0006e108","FUN_0006e108",$a,0000004c
"00000a78","FUN_00000a78",$a,00000004
"00035b4c","FUN_00035b4c",$a,00000150
"0000d4d8","FUN_0000d4d8",$a,000000ec
"00081e6c","FUN_00081e6c",$a,00000070
"0004fae0","FUN_0004fae0",$a,00000100
"00001158","FUN_00001158",$a,00000004
"00083414","FUN_00083414",$a,000000a8
"000d73a0","FUN_000d73a0",$a,0000003c
"000b4ecc","FUN_000b4ecc",$a,00000098
"000005b8","FUN_000005b8",$a,00000004
"00001160","FUN_00001160",$a,00000004
"00048694","FUN_00048694",$a,000000b0
"0003fcf0","FUN_0003fcf0",$a,00000064
"0007b1d0","switchD_0007b1c8::switchdataD_0007b1d0",$d,00000004
"000a5c98","FUN_000a5c98",$a,00000054
"00000a70","FUN_00000a70",$a,00000004
"00010ff4","FUN_00010ff4",$a,00000154
"000a1174","switchD_000a116c::switchdataD_000a1174",$d,00000004
"000005b0","FUN_000005b0",$a,00000004
"00009be0","FUN_00009be0",$a,000000b4
"000a4f24","FUN_000a4f24",$a,000000c0
"0003c144","FUN_0003c144",$a,00000034
"000a2d48","FUN_000a2d48",$a,0000012c
"00052f68","FUN_00052f68",$a,00000010
"0004e124","FUN_0004e124",$a,00000044
"00004244","FUN_00004244",$a,00000354
"000a5614","FUN_000a5614",$a,00000028
"0009a030","FUN_0009a030",$a,0000012c
"00093a9c","FUN_00093a9c",$a,00000040
"0008ae60","FUN_0008ae60",$a,00000030
"00000dc0","FUN_00000dc0",$a,00000004
"0004d9f8","FUN_0004d9f8",$a,00000308
"000d7e48","FUN_000d7e48",$a,00000040
"0008a218","FUN_0008a218",$a,00000054
"000014b8","FUN_000014b8",$a,00000004
"000ac2b0","FUN_000ac2b0",$a,000002fc
"0009b368","FUN_0009b368",$a,0000004c
"0008921c","switchD_00089214::switchdataD_0008921c",$d,00000004
"00000dc8","FUN_00000dc8",$a,00000004
"000abbc4","FUN_000abbc4",$a,00000048
"00074104","FUN_00074104",$a,0000000c
"00053648","FUN_00053648",$a,0000002c
"000461c8","switchD_000461c0::switchdataD_000461c8",$d,00000004
"0002a0a0","switchD_0002a098::switchdataD_0002a0a0",$d,00000004
"000a637c","switchD_000a6374::switchdataD_000a637c",$d,00000004
"0009c698","FUN_0009c698",$a,00000060
"000014b0","FUN_000014b0",$a,00000004
"00075438","FUN_00075438",$a,00000010
"000e5380","DAT_000e5380",$d,00000001
"000b2b4c","FUN_000b2b4c",$a,0000000c
"0004fc10","FUN_0004fc10",$a,00000118
"00072b60","FUN_00072b60",$a,000000ac
"000d7e2c","FUN_000d7e2c",$a,00000018
"000b04b8","FUN_000b04b8",$a,0000002c
"000498e0","FUN_000498e0",$a,00000074
"000a06b4","FUN_000a06b4",$a,000000dc
"000b7608","FUN_000b7608",$a,0000003c
"00052f78","FUN_00052f78",$a,0000001c
"000d765c","FUN_000d765c",$a,00000018
"00000dd0","FUN_00000dd0",$a,00000004
"000b2b58","FUN_000b2b58",$a,00000110
"00017690","switchD_00017688::switchdataD_00017690",$d,00000004
"000014c8","FUN_000014c8",$a,00000004
"00000dd8","FUN_00000dd8",$a,00000004
"000b6750","FUN_000b6750",$a,00000068
"000802f8","FUN_000802f8",$a,00000034
"0009c200","FUN_0009c200",$a,00000144
"00071fb4","FUN_00071fb4",$a,00000108
"0003eb34","switchD_0003eb2c::switchdataD_0003eb34",$d,00000004
"00030510","FUN_00030510",$a,00000080
"000704ac","FUN_000704ac",$a,0000007c
"000014c0","FUN_000014c0",$a,00000004
"0002e52c","FUN_0002e52c",$a,0000007c
"00029d0c","switchD_00029d04::switchdataD_00029d0c",$d,00000004
"00095c74","FUN_00095c74",$a,00000028
"000a1270","FUN_000a1270",$a,00000028
"0004f480","FUN_0004f480",$a,00000040
"00029518","FUN_00029518",$a,00000024
"00051c58","FUN_00051c58",$a,00000074
"0006cac4","FUN_0006cac4",$a,0000000c
"00045cf8","FUN_00045cf8",$a,00000138
"0002b030","FUN_0002b030",$a,00000168
"00016e54","FUN_00016e54",$a,0000001c
"00001188","FUN_00001188",$a,00000004
"00081db8","FUN_00081db8",$a,00000080
"00001198","FUN_00001198",$a,00000004
"00026498","FUN_00026498",$a,000000ec
"000103e0","FUN_000103e0",$a,00000050
"00000da0","FUN_00000da0",$a,00000004
"00051480","FUN_00051480",$a,00000048
"00049178","FUN_00049178",$a,00000028
"00047ee0","FUN_00047ee0",$a,00000024
"000a51c8","switchD_000a51c0::switchdataD_000a51c8",$d,00000004
"00011ed8","FUN_00011ed8",$a,000000ac
"000005e8","FUN_000005e8",$a,00000004
"000b1fac","FUN_000b1fac",$a,0000003c
"0006bbfc","FUN_0006bbfc",$a,00000078
"00001190","FUN_00001190",$a,00000004
"0009b348","FUN_0009b348",$a,0000001c
"00000da8","FUN_00000da8",$a,00000004
"000a3c20","FUN_000a3c20",$a,0000004c
"000005e0","FUN_000005e0",$a,00000004
"00037d6c","FUN_00037d6c",$a,000000c4
"0003c178","FUN_0003c178",$a,00000110
"00052f94","FUN_00052f94",$a,00000078
"00009a08","switchD_00009a00::switchdataD_00009a08",$d,00000004
"000739f0","FUN_000739f0",$a,00000070
"0002cdf0","switchD_0002cde8::switchdataD_0002cdf0",$d,00000004
"0007fa9c","FUN_0007fa9c",$a,000001ec
"000517a4","FUN_000517a4",$a,00000080
"00057cdc","FUN_00057cdc",$a,000000f0
"00046bb4","FUN_00046bb4",$a,00000160
"00016e44","FUN_00016e44",$a,00000010
"0008e0b8","FUN_0008e0b8",$a,00000050
"00097694","FUN_00097694",$a,00000044
"00053674","FUN_00053674",$a,00000184
"00000db0","FUN_00000db0",$a,00000004
"00074114","FUN_00074114",$a,000000b8
"000014a8","FUN_000014a8",$a,00000004
"0006e4c8","FUN_0006e4c8",$a,000000e8
"00084b54","FUN_00084b54",$a,00000150
"000245a8","FUN_000245a8",$a,00000094
"00079808","FUN_00079808",$a,000000d0
"000005f8","FUN_000005f8",$a,00000004
"00000db8","FUN_00000db8",$a,00000004
"0000561c","switchD_00005610::switchdataD_0000561c",$d,00000004
"0004e8d0","FUN_0004e8d0",$a,000001c8
"00075448","FUN_00075448",$a,00000018
"0006c2e4","FUN_0006c2e4",$a,0000005c
"00082170","FUN_00082170",$a,00000060
"00017118","FUN_00017118",$a,0000004c
"000014f0","FUN_000014f0",$a,00000004
"0007fa6c","FUN_0007fa6c",$a,00000030
"000a696c","FUN_000a696c",$a,00000028
"0009765c","FUN_0009765c",$a,00000038
"00039380","FUN_00039380",$a,0000056c
"0008ae1c","FUN_0008ae1c",$a,00000040
"000b04e4","FUN_000b04e4",$a,000000e4
"0009983c","FUN_0009983c",$a,00000058
"000b1fe8","FUN_000b1fe8",$a,00000024
"000b4d74","FUN_000b4d74",$a,0000002c
"000a0b9c","FUN_000a0b9c",$a,00000060
"0004d9b8","FUN_0004d9b8",$a,0000003c
"0006a0b8","FUN_0006a0b8",$a,0000001c
"000112f0","FUN_000112f0",$a,000000cc
"00039b44","FUN_00039b44",$a,000000f4
"000b410c","FUN_000b410c",$a,00000100
"0007dba8","FUN_0007dba8",$a,000000a0
"00016270","FUN_00016270",$a,00000150
"000053a8","switchD_0000539c::switchdataD_000053a8",$d,00000004
"00011ab8","FUN_00011ab8",$a,00000088
"0006f7a0","FUN_0006f7a0",$a,0000000c
"000014f8","FUN_000014f8",$a,00000004
"00052f0c","FUN_00052f0c",$a,00000048
"0003c580","FUN_0003c580",$a,000002d0
"00054be8","FUN_00054be8",$a,00000020
"0006da88","FUN_0006da88",$a,000000e8
"00097e44","FUN_00097e44",$a,000000c4
"000b7648","FUN_000b7648",$a,0000003c
"00072b24","FUN_00072b24",$a,0000003c
"0006da6c","FUN_0006da6c",$a,0000001c
"0003ab80","FUN_0003ab80",$a,000001a8
"000156c4","FUN_000156c4",$a,00000054
"00024dc4","FUN_00024dc4",$a,00000060
"000134e4","FUN_000134e4",$a,00000068
"000a5664","FUN_000a5664",$a,00000058
"000957d4","switchD_000957cc::switchdataD_000957d4",$d,00000004
"0004f418","FUN_0004f418",$a,00000018
"000498a0","FUN_000498a0",$a,00000040
"0009415c","FUN_0009415c",$a,0000030c
"00071028","FUN_00071028",$a,000000d0
"00067aa8","FUN_00067aa8",$a,00000008
"00012dd0","FUN_00012dd0",$a,0000011c
"000014d0","FUN_000014d0",$a,00000004
"0000c354","switchD_0000c34c::switchdataD_0000c354",$d,00000004
"00094138","FUN_00094138",$a,00000024
"000134b8","FUN_000134b8",$a,0000002c
"000489ec","FUN_000489ec",$a,00000128
"00049128","FUN_00049128",$a,00000018
"0005361c","FUN_0005361c",$a,0000002c
"00000df0","FUN_00000df0",$a,00000004
"00075894","FUN_00075894",$a,00000160
"0009b780","FUN_0009b780",$a,00000058
"000b5c34","FUN_000b5c34",$a,00000068
"0004f448","FUN_0004f448",$a,00000034
"00000de8","FUN_00000de8",$a,00000004
"00099824","FUN_00099824",$a,00000014
"0006d5e0","FUN_0006d5e0",$a,00000064
"00067ab0","FUN_00067ab0",$a,000000a4
"0009eac8","FUN_0009eac8",$a,000000d4
"0006a0d4","FUN_0006a0d4",$a,00000470
"0009cae0","switchD_0009cad8::switchdataD_0009cae0",$d,00000004
"00094f34","switchD_00094f2c::switchdataD_00094f34",$d,00000004
"0002953c","FUN_0002953c",$a,00000018
"000014e0","FUN_000014e0",$a,00000004
"0006f7ac","FUN_0006f7ac",$a,00000070
"000694b0","FUN_000694b0",$a,000000c0
"00049d84","FUN_00049d84",$a,00000258
"000b3a70","FUN_000b3a70",$a,000000d4
"00099af0","FUN_00099af0",$a,00000040
"00085e2c","FUN_00085e2c",$a,0000008c
"00052f58","FUN_00052f58",$a,00000010
"000739b4","FUN_000739b4",$a,0000003c
"0007aaec","FUN_0007aaec",$a,000000a4
"000717d4","FUN_000717d4",$a,00000048
"0004f430","FUN_0004f430",$a,00000018
"00029554","FUN_00029554",$a,00000060
"00049140","FUN_00049140",$a,00000038
"0004a4d8","FUN_0004a4d8",$a,0000015c
"0008433c","FUN_0008433c",$a,0000019c
"00000df8","FUN_00000df8",$a,00000004
"0006d5d0","FUN_0006d5d0",$a,0000000c
"000014e8","FUN_000014e8",$a,00000004
"0007cce0","FUN_0007cce0",$a,000000f8
"000e16d4","DAT_000e16d4",$d,00000001
"00000718","FUN_00000718",$a,00000004
"00030d78","FUN_00030d78",$a,00000074
"000010b0","FUN_000010b0",$a,00000004
"000953d0","FUN_000953d0",$a,00000028
"000570ec","FUN_000570ec",$a,00000014
"000b7ca8","FUN_000b7ca8",$a,00000058
"000b1c0c","FUN_000b1c0c",$a,00000104
"00000710","FUN_00000710",$a,00000004
"0003495c","FUN_0003495c",$a,00000034
"000abfbc","FUN_000abfbc",$a,000001f4
"0007ac64","FUN_0007ac64",$a,000000b8
"00048de8","FUN_00048de8",$a,0000005c
"000121e4","FUN_000121e4",$a,00000050
"0009bca0","switchD_0009bc98::switchdataD_0009bca0",$d,00000004
"00057608","FUN_00057608",$a,000000b4
"00017410","switchD_00017408::switchdataD_00017410",$d,00000004
"00006c60","FUN_00006c60",$a,00000074
"0001c130","FUN_0001c130",$a,000000d8
"000a41d0","FUN_000a41d0",$a,000000a0
"000931f4","FUN_000931f4",$a,0000005c
"000010b8","FUN_000010b8",$a,00000004
"0000648c","FUN_0000648c",$a,000000a8
"0002ed70","FUN_0002ed70",$a,000001ac
"00000728","FUN_00000728",$a,00000004
"000010c0","FUN_000010c0",$a,00000004
"00073a94","FUN_00073a94",$a,000000c4
"0002fc24","FUN_0002fc24",$a,00000104
"0001cd5c","FUN_0001cd5c",$a,0000011c
"0000a8c8","FUN_0000a8c8",$a,00000114
"00000720","FUN_00000720",$a,00000004
"00007368","FUN_00007368",$a,00000038
"0004c2cc","FUN_0004c2cc",$a,00000164
"00049cb0","FUN_00049cb0",$a,000000d0
"00003ee4","FUN_00003ee4",$a,0000016c
"000ab07c","FUN_000ab07c",$a,00000054
"0009e460","FUN_0009e460",$a,0000005c
"00078530","FUN_00078530",$a,0000008c
"0008a5b4","FUN_0008a5b4",$a,00000094
"00030594","FUN_00030594",$a,00000058
"0002acc8","FUN_0002acc8",$a,000001a0
"000010c8","FUN_000010c8",$a,00000004
"000b5ad4","FUN_000b5ad4",$a,00000070
"000387ec","FUN_000387ec",$a,000002b0
"00035800","FUN_00035800",$a,00000138
"00015ea0","FUN_00015ea0",$a,000000b4
"000722d0","FUN_000722d0",$a,00000064
"000b0d7c","FUN_000b0d7c",$a,0000002c
"000896e8","switchD_000896e0::switchdataD_000896e8",$d,00000004
"000494f0","FUN_000494f0",$a,00000068
"0003aad4","FUN_0003aad4",$a,0000007c
"00023814","FUN_00023814",$a,00000050
"00047820","FUN_00047820",$a,00000058
"00013cac","FUN_00013cac",$a,00000040
"0003c4f0","FUN_0003c4f0",$a,0000008c
"000001cc","FUN_000001cc",$t,0000007e
"0006f90c","FUN_0006f90c",$a,00000034
"0008747c","FUN_0008747c",$a,00000204
"0006ae70","FUN_0006ae70",$a,000000a8
"00005058","switchD_00005050::switchdataD_00005058",$d,00000004
"000276c4","FUN_000276c4",$a,00000174
"00073dc4","FUN_00073dc4",$a,000002d8
"000d7620","FUN_000d7620",$a,0000003c
"0003f274","FUN_0003f274",$a,0000015c
"0007eaf8","FUN_0007eaf8",$a,00000088
"00000708","FUN_00000708",$a,00000004
"000b1000","FUN_000b1000",$a,0000002c
"00004b34","switchD_00004b2c::switchdataD_00004b34",$d,00000004
"000010a0","FUN_000010a0",$a,00000004
"00082cf0","FUN_00082cf0",$a,00000030
"00000700","FUN_00000700",$a,00000004
"00050cb0","FUN_00050cb0",$a,00000020
"00029114","FUN_00029114",$a,00000050
"00047af0","FUN_00047af0",$a,00000060
"0000a128","FUN_0000a128",$a,00000030
"0008df68","FUN_0008df68",$a,00000030
"0009aee8","switchD_0009aee0::switchdataD_0009aee8",$d,00000004
"000a5cec","FUN_000a5cec",$a,000000b0
"0005108c","FUN_0005108c",$a,00000014
"000010a8","FUN_000010a8",$a,00000004
"0009e448","FUN_0009e448",$a,00000018
"00054d5c","FUN_00054d5c",$a,00000020
"00054d04","FUN_00054d04",$a,0000001c
"00068700","FUN_00068700",$a,00000028
"00033e48","FUN_00033e48",$a,00000030
"00001608","FUN_00001608",$a,00000004
"00000f20","FUN_00000f20",$a,00000004
"00000758","FUN_00000758",$a,00000004
"000a50b8","FUN_000a50b8",$a,0000004c
"000010f0","FUN_000010f0",$a,00000004
"00073a64","FUN_00073a64",$a,0000002c
"00001600","FUN_00001600",$a,00000004
"00000f28","FUN_00000f28",$a,00000004
"00000750","FUN_00000750",$a,00000004
"0003233c","FUN_0003233c",$a,000001b0
"0006784c","FUN_0006784c",$a,00000228
"0009e430","FUN_0009e430",$a,00000018
"00075478","FUN_00075478",$a,0000001c
"00070cd0","FUN_00070cd0",$a,00000038
"000010f8","FUN_000010f8",$a,00000004
"00070134","switchD_0007012c::switchdataD_00070134",$d,00000004
"0001d018","FUN_0001d018",$a,00000038
"00004dcc","FUN_00004dcc",$a,000000ac
"0004e16c","FUN_0004e16c",$a,00000054
"00001618","FUN_00001618",$a,00000004
"00000f30","FUN_00000f30",$a,00000004
"00000768","FUN_00000768",$a,00000004
"00023864","FUN_00023864",$a,00000018
"00048db8","FUN_00048db8",$a,0000002c
"0006cad0","FUN_0006cad0",$a,0000003c
"000583f8","FUN_000583f8",$a,0000000c
"00001610","FUN_00001610",$a,00000004
"00000f38","FUN_00000f38",$a,00000004
"000a7ef0","FUN_000a7ef0",$a,0000004c
"00097280","FUN_00097280",$a,00000034
"000032dc","FUN_000032dc",$a,00000028
"00000760","FUN_00000760",$a,00000004
"0006783c","FUN_0006783c",$a,0000000c
"00053214","FUN_00053214",$a,00000100
"000acec8","FUN_000acec8",$a,000001bc
"00088f78","FUN_00088f78",$a,00000024
"00095fe0","FUN_00095fe0",$a,00000154
"00075460","FUN_00075460",$a,00000010
"0004a0b8","FUN_0004a0b8",$a,0000005c
"00069ce4","FUN_00069ce4",$a,00000028
"000931c0","FUN_000931c0",$a,0000001c
"00034514","FUN_00034514",$a,00000044
"00033e1c","FUN_00033e1c",$a,0000002c
"00091b98","switchD_00091b90::switchdataD_00091b98",$d,00000004
"00002bec","FUN_00002bec",$a,00000020
"0009989c","FUN_0009989c",$a,00000054
"000250a0","FUN_000250a0",$a,00000130
"00091940","FUN_00091940",$a,00000100
"00000738","FUN_00000738",$a,00000004
"000010d0","FUN_000010d0",$a,00000004
"000979d0","FUN_000979d0",$a,0000015c
"000713e0","FUN_000713e0",$a,0000008c
"0002c6a0","FUN_0002c6a0",$a,00000080
"00000f00","FUN_00000f00",$a,00000004
"00054d20","FUN_00054d20",$a,00000038
"00000730","FUN_00000730",$a,00000004
"00068728","FUN_00068728",$a,000000dc
"00080ac8","FUN_00080ac8",$a,00000094
"0001aec8","FUN_0001aec8",$a,00000078
"00000f08","FUN_00000f08",$a,00000004
"000b4d00","FUN_000b4d00",$a,00000074
"0004bac4","switchD_0004babc::switchdataD_0004bac4",$d,00000004
"00013cec","FUN_00013cec",$a,000000e4
"000045cc","FUN_000045cc",$a,0000007c
"0002f438","FUN_0002f438",$a,0000008c
"00002bc4","FUN_00002bc4",$a,00000028
"0004c2a8","FUN_0004c2a8",$a,00000018
"00054550","FUN_00054550",$a,00000060
"00029164","FUN_00029164",$a,00000048
"0000f864","FUN_0000f864",$a,00000094
"0000bc70","FUN_0000bc70",$a,000000a8
"000010d8","FUN_000010d8",$a,00000004
"000abba4","FUN_000abba4",$a,00000020
"000b70ac","FUN_000b70ac",$a,00000024
"000b1030","FUN_000b1030",$a,000000b8
"0009f354","switchD_0009f34c::switchdataD_0009f354",$d,00000004
"0001e870","switchD_0001e868::switchdataD_0001e870",$d,00000004
"00045614","FUN_00045614",$a,00000074
"000298d0","FUN_000298d0",$a,0000004c
"00000748","FUN_00000748",$a,00000004
"000010e0","FUN_000010e0",$a,00000004
"0009ac80","FUN_0009ac80",$a,00000060
"0000a164","FUN_0000a164",$a,00000108
"0000d670","FUN_0000d670",$a,0000011c
"00000740","FUN_00000740",$a,00000004
"00000f18","FUN_00000f18",$a,00000004
"00086d74","FUN_00086d74",$a,00000094
"000570e0","FUN_000570e0",$a,0000000c
"00078514","FUN_00078514",$a,0000001c
"0002da1c","FUN_0002da1c",$a,000000d4
"000a6be8","FUN_000a6be8",$a,00000028
"0004dda4","FUN_0004dda4",$a,0000008c
"0008ae98","FUN_0008ae98",$a,00000214
"000010e8","FUN_000010e8",$a,00000004
"000535d4","FUN_000535d4",$a,00000040
"00000f60","FUN_00000f60",$a,00000004
"0004bcfc","switchD_0004bcf4::switchdataD_0004bcfc",$d,00000004
"00028dcc","FUN_00028dcc",$a,00000098
"000ab480","FUN_000ab480",$a,000000c8
"0009e05c","FUN_0009e05c",$a,00000104
"000886cc","FUN_000886cc",$a,00000288
"00001648","FUN_00001648",$a,00000004
"00072aec","FUN_00072aec",$a,00000038
"0006b8bc","FUN_0006b8bc",$a,0000002c
"0004a688","FUN_0004a688",$a,0000000c
"0001361c","FUN_0001361c",$a,00000054
"00000f68","FUN_00000f68",$a,00000004
"0003455c","FUN_0003455c",$a,000000a0
"00000798","FUN_00000798",$a,00000004
"0009e7f8","FUN_0009e7f8",$a,000001a4
"00069678","FUN_00069678",$a,000002dc
"00034d30","FUN_00034d30",$a,0000007c
"0008f598","FUN_0008f598",$a,00000034
"00095d90","switchD_00095d88::switchdataD_00095d90",$d,00000004
"00070e28","FUN_00070e28",$a,000000a0
"000b1aec","FUN_000b1aec",$a,0000005c
"00046d28","FUN_00046d28",$a,0000032c
"00068f8c","FUN_00068f8c",$a,00000014
"0001d068","FUN_0001d068",$a,0000001c
"0004787c","FUN_0004787c",$a,000000a8
"00057204","FUN_00057204",$a,000000ac
"00080c48","FUN_00080c48",$a,00000090
"000a2bac","FUN_000a2bac",$a,00000190
"000a3edc","FUN_000a3edc",$a,00000038
"00098914","switchD_0009890c::switchdataD_00098914",$d,00000004
"0004f3d8","FUN_0004f3d8",$a,0000003c
"000490e8","FUN_000490e8",$a,00000040
"000ab010","FUN_000ab010",$a,00000038
"00001658","FUN_00001658",$a,00000004
"00000f78","FUN_00000f78",$a,00000004
"0004c874","FUN_0004c874",$a,0000006c
"0004a694","FUN_0004a694",$a,0000009c
"00081f6c","FUN_00081f6c",$a,0000008c
"0000de8c","FUN_0000de8c",$a,000000f8
"000abc58","FUN_000abc58",$a,00000020
"000acb04","FUN_000acb04",$a,000000f0
"0008f124","FUN_0008f124",$a,00000028
"00033e78","FUN_00033e78",$a,00000034
"00001650","FUN_00001650",$a,00000004
"0004f3cc","FUN_0004f3cc",$a,0000000c
"00099fe0","FUN_00099fe0",$a,0000004c
"000d74e0","FUN_000d74e0",$a,0000003c
"0000b698","switchD_0000b690::switchdataD_0000b698",$d,00000004
"00071980","FUN_00071980",$a,000000e4
"0008a1b8","FUN_0008a1b8",$a,00000058
"0001d054","FUN_0001d054",$a,00000014
"000b3cf0","FUN_000b3cf0",$a,000002a8
"00000f70","FUN_00000f70",$a,00000004
"0008e248","FUN_0008e248",$a,0000003c
"000aa170","FUN_000aa170",$a,00000028
"000a10d4","FUN_000a10d4",$a,00000084
"00000f40","FUN_00000f40",$a,00000004
"0006aa80","FUN_0006aa80",$a,00000028
"00069214","FUN_00069214",$a,00000090
"00000778","FUN_00000778",$a,00000004
"0000ed34","FUN_0000ed34",$a,0000004c
"0006c010","FUN_0006c010",$a,0000008c
"0003017c","FUN_0003017c",$a,00000038
"00000f48","FUN_00000f48",$a,00000004
"0002ffc0","FUN_0002ffc0",$a,00000038
"0009c5f4","FUN_0009c5f4",$a,00000058
"0009befc","FUN_0009befc",$a,0000003c
"0003cb24","switchD_0003cb1c::switchdataD_0003cb24",$d,00000004
"00000770","FUN_00000770",$a,00000004
"00059b6c","switchD_00059b64::switchdataD_00059b6c",$d,00000004
"00000780","FUN_00000780",$a,00000004
"00095bf0","FUN_00095bf0",$a,00000060
"0003c0e8","FUN_0003c0e8",$a,0000005c
"00043074","FUN_00043074",$a,000000c8
"000a954c","FUN_000a954c",$a,00000028
"000a6c94","FUN_000a6c94",$a,00000054
"00000f50","FUN_00000f50",$a,00000004
"00064958","switchD_00064950::switchdataD_00064958",$d,00000004
"000dfb14","DAT_000dfb14",$d,00000001
"00000788","FUN_00000788",$a,00000004
"000740a8","FUN_000740a8",$a,00000020
"00000f58","FUN_00000f58",$a,00000004
"000abc78","FUN_000abc78",$a,00000038
"0009a918","FUN_0009a918",$a,00000044
"0006e660","FUN_0006e660",$a,0000006c
"00001630","FUN_00001630",$a,00000004
"00099fc0","FUN_00099fc0",$a,00000020
"00000790","FUN_00000790",$a,00000004
"00097de0","FUN_00097de0",$a,0000005c
"0008f580","FUN_0008f580",$a,00000018
"00048770","FUN_00048770",$a,00000148
"00047440","FUN_00047440",$a,00000024
"00057e6c","FUN_00057e6c",$a,0000006c
"000a1608","FUN_000a1608",$a,00000028
"0002387c","FUN_0002387c",$a,00000298
"00000b20","FUN_00000b20",$a,00000004
"0006c434","FUN_0006c434",$a,00000090
"0000c6f8","FUN_0000c6f8",$a,00000060
"000d71a8","OnLoad",$d,00000001
"0005412c","FUN_0005412c",$a,00000018
"00089bb4","switchD_00089bac::switchdataD_00089bb4",$d,00000004
"00027838","FUN_00027838",$a,00000210
"00001208","FUN_00001208",$a,00000004
"00000b28","FUN_00000b28",$a,00000004
"0006f940","FUN_0006f940",$a,00000020
"0008c7bc","FUN_0008c7bc",$a,0000020c
"0004a640","FUN_0004a640",$a,00000028
"0000ace0","FUN_0000ace0",$a,00000114
"00031fdc","FUN_00031fdc",$a,00000018
"000a2170","switchD_000a2168::switchdataD_000a2170",$d,00000004
"00001200","FUN_00001200",$a,00000004
"000a3aa4","FUN_000a3aa4",$a,0000002c
"0008e9a0","FUN_0008e9a0",$a,000000d0
"0007c248","FUN_0007c248",$a,0000007c
"00087070","FUN_00087070",$a,00000244
"00068f54","FUN_00068f54",$a,00000038
"0009818c","FUN_0009818c",$a,00000098
"0004e4e4","FUN_0004e4e4",$a,000000e8
"0002b3e4","FUN_0002b3e4",$a,00000020
"000535a0","FUN_000535a0",$a,00000034
"000490a0","FUN_000490a0",$a,00000044
"000548d0","FUN_000548d0",$a,0000013c
"00071bec","FUN_00071bec",$a,00000050
"00001218","FUN_00001218",$a,00000004
"00000b38","FUN_00000b38",$a,00000004
"000294f0","FUN_000294f0",$a,00000028
"0009b6a0","switchD_0009b698::switchdataD_0009b6a0",$d,00000004
"000984b8","FUN_000984b8",$a,00000034
"00011c68","FUN_00011c68",$a,00000040
"00026974","FUN_00026974",$a,00000034
"00081f2c","FUN_00081f2c",$a,00000038
"00001210","FUN_00001210",$a,00000004
"00001220","FUN_00001220",$a,00000004
"00050cd0","FUN_00050cd0",$a,00000014
"000e1778","DAT_000e1778",$d,00000001
"000b273c","FUN_000b273c",$a,00000104
"00056f70","FUN_00056f70",$a,0000009c
"00054d7c","FUN_00054d7c",$a,000000b8
"00036778","FUN_00036778",$a,0000022c
"00045e40","FUN_00045e40",$a,0000007c
"00044f94","FUN_00044f94",$a,00000028
"0007dd3c","FUN_0007dd3c",$a,00000224
"00055478","FUN_00055478",$a,00000010
"0006bd30","FUN_0006bd30",$a,0000009c
"00000b30","FUN_00000b30",$a,00000004
"0008f534","FUN_0008f534",$a,0000004c
"0001cca4","FUN_0001cca4",$a,0000004c
"00000b00","FUN_00000b00",$a,00000004
"0004a668","FUN_0004a668",$a,00000008
"0002f7b0","FUN_0002f7b0",$a,00000248
"00000f88","FUN_00000f88",$a,00000004
"000b52e0","FUN_000b52e0",$a,00000038
"00095bac","FUN_00095bac",$a,00000030
"0006a9f8","FUN_0006a9f8",$a,00000088
"000304d0","FUN_000304d0",$a,00000034
"0009ff88","FUN_0009ff88",$a,000001fc
"00052ebc","FUN_00052ebc",$a,0000004c
"0006f960","FUN_0006f960",$a,00000188
"00069e28","FUN_00069e28",$a,000000bc
"0008df98","FUN_0008df98",$a,000000c8
"0007bb2c","FUN_0007bb2c",$a,000000f4
"00050ce4","FUN_00050ce4",$a,00000018
"00079c0c","FUN_00079c0c",$a,00000014
"0004caf0","FUN_0004caf0",$a,000001fc
"0000ed84","FUN_0000ed84",$a,00000038
"000b74b8","FUN_000b74b8",$a,000000a0
"00096ee4","FUN_00096ee4",$a,00000088
"00045690","FUN_00045690",$a,000000c4
"0009aba4","FUN_0009aba4",$a,000000d4
"00079c20","FUN_00079c20",$a,000000c0
"000731b0","switchD_000731a8::switchdataD_000731b0",$d,00000004
"00074cb4","FUN_00074cb4",$a,00000300
"00055488","FUN_00055488",$a,00000168
"0001d084","FUN_0001d084",$a,000000ec
"00072824","FUN_00072824",$a,0000023c
"00000f80","FUN_00000f80",$a,00000004
"00056b18","FUN_00056b18",$a,000000f8
"00000b10","FUN_00000b10",$a,00000004
"000a2708","switchD_000a2700::switchdataD_000a2708",$d,00000004
"0009ec24","switchD_0009ec1c::switchdataD_0009ec24",$d,00000004
"00000f98","FUN_00000f98",$a,00000004
"0009dd90","FUN_0009dd90",$a,000002c0
"000a3ad0","FUN_000a3ad0",$a,00000048
"0004a674","FUN_0004a674",$a,00000014
"00045210","FUN_00045210",$a,00000060
"00000b18","FUN_00000b18",$a,00000004
"0001c278","switchD_0001c270::switchdataD_0001c278",$d,00000004
"000714d0","switchD_000714c8::switchdataD_000714d0",$d,00000004
"00001680","FUN_00001680",$a,00000028
"000a41ac","FUN_000a41ac",$a,00000020
"000a1648","FUN_000a1648",$a,00000240
"00053a84","FUN_00053a84",$a,00000158
"000b0d58","FUN_000b0d58",$a,00000020
"00012324","FUN_00012324",$a,00000030
"00000f90","FUN_00000f90",$a,00000004
"000864b8","FUN_000864b8",$a,000000f8
"000294d8","FUN_000294d8",$a,00000018
"00015830","FUN_00015830",$a,00000050
"000a27e0","FUN_000a27e0",$a,00000110
"00000b68","FUN_00000b68",$a,00000004
"00097f10","FUN_00097f10",$a,000000f4
"0007a934","FUN_0007a934",$a,00000010
"00001248","FUN_00001248",$a,00000004
"00080fc4","FUN_00080fc4",$a,00000138
"00048338","FUN_00048338",$a,00000098
"00025214","FUN_00025214",$a,000000b4
"000a2fb0","FUN_000a2fb0",$a,00000120
"000172e0","switchD_000172d8::switchdataD_000172e0",$d,00000004
"000006a8","FUN_000006a8",$a,00000004
"00001250","FUN_00001250",$a,00000004
"000b69a0","FUN_000b69a0",$a,00000004
"0007a944","FUN_0007a944",$a,000000c8
"000e3928","DAT_000e3928",$d,00000001
"000b69a4","FUN_000b69a4",$a,00000008
"000006a0","FUN_000006a0",$a,00000004
"000d78dc","FUN_000d78dc",$a,00000018
"00000b60","FUN_00000b60",$a,00000004
"000a4e90","FUN_000a4e90",$a,00000084
"00002d54","FUN_00002d54",$a,0000003c
"00000b78","FUN_00000b78",$a,00000004
"0004748c","FUN_0004748c",$a,00000264
"000170d4","FUN_000170d4",$a,00000040
"00001258","FUN_00001258",$a,00000004
"000455ac","FUN_000455ac",$a,0000001c
"00037e34","FUN_00037e34",$a,00000078
"000b5b48","FUN_000b5b48",$a,0000002c
"000006b8","FUN_000006b8",$a,00000004
"00001260","FUN_00001260",$a,00000004
"000b69b4","FUN_000b69b4",$a,0000004c
"000a5104","FUN_000a5104",$a,00000094
"00085f40","FUN_00085f40",$a,0000005c
"0000d5cc","FUN_0000d5cc",$a,0000009c
"000a4a20","FUN_000a4a20",$a,0000008c
"0001ccf4","FUN_0001ccf4",$a,0000005c
"00056eb0","FUN_00056eb0",$a,000000c0
"000006b0","FUN_000006b0",$a,00000004
"00048b20","FUN_00048b20",$a,000000b0
"0006f59c","FUN_0006f59c",$a,00000198
"0007c5e8","FUN_0007c5e8",$a,00000124
"0006bcb8","FUN_0006bcb8",$a,00000070
"00000b48","FUN_00000b48",$a,00000004
"0008ea7c","FUN_0008ea7c",$a,00000030
"00001228","FUN_00001228",$a,00000004
"000e0c08","DAT_000e0c08",$d,00000001
"00054168","switchD_00054160::switchdataD_00054168",$d,00000004
"00001230","FUN_00001230",$a,00000004
"000b6a04","FUN_000b6a04",$a,00000098
"0009eba0","FUN_0009eba0",$a,00000028
"0008f8f8","FUN_0008f8f8",$a,00000194
"00088efc","FUN_00088efc",$a,00000074
"00049210","FUN_00049210",$a,00000138
"000455d0","FUN_000455d0",$a,00000040
"0006b918","switchD_0006b910::switchdataD_0006b918",$d,00000004
"0008b0b4","FUN_0008b0b4",$a,0000011c
"00000b40","FUN_00000b40",$a,00000004
"00012354","FUN_00012354",$a,00000058
"0006db80","FUN_0006db80",$a,00000058
"000139a8","FUN_000139a8",$a,0000001c
"00016710","FUN_00016710",$a,00000098
"0005067c","FUN_0005067c",$a,000000f0
"00015880","FUN_00015880",$a,00000414
"000a7f44","FUN_000a7f44",$a,00000078
"0009469c","FUN_0009469c",$a,000001bc
"00072c20","FUN_00072c20",$a,00000020
"00000b58","FUN_00000b58",$a,00000004
"00001238","FUN_00001238",$a,00000004
"00095d24","FUN_00095d24",$a,0000004c
"000b5b74","FUN_000b5b74",$a,000000c0
"00051d00","FUN_00051d00",$a,00000058
"00023c3c","FUN_00023c3c",$a,00000150
"000ab428","FUN_000ab428",$a,0000001c
"00001240","FUN_00001240",$a,00000004
"000a4278","FUN_000a4278",$a,00000050
"000993ec","FUN_000993ec",$a,00000130
"00043f34","switchD_00043f2c::switchdataD_00043f34",$d,00000004
"00085f24","FUN_00085f24",$a,0000001c
"00009330","switchD_00009328::switchdataD_00009330",$d,00000004
"00052868","FUN_00052868",$a,000000d8
"00047c88","FUN_00047c88",$a,00000054
"00031ff4","FUN_00031ff4",$a,000000d4
"00013e4c","FUN_00013e4c",$a,00000108
"00000b50","FUN_00000b50",$a,00000004
"0004c47c","FUN_0004c47c",$a,000000d4
"000d8058","FUN_000d8058",$a,00000028
"000677cc","FUN_000677cc",$a,00000070
"000948ac","switchD_000948a4::switchdataD_000948ac",$d,00000004
"0007021c","FUN_0007021c",$a,000001a8
"000a72ac","switchD_000a72a4::switchdataD_000a72ac",$d,00000004
"0009e3b4","FUN_0009e3b4",$a,0000007c
"00026104","FUN_00026104",$a,00000390
"0001d92c","FUN_0001d92c",$a,000000a4
"00045270","FUN_00045270",$a,000000f0
"00000ea0","FUN_00000ea0",$a,00000004
"0008f150","FUN_0008f150",$a,000000d8
"000006e8","FUN_000006e8",$a,00000004
"00092c64","FUN_00092c64",$a,0000006c
"0000a630","FUN_0000a630",$a,00000070
"00001290","FUN_00001290",$a,00000004
"00000ea8","FUN_00000ea8",$a,00000004
"0008ddfc","switchD_0008ddf4::switchdataD_0008ddfc",$d,00000004
"000006e0","FUN_000006e0",$a,00000004
"0002c828","FUN_0002c828",$a,00000194
"0006b8ec","FUN_0006b8ec",$a,0000001c
"0009c9d0","switchD_0009c9c8::switchdataD_0009c9d0",$d,00000004
"0009b828","FUN_0009b828",$a,00000074
"000a23b0","FUN_000a23b0",$a,0000023c
"00073728","FUN_00073728",$a,0000007c
"00093b20","FUN_00093b20",$a,0000007c
"000abc10","FUN_000abc10",$a,00000024
"0004d764","FUN_0004d764",$a,00000050
"000740c8","FUN_000740c8",$a,00000034
"0004fbe0","FUN_0004fbe0",$a,0000002c
"00001298","FUN_00001298",$a,00000004
"000544bc","FUN_000544bc",$a,00000090
"000ae958","FUN_000ae958",$a,000000b4
"000a01cc","FUN_000a01cc",$a,00000040
"00094680","FUN_00094680",$a,00000018
"00000eb0","FUN_00000eb0",$a,00000004
"0009bf64","switchD_0009bf5c::switchdataD_0009bf64",$d,00000004
"000006f8","FUN_000006f8",$a,00000004
"000b4094","FUN_000b4094",$a,00000078
"00033db0","FUN_00033db0",$a,0000001c
"00002d90","FUN_00002d90",$a,000002d8
"000300cc","FUN_000300cc",$a,000000ac
"00000eb8","FUN_00000eb8",$a,00000004
"000015a0","FUN_000015a0",$a,00000004
"0007abc0","FUN_0007abc0",$a,000000a0
"00090a90","FUN_00090a90",$a,0000011c
"0006df94","FUN_0006df94",$a,00000044
"0002874c","FUN_0002874c",$a,00000024
"000006f0","FUN_000006f0",$a,00000004
"00000b88","FUN_00000b88",$a,00000004
"0008e284","FUN_0008e284",$a,00000030
"0001e2c4","FUN_0001e2c4",$a,00000134
"000993b8","FUN_000993b8",$a,0000002c
"00001268","FUN_00001268",$a,00000004
"00029600","FUN_00029600",$a,00000028
"0003bf50","FUN_0003bf50",$a,00000118
"000006c8","FUN_000006c8",$a,00000004
"0000e4ac","FUN_0000e4ac",$a,00000028
"00052814","FUN_00052814",$a,00000054
"000ad630","FUN_000ad630",$a,000000d4
"0008fd74","FUN_0008fd74",$a,000000fc
"00000b80","FUN_00000b80",$a,00000004
"000006c0","FUN_000006c0",$a,00000004
"00000b98","FUN_00000b98",$a,00000004
"00072418","FUN_00072418",$a,00000050
"00093f80","FUN_00093f80",$a,0000005c
"000b5eb4","FUN_000b5eb4",$a,00000108
"000a45b4","FUN_000a45b4",$a,00000120
"000ab45c","FUN_000ab45c",$a,00000020
"000abc34","FUN_000abc34",$a,00000024
"0006adb0","FUN_0006adb0",$a,000000c0
"000340dc","switchD_000340d4::switchdataD_000340dc",$d,00000004
"0004c450","FUN_0004c450",$a,00000028
"0001e2a4","FUN_0001e2a4",$a,00000020
"000006d8","FUN_000006d8",$a,00000004
"00001280","FUN_00001280",$a,00000004
"0007aba8","FUN_0007aba8",$a,00000018
"00011fc4","FUN_00011fc4",$a,00000034
"00000b90","FUN_00000b90",$a,00000004
"000b78c8","FUN_000b78c8",$a,00000238
"00058128","FUN_00058128",$a,000000e0
"000006d0","FUN_000006d0",$a,00000004
"0009a960","FUN_0009a960",$a,000001e8
"0007e014","FUN_0007e014",$a,00000040
"00003c20","FUN_00003c20",$a,0000001c
"0002964c","FUN_0002964c",$a,00000060
"0000c83c","FUN_0000c83c",$a,000000ac
"000b6868","FUN_000b6868",$a,00000068
"0009733c","FUN_0009733c",$a,00000048
"00072c98","FUN_00072c98",$a,000000f0
"0006def8","FUN_0006def8",$a,00000094
"000037b4","FUN_000037b4",$a,00000100
"0007c70c","FUN_0007c70c",$a,00000150
"000a1934","switchD_000a192c::switchdataD_000a1934",$d,00000004
"000705f4","FUN_000705f4",$a,000000e4
"0006cbc4","FUN_0006cbc4",$a,00000024
"00006544","FUN_00006544",$a,00000040
"00000ef0","FUN_00000ef0",$a,00000004
"00000ee0","FUN_00000ee0",$a,00000004
"000d779c","FUN_000d779c",$a,00000018
"00028334","FUN_00028334",$a,0000005c
"000b200c","FUN_000b200c",$a,000000a8
"000015d8","FUN_000015d8",$a,00000004
"00000ee8","FUN_00000ee8",$a,00000004
"00080bbc","FUN_00080bbc",$a,00000018
"000b05c8","FUN_000b05c8",$a,000000f8
"0003a088","FUN_0003a088",$a,000000dc
"0002df60","FUN_0002df60",$a,00000068
"00057dd8","FUN_00057dd8",$a,0000008c
"000015d0","FUN_000015d0",$a,00000004
"000015e0","FUN_000015e0",$a,00000004
"0009867c","FUN_0009867c",$a,00000028
"000aea7c","FUN_000aea7c",$a,00000024
"00072c80","FUN_00072c80",$a,00000014
"0003ca2c","FUN_0003ca2c",$a,000000c0
"000780c4","FUN_000780c4",$a,00000130
"0001f594","switchD_0001f58c::switchdataD_0001f594",$d,00000004
"000a2e78","FUN_000a2e78",$a,0000011c
"0000f3ac","FUN_0000f3ac",$a,000004ac
"000705e4","FUN_000705e4",$a,00000010
"000518a4","FUN_000518a4",$a,00000128
"00080bd4","FUN_00080bd4",$a,0000005c
"0006e5bc","FUN_0006e5bc",$a,000000a0
"000135c0","FUN_000135c0",$a,0000002c
"00099530","FUN_00099530",$a,00000098
"00056804","FUN_00056804",$a,0000000c
"00034ca8","FUN_00034ca8",$a,00000040
"00000ef8","FUN_00000ef8",$a,00000004
"000015e8","FUN_000015e8",$a,00000004
"0006a718","FUN_0006a718",$a,00000074
"000b71fc","FUN_000b71fc",$a,00000020
"0006c3e0","FUN_0006c3e0",$a,0000004c
"0009ad7c","FUN_0009ad7c",$a,000000ec
"00098c68","switchD_00098c60::switchdataD_00098c68",$d,00000004
"0004e25c","FUN_0004e25c",$a,000000e4
"00066620","FUN_00066620",$a,00000040
"000a488c","FUN_000a488c",$a,0000017c
"0006cbe8","FUN_0006cbe8",$a,00000954
"00073b60","FUN_00073b60",$a,000000c4
"000a1390","FUN_000a1390",$a,00000040
"0007e3c0","FUN_0007e3c0",$a,00000058
"0009bc24","FUN_0009bc24",$a,00000044
"000727f8","FUN_000727f8",$a,00000028
"00068804","FUN_00068804",$a,00000284
"00003c3c","FUN_00003c3c",$a,0000016c
"00056814","FUN_00056814",$a,0000000c
"00032e50","switchD_00032e48::switchdataD_00032e50",$d,00000004
"00000ec0","FUN_00000ec0",$a,00000004
"000b4e64","FUN_000b4e64",$a,00000068
"000015b8","FUN_000015b8",$a,00000004
"00000ec8","FUN_00000ec8",$a,00000004
"000962c4","switchD_000962bc::switchdataD_000962c4",$d,00000004
"00055960","FUN_00055960",$a,00000018
"000015b0","FUN_000015b0",$a,00000004
"000b2c7c","FUN_000b2c7c",$a,00000110
"00023fd8","FUN_00023fd8",$a,00000244
"0009f808","FUN_0009f808",$a,00000194
"0008e8d0","thunk_FUN_00066b98_0008e8d0",$a,00000004
"0003060c","FUN_0003060c",$a,000000c8
"00081ee0","FUN_00081ee0",$a,0000004c
"0000e4dc","FUN_0000e4dc",$a,000000ec
"00029628","FUN_00029628",$a,00000024
"0008b664","FUN_0008b664",$a,00000020
"00033dcc","FUN_00033dcc",$a,00000048
"00000ed0","FUN_00000ed0",$a,00000004
"000dfbb8","DAT_000dfbb8",$d,00000001
"000015c8","FUN_000015c8",$a,00000004
"0007b868","FUN_0007b868",$a,00000028
"000b0dac","FUN_000b0dac",$a,0000001c
"000268a4","FUN_000268a4",$a,000000c8
"00000ed8","FUN_00000ed8",$a,00000004
"0008be20","FUN_0008be20",$a,00000294
"000015c0","FUN_000015c0",$a,00000004
"0004969c","FUN_0004969c",$a,0000006c
"000b5578","FUN_000b5578",$a,000002c0
"00081b9c","FUN_00081b9c",$a,000000a4
"0009559c","FUN_0009559c",$a,000001d8
"00096c20","FUN_00096c20",$a,00000090
"00023bc8","FUN_00023bc8",$a,0000003c
"000aaf10","FUN_000aaf10",$a,000000b8
"00000ab0","FUN_00000ab0",$a,00000004
"00000aa0","FUN_00000aa0",$a,00000004
"000135f0","FUN_000135f0",$a,00000028
"00000aa8","FUN_00000aa8",$a,00000004
"00073334","FUN_00073334",$a,00000134
"000011a0","FUN_000011a0",$a,00000004
"000b0de0","FUN_000b0de0",$a,000000ac
"0009f2d4","FUN_0009f2d4",$a,00000028
"00057890","switchD_00057888::switchdataD_00057890",$d,00000004
"0002ae94","FUN_0002ae94",$a,000000a8
"0007246c","FUN_0007246c",$a,00000158
"0006c09c","FUN_0006c09c",$a,000000d8
"00072c40","FUN_00072c40",$a,00000030
"00000800","FUN_00000800",$a,00000004
"000aa3a8","switchD_000aa3a0::switchdataD_000aa3a8",$d,00000004
"00000ac0","FUN_00000ac0",$a,00000004
"000d733c","FUN_000d733c",$a,00000018
"000122d4","FUN_000122d4",$a,0000000c
"00029210","FUN_00029210",$a,00000220
"00000ab8","FUN_00000ab8",$a,00000004
"000011a8","FUN_000011a8",$a,00000004
"00073324","FUN_00073324",$a,0000000c
"00011be8","FUN_00011be8",$a,0000007c
"000ac930","FUN_000ac930",$a,000001c8
"00000808","FUN_00000808",$a,00000004
"000d710c","switchD_000d7104::switchdataD_000d710c",$d,00000004
"000ab60c","FUN_000ab60c",$a,00000188
"000015f0","FUN_000015f0",$a,00000004
"000a1b98","FUN_000a1b98",$a,00000028
"0007c1a8","FUN_0007c1a8",$a,00000090
"00072c74","FUN_00072c74",$a,0000000c
"000540e4","FUN_000540e4",$a,0000003c
"000314b4","switchD_000314ac::switchdataD_000314b4",$d,00000004
"0006ded4","FUN_0006ded4",$a,00000024
"00047074","FUN_00047074",$a,00000054
"0006b0a8","FUN_0006b0a8",$a,00000108
"000705c8","FUN_000705c8",$a,0000001c
"000891b4","FUN_000891b4",$a,00000018
"0002b598","FUN_0002b598",$a,0000003c
"0006f8e8","FUN_0006f8e8",$a,00000024
"000015f8","FUN_000015f8",$a,00000004
"0004e20c","FUN_0004e20c",$a,0000004c
"00086e08","FUN_00086e08",$a,000000ac
"0004ee80","FUN_0004ee80",$a,000000a8
"00040fe0","switchD_00040fd8::switchdataD_00040fe0",$d,00000004
"00051568","FUN_00051568",$a,000000f8
"0004fd30","FUN_0004fd30",$a,000001f4
"0002e61c","FUN_0002e61c",$a,0000013c
"00039c38","FUN_00039c38",$a,00000114
"00041c78","switchD_00041c70::switchdataD_00041c78",$d,00000004
"000113ec","FUN_000113ec",$a,000000c4
"00012ef4","FUN_00012ef4",$a,00000114
"000100bc","FUN_000100bc",$a,00000304
"0006c514","FUN_0006c514",$a,00000030
"00067534","FUN_00067534",$a,00000068
"00000838","FUN_00000838",$a,00000004
"000011d0","FUN_000011d0",$a,00000004
"0001e434","FUN_0001e434",$a,00000014
"0000b10c","FUN_0000b10c",$a,00000040
"000a0c00","FUN_000a0c00",$a,0000004c
"00047928","FUN_00047928",$a,00000088
"0000a9f0","FUN_0000a9f0",$a,00000114
"000b5938","FUN_000b5938",$a,00000184
"000b4604","FUN_000b4604",$a,00000038
"000a9724","switchD_000a971c::switchdataD_000a9724",$d,00000004
"00000830","FUN_00000830",$a,00000004
"0008b9ec","FUN_0008b9ec",$a,000001d0
"00089328","FUN_00089328",$a,00000080
"00054e64","FUN_00054e64",$a,000000a0
"000505e4","FUN_000505e4",$a,00000094
"000976d8","FUN_000976d8",$a,000001a4
"00004eb0","FUN_00004eb0",$a,0000002c
"000a8b70","FUN_000a8b70",$a,00000090
"000a1c9c","switchD_000a1c94::switchdataD_000a1c9c",$d,00000004
"00034604","FUN_00034604",$a,00000138
"000131b0","FUN_000131b0",$a,00000190
"000a4ab4","FUN_000a4ab4",$a,00000074
"00000ae8","FUN_00000ae8",$a,00000004
"000495ec","FUN_000495ec",$a,00000020
"000736ec","FUN_000736ec",$a,00000038
"0007731c","FUN_0007731c",$a,000003cc
"0004a738","FUN_0004a738",$a,0000007c
"000011e0","FUN_000011e0",$a,00000004
"00093adc","FUN_00093adc",$a,00000040
"0002f100","FUN_0002f100",$a,00000090
"000b1108","FUN_000b1108",$a,000001a0
"00000af8","FUN_00000af8",$a,00000004
"0008ef58","FUN_0008ef58",$a,00000028
"000a5518","switchD_000a5510::switchdataD_000a5518",$d,00000004
"000e237c","DAT_000e237c",$d,00000001
"00085ebc","FUN_00085ebc",$a,0000003c
"0001e420","FUN_0001e420",$a,00000014
"00006d94","FUN_00006d94",$a,000002e8
"000011e8","FUN_000011e8",$a,00000004
"000527bc","FUN_000527bc",$a,0000001c
"000b6aa0","FUN_000b6aa0",$a,00000024
"0004e5d0","FUN_0004e5d0",$a,000002fc
"00000818","FUN_00000818",$a,00000004
"000011b0","FUN_000011b0",$a,00000004
"000046c4","FUN_000046c4",$a,000001cc
"0000ae98","FUN_0000ae98",$a,000000a8
"00000810","FUN_00000810",$a,00000004
"000299ac","FUN_000299ac",$a,0000003c
"0009b7e0","FUN_0009b7e0",$a,00000044
"00007c0c","FUN_00007c0c",$a,000000a0
"00000ad0","FUN_00000ad0",$a,00000004
"000aea18","FUN_000aea18",$a,00000064
"0001ce78","FUN_0001ce78",$a,00000060
"000122e0","FUN_000122e0",$a,00000044
"00011948","FUN_00011948",$a,00000034
"00078200","FUN_00078200",$a,0000000c
"00000ac8","FUN_00000ac8",$a,00000004
"00028394","FUN_00028394",$a,000000b0
"000011b8","FUN_000011b8",$a,00000004
"000e107c","DAT_000e107c",$d,00000001
"0002fd64","FUN_0002fd64",$a,0000004c
"0001e410","FUN_0001e410",$a,00000010
"0001c9b4","FUN_0001c9b4",$a,000001ac
"00029a04","FUN_00029a04",$a,00000020
"00074a90","FUN_00074a90",$a,000000dc
"0009ed20","FUN_0009ed20",$a,00000028
"00000828","FUN_00000828",$a,00000004
"0007ad78","FUN_0007ad78",$a,00000020
"000011c0","FUN_000011c0",$a,00000004
"00028b44","FUN_00028b44",$a,000001c8
"0007bc28","FUN_0007bc28",$a,00000030
"00000820","FUN_00000820",$a,00000004
"00000ae0","FUN_00000ae0",$a,00000004
"00013ddc","FUN_00013ddc",$a,00000070
"00099d4c","FUN_00099d4c",$a,000000f0
"000a927c","FUN_000a927c",$a,00000164
"000701ec","FUN_000701ec",$a,00000030
"00000ad8","FUN_00000ad8",$a,00000004
"00077f90","FUN_00077f90",$a,00000024
"00071cf8","FUN_00071cf8",$a,000000c8
"000821d8","FUN_000821d8",$a,0000006c
"000011c8","FUN_000011c8",$a,00000004
"000a86e0","FUN_000a86e0",$a,00000028
"000d7760","FUN_000d7760",$a,0000003c
"00004edc","FUN_00004edc",$a,00000134
"00086a0c","FUN_00086a0c",$a,0000002c
"00000878","FUN_00000878",$a,00000004
"0001dd94","FUN_0001dd94",$a,0000012c
"00001720","FUN_00001720",$a,00000020
"00085b70","FUN_00085b70",$a,000000fc
"0005597c","FUN_0005597c",$a,0000000c
"00000870","FUN_00000870",$a,00000004
"00053324","FUN_00053324",$a,00000088
"0004351c","FUN_0004351c",$a,00000154
"00078624","FUN_00078624",$a,0000001c
"00097388","FUN_00097388",$a,0000004c
"0004d6d8","FUN_0004d6d8",$a,00000084
"000691bc","FUN_000691bc",$a,00000058
"00033310","FUN_00033310",$a,00000030
"00072dcc","switchD_00072dc4::switchdataD_00072dcc",$d,00000004
"00091604","FUN_00091604",$a,00000180
"00028eac","FUN_00028eac",$a,00000028
"00077d10","switchD_00077d08::switchdataD_00077d10",$d,00000004
"000a0c54","FUN_000a0c54",$a,00000104
"00084084","FUN_00084084",$a,00000030
"0009a16c","FUN_0009a16c",$a,000000c8
"000af130","FUN_000af130",$a,000003c4
"00054e38","FUN_00054e38",$a,0000002c
"000495c0","FUN_000495c0",$a,00000018
"0000a5a0","FUN_0000a5a0",$a,00000084
"0006af1c","FUN_0006af1c",$a,0000009c
"000251d0","FUN_000251d0",$a,00000044
"00000888","FUN_00000888",$a,00000004
"000749e4","FUN_000749e4",$a,000000a8
"0000b154","FUN_0000b154",$a,0000002c
"0004a1cc","FUN_0004a1cc",$a,00000038
"000208a8","switchD_000208a0::switchdataD_000208a8",$d,00000004
"0005598c","FUN_0005598c",$a,00000134
"00000880","FUN_00000880",$a,00000004
"00000890","FUN_00000890",$a,00000004
"00052488","FUN_00052488",$a,0000000c
"0002f548","FUN_0002f548",$a,00000098
"0009b220","switchD_0009b218::switchdataD_0009b220",$d,00000004
"00075104","FUN_00075104",$a,00000004
"0003ec58","FUN_0003ec58",$a,000000d0
"00079bec","FUN_00079bec",$a,00000018
"00068abc","FUN_00068abc",$a,00000308
"000abcb0","FUN_000abcb0",$a,00000058
"00086a38","FUN_00086a38",$a,000002c0
"0000cc50","FUN_0000cc50",$a,00000080
"00075108","FUN_00075108",$a,00000100
"00066664","FUN_00066664",$a,000000a0
"00016eb4","FUN_00016eb4",$a,0000015c
"000869b8","FUN_000869b8",$a,00000050
"00000858","FUN_00000858",$a,00000004
"0007ad24","FUN_0007ad24",$a,00000054
"000011f0","FUN_000011f0",$a,00000004
"00085b3c","FUN_00085b3c",$a,0000001c
"000574d0","switchD_000574c8::switchdataD_000574d0",$d,00000004
"00006160","FUN_00006160",$a,00000070
"0006a790","FUN_0006a790",$a,00000028
"0003594c","FUN_0003594c",$a,00000040
"0001197c","FUN_0001197c",$a,00000010
"00000850","FUN_00000850",$a,00000004
"000a6cf0","FUN_000a6cf0",$a,0000004c
"00052498","FUN_00052498",$a,000000cc
"00078640","FUN_00078640",$a,00000110
"000362f0","FUN_000362f0",$a,00000140
"00074288","FUN_00074288",$a,00000050
"000b6af4","FUN_000b6af4",$a,00000040
"0007b890","FUN_0007b890",$a,00000078
"00052018","FUN_00052018",$a,00000120
"000011f8","FUN_000011f8",$a,00000004
"000e2b44","DAT_000e2b44",$d,00000001
"000d7300","FUN_000d7300",$a,0000003c
"000495d8","FUN_000495d8",$a,00000014
"0001e448","FUN_0001e448",$a,00000078
"0002e21c","FUN_0002e21c",$a,00000084
"00000868","FUN_00000868",$a,00000004
"0006fca8","FUN_0006fca8",$a,00000148
"0000ee00","FUN_0000ee00",$a,00000078
"000736d4","FUN_000736d4",$a,00000014
"00097b48","FUN_00097b48",$a,00000074
"0001198c","FUN_0001198c",$a,00000030
"00000860","FUN_00000860",$a,00000004
"00074280","FUN_00074280",$a,00000008
"000a5744","switchD_000a573c::switchdataD_000a5744",$d,00000004
"00098224","FUN_00098224",$a,0000012c
"0000d798","FUN_0000d798",$a,000000ac
"0000a27c","FUN_0000a27c",$a,00000124
"000dfc5c","DAT_000dfc5c",$d,00000001
"000a07ac","FUN_000a07ac",$a,00000058
"0000615c","FUN_0000615c",$a,00000004
"00066bc8","switchD_00066bc0::switchdataD_00066bc8",$d,00000004
"000558d4","FUN_000558d4",$a,0000001c
"00028eec","FUN_00028eec",$a,00000110
"00000c00","FUN_00000c00",$a,00000004
"000754e8","FUN_000754e8",$a,00000378
"00081448","FUN_00081448",$a,00000194
"0009bbd0","FUN_0009bbd0",$a,0000004c
"00003940","FUN_00003940",$a,0000005c
"0006a6b0","FUN_0006a6b0",$a,00000060
"000ab58c","FUN_000ab58c",$a,0000007c
"0008fe70","FUN_0008fe70",$a,000003f0
"00057324","FUN_00057324",$a,0000009c
"0006b6c4","switchD_0006b6bc::switchdataD_0006b6c4",$d,00000004
"000510a4","FUN_000510a4",$a,00000044
"000295d4","FUN_000295d4",$a,00000018
"00069f3c","switchD_00069f34::switchdataD_00069f3c",$d,00000004
"00094cb0","switchD_00094ca8::switchdataD_00094cb0",$d,00000004
"00056c54","FUN_00056c54",$a,00000090
"000ae62c","FUN_000ae62c",$a,0000015c
"0006759c","FUN_0006759c",$a,0000010c
"000732f8","FUN_000732f8",$a,00000028
"00070f40","FUN_00070f40",$a,00000078
"0008f244","FUN_0008f244",$a,00000060
"000aee04","FUN_000aee04",$a,0000026c
"0006c584","FUN_0006c584",$a,0000004c
"000545b4","FUN_000545b4",$a,00000044
"00017518","switchD_00017510::switchdataD_00017518",$d,00000004
"00051ce4","FUN_00051ce4",$a,00000010
"0006ef20","FUN_0006ef20",$a,000000c8
"0001d178","FUN_0001d178",$a,00000014
"000b2840","FUN_000b2840",$a,000000f8
"0002e5e8","FUN_0002e5e8",$a,00000030
"000972b4","FUN_000972b4",$a,00000084
"000741d4","FUN_000741d4",$a,000000ac
"0002f198","FUN_0002f198",$a,0000003c
"00000898","FUN_00000898",$a,00000004
"00001744","FUN_00001744",$a,00000060
"000558f0","FUN_000558f0",$a,0000006c
"00045364","FUN_00045364",$a,00000118
"0008ef9c","FUN_0008ef9c",$a,00000030
"0008259c","switchD_00082594::switchdataD_0008259c",$d,00000004
"000371e8","FUN_000371e8",$a,0000018c
"00092d18","FUN_00092d18",$a,00000078
"00088fa4","FUN_00088fa4",$a,00000038
"0006e794","FUN_0006e794",$a,00000068
"0000816c","switchD_00008164::switchdataD_0000816c",$d,00000004
"00089b58","FUN_00089b58",$a,00000044
"000295bc","FUN_000295bc",$a,00000018
"00051cf4","FUN_00051cf4",$a,0000000c
"00054a84","FUN_00054a84",$a,0000000c
"0008a2a0","FUN_0008a2a0",$a,00000044
"0009b474","switchD_0009b46c::switchdataD_0009b474",$d,00000004
"0009e168","FUN_0009e168",$a,0000001c
"0007bfb4","FUN_0007bfb4",$a,00000068
"00054a94","FUN_00054a94",$a,0000011c
"00029a74","FUN_00029a74",$a,00000070
"0009acf8","FUN_0009acf8",$a,00000074
"0004a33c","FUN_0004a33c",$a,00000028
"0009bba4","FUN_0009bba4",$a,00000028
"0006931c","FUN_0006931c",$a,000000d4
"000665a8","FUN_000665a8",$a,0000006c
"0008f678","FUN_0008f678",$a,00000200
"000491b0","FUN_000491b0",$a,00000058
"000a20c8","FUN_000a20c8",$a,00000028
"00001328","FUN_00001328",$a,00000004
"00000c48","FUN_00000c48",$a,00000004
"000998f8","FUN_000998f8",$a,00000098
"00085ef8","FUN_00085ef8",$a,0000002c
"000745f8","FUN_000745f8",$a,000000c4
"00000478","FUN_00000478",$a,00000004
"0007073c","FUN_0007073c",$a,00000060
"000754a4","FUN_000754a4",$a,00000040
"00081888","FUN_00081888",$a,00000044
"00001320","FUN_00001320",$a,00000004
"00001330","FUN_00001330",$a,00000004
"000a3bc4","FUN_000a3bc4",$a,0000001c
"00000480","FUN_00000480",$a,00000004
"000a0400","FUN_000a0400",$a,000000a8
"000527ec","FUN_000527ec",$a,00000028
"00000c40","FUN_00000c40",$a,00000004
"00093878","FUN_00093878",$a,0000005c
"0007bc88","FUN_0007bc88",$a,0000005c
"0007820c","FUN_0007820c",$a,0000000c
"000a087c","FUN_000a087c",$a,000000b0
"00000c58","FUN_00000c58",$a,00000004
"000732b0","FUN_000732b0",$a,00000044
"0006c548","FUN_0006c548",$a,00000018
"0009b3b4","FUN_0009b3b4",$a,00000064
"00001338","FUN_00001338",$a,00000004
"00013f68","FUN_00013f68",$a,00000040
"00081410","FUN_00081410",$a,00000034
"000978f0","thunk_FUN_00066b98_000978f0",$a,00000004
"00000488","FUN_00000488",$a,00000004
"00056c14","FUN_00056c14",$a,0000003c
"0004edd0","FUN_0004edd0",$a,000000ac
"00001340","FUN_00001340",$a,00000004
"000a5db8","FUN_000a5db8",$a,000003c0
"00000490","FUN_00000490",$a,00000004
"000af524","FUN_000af524",$a,0000002c
"0006f0b8","FUN_0006f0b8",$a,000004cc
"0004578c","FUN_0004578c",$a,0000001c
"00078218","FUN_00078218",$a,000000d4
"000514cc","FUN_000514cc",$a,00000028
"00000c50","FUN_00000c50",$a,00000004
"0004f4c0","FUN_0004f4c0",$a,0000014c
"000305ec","FUN_000305ec",$a,00000020
"000514f4","FUN_000514f4",$a,00000070
"00000c20","FUN_00000c20",$a,00000004
"000aaa8c","FUN_000aaa8c",$a,00000038
"0008e328","FUN_0008e328",$a,000000c0
"0008ab9c","FUN_0008ab9c",$a,0000009c
"00024428","FUN_00024428",$a,00000090
"00001308","FUN_00001308",$a,00000004
"000501c0","FUN_000501c0",$a,00000154
"000260f0","FUN_000260f0",$a,00000014
"00010b14","switchD_00010b0c::switchdataD_00010b14",$d,00000004
"00000c28","FUN_00000c28",$a,00000004
"000e52ec","DAT_000e52ec",$d,00000001
"000a3be4","FUN_000a3be4",$a,00000038
"0001157c","FUN_0001157c",$a,00000118
"00001300","FUN_00001300",$a,00000004
"0009c518","switchD_0009c510::switchdataD_0009c518",$d,00000004
"0008800c","FUN_0008800c",$a,0000025c
"0006843c","FUN_0006843c",$a,000002bc
"00016ac0","FUN_00016ac0",$a,00000200
"0006ba00","FUN_0006ba00",$a,000000fc
"000409d8","switchD_000409d0::switchdataD_000409d8",$d,00000004
"000105b0","switchD_000105a8::switchdataD_000105b0",$d,00000004
"00000c30","FUN_00000c30",$a,00000004
"000af550","FUN_000af550",$a,0000015c
"0004e1c0","FUN_0004e1c0",$a,0000004c
"0004972c","switchD_00049724::switchdataD_0004972c",$d,00000004
"00039e6c","switchD_00039e64::switchdataD_00039e6c",$d,00000004
"00045f6c","FUN_00045f6c",$a,0000001c
"0000ee88","FUN_0000ee88",$a,00000048
"00000c38","FUN_00000c38",$a,00000004
"000a7068","FUN_000a7068",$a,000000a0
"0006b9b8","FUN_0006b9b8",$a,00000040
"00054294","FUN_00054294",$a,00000018
"00000468","FUN_00000468",$a,00000004
"000710f8","FUN_000710f8",$a,000000c0
"000349a0","FUN_000349a0",$a,00000034
"00001310","FUN_00001310",$a,00000004
"00081878","FUN_00081878",$a,00000010
"000b1d20","FUN_000b1d20",$a,000000c0
"00000470","FUN_00000470",$a,00000004
"000295ec","FUN_000295ec",$a,00000014
"0000fd44","FUN_0000fd44",$a,00000334
"00095ce4","FUN_00095ce4",$a,00000028
"000073a0","FUN_000073a0",$a,000000ac
"0002f5f0","switchD_0002f5e8::switchdataD_0002f5f0",$d,00000004
"00045f88","FUN_00045f88",$a,0000001c
"00013350","FUN_00013350",$a,000000ac
"00066dd4","FUN_00066dd4",$a,000000d4
"00000c88","FUN_00000c88",$a,00000004
"000a0a28","switchD_000a0a20::switchdataD_000a0a28",$d,00000004
"0004ef34","FUN_0004ef34",$a,00000024
"000a8720","FUN_000a8720",$a,000003e0
"00001368","FUN_00001368",$a,00000004
"0004c584","FUN_0004c584",$a,00000014
"000a3c6c","FUN_000a3c6c",$a,00000048
"0005294c","FUN_0005294c",$a,00000018
"00023d9c","FUN_00023d9c",$a,00000074
"0006b5e4","FUN_0006b5e4",$a,00000050
"000007c8","FUN_000007c8",$a,00000004
"00001370","FUN_00001370",$a,00000004
"0004f624","FUN_0004f624",$a,000000c4
"000ab994","FUN_000ab994",$a,0000008c
"00000c80","FUN_00000c80",$a,00000004
"000007c0","FUN_000007c0",$a,00000004
"00050774","FUN_00050774",$a,00000068
"0000a714","FUN_0000a714",$a,000000cc
"00053800","FUN_00053800",$a,0000011c
"000a4b38","FUN_000a4b38",$a,000000b4
"000b7688","FUN_000b7688",$a,0000003c
"00000c98","FUN_00000c98",$a,00000004
"000a02b4","FUN_000a02b4",$a,00000138
"0008fa94","FUN_0008fa94",$a,00000118
"000029b4","FUN_000029b4",$a,00000154
"000892c0","FUN_000892c0",$a,00000038
"00049798","FUN_00049798",$a,0000000c
"0002daf0","FUN_0002daf0",$a,0000014c
"00068fa0","FUN_00068fa0",$a,00000064
"0004c598","FUN_0004c598",$a,000000a8
"00034a44","FUN_00034a44",$a,00000040
"00001378","FUN_00001378",$a,00000004
"000007d8","FUN_000007d8",$a,00000004
"00001380","FUN_00001380",$a,00000004
"0006c180","FUN_0006c180",$a,0000003c
"0004f614","FUN_0004f614",$a,00000010
"0003ad78","FUN_0003ad78",$a,00000168
"0006e1a8","switchD_0006e1a0::switchdataD_0006e1a8",$d,00000004
"00052968","FUN_00052968",$a,00000030
"0007b90c","FUN_0007b90c",$a,00000210
"00000c90","FUN_00000c90",$a,00000004
"0004cd54","FUN_0004cd54",$a,00000108
"000007d0","FUN_000007d0",$a,00000004
"00044fec","FUN_00044fec",$a,0000006c
"00037788","FUN_00037788",$a,00000168
"000349f8","FUN_000349f8",$a,0000001c
"00012000","FUN_00012000",$a,00000040
"000301b8","FUN_000301b8",$a,000000e8
"00000c68","FUN_00000c68",$a,00000004
"0006bdd8","FUN_0006bdd8",$a,000000dc
"0006aaa8","FUN_0006aaa8",$a,00000050
"000a3438","switchD_000a3430::switchdataD_000a3438",$d,00000004
"0004ef58","FUN_0004ef58",$a,00000028
"000707f0","switchD_000707e8::switchdataD_000707f0",$d,00000004
"00001348","FUN_00001348",$a,00000004
"000d7a74","FUN_000d7a74",$a,000000f8
"000750fc","FUN_000750fc",$a,00000008
"000019a8","switchD_000019a0::switchdataD_000019a8",$d,00000004
"00000498","FUN_00000498",$a,00000004
"0003643c","FUN_0003643c",$a,000000d0
"000a7b14","switchD_000a7b0c::switchdataD_000a7b14",$d,00000004
"000007a8","FUN_000007a8",$a,00000004
"00001350","FUN_00001350",$a,00000004
"000d729c","FUN_000d729c",$a,00000018
"000007a0","FUN_000007a0",$a,00000004
"00030df0","FUN_00030df0",$a,000001cc
"00000c60","FUN_00000c60",$a,00000004
"00011164","FUN_00011164",$a,000000a4
"00000c78","FUN_00000c78",$a,00000004
"0000b4f4","FUN_0000b4f4",$a,000000a4
"0000adfc","FUN_0000adfc",$a,0000006c
"000171d0","FUN_000171d0",$a,00000050
"0000e288","FUN_0000e288",$a,00000114
"00001358","FUN_00001358",$a,00000004
"0005031c","FUN_0005031c",$a,0000003c
"000674d8","FUN_000674d8",$a,0000005c
"00048c4c","FUN_00048c4c",$a,00000010
"0000cff8","FUN_0000cff8",$a,000000f8
"000007b8","FUN_000007b8",$a,00000004
"00001360","FUN_00001360",$a,00000004
"0008b1e0","FUN_0008b1e0",$a,00000148
"000af850","switchD_000af848::switchdataD_000af850",$d,00000004
"0003faf0","FUN_0003faf0",$a,00000050
"000007b0","FUN_000007b0",$a,00000004
"00079df4","switchD_00079dec::switchdataD_00079df4",$d,00000004
"0004d44c","FUN_0004d44c",$a,0000014c
"00000c70","FUN_00000c70",$a,00000004
"000a3fb8","FUN_000a3fb8",$a,000000c8
"000291b8","FUN_000291b8",$a,00000058
"0000ea50","FUN_0000ea50",$a,00000140
"000e181c","DAT_000e181c",$d,00000001
"0004319c","FUN_0004319c",$a,00000018
"0003071c","FUN_0003071c",$a,0000005c
"0007b3b8","FUN_0007b3b8",$a,0000000c
"0004a368","FUN_0004a368",$a,00000090
"0006fe1c","FUN_0006fe1c",$a,00000028
"0005820c","FUN_0005820c",$a,000000b8
"0009e4d4","FUN_0009e4d4",$a,0000013c
"00077bbc","switchD_00077bb4::switchdataD_00077bbc",$d,00000004
"000b7e78","FUN_000b7e78",$a,00000014
"0001ad14","FUN_0001ad14",$a,00000010
"00000fc0","FUN_00000fc0",$a,00000004
"000bb35c","FUN_000bb35c",$a,000001c4
"0000edc4","FUN_0000edc4",$a,00000034
"00000fc8","FUN_00000fc8",$a,00000004
"000d75bc","FUN_000d75bc",$a,00000018
"00013b3c","FUN_00013b3c",$a,0000009c
"0007b3c4","FUN_0007b3c4",$a,0000014c
"000510e8","FUN_000510e8",$a,0000000c
"000aa240","FUN_000aa240",$a,000000c0
"00092864","switchD_0009285c::switchdataD_00092864",$d,00000004
"00081c4c","FUN_00081c4c",$a,000000e4
"00034a88","FUN_00034a88",$a,00000030
"00086704","FUN_00086704",$a,000000f4
"000545f8","FUN_000545f8",$a,00000108
"0004c550","FUN_0004c550",$a,0000000c
"00003114","FUN_00003114",$a,000001b8
"00000fd0","FUN_00000fd0",$a,00000004
"00015d38","FUN_00015d38",$a,000000e4
"0003ad34","FUN_0003ad34",$a,00000044
"0000d2ac","FUN_0000d2ac",$a,00000118
"000b5c9c","FUN_000b5c9c",$a,000000c4
"0004d86c","FUN_0004d86c",$a,000000d8
"00000fd8","FUN_00000fd8",$a,00000004
"0001ad04","FUN_0001ad04",$a,00000010
"00069b18","FUN_00069b18",$a,00000024
"000bafa0","FUN_000bafa0",$a,000001c4
"000a758c","switchD_000a7584::switchdataD_000a758c",$d,00000004
"00088fe4","FUN_00088fe4",$a,00000054
"00012044","FUN_00012044",$a,00000020
"00041ab8","FUN_00041ab8",$a,000001a0
"00036c4c","FUN_00036c4c",$a,00000064
"00069b40","FUN_00069b40",$a,00000088
"000510f4","FUN_000510f4",$a,00000218
"0000f180","FUN_0000f180",$a,000000cc
"00047d50","FUN_00047d50",$a,00000010
"0003faa8","FUN_0003faa8",$a,00000048
"0000e5d4","FUN_0000e5d4",$a,000000dc
"00001388","FUN_00001388",$a,00000004
"000a68a8","FUN_000a68a8",$a,000000c0
"00071e68","FUN_00071e68",$a,0000010c
"00049768","FUN_00049768",$a,00000030
"000b66a0","FUN_000b66a0",$a,000000ac
"00000fa0","FUN_00000fa0",$a,00000004
"000007e8","FUN_000007e8",$a,00000004
"00007924","FUN_00007924",$a,00000138
"00001390","FUN_00001390",$a,00000004
"000921dc","switchD_000921d4::switchdataD_000921dc",$d,00000004
"00030704","FUN_00030704",$a,00000018
"000b7e8c","FUN_000b7e8c",$a,0000001c
"0006fe44","FUN_0006fe44",$a,000001b8
"0008a2e8","FUN_0008a2e8",$a,00000078
"00050df4","switchD_00050dec::switchdataD_00050df4",$d,00000004
"0006b5c0","FUN_0006b5c0",$a,00000024
"000ab578","FUN_000ab578",$a,00000010
"00000fa8","FUN_00000fa8",$a,00000004
"000007e0","FUN_000007e0",$a,00000004
"00048c04","FUN_00048c04",$a,00000048
"00047d60","FUN_00047d60",$a,00000044
"000a46d8","FUN_000a46d8",$a,000000b4
"000785c0","FUN_000785c0",$a,00000064
"00070b24","FUN_00070b24",$a,00000084
"000039e0","switchD_000039d8::switchdataD_000039e0",$d,00000004
"000b44e0","FUN_000b44e0",$a,00000114
"000567f4","FUN_000567f4",$a,0000000c
"0000f8f8","FUN_0000f8f8",$a,0000005c
"000798f8","FUN_000798f8",$a,0000006c
"0004c570","FUN_0004c570",$a,00000014
"000016a8","FUN_000016a8",$a,00000024
"0007da50","FUN_0007da50",$a,000000b8
"000776fc","FUN_000776fc",$a,00000350
"000007f8","FUN_000007f8",$a,00000004
"0009e19c","FUN_0009e19c",$a,0000003c
"0004c55c","FUN_0004c55c",$a,00000014
"0007915c","FUN_0007915c",$a,0000009c
"000b5fd0","FUN_000b5fd0",$a,00000038
"0000c904","FUN_0000c904",$a,00000160
"00000fb8","FUN_00000fb8",$a,00000004
"000434e4","FUN_000434e4",$a,00000034
"0008eb78","FUN_0008eb78",$a,00000050
"000007f0","FUN_000007f0",$a,00000004
"000a1c54","FUN_000a1c54",$a,00000024
"000d7440","FUN_000d7440",$a,0000003c
"0009854c","switchD_00098544::switchdataD_0009854c",$d,00000004
"00070ed8","FUN_00070ed8",$a,00000064
"00054f04","FUN_00054f04",$a,00000044
"000b4328","FUN_000b4328",$a,00000024
"00080ce0","FUN_00080ce0",$a,00000078
"0006f81c","thunk_FUN_00001330_0006f81c",$a,00000004
"00069ee4","FUN_00069ee4",$a,0000000c
"0004d038","FUN_0004d038",$a,00000380
"000a3e38","FUN_000a3e38",$a,00000058
"00011cac","FUN_00011cac",$a,0000009c
"0004acf8","switchD_0004acf0::switchdataD_0004acf8",$d,00000004
"000737a4","FUN_000737a4",$a,00000138
"00051e78","FUN_00051e78",$a,0000002c
"00048064","FUN_00048064",$a,00000044
"00079ce8","FUN_00079ce8",$a,000000ec
"00028454","FUN_00028454",$a,000002d4
"0000af4c","FUN_0000af4c",$a,000000a4
"000aeb94","FUN_000aeb94",$a,000000a0
"000202e4","switchD_000202dc::switchdataD_000202e4",$d,00000004
"000b1a58","FUN_000b1a58",$a,00000090
"0004d7b4","FUN_0004d7b4",$a,000000b0
"000038bc","FUN_000038bc",$a,00000024
"000572b0","FUN_000572b0",$a,00000074
"000d7c08","FUN_000d7c08",$a,000000f8
"00071a80","FUN_00071a80",$a,00000080
"000aa8a4","switchD_000aa89c::switchdataD_000aa8a4",$d,00000004
"000b4f6c","FUN_000b4f6c",$a,00000130
"00092cd4","FUN_00092cd4",$a,0000002c
"000b6998","FUN_000b6998",$a,00000008
"0007347c","FUN_0007347c",$a,000000d0
"0007214c","FUN_0007214c",$a,0000011c
"0007b518","FUN_0007b518",$a,00000014
"000332d4","FUN_000332d4",$a,00000034
"000136e4","FUN_000136e4",$a,00000170
"0006c4fc","FUN_0006c4fc",$a,00000018
"0001c74c","FUN_0001c74c",$a,0000020c
"0003ed34","FUN_0003ed34",$a,000000cc
"0006a82c","FUN_0006a82c",$a,000000a8
"000e1cc8","DAT_000e1cc8",$d,00000001
"000a5864","FUN_000a5864",$a,00000038
"0006ab14","switchD_0006ab0c::switchdataD_0006ab14",$d,00000004
"00034dc0","FUN_00034dc0",$a,00000190
"0001ad44","switchD_0001ad3c::switchdataD_0001ad44",$d,00000004
"00037388","FUN_00037388",$a,000000d0
"000692ac","FUN_000692ac",$a,00000018
"000b0ed8","FUN_000b0ed8",$a,0000004c
"000911a8","FUN_000911a8",$a,00000194
"0004b9e0","switchD_0004b9d8::switchdataD_0004b9e0",$d,00000004
"0007cad8","FUN_0007cad8",$a,0000012c
"00000fe0","FUN_00000fe0",$a,00000004
"000a0188","FUN_000a0188",$a,0000002c
"000692c4","FUN_000692c4",$a,00000050
"00000fe8","FUN_00000fe8",$a,00000004
"000307b8","switchD_000307b0::switchdataD_000307b8",$d,00000004
"000aaaf8","FUN_000aaaf8",$a,00000054
"0009e614","FUN_0009e614",$a,00000114
"0002b26c","FUN_0002b26c",$a,00000168
"00075218","FUN_00075218",$a,000001f8
"000b4354","FUN_000b4354",$a,00000040
"00084144","FUN_00084144",$a,000001cc
"000519e4","FUN_000519e4",$a,0000003c
"000016cc","FUN_000016cc",$a,00000030
"00008114","switchD_0000810c::switchdataD_00008114",$d,00000004
"000aa84c","FUN_000aa84c",$a,0000003c
"00000ff0","FUN_00000ff0",$a,00000004
"00093fe0","FUN_00093fe0",$a,00000078
"000519d8","FUN_000519d8",$a,0000000c
"00000ff8","FUN_00000ff8",$a,00000004
"0001e3fc","FUN_0001e3fc",$a,00000014
"000519cc","FUN_000519cc",$a,0000000c
"00082eac","FUN_00082eac",$a,00000454
"0000828c","switchD_00008284::switchdataD_0000828c",$d,00000004
"0008eaac","FUN_0008eaac",$a,000000c8
"0006dfd8","FUN_0006dfd8",$a,00000018
"000012b0","FUN_000012b0",$a,00000004
"000915fc","FUN_000915fc",$a,00000008
"0000d84c","FUN_0000d84c",$a,00000124
"000a2948","switchD_000a2940::switchdataD_000a2948",$d,00000004
"00000910","FUN_00000910",$a,00000004
"0002f0ac","FUN_0002f0ac",$a,00000030
"0008e2bc","FUN_0008e2bc",$a,0000005c
"00000bd0","FUN_00000bd0",$a,00000004
"0006c4d8","FUN_0006c4d8",$a,00000024
"00048c5c","FUN_00048c5c",$a,00000108
"000d747c","FUN_000d747c",$a,00000018
"000a6748","FUN_000a6748",$a,000000b8
"00097420","FUN_00097420",$a,00000090
"00000bc8","FUN_00000bc8",$a,00000004
"000012b8","FUN_000012b8",$a,00000004
"000b37b4","FUN_000b37b4",$a,000000e8
"000576dc","FUN_000576dc",$a,0000014c
"0003a168","FUN_0003a168",$a,000001f4
"0009a238","FUN_0009a238",$a,000000d4
"0004ef80","FUN_0004ef80",$a,00000014
"00051664","FUN_00051664",$a,00000070
"00000918","FUN_00000918",$a,00000004
"000a3a04","FUN_000a3a04",$a,00000028
"00088960","FUN_00088960",$a,00000110
"00000928","FUN_00000928",$a,00000004
"0008b760","FUN_0008b760",$a,00000230
"000012c0","FUN_000012c0",$a,00000004
"0009b8b8","switchD_0009b8b0::switchdataD_0009b8b8",$d,00000004
"0007125c","FUN_0007125c",$a,0000003c
"0004934c","FUN_0004934c",$a,000000a0
"00048e94","switchD_00048e8c::switchdataD_00048e94",$d,00000004
"0002ab34","FUN_0002ab34",$a,00000188
"000a4570","FUN_000a4570",$a,00000044
"0001cf70","FUN_0001cf70",$a,000000a8
"00000920","FUN_00000920",$a,00000004
"00000be0","FUN_00000be0",$a,00000004
"000a9450","switchD_000a9448::switchdataD_000a9450",$d,00000004
"00049b1c","FUN_00049b1c",$a,000000d8
"0004034c","switchD_00040344::switchdataD_0004034c",$d,00000004
"000a5424","FUN_000a5424",$a,00000028
"00000bd8","FUN_00000bd8",$a,00000004
"00045edc","FUN_00045edc",$a,00000008
"000a589c","FUN_000a589c",$a,00000074
"000a3e94","FUN_000a3e94",$a,0000003c
"0004ef94","FUN_0004ef94",$a,00000040
"000a4d48","FUN_000a4d48",$a,0000012c
"0007c2c8","FUN_0007c2c8",$a,000001e8
"00036fe0","FUN_00036fe0",$a,000001f4
"00057ee0","FUN_00057ee0",$a,000000cc
"00006680","FUN_00006680",$a,00000078
"00050b28","FUN_00050b28",$a,000000cc
"0006b1bc","FUN_0006b1bc",$a,00000178
"0005470c","FUN_0005470c",$a,000000a8
"0000daf4","FUN_0000daf4",$a,0000010c
"0004e344","FUN_0004e344",$a,00000010
"0006dff0","FUN_0006dff0",$a,00000090
"000585c8","FUN_000585c8",$a,00000014
"000a4104","FUN_000a4104",$a,00000058
"00000ba0","FUN_00000ba0",$a,00000004
"0004c8e8","FUN_0004c8e8",$a,000001fc
"00094d90","switchD_00094d88::switchdataD_00094d90",$d,00000004
"00071298","FUN_00071298",$a,00000044
"000a04bc","FUN_000a04bc",$a,00000090
"00000ba8","FUN_00000ba8",$a,00000004
"000123ac","FUN_000123ac",$a,00000008
"0008f5d0","FUN_0008f5d0",$a,000000a0
"0004c8e0","FUN_0004c8e0",$a,00000008
"00073c2c","FUN_00073c2c",$a,0000018c
"00024fec","FUN_00024fec",$a,00000084
"000706dc","FUN_000706dc",$a,0000005c
"00050358","FUN_00050358",$a,00000060
"0006e6d0","FUN_0006e6d0",$a,000000a8
"0002f0e4","FUN_0002f0e4",$a,0000001c
"0000efc8","switchD_0000efc0::switchdataD_0000efc8",$d,00000004
"000b4398","FUN_000b4398",$a,00000130
"00039d4c","FUN_00039d4c",$a,000000a8
"0009bd8c","switchD_0009bd84::switchdataD_0009bd8c",$d,00000004
"000a39e4","FUN_000a39e4",$a,00000020
"0000e1c8","FUN_0000e1c8",$a,0000009c
"00000900","FUN_00000900",$a,00000004
"00048048","FUN_00048048",$a,0000001c
"000b4b64","FUN_000b4b64",$a,00000184
"00096d38","FUN_00096d38",$a,00000074
"0004e354","FUN_0004e354",$a,0000009c
"00000bc0","FUN_00000bc0",$a,00000004
"00000bb0","FUN_00000bb0",$a,00000004
"00097894","FUN_00097894",$a,00000058
"000a9d4c","switchD_000a9d44::switchdataD_000a9d4c",$d,00000004
"000012a8","FUN_000012a8",$a,00000004
"00000bb8","FUN_00000bb8",$a,00000004
"0006b1b0","FUN_0006b1b0",$a,0000000c
"00074314","FUN_00074314",$a,000002cc
"000123bc","FUN_000123bc",$a,0000002c
"00000908","FUN_00000908",$a,00000004
"0008e2b4","FUN_0008e2b4",$a,00000008
"000012a0","FUN_000012a0",$a,00000004
"00043208","FUN_00043208",$a,000000c4
"00000958","FUN_00000958",$a,00000004
"000012f0","FUN_000012f0",$a,00000004
"0007aa28","FUN_0007aa28",$a,000000b0
"000746d0","FUN_000746d0",$a,00000014
"000999d0","FUN_000999d0",$a,000000e8
"0007877c","FUN_0007877c",$a,00000158
"0002b5d4","FUN_0002b5d4",$a,00000138
"00052160","FUN_00052160",$a,000000cc
"00000950","FUN_00000950",$a,00000004
"0008ce7c","FUN_0008ce7c",$a,00000018
"00055668","FUN_00055668",$a,000000b4
"000a0560","FUN_000a0560",$a,000000b0
"00024be0","FUN_00024be0",$a,000000a0
"0000d424","FUN_0000d424",$a,000000a8
"00093bf4","FUN_00093bf4",$a,000000d0
"000746bc","FUN_000746bc",$a,00000014
"000252c8","FUN_000252c8",$a,000000f0
"000a30e0","FUN_000a30e0",$a,000000b8
"0004367c","FUN_0004367c",$a,000001ac
"00056994","FUN_00056994",$a,00000038
"00029b44","FUN_00029b44",$a,00000064
"000012f8","FUN_000012f8",$a,00000004
"000265f8","FUN_000265f8",$a,000002a0
"000579a0","switchD_00057998::switchdataD_000579a0",$d,00000004
"000866c8","FUN_000866c8",$a,00000038
"0004d3d0","FUN_0004d3d0",$a,0000007c
"00040188","FUN_00040188",$a,000000a0
"000e05d4","DAT_000e05d4",$d,00000001
"0008c9d8","FUN_0008c9d8",$a,000001ac
"0006e800","FUN_0006e800",$a,00000048
"00048908","FUN_00048908",$a,00000028
"000a13f4","switchD_000a13ec::switchdataD_000a13f4",$d,00000004
"00081970","FUN_00081970",$a,00000070
"000aaedc","FUN_000aaedc",$a,0000001c
"00000960","FUN_00000960",$a,00000004
"0006b770","FUN_0006b770",$a,00000020
"0006bf38","FUN_0006bf38",$a,0000002c
"00028044","FUN_00028044",$a,000002e4
"000167e8","FUN_000167e8",$a,000000d4
"00074b6c","FUN_00074b6c",$a,00000040
"000470c8","FUN_000470c8",$a,00000244
"0004f28c","FUN_0004f28c",$a,00000038
"0000be80","FUN_0000be80",$a,00000104
"00056524","FUN_00056524",$a,0000001c
"0009839c","FUN_0009839c",$a,00000104
"0000ab38","FUN_0000ab38",$a,000000a8
"000b1e6c","FUN_000b1e6c",$a,000000ac
"000012d0","FUN_000012d0",$a,00000004
"0007bd38","FUN_0007bd38",$a,000000ac
"0004ccf8","FUN_0004ccf8",$a,0000004c
"00000930","FUN_00000930",$a,00000004
"000b46ac","switchD_000b46a4::switchdataD_000b46ac",$d,00000004
"00000bf0","FUN_00000bf0",$a,00000004
"000a4bf8","FUN_000a4bf8",$a,000000b0
"00078320","FUN_00078320",$a,0000003c
"0003c2a4","FUN_0003c2a4",$a,000001ac
"00000be8","FUN_00000be8",$a,00000004
"00048bd0","FUN_00048bd0",$a,00000034
"000a8204","switchD_000a81fc::switchdataD_000a8204",$d,00000004
"0009a5cc","FUN_0009a5cc",$a,00000120
"000012d8","FUN_000012d8",$a,00000004
"000b63fc","FUN_000b63fc",$a,00000074
"0004fa78","FUN_0004fa78",$a,00000028
"00016038","FUN_00016038",$a,000000d8
"00000948","FUN_00000948",$a,00000004
"000012e0","FUN_000012e0",$a,00000004
"000167ac","FUN_000167ac",$a,00000038
"0006b790","FUN_0006b790",$a,00000030
"000376f8","FUN_000376f8",$a,00000090
"000d783c","FUN_000d783c",$a,00000018
"00000940","FUN_00000940",$a,00000004
"000746e4","FUN_000746e4",$a,000000e4
"00056d10","FUN_00056d10",$a,00000158
"00000bf8","FUN_00000bf8",$a,00000004
"00056540","FUN_00056540",$a,00000138
"00078f60","FUN_00078f60",$a,000001d0
"000711bc","FUN_000711bc",$a,0000009c
"0000405c","FUN_0000405c",$a,000000a8
"000012e8","FUN_000012e8",$a,00000004
"000b19c8","FUN_000b19c8",$a,00000090
"00044d34","FUN_00044d34",$a,0000012c
"000df8c4","DAT_000df8c4",$d,00000001
"00000518","FUN_00000518",$a,00000004
"0006dbd8","FUN_0006dbd8",$a,0000015c
"0001bfd0","FUN_0001bfd0",$a,00000154
"00000998","FUN_00000998",$a,00000004
"00048fe8","FUN_00048fe8",$a,00000058
"00000510","FUN_00000510",$a,00000004
"0009f50c","FUN_0009f50c",$a,00000048
"000296ac","FUN_000296ac",$a,00000008
"00000990","FUN_00000990",$a,00000004
"000a0d5c","FUN_000a0d5c",$a,00000058
"0007b554","FUN_0007b554",$a,00000114
"00066f30","FUN_00066f30",$a,000000c4
"00098358","FUN_00098358",$a,00000044
"00093908","FUN_00093908",$a,00000088
"0008ce40","FUN_0008ce40",$a,00000010
"0000cd80","FUN_0000cd80",$a,0000002c
"00033f30","switchD_00033f28::switchdataD_00033f30",$d,00000004
"0008e874","FUN_0008e874",$a,00000054
"00015cb4","FUN_00015cb4",$a,00000084
"0002fe28","FUN_0002fe28",$a,0000007c
"000b6954","FUN_000b6954",$a,00000018
"0003038c","FUN_0003038c",$a,0000013c
"000999a0","FUN_000999a0",$a,0000002c
"00054f50","FUN_00054f50",$a,000002f4
"00000520","FUN_00000520",$a,00000004
"00085fa4","FUN_00085fa4",$a,00000090
"000a5824","FUN_000a5824",$a,00000028
"00053458","FUN_00053458",$a,00000094
"000296b4","FUN_000296b4",$a,00000104
"000a3e14","FUN_000a3e14",$a,00000020
"00000978","FUN_00000978",$a,00000004
"000a9b98","switchD_000a9b90::switchdataD_000a9b98",$d,00000004
"00000970","FUN_00000970",$a,00000004
"00078764","FUN_00078764",$a,00000018
"00047ce4","FUN_00047ce4",$a,00000010
"000b06c0","FUN_000b06c0",$a,0000017c
"000a61d4","FUN_000a61d4",$a,00000058
"0000dc10","FUN_0000dc10",$a,0000009c
"0002493c","FUN_0002493c",$a,000002a0
"0000ef2c","FUN_0000ef2c",$a,00000048
"00070ab8","FUN_00070ab8",$a,0000006c
"0007bd00","FUN_0007bd00",$a,00000034
"000483d0","FUN_000483d0",$a,00000128
"0002dc68","FUN_0002dc68",$a,0000007c
"00099e40","FUN_00099e40",$a,0000011c
"00000508","FUN_00000508",$a,00000004
"00066770","FUN_00066770",$a,00000098
"00053c40","FUN_00053c40",$a,000000a8
"00000988","FUN_00000988",$a,00000004
"000a8520","switchD_000a8518::switchdataD_000a8520",$d,00000004
"00071dcc","FUN_00071dcc",$a,0000009c
"00052150","FUN_00052150",$a,00000010
"00000500","FUN_00000500",$a,00000004
"000a5af8","FUN_000a5af8",$a,0000017c
"00039194","FUN_00039194",$a,000001d0
"00085c80","FUN_00085c80",$a,00000144
"00000980","FUN_00000980",$a,00000004
"00058aec","switchD_00058ae4::switchdataD_00058aec",$d,00000004
"00054320","FUN_00054320",$a,00000058
"00047cf4","FUN_00047cf4",$a,0000005c
"0000182c","FUN_0000182c",$d,00000001
"0008ac58","FUN_0008ac58",$a,000000d0
"00000d20","FUN_00000d20",$a,00000004
"00001408","FUN_00001408",$a,00000004
"00066b5c","FUN_00066b5c",$a,0000003c
"00000558","FUN_00000558",$a,00000004
"0002fa4c","FUN_0002fa4c",$a,00000110
"000aab54","FUN_000aab54",$a,00000054
"000a4084","FUN_000a4084",$a,00000038
"0006a7d8","FUN_0006a7d8",$a,00000054
"00000d28","FUN_00000d28",$a,00000004
"0009f210","switchD_0009f208::switchdataD_0009f210",$d,00000004
"000995d8","FUN_000995d8",$a,00000038
"0008903c","FUN_0008903c",$a,00000118
"0003f718","switchD_0003f710::switchdataD_0003f718",$d,00000004
"00001400","FUN_00001400",$a,00000004
"000b2948","FUN_000b2948",$a,000000f8
"0005867c","switchD_00058674::switchdataD_0005867c",$d,00000004
"000a6e9c","FUN_000a6e9c",$a,00000030
"00000550","FUN_00000550",$a,00000004
"00000560","FUN_00000560",$a,00000004
"0009f164","FUN_0009f164",$a,00000028
"00078ec4","thunk_FUN_000014d0_00078ec4",$a,00000004
"000a0960","FUN_000a0960",$a,00000094
"000b0f24","FUN_000b0f24",$a,0000008c
"0005f2a0","switchD_0005f298::switchdataD_0005f2a0",$d,00000004
"00034f5c","FUN_00034f5c",$a,00000148
"000306e4","FUN_000306e4",$a,00000020
"00000d30","FUN_00000d30",$a,00000004
"00092f14","switchD_00092f0c::switchdataD_00092f14",$d,00000004
"0008a6c4","switchD_0008a6bc::switchdataD_0008a6c4",$d,00000004
"00001418","FUN_00001418",$a,00000004
"00055284","FUN_00055284",$a,000001f0
"00097bbc","FUN_00097bbc",$a,00000030
"0006a7bc","FUN_0006a7bc",$a,0000001c
"00000568","FUN_00000568",$a,00000004
"00000d38","FUN_00000d38",$a,00000004
"00023e1c","FUN_00023e1c",$a,00000070
"0007e294","switchD_0007e28c::switchdataD_0007e294",$d,00000004
"000163e4","FUN_000163e4",$a,0000015c
"00001410","FUN_00001410",$a,00000004
"00048988","FUN_00048988",$a,00000030
"0008a3b0","switchD_0008a3a8::switchdataD_0008a3b0",$d,00000004
"000799b4","FUN_000799b4",$a,00000210
"000a6d60","switchD_000a6d58::switchdataD_000a6d60",$d,00000004
"00000570","FUN_00000570",$a,00000004
"000489b8","thunk_FUN_00000a90_000489b8",$a,00000004
"00004bd8","FUN_00004bd8",$a,00000014
"000a3cb8","FUN_000a3cb8",$a,00000130
"00045484","FUN_00045484",$a,00000118
"0004d94c","FUN_0004d94c",$a,0000002c
"0006e86c","FUN_0006e86c",$a,000000ac
"00011210","FUN_00011210",$a,000000d8
"00083f24","FUN_00083f24",$a,0000001c
"00051a4c","switchD_00051a44::switchdataD_00051a4c",$d,00000004
"000973d4","FUN_000973d4",$a,0000004c
"000533b0","FUN_000533b0",$a,000000a4
"0004d978","FUN_0004d978",$a,0000000c
"0004c648","FUN_0004c648",$a,000000f8
"00000538","FUN_00000538",$a,00000004
"0006afc4","FUN_0006afc4",$a,00000024
"00078b6c","FUN_00078b6c",$a,00000318
"0006dd3c","FUN_0006dd3c",$a,00000050
"0005082c","FUN_0005082c",$a,0000002c
"0000b5a8","FUN_0000b5a8",$a,00000098
"00009f8c","FUN_00009f8c",$a,00000030
"00000530","FUN_00000530",$a,00000004
"00001860","FUN_00001860",$a,00000090
"000e1d6c","DAT_000e1d6c",$d,00000001
"00048514","FUN_00048514",$a,00000078
"0007db0c","FUN_0007db0c",$a,00000084
"0007c028","FUN_0007c028",$a,00000024
"0002f4d8","switchD_0002f4d0::switchdataD_0002f4d8",$d,00000004
"00077fc0","FUN_00077fc0",$a,000000f0
"0002b714","FUN_0002b714",$a,00000100
"00053ff8","FUN_00053ff8",$a,000000e8
"00033c18","FUN_00033c18",$a,00000054
"00000d10","FUN_00000d10",$a,00000004
"000840bc","FUN_000840bc",$a,0000007c
"0006f758","FUN_0006f758",$a,0000001c
"00000548","FUN_00000548",$a,00000004
"000aba34","FUN_000aba34",$a,00000008
"00047e2c","FUN_00047e2c",$a,000000b4
"00007188","FUN_00007188",$a,000001c8
"000e1120","DAT_000e1120",$d,00000001
"0008f340","FUN_0008f340",$a,000001d0
"0004d984","FUN_0004d984",$a,00000024
"000742e8","FUN_000742e8",$a,00000028
"00000d18","FUN_00000d18",$a,00000004
"00000540","FUN_00000540",$a,00000004
"00027cb4","FUN_00027cb4",$a,0000016c
"00092e54","FUN_00092e54",$a,00000074
"00050af0","FUN_00050af0",$a,00000034
"00031e9c","FUN_00031e9c",$a,000000c4
"000030c4","FUN_000030c4",$a,00000050
"00053618","thunk_FUN_00000670_00053618",$a,00000004
"00036550","FUN_00036550",$a,00000104
"000b7ea8","FUN_000b7ea8",$a,0000001c
"000dfd00","DAT_000dfd00",$d,00000001
"00078b10","FUN_00078b10",$a,00000010
"00000d68","FUN_00000d68",$a,00000004
"00066364","FUN_00066364",$a,00000050
"00001448","FUN_00001448",$a,00000004
"0004a400","FUN_0004a400",$a,00000074
"00048930","FUN_00048930",$a,00000024
"000302b0","FUN_000302b0",$a,000000cc
"00000598","FUN_00000598",$a,00000004
"00082854","FUN_00082854",$a,00000014
"0009e9f4","FUN_0009e9f4",$a,0000007c
"000008a8","FUN_000008a8",$a,00000004
"00001450","FUN_00001450",$a,00000004
"000a8008","FUN_000a8008",$a,0000001c
"00033c84","FUN_00033c84",$a,00000110
"00049aa0","FUN_00049aa0",$a,0000000c
"0000dfb0","FUN_0000dfb0",$a,00000070
"000008a0","FUN_000008a0",$a,00000004
"000d7800","FUN_000d7800",$a,0000003c
"00033c6c","FUN_00033c6c",$a,00000018
"0008dd74","FUN_0008dd74",$a,00000064
"00000d60","FUN_00000d60",$a,00000004
"00011e7c","FUN_00011e7c",$a,0000005c
"00093998","FUN_00093998",$a,000000ec
"00086ed4","FUN_00086ed4",$a,0000007c
"00000d78","FUN_00000d78",$a,00000004
"0009c06c","FUN_0009c06c",$a,00000014
"0006b338","FUN_0006b338",$a,00000020
"00054394","FUN_00054394",$a,00000060
"00011a28","FUN_00011a28",$a,00000030
"0000f9b0","FUN_0000f9b0",$a,00000370
"00001458","FUN_00001458",$a,00000004
"0007cc50","FUN_0007cc50",$a,00000048
"0002fa1c","FUN_0002fa1c",$a,0000002c
"0006bf6c","FUN_0006bf6c",$a,00000028
"000302a0","FUN_000302a0",$a,00000010
"00056260","switchD_00056258::switchdataD_00056260",$d,00000004
"00082868","FUN_00082868",$a,00000044
"000008b8","FUN_000008b8",$a,00000004
"00001460","FUN_00001460",$a,00000004
"00049ab0","FUN_00049ab0",$a,00000068
"0009c084","FUN_0009c084",$a,00000058
"000aba3c","FUN_000aba3c",$a,00000040
"000008b0","FUN_000008b0",$a,00000004
"00000d70","FUN_00000d70",$a,00000004
"0006ac40","FUN_0006ac40",$a,0000006c
"0009928c","FUN_0009928c",$a,00000104
"0006d548","FUN_0006d548",$a,00000084
"00000d40","FUN_00000d40",$a,00000004
"0002b1b4","FUN_0002b1b4",$a,0000004c
"0004de80","switchD_0004de78::switchdataD_0004de80",$d,00000004
"00001428","FUN_00001428",$a,00000004
"00073918","FUN_00073918",$a,00000044
"00000d48","FUN_00000d48",$a,00000004
"00000578","FUN_00000578",$a,00000004
"000b2ef0","switchD_000b2ee8::switchdataD_000b2ef0",$d,00000004
"0008ce9c","FUN_0008ce9c",$a,00000014
"00082834","FUN_00082834",$a,00000018
"00001420","FUN_00001420",$a,00000004
"000e2420","DAT_000e2420",$d,00000001
"0006c210","FUN_0006c210",$a,000000c4
"0006bf9c","FUN_0006bf9c",$a,00000068
"00048954","FUN_00048954",$a,00000034
"00000580","FUN_00000580",$a,00000004
"000720bc","FUN_000720bc",$a,00000088
"000e0238","DAT_000e0238",$d,00000001
"0004eaa8","FUN_0004eaa8",$a,00000150
"00055244","FUN_00055244",$a,0000003c
"0007648c","switchD_00076484::switchdataD_0007648c",$d,00000004
"0000bdb8","FUN_0000bdb8",$a,000000b8
"0004669c","switchD_00046694::switchdataD_0004669c",$d,00000004
"0002c4f0","FUN_0002c4f0",$a,000001b0
"0009f55c","FUN_0009f55c",$a,00000088
"0006b358","FUN_0006b358",$a,00000260
"0001ced8","FUN_0001ced8",$a,00000098
"000e09b0","DAT_000e09b0",$d,00000001
"00001438","FUN_00001438",$a,00000004
"00000d58","FUN_00000d58",$a,00000004
"000119c0","FUN_000119c0",$a,00000030
"00078360","FUN_00078360",$a,00000128
"00086eb4","FUN_00086eb4",$a,0000000c
"00000588","FUN_00000588",$a,00000004
"0008b6bc","FUN_0008b6bc",$a,0000009c
"0009e9c0","FUN_0009e9c0",$a,00000034
"000b50b4","FUN_000b50b4",$a,00000204
"00001430","FUN_00001430",$a,00000004
"00001440","FUN_00001440",$a,00000004
"00000590","FUN_00000590",$a,00000004
"0006e84c","FUN_0006e84c",$a,0000001c
"0009cc9c","FUN_0009cc9c",$a,00000064
"000986bc","FUN_000986bc",$a,000000b8
"00042ce0","switchD_00042cd8::switchdataD_00042ce0",$d,00000004
"00047e04","FUN_00047e04",$a,00000028
"00036510","FUN_00036510",$a,00000040
"00004bec","FUN_00004bec",$a,000001bc
"0004aeb0","switchD_0004aea8::switchdataD_0004aeb0",$d,00000004
"00000d50","FUN_00000d50",$a,00000004
"0004505c","FUN_0004505c",$a,00000194
"00093d94","FUN_00093d94",$a,000001e0
"0004a7bc","FUN_0004a7bc",$a,00000078
"00095f74","FUN_00095f74",$a,00000028
"000061dc","FUN_000061dc",$a,000000e4
"00001008","FUN_00001008",$a,00000004
"0004ce5c","FUN_0004ce5c",$a,00000038
"0006817c","FUN_0006817c",$a,0000028c
"00001488","FUN_00001488",$a,00000004
"00013c34","FUN_00013c34",$a,00000078
"000938d4","FUN_000938d4",$a,00000010
"00001010","FUN_00001010",$a,00000004
"00094470","FUN_00094470",$a,000000e0
"00078ed4","FUN_00078ed4",$a,0000000c
"000542ac","FUN_000542ac",$a,00000028
"000aa308","FUN_000aa308",$a,00000050
"00007cd8","FUN_00007cd8",$a,00000010
"000008e8","FUN_000008e8",$a,00000004
"00001490","FUN_00001490",$a,00000004
"00053924","FUN_00053924",$a,00000030
"000b5d6c","FUN_000b5d6c",$a,00000130
"000008e0","FUN_000008e0",$a,00000004
"000aa5ac","switchD_000aa5a4::switchdataD_000aa5ac",$d,00000004
"00011a5c","FUN_00011a5c",$a,00000030
"00049c00","FUN_00049c00",$a,0000009c
"00002b14","FUN_00002b14",$a,00000038
"0007399c","FUN_0007399c",$a,00000018
"00071f94","FUN_00071f94",$a,00000020
"000542d4","FUN_000542d4",$a,0000004c
"0009c958","FUN_0009c958",$a,00000030
"0006901c","FUN_0006901c",$a,00000050
"00045fc0","FUN_00045fc0",$a,0000009c
"00017828","FUN_00017828",$a,00000064
"00001018","FUN_00001018",$a,00000004
"000abe10","FUN_000abe10",$a,00000194
"000aa78c","FUN_000aa78c",$a,00000028
"00095b04","FUN_00095b04",$a,00000034
"0007f14c","FUN_0007f14c",$a,00000038
"0009967c","switchD_00099674::switchdataD_0009967c",$d,00000004
"0006bec0","FUN_0006bec0",$a,00000068
"00001498","FUN_00001498",$a,00000004
"00077ee0","switchD_00077ed4::switchdataD_00077ee0",$d,00000004
"000b58c0","FUN_000b58c0",$a,00000074
"0009f4cc","FUN_0009f4cc",$a,00000028
"00001020","FUN_00001020",$a,00000004
"0001e4c4","FUN_0001e4c4",$a,00000114
"00002348","FUN_00002348",$a,00000644
"000008f8","FUN_000008f8",$a,00000004
"00009ebc","FUN_00009ebc",$a,000000bc
"0009b634","FUN_0009b634",$a,00000030
"0006dd94","FUN_0006dd94",$a,000000b0
"000008f0","FUN_000008f0",$a,00000004
"000a91f8","FUN_000a91f8",$a,00000080
"000b6474","FUN_000b6474",$a,00000184
"00078ec8","FUN_00078ec8",$a,00000008
"000359c8","FUN_000359c8",$a,00000168
"0000e6b8","FUN_0000e6b8",$a,000000f8
"000a2a88","FUN_000a2a88",$a,00000118
"00000d88","FUN_00000d88",$a,00000004
"00053bec","FUN_00053bec",$a,00000050
"000b6008","FUN_000b6008",$a,00000180
"0007003c","FUN_0007003c",$a,000000b4
"00083320","FUN_00083320",$a,00000060
"0004858c","FUN_0004858c",$a,000000d8
"000a47a8","FUN_000a47a8",$a,00000048
"000119f4","FUN_000119f4",$a,00000030
"00001468","FUN_00001468",$a,00000004
"0004ff28","FUN_0004ff28",$a,00000038
"0008a960","FUN_0008a960",$a,00000220
"0001afc4","switchD_0001afbc::switchdataD_0001afc4",$d,00000004
"000e0684","DAT_000e0684",$d,00000001
"000d76c0","FUN_000d76c0",$a,0000003c
"00034b50","FUN_00034b50",$a,0000013c
"000008c8","FUN_000008c8",$a,00000004
"00001470","FUN_00001470",$a,00000004
"00078ef4","FUN_00078ef4",$a,0000000c
"00074884","FUN_00074884",$a,00000010
"00002314","FUN_00002314",$a,00000034
"000b7330","FUN_000b7330",$a,0000001c
"00097964","FUN_00097964",$a,0000006c
"0004e40c","FUN_0004e40c",$a,00000068
"00083f74","FUN_00083f74",$a,000000f8
"000008c0","FUN_000008c0",$a,00000004
"00073554","FUN_00073554",$a,00000038
"00000d80","FUN_00000d80",$a,00000004
"000893ac","FUN_000893ac",$a,00000148
"00016954","FUN_00016954",$a,00000164
"00000d98","FUN_00000d98",$a,00000004
"0008efe8","FUN_0008efe8",$a,0000005c
"00048d70","FUN_00048d70",$a,0000000c
"00088cd4","FUN_00088cd4",$a,000001dc
"0009ef60","switchD_0009ef58::switchdataD_0009ef60",$d,00000004
"00001478","FUN_00001478",$a,00000004
"00082008","FUN_00082008",$a,0000012c
"00001000","FUN_00001000",$a,00000004
"0008efcc","FUN_0008efcc",$a,0000001c
"000b7b04","FUN_000b7b04",$a,000000a8
"000008d8","FUN_000008d8",$a,00000004
"000a1ef8","FUN_000a1ef8",$a,000001b4
"0008029c","FUN_0008029c",$a,0000001c
"0006fb18","FUN_0006fb18",$a,00000054
"00001480","FUN_00001480",$a,00000004
"00057fc0","FUN_00057fc0",$a,00000150
"00000d90","FUN_00000d90",$a,00000004
"000008d0","FUN_000008d0",$a,00000004
"000d7b6c","FUN_000d7b6c",$a,0000009c
"00053954","FUN_00053954",$a,00000130
"00098828","FUN_00098828",$a,00000054
"0004ce94","FUN_0004ce94",$a,00000198
"00023e98","FUN_00023e98",$a,00000120
"00016544","FUN_00016544",$a,000001c8
"0006afe8","FUN_0006afe8",$a,00000018
"00057010","FUN_00057010",$a,00000030
"00050858","FUN_00050858",$a,000000dc
"0008e064","FUN_0008e064",$a,00000050
"0003c868","FUN_0003c868",$a,00000094
"00001048","FUN_00001048",$a,00000004
"00079280","FUN_00079280",$a,00000340
"00066eac","FUN_00066eac",$a,00000084
"00029860","FUN_00029860",$a,00000070
"000004a8","FUN_000004a8",$a,00000004
"00036d90","FUN_00036d90",$a,00000244
"00001050","FUN_00001050",$a,00000004
"00082c20","FUN_00082c20",$a,000000b4
"00011a90","FUN_00011a90",$a,00000024
"00070460","FUN_00070460",$a,00000040
"0000c0c4","FUN_0000c0c4",$a,00000110
"00068154","FUN_00068154",$a,00000024
"0004f704","FUN_0004f704",$a,000002f4
"00058338","FUN_00058338",$a,0000003c
"0004ac40","FUN_0004ac40",$a,00000010
"000004a0","FUN_000004a0",$a,00000004
"00081d78","FUN_00081d78",$a,00000038
"00074824","FUN_00074824",$a,00000058
"00012198","FUN_00012198",$a,00000048
"0002e2b4","FUN_0002e2b4",$a,0000016c
"000b4da0","FUN_000b4da0",$a,000000c4
"0005671c","switchD_00056714::switchdataD_0005671c",$d,00000004
"0006f774","FUN_0006f774",$a,0000002c
"0006e444","FUN_0006e444",$a,0000007c
"000a6234","FUN_000a6234",$a,0000010c
"00001058","FUN_00001058",$a,00000004
"00086824","FUN_00086824",$a,000000d0
"000809fc","FUN_000809fc",$a,0000009c
"00089568","switchD_00089560::switchdataD_00089568",$d,00000004
"00011da8","FUN_00011da8",$a,0000004c
"000070e0","FUN_000070e0",$a,000000a4
"00001060","FUN_00001060",$a,00000004
"00073964","FUN_00073964",$a,00000034
"0000eed4","FUN_0000eed4",$a,00000050
"00001fa4","FUN_00001fa4",$a,000002e4
"000324ec","FUN_000324ec",$a,000000c8
"000a319c","FUN_000a319c",$a,000000f8
"00032cc0","FUN_00032cc0",$a,000000d8
"000b67b8","FUN_000b67b8",$a,000000a8
"00002b50","FUN_00002b50",$a,0000002c
"0004a47c","FUN_0004a47c",$a,00000054
"00014368","FUN_00014368",$a,00000170
"000568dc","FUN_000568dc",$a,000000b4
"0004ac50","FUN_0004ac50",$a,00000070
"00036138","FUN_00036138",$a,000001b4
"0001ae28","FUN_0001ae28",$a,00000034
"0003fbc4","FUN_0003fbc4",$a,00000124
"000a12d8","FUN_000a12d8",$a,000000b0
"00069498","FUN_00069498",$a,00000018
"000070ac","FUN_000070ac",$a,00000018
"000907d8","FUN_000907d8",$a,000002b8
"0007c04c","FUN_0007c04c",$a,000000b4
"00001028","FUN_00001028",$a,00000004
"0002a8a4","switchD_0002a89c::switchdataD_0002a8a4",$d,00000004
"00055b0c","switchD_00055b04::switchdataD_00055b0c",$d,00000004
"0004f1fc","FUN_0004f1fc",$a,00000030
"000457bc","FUN_000457bc",$a,000000a8
"0009d2a4","FUN_0009d2a4",$a,00000030
"00071b04","FUN_00071b04",$a,00000040
"00081108","FUN_00081108",$a,000002e8
"000017b8","FUN_000017b8",$a,00000034
"00001030","FUN_00001030",$a,00000004
"00078eb0","FUN_00078eb0",$a,00000010
"0000cce8","FUN_0000cce8",$a,00000080
"0002fdc4","FUN_0002fdc4",$a,0000003c
"00081d50","FUN_00081d50",$a,00000028
"0007cc9c","FUN_0007cc9c",$a,00000040
"00070004","FUN_00070004",$a,00000038
"00027e24","FUN_00027e24",$a,00000218
"000d76fc","FUN_000d76fc",$a,00000018
"000479b0","FUN_000479b0",$a,00000138
"000809e4","FUN_000809e4",$a,00000018
"00045fa4","FUN_00045fa4",$a,0000001c
"00015e1c","FUN_00015e1c",$a,0000007c
"00070c40","FUN_00070c40",$a,00000090
"00058374","FUN_00058374",$a,0000007c
"000a47f8","FUN_000a47f8",$a,0000008c
"00057044","FUN_00057044",$a,00000028
"0002a41c","FUN_0002a41c",$a,00000024
"0007131c","FUN_0007131c",$a,000000b4
"00029ae4","FUN_00029ae4",$a,00000060
"00001038","FUN_00001038",$a,00000004
"00097bf0","FUN_00097bf0",$a,000000f0
"00001040","FUN_00001040",$a,00000004
"000070c4","FUN_000070c4",$a,0000001c
"000a8c00","FUN_000a8c00",$a,0000010c
"00014348","FUN_00014348",$a,00000018
"00013014","FUN_00013014",$a,0000009c
