Location,Name,Mode,Size
"00000180","DAT_0000a448_00000180",$t,00000046
"000001d4","FUN_000001d4",$t,00000044
"0000021c","|static|_DAT_009c9fd0_0000021c",$d,00000000
"00000220","|static|_DAT_0094dddc_00000220",$d,00000000
"00000224","FUN_00000224",$t,00000040
"00000268","|static|_DAT_0094dddc_00000268",$d,00000000
"0000026c","FUN_0000026c",$a,00000004
"00000270","|static|_FUN_0030403c_00000270",$d,00000000
"00000274","FUN_00000274",$a,00000004
"00000278","|static|_INVALID_|static|_TEXT:002040cd_00000278",$d,00000000
"0000027c","FUN_0000027c",$a,00000004
"00000280","|static|_INVALID_|static|_TEXT:0020081d_00000280",$d,00000000
"00000284","FUN_00000284",$a,00000004
"00000288","|static|_FUN_002fb328_00000288",$d,00000000
"0000028c","FUN_0000028c",$a,00000004
"00000290","|static|_FUN_00757cc0_00000290",$d,00000000
"00000294","FUN_00000294",$a,00000004
"00000298","|static|_FUN_002fb94c_00000298",$d,00000000
"0000029c","FUN_0000029c",$a,00000004
"000002a0","|static|_INVALID_|static|_TEXT:00204101_000002a0",$d,00000000
"000002a4","FUN_000002a4",$a,00000004
"000002a8","|static|_FUN_003041bc_000002a8",$d,00000000
"000002ac","FUN_000002ac",$a,00000004
"000002b0","|static|_FUN_0056c204_000002b0",$d,00000000
"000002b4","FUN_000002b4",$a,00000004
"000002b8","|static|_FUN_001b2690_000002b8",$d,00000000
"000002bc","FUN_000002bc",$a,00000004
"000002c0","ModuleIncSave_FUN_000165b4_000002c0",$d,00000000
"000002c4","FUN_000002c4",$a,00000004
"000002c8","ModuleIncSave_FUN_00005488_000002c8",$d,00000000
"000002cc","FUN_000002cc",$a,00000004
"000002d0","|static|_FUN_0013bc00_000002d0",$d,00000000
"000002d4","FUN_000002d4",$a,00000004
"000002d8","|static|_FUN_002ffb64_000002d8",$d,00000000
"000002dc","FUN_000002dc",$a,00000004
"000002e0","|static|_FUN_002f777c_000002e0",$d,00000000
"000002e4","FUN_000002e4",$a,00000004
"000002e8","|static|_FUN_0047df5c_000002e8",$d,00000000
"000002ec","FUN_000002ec",$a,00000004
"000002f0","|static|_FUN_0014f394_000002f0",$d,00000000
"000002f4","FUN_000002f4",$a,00000004
"000002f8","|static|_FUN_0014f4d0_000002f8",$d,00000000
"000002fc","FUN_000002fc",$a,00000004
"00000300","|static|_FUN_00565854_00000300",$d,00000000
"00000304","FUN_00000304",$a,00000004
"00000308","|static|_FUN_00565cc0_00000308",$d,00000000
"0000030c","FUN_0000030c",$a,00000004
"00000310","|static|_FUN_005d46dc_00000310",$d,00000000
"00000314","FUN_00000314",$a,00000004
"00000318","|static|_FUN_002fae84_00000318",$d,00000000
"0000031c","FUN_0000031c",$a,00000004
"00000320","|static|_FUN_006bbeb8_00000320",$d,00000000
"00000324","FUN_00000324",$a,00000004
"00000328","|static|_FUN_0056d19c_00000328",$d,00000000
"0000032c","FUN_0000032c",$a,00000004
"00000330","|static|_FUN_0056b5a4_00000330",$d,00000000
"00000334","FUN_00000334",$a,00000004
"00000338","|static|_FUN_0023014c_00000338",$d,00000000
"0000033c","FUN_0000033c",$a,00000004
"00000340","|static|_FUN_0075596c_00000340",$d,00000000
"00000344","FUN_00000344",$a,00000004
"00000348","|static|_FUN_00755ab4_00000348",$d,00000000
"0000034c","FUN_0000034c",$a,00000004
"00000350","|static|_FUN_001fddb8_00000350",$d,00000000
"00000354","FUN_00000354",$a,00000004
"00000358","|static|_FUN_005fdfa0_00000358",$d,00000000
"0000035c","FUN_0000035c",$a,00000004
"00000360","|static|_FUN_005dd688_00000360",$d,00000000
"00000364","FUN_00000364",$a,00000004
"00000368","|static|_FUN_00603e78_00000368",$d,00000000
"0000036c","FUN_0000036c",$a,00000004
"00000370","|static|_FUN_005f1194_00000370",$d,00000000
"00000374","FUN_00000374",$a,00000004
"00000378","|static|_FUN_005f1184_00000378",$d,00000000
"0000037c","FUN_0000037c",$a,00000004
"00000380","|static|_FUN_005f11a4_00000380",$d,00000000
"00000384","FUN_00000384",$a,00000004
"00000388","|static|_FUN_00755a8c_00000388",$d,00000000
"0000038c","FUN_0000038c",$a,00000004
"00000390","|static|_FUN_00755a68_00000390",$d,00000000
"00000394","FUN_00000394",$a,00000004
"00000398","|static|_FUN_0075cf88_00000398",$d,00000000
"0000039c","FUN_0000039c",$a,00000004
"000003a0","|static|_FUN_0060393c_000003a0",$d,00000000
"000003a4","FUN_000003a4",$a,00000004
"000003a8","|static|_FUN_006e9c84_000003a8",$d,00000000
"000003ac","FUN_000003ac",$a,00000004
"000003b0","|static|_FUN_001cd668_000003b0",$d,00000000
"000003b4","FUN_000003b4",$a,00000004
"000003b8","|static|_FUN_006e9be8_000003b8",$d,00000000
"000003bc","FUN_000003bc",$a,00000004
"000003c0","|static|_FUN_006ea37c_000003c0",$d,00000000
"000003c4","FUN_000003c4",$a,00000004
"000003c8","|static|_FUN_001c0c54_000003c8",$d,00000000
"000003cc","FUN_000003cc",$a,00000004
"000003d0","|static|_FUN_001abd24_000003d0",$d,00000000
"000003d4","FUN_000003d4",$a,00000004
"000003d8","|static|_FUN_0070acd0_000003d8",$d,00000000
"000003dc","FUN_000003dc",$a,00000004
"000003e0","|static|_FUN_001ccee0_000003e0",$d,00000000
"000003e4","FUN_000003e4",$a,00000004
"000003e8","|static|_FUN_00300650_000003e8",$d,00000000
"000003ec","FUN_000003ec",$a,00000004
"000003f0","|static|_FUN_0056bc28_000003f0",$d,00000000
"000003f4","FUN_000003f4",$a,00000004
"000003f8","|static|_FUN_00301484_000003f8",$d,00000000
"000003fc","FUN_000003fc",$a,00000004
"00000400","|static|_FUN_0020ce80_00000400",$d,00000000
"00000404","FUN_00000404",$a,00000004
"00000408","|static|_FUN_0020ce74_00000408",$d,00000000
"0000040c","FUN_0000040c",$a,00000004
"00000410","|static|_FUN_002fcbb0_00000410",$d,00000000
"00000414","FUN_00000414",$a,00000004
"00000418","|static|_FUN_002fc8e8_00000418",$d,00000000
"0000041c","FUN_0000041c",$a,00000004
"00000420","|static|_FUN_0027ac38_00000420",$d,00000000
"00000424","FUN_00000424",$a,00000004
"00000428","|static|_FUN_006ef754_00000428",$d,00000000
"0000042c","FUN_0000042c",$a,00000004
"00000430","|static|_FUN_002ff8b0_00000430",$d,00000000
"00000434","FUN_00000434",$a,00000004
"00000438","|static|_FUN_00300f4c_00000438",$d,00000000
"0000043c","FUN_0000043c",$a,00000004
"00000440","|static|_FUN_002bf054_00000440",$d,00000000
"00000444","FUN_00000444",$a,00000004
"00000448","|static|_FUN_002d42f8_00000448",$d,00000000
"0000044c","FUN_0000044c",$a,00000004
"00000450","|static|_FUN_005835f8_00000450",$d,00000000
"00000454","FUN_00000454",$a,00000004
"00000458","|static|_FUN_00134544_00000458",$d,00000000
"0000045c","FUN_0000045c",$a,00000004
"00000460","|static|_FUN_00583238_00000460",$d,00000000
"00000464","FUN_00000464",$a,00000004
"00000468","|static|_FUN_0075cdc8_00000468",$d,00000000
"0000046c","FUN_0000046c",$a,00000004
"00000470","|static|_FUN_00583704_00000470",$d,00000000
"00000474","FUN_00000474",$a,00000004
"00000478","|static|_FUN_00584134_00000478",$d,00000000
"0000047c","FUN_0000047c",$a,00000004
"00000480","|static|_FUN_0058c4cc_00000480",$d,00000000
"00000484","FUN_00000484",$a,00000004
"00000488","|static|_FUN_00237008_00000488",$d,00000000
"0000048c","FUN_0000048c",$a,00000004
"00000490","|static|_FUN_005dd224_00000490",$d,00000000
"00000494","FUN_00000494",$a,00000004
"00000498","|static|_FUN_006001e8_00000498",$d,00000000
"0000049c","FUN_0000049c",$a,00000004
"000004a0","|static|_FUN_005f3d70_000004a0",$d,00000000
"000004a4","FUN_000004a4",$a,00000004
"000004a8","|static|_FUN_0075aac8_000004a8",$d,00000000
"000004ac","FUN_000004ac",$a,00000004
"000004b0","|static|_FUN_005cd270_000004b0",$d,00000000
"000004b4","FUN_000004b4",$a,00000004
"000004b8","|static|_FUN_0010a994_000004b8",$d,00000000
"000004bc","FUN_000004bc",$a,00000004
"000004c0","|static|_FUN_005cb00c_000004c0",$d,00000000
"000004c4","FUN_000004c4",$a,00000004
"000004c8","|static|_FUN_002fb918_000004c8",$d,00000000
"000004cc","FUN_000004cc",$a,00000004
"000004d0","|static|_FUN_0027ab38_000004d0",$d,00000000
"000004d4","FUN_000004d4",$a,00000004
"000004d8","|static|_FUN_002d3ab4_000004d8",$d,00000000
"000004dc","FUN_000004dc",$a,00000004
"000004e0","|static|_FUN_002d3e58_000004e0",$d,00000000
"000004e4","FUN_000004e4",$a,00000004
"000004e8","|static|_FUN_002d3e30_000004e8",$d,00000000
"000004ec","FUN_000004ec",$a,00000004
"000004f0","|static|_FUN_002d39c8_000004f0",$d,00000000
"000004f4","FUN_000004f4",$a,00000004
"000004f8","|static|_FUN_002d3a14_000004f8",$d,00000000
"000004fc","FUN_000004fc",$a,00000004
"00000500","|static|_FUN_00305a40_00000500",$d,00000000
"00000504","FUN_00000504",$a,00000004
"00000508","|static|_FUN_00303660_00000508",$d,00000000
"0000050c","FUN_0000050c",$a,00000004
"00000510","|static|_FUN_002fd068_00000510",$d,00000000
"00000514","FUN_00000514",$a,00000004
"00000518","|static|_FUN_006b7ab8_00000518",$d,00000000
"0000051c","FUN_0000051c",$a,00000004
"00000520","|static|_FUN_006b7380_00000520",$d,00000000
"00000524","FUN_00000524",$a,00000004
"00000528","|static|_FUN_00304640_00000528",$d,00000000
"0000052c","FUN_0000052c",$a,00000004
"00000530","|static|_FUN_0071f9f4_00000530",$d,00000000
"00000534","FUN_00000534",$a,00000004
"00000538","|static|_LAB_001e0220_00000538",$d,00000000
"0000053c","FUN_0000053c",$a,00000004
"00000540","|static|_LAB_001e02a4_00000540",$d,00000000
"00000544","FUN_00000544",$a,00000004
"00000548","|static|_FUN_0056c45c_00000548",$d,00000000
"0000054c","FUN_0000054c",$a,00000004
"00000550","|static|_INVALID_|static|_TEXT:000187b5_00000550",$d,00000000
"00000554","FUN_00000554",$a,00000004
"00000558","|static|_FUN_002fb378_00000558",$d,00000000
"0000055c","FUN_0000055c",$a,00000004
"00000560","|static|_FUN_00308340_00000560",$d,00000000
"00000564","FUN_00000564",$a,00000004
"00000568","|static|_FUN_005b4d7c_00000568",$d,00000000
"0000056c","FUN_0000056c",$a,00000004
"00000570","|static|_LAB_00127d14_00000570",$d,00000000
"00000574","FUN_00000574",$a,00000004
"00000578","|static|_FUN_0023c6e0_00000578",$d,00000000
"0000057c","FUN_0000057c",$a,00000004
"00000580","|static|_FUN_0062c274_00000580",$d,00000000
"00000584","FUN_00000584",$a,00000004
"00000588","|static|_FUN_002d3e18_00000588",$d,00000000
"0000058c","FUN_0000058c",$a,00000004
"00000590","|static|_FUN_002f98a8_00000590",$d,00000000
"00000594","FUN_00000594",$a,00000004
"00000598","|static|_FUN_005cc82c_00000598",$d,00000000
"0000059c","FUN_0000059c",$a,00000004
"000005a0","|static|_FUN_0056c558_000005a0",$d,00000000
"000005a4","FUN_000005a4",$a,00000004
"000005a8","|static|_FUN_007559ac_000005a8",$d,00000000
"000005ac","FUN_000005ac",$a,00000004
"000005b0","|static|_FUN_003083bc_000005b0",$d,00000000
"000005b4","FUN_000005b4",$a,00000004
"000005b8","|static|_FUN_005f4bfc_000005b8",$d,00000000
"000005bc","FUN_000005bc",$a,00000004
"000005c0","|static|_FUN_002f825c_000005c0",$d,00000000
"000005c4","FUN_000005c4",$a,00000004
"000005c8","|static|_FUN_0056d488_000005c8",$d,00000000
"000005cc","FUN_000005cc",$a,00000004
"000005d0","|static|_FUN_005f4c14_000005d0",$d,00000000
"000005d4","FUN_000005d4",$a,00000004
"000005d8","|static|_FUN_003084cc_000005d8",$d,00000000
"000005e0","|static|_FUN_0023083c_000005e0",$d,00000000
"000005e4","FUN_000005e4",$a,00000004
"000005e8","|static|_FUN_005fdf68_000005e8",$d,00000000
"000005ec","FUN_000005ec",$a,00000004
"000005f0","|static|_FUN_005d8698_000005f0",$d,00000000
"000005f4","FUN_000005f4",$a,00000004
"000005f8","|static|_FUN_00230f24_000005f8",$d,00000000
"00000600","|static|_FUN_005dc374_00000600",$d,00000000
"00000604","FUN_00000604",$a,00000004
"00000608","|static|_FUN_0023ad1c_00000608",$d,00000000
"0000060c","FUN_0000060c",$a,00000004
"00000610","|static|_INVALID_|static|_TEXT:00203e7d_00000610",$d,00000000
"00000614","FUN_00000614",$a,00000004
"00000618","|static|_FUN_0068ef34_00000618",$d,00000000
"0000061c","FUN_0000061c",$a,00000004
"00000620","|static|_FUN_0068f048_00000620",$d,00000000
"00000624","FUN_00000624",$a,00000004
"00000628","|static|_FUN_005779a4_00000628",$d,00000000
"0000062c","FUN_0000062c",$a,00000004
"00000630","|static|_FUN_0058d324_00000630",$d,00000000
"00000634","FUN_00000634",$a,00000004
"00000638","|static|_FUN_006bdea4_00000638",$d,00000000
"0000063c","FUN_0000063c",$a,00000004
"00000640","|static|_FUN_00317ee0_00000640",$d,00000000
"00000644","FUN_00000644",$a,00000004
"00000648","|static|_FUN_0024dc80_00000648",$d,00000000
"0000064c","FUN_0000064c",$a,00000004
"00000650","|static|_FUN_002a73bc_00000650",$d,00000000
"00000654","FUN_00000654",$a,00000004
"00000658","|static|_INVALID_|static|_TEXT:00018a65_00000658",$d,00000000
"0000065c","FUN_0000065c",$a,00000004
"00000660","|static|_FUN_002f341c_00000660",$d,00000000
"00000664","FUN_00000664",$a,00000004
"00000668","|static|_FUN_0070b7a8_00000668",$d,00000000
"0000066c","FUN_0000066c",$a,00000004
"00000670","|static|_FUN_0071a150_00000670",$d,00000000
"00000674","FUN_00000674",$a,00000004
"00000678","|static|_FUN_006bd774_00000678",$d,00000000
"0000067c","FUN_0000067c",$a,00000004
"00000680","|static|_FUN_00240574_00000680",$d,00000000
"00000684","FUN_00000684",$a,00000004
"00000688","|static|_FUN_0071a23c_00000688",$d,00000000
"0000068c","FUN_0000068c",$a,00000004
"00000690","|static|_FUN_006efc2c_00000690",$d,00000000
"00000694","FUN_00000694",$a,00000004
"00000698","|static|_FUN_006efc48_00000698",$d,00000000
"0000069c","FUN_0000069c",$a,00000004
"000006a0","|static|_FUN_00605160_000006a0",$d,00000000
"000006a4","FUN_000006a4",$a,00000004
"000006a8","|static|_FUN_0056b0c0_000006a8",$d,00000000
"000006ac","FUN_000006ac",$a,00000004
"000006b0","|static|_FUN_001cd538_000006b0",$d,00000000
"000006b4","FUN_000006b4",$a,00000004
"000006b8","|static|_FUN_006e9c2c_000006b8",$d,00000000
"000006bc","FUN_000006bc",$a,00000004
"000006c0","|static|_FUN_006e5718_000006c0",$d,00000000
"000006c4","FUN_000006c4",$a,00000004
"000006c8","|static|_FUN_0070acac_000006c8",$d,00000000
"000006cc","FUN_000006cc",$a,00000004
"000006d0","|static|_FUN_001aae00_000006d0",$d,00000000
"000006d4","FUN_000006d4",$a,00000004
"000006d8","|static|_FUN_0058d3b4_000006d8",$d,00000000
"000006dc","FUN_000006dc",$a,00000004
"000006e0","|static|_FUN_006eb990_000006e0",$d,00000000
"000006e4","FUN_000006e4",$a,00000004
"000006e8","|static|_INVALID_|static|_TEXT:001fe7dd_000006e8",$d,00000000
"000006ec","FUN_000006ec",$a,00000004
"000006f0","|static|_INVALID_|static|_TEXT:0001c115_000006f0",$d,00000000
"000006f4","FUN_000006f4",$a,00000004
"000006f8","|static|_INVALID_|static|_TEXT:00016d41_000006f8",$d,00000000
"000006fc","FUN_000006fc",$a,00000004
"00000700","|static|_FUN_006ac784_00000700",$d,00000000
"00000704","FUN_00000704",$a,00000004
"00000708","|static|_FUN_0029e154_00000708",$d,00000000
"0000070c","FUN_0000070c",$a,00000004
"00000710","|static|_FUN_002d3f6c_00000710",$d,00000000
"00000714","FUN_00000714",$a,00000004
"00000718","|static|_FUN_00304ca4_00000718",$d,00000000
"0000071c","FUN_0000071c",$a,00000004
"00000720","|static|_FUN_00304ce4_00000720",$d,00000000
"00000724","FUN_00000724",$a,00000004
"00000728","|static|_FUN_002e6944_00000728",$d,00000000
"0000072c","FUN_0000072c",$a,00000004
"00000730","|static|_FUN_001da158_00000730",$d,00000000
"00000734","FUN_00000734",$a,00000004
"00000738","|static|_thunk_FUN_006f7e8c_00000738",$d,00000000
"0000073c","FUN_0000073c",$a,00000004
"00000740","|static|_FUN_00614958_00000740",$d,00000000
"00000744","FUN_00000744",$a,00000004
"00000748","|static|_FUN_006f8444_00000748",$d,00000000
"0000074c","FUN_0000074c",$a,00000004
"00000750","|static|_FUN_0057a470_00000750",$d,00000000
"00000754","FUN_00000754",$a,00000004
"00000758","|static|_FUN_006a8954_00000758",$d,00000000
"0000075c","FUN_0000075c",$a,00000004
"00000760","|static|_FUN_001cd930_00000760",$d,00000000
"00000764","FUN_00000764",$a,00000004
"00000768","|static|_FUN_006ee4b8_00000768",$d,00000000
"0000076c","FUN_0000076c",$a,00000004
"00000770","|static|_FUN_006e480c_00000770",$d,00000000
"00000778","|static|_LAB_00313ac8_00000778",$d,00000000
"0000077c","FUN_0000077c",$a,00000004
"00000780","|static|_FUN_00569d50_00000780",$d,00000000
"00000784","FUN_00000784",$a,00000004
"00000788","|static|_FUN_002fd108_00000788",$d,00000000
"0000078c","FUN_0000078c",$a,00000004
"00000790","|static|_FUN_005e3128_00000790",$d,00000000
"00000794","FUN_00000794",$a,00000004
"00000798","|static|_FUN_00568a80_00000798",$d,00000000
"0000079c","FUN_0000079c",$a,00000004
"000007a0","|static|_FUN_005e2c98_000007a0",$d,00000000
"000007a4","FUN_000007a4",$a,00000004
"000007a8","|static|_FUN_005ea8f8_000007a8",$d,00000000
"000007ac","FUN_000007ac",$a,00000004
"000007b0","|static|_FUN_005ea964_000007b0",$d,00000000
"000007b4","FUN_000007b4",$a,00000004
"000007b8","|static|_FUN_005ea8dc_000007b8",$d,00000000
"000007bc","FUN_000007bc",$a,00000004
"000007c0","|static|_FUN_005e9e68_000007c0",$d,00000000
"000007c4","FUN_000007c4",$a,00000004
"000007c8","|static|_FUN_005e2e50_000007c8",$d,00000000
"000007cc","FUN_000007cc",$a,00000004
"000007d0","|static|_FUN_005e2f94_000007d0",$d,00000000
"000007d4","FUN_000007d4",$a,00000004
"000007d8","|static|_FUN_004b4fc0_000007d8",$d,00000000
"000007dc","FUN_000007dc",$a,00000004
"000007e0","|static|_FUN_00568630_000007e0",$d,00000000
"000007e4","FUN_000007e4",$a,00000004
"000007e8","|static|_FUN_005697e0_000007e8",$d,00000000
"000007ec","FUN_000007ec",$a,00000004
"000007f0","|static|_FUN_00568c10_000007f0",$d,00000000
"000007f4","FUN_000007f4",$a,00000004
"000007f8","|static|_FUN_00568984_000007f8",$d,00000000
"000007fc","FUN_000007fc",$a,00000004
"00000800","|static|_FUN_0074fdd0_00000800",$d,00000000
"00000804","FUN_00000804",$a,00000004
"00000808","|static|_FUN_00569544_00000808",$d,00000000
"0000080c","FUN_0000080c",$a,00000004
"00000810","|static|_FUN_00312bd0_00000810",$d,00000000
"00000814","FUN_00000814",$a,00000004
"00000818","|static|_FUN_002ff6f8_00000818",$d,00000000
"0000081c","FUN_0000081c",$a,00000004
"00000820","|static|_FUN_00312c4c_00000820",$d,00000000
"00000824","FUN_00000824",$a,00000004
"00000828","|static|_FUN_00312cb0_00000828",$d,00000000
"0000082c","FUN_0000082c",$a,00000004
"00000834","FUN_00000834",$a,00000004
"00000838","|static|_FUN_005833b0_00000838",$d,00000000
"0000083c","FUN_0000083c",$a,00000004
"00000840","|static|_FUN_002f86c0_00000840",$d,00000000
"00000844","FUN_00000844",$a,00000004
"00000848","|static|_FUN_006045f0_00000848",$d,00000000
"0000084c","FUN_0000084c",$a,00000004
"00000850","|static|_FUN_00583acc_00000850",$d,00000000
"00000854","FUN_00000854",$a,00000004
"00000858","|static|_FUN_0055cb58_00000858",$d,00000000
"0000085c","FUN_0000085c",$a,00000004
"00000860","|static|_FUN_0077a7c8_00000860",$d,00000000
"00000868","|static|_FUN_001323bc_00000868",$d,00000000
"00000870","|static|_FUN_00569e6c_00000870",$d,00000000
"00000874","FUN_00000874",$a,00000004
"00000878","|static|_FUN_007480d0_00000878",$d,00000000
"0000087c","FUN_0000087c",$a,00000004
"00000880","|static|_FUN_0052e6c8_00000880",$d,00000000
"00000884","FUN_00000884",$a,00000004
"00000888","|static|_FUN_004b4c6c_00000888",$d,00000000
"0000088c","FUN_0000088c",$a,00000004
"00000890","|static|_FUN_00569184_00000890",$d,00000000
"00000894","FUN_00000894",$a,00000004
"00000898","|static|_FUN_005695e4_00000898",$d,00000000
"0000089c","FUN_0000089c",$a,00000004
"000008a0","|static|_FUN_005e3194_000008a0",$d,00000000
"000008a4","FUN_000008a4",$a,00000004
"000008a8","|static|_FUN_001323b4_000008a8",$d,00000000
"000008ac","FUN_000008ac",$a,00000004
"000008b0","|static|_FUN_0030f48c_000008b0",$d,00000000
"000008b4","FUN_000008b4",$a,00000004
"000008b8","|static|_FUN_00125e3c_000008b8",$d,00000000
"000008bc","FUN_000008bc",$a,00000004
"000008c0","|static|_FUN_00125aec_000008c0",$d,00000000
"000008c4","FUN_000008c4",$a,00000004
"000008c8","|static|_FUN_0056988c_000008c8",$d,00000000
"000008cc","FUN_000008cc",$a,00000004
"000008d0","|static|_thunk_FUN_00569480_000008d0",$d,00000000
"000008d4","FUN_000008d4",$a,00000004
"000008d8","|static|_FUN_0060044c_000008d8",$d,00000000
"000008dc","FUN_000008dc",$a,00000004
"000008e0","|static|_INVALID_|static|_TEXT:001f76ad_000008e0",$d,00000000
"000008e4","FUN_000008e4",$a,00000004
"000008e8","|static|_FUN_002f770c_000008e8",$d,00000000
"000008ec","FUN_000008ec",$a,00000004
"000008f0","|static|_FUN_00567ef0_000008f0",$d,00000000
"000008f4","FUN_000008f4",$a,00000004
"000008f8","|static|_FUN_0075cd98_000008f8",$d,00000000
"00000900","|static|_FUN_00602938_00000900",$d,00000000
"00000904","FUN_00000904",$a,00000004
"00000908","|static|_FUN_00759b0c_00000908",$d,00000000
"00000910","|static|_FUN_005d4a78_00000910",$d,00000000
"00000914","FUN_00000914",$a,00000004
"00000918","|static|_FUN_002be534_00000918",$d,00000000
"0000091c","FUN_0000091c",$a,00000004
"00000920","|static|_FUN_0071d474_00000920",$d,00000000
"00000924","FUN_00000924",$a,00000004
"00000928","|static|_FUN_00759b3c_00000928",$d,00000000
"0000092c","FUN_0000092c",$a,00000004
"00000930","|static|_FUN_0075cd5c_00000930",$d,00000000
"00000934","FUN_00000934",$a,00000004
"00000938","|static|_FUN_00759b24_00000938",$d,00000000
"0000093c","FUN_0000093c",$a,00000004
"00000940","|static|_FUN_00759b78_00000940",$d,00000000
"00000944","FUN_00000944",$a,00000004
"00000948","|static|_FUN_005c7408_00000948",$d,00000000
"0000094c","FUN_0000094c",$a,00000004
"00000950","|static|_FUN_005ca61c_00000950",$d,00000000
"00000954","FUN_00000954",$a,00000004
"00000958","|static|_FUN_002be718_00000958",$d,00000000
"0000095c","FUN_0000095c",$a,00000004
"00000960","|static|_FUN_0027ab40_00000960",$d,00000000
"00000964","FUN_00000964",$a,00000004
"00000968","|static|_FUN_005c394c_00000968",$d,00000000
"0000096c","FUN_0000096c",$a,00000004
"00000970","|static|_FUN_00601f20_00000970",$d,00000000
"00000978","|static|_FUN_00603e64_00000978",$d,00000000
"00000984","FUN_00000984",$a,00000004
"00000988","|static|_FUN_0056a94c_00000988",$d,00000000
"0000098c","FUN_0000098c",$a,00000004
"00000990","|static|_FUN_0071a108_00000990",$d,00000000
"00000994","FUN_00000994",$a,00000004
"00000998","|static|_FUN_005e7760_00000998",$d,00000000
"0000099c","FUN_0000099c",$a,00000004
"000009a0","|static|_FUN_005e35dc_000009a0",$d,00000000
"000009a4","FUN_000009a4",$a,00000004
"000009a8","|static|_FUN_005e4a04_000009a8",$d,00000000
"000009ac","FUN_000009ac",$a,00000004
"000009b0","|static|_FUN_00303770_000009b0",$d,00000000
"000009b4","FUN_000009b4",$a,00000004
"000009b8","|static|_FUN_002fbd54_000009b8",$d,00000000
"000009bc","FUN_000009bc",$a,00000004
"000009c0","|static|_FUN_00600430_000009c0",$d,00000000
"000009c4","FUN_000009c4",$a,00000004
"000009c8","|static|_FUN_005e350c_000009c8",$d,00000000
"000009cc","FUN_000009cc",$a,00000004
"000009d0","|static|_FUN_005e4994_000009d0",$d,00000000
"000009d4","FUN_000009d4",$a,00000004
"000009d8","|static|_FUN_005e4960_000009d8",$d,00000000
"000009dc","FUN_000009dc",$a,00000004
"000009e0","|static|_FUN_00605ca0_000009e0",$d,00000000
"000009e4","FUN_000009e4",$a,00000004
"000009e8","|static|_FUN_002be76c_000009e8",$d,00000000
"000009ec","FUN_000009ec",$a,00000004
"000009f0","|static|_FUN_005dd51c_000009f0",$d,00000000
"000009f4","FUN_000009f4",$a,00000004
"000009f8","|static|_FUN_005dd5b8_000009f8",$d,00000000
"000009fc","FUN_000009fc",$a,00000004
"00000a00","|static|_FUN_00316ffc_00000a00",$d,00000000
"00000a04","FUN_00000a04",$a,00000004
"00000a08","|static|_FUN_00602144_00000a08",$d,00000000
"00000a0c","FUN_00000a0c",$a,00000004
"00000a10","|static|_FUN_00603cf4_00000a10",$d,00000000
"00000a14","FUN_00000a14",$a,00000004
"00000a18","|static|_FUN_005e3618_00000a18",$d,00000000
"00000a1c","FUN_00000a1c",$a,00000004
"00000a20","|static|_FUN_005e77e0_00000a20",$d,00000000
"00000a28","|static|_FUN_00138744_00000a28",$d,00000000
"00000a30","|static|_FUN_00125f8c_00000a30",$d,00000000
"00000a34","FUN_00000a34",$a,00000004
"00000a38","|static|_FUN_006081c0_00000a38",$d,00000000
"00000a3c","FUN_00000a3c",$a,00000004
"00000a40","|static|_FUN_00304c68_00000a40",$d,00000000
"00000a44","FUN_00000a44",$a,00000004
"00000a48","|static|_FUN_002095e0_00000a48",$d,00000000
"00000a50","|static|_FUN_006021d0_00000a50",$d,00000000
"00000a54","FUN_00000a54",$a,00000004
"00000a58","|static|_FUN_00521a8c_00000a58",$d,00000000
"00000a5c","FUN_00000a5c",$a,00000004
"00000a60","|static|_FUN_005dd69c_00000a60",$d,00000000
"00000a64","FUN_00000a64",$a,00000004
"00000a68","|static|_FUN_005e7984_00000a68",$d,00000000
"00000a6c","FUN_00000a6c",$a,00000004
"00000a70","|static|_FUN_003170d0_00000a70",$d,00000000
"00000a74","FUN_00000a74",$a,00000004
"00000a78","|static|_FUN_00521ae0_00000a78",$d,00000000
"00000a80","|static|_FUN_005204b0_00000a80",$d,00000000
"00000a84","FUN_00000a84",$a,00000004
"00000a88","|static|_FUN_00567e24_00000a88",$d,00000000
"00000a8c","FUN_00000a8c",$a,00000004
"00000a90","|static|_FUN_0071f940_00000a90",$d,00000000
"00000a94","FUN_00000a94",$a,00000004
"00000a98","|static|_FUN_00132364_00000a98",$d,00000000
"00000a9c","FUN_00000a9c",$a,00000004
"00000aa0","|static|_FUN_006aa9d0_00000aa0",$d,00000000
"00000aa4","FUN_00000aa4",$a,00000004
"00000aa8","|static|_FUN_001207d8_00000aa8",$d,00000000
"00000aac","FUN_00000aac",$a,00000004
"00000ab0","|static|_FUN_006aaa30_00000ab0",$d,00000000
"00000ab4","FUN_00000ab4",$a,00000004
"00000ab8","|static|_FUN_0021fe04_00000ab8",$d,00000000
"00000abc","FUN_00000abc",$a,00000004
"00000ac0","|static|_FUN_00222fc4_00000ac0",$d,00000000
"00000ac4","FUN_00000ac4",$a,00000004
"00000ac8","|static|_FUN_007237e0_00000ac8",$d,00000000
"00000acc","FUN_00000acc",$a,00000004
"00000ad0","|static|_FUN_006d1e64_00000ad0",$d,00000000
"00000ad4","FUN_00000ad4",$a,00000004
"00000ad8","|static|_FUN_001fa354_00000ad8",$d,00000000
"00000adc","FUN_00000adc",$a,00000004
"00000ae0","|static|_FUN_0071ee8c_00000ae0",$d,00000000
"00000ae8","|static|_FUN_002cd2c0_00000ae8",$d,00000000
"00000aec","FUN_00000aec",$a,00000004
"00000af0","|static|_FUN_0071ef10_00000af0",$d,00000000
"00000af8","|static|_FUN_002cd30c_00000af8",$d,00000000
"00000b00","|static|_FUN_00222df4_00000b00",$d,00000000
"00000b04","FUN_00000b04",$a,00000004
"00000b08","|static|_FUN_00222580_00000b08",$d,00000000
"00000b0c","FUN_00000b0c",$a,00000004
"00000b10","|static|_caseD_9_00000b10",$d,00000000
"00000b14","FUN_00000b14",$a,00000004
"00000b18","|static|_FUN_0027c568_00000b18",$d,00000000
"00000b1c","FUN_00000b1c",$a,00000004
"00000b20","|static|_FUN_002b7cd4_00000b20",$d,00000000
"00000b24","FUN_00000b24",$a,00000004
"00000b28","|static|_FUN_002226cc_00000b28",$d,00000000
"00000b2c","FUN_00000b2c",$a,00000004
"00000b30","|static|_FUN_00220110_00000b30",$d,00000000
"00000b34","FUN_00000b34",$a,00000004
"00000b38","|static|_FUN_002206c0_00000b38",$d,00000000
"00000b3c","FUN_00000b3c",$a,00000004
"00000b40","|static|_FUN_00223030_00000b40",$d,00000000
"00000b44","FUN_00000b44",$a,00000004
"00000b48","|static|_FUN_0022bea0_00000b48",$d,00000000
"00000b4c","FUN_00000b4c",$a,00000004
"00000b50","|static|_FUN_002688cc_00000b50",$d,00000000
"00000b54","FUN_00000b54",$a,00000004
"00000b58","|static|_FUN_002687c8_00000b58",$d,00000000
"00000b5c","FUN_00000b5c",$a,00000004
"00000b60","|static|_FUN_0026876c_00000b60",$d,00000000
"00000b64","FUN_00000b64",$a,00000004
"00000b68","|static|_FUN_005f1394_00000b68",$d,00000000
"00000b6c","FUN_00000b6c",$a,00000004
"00000b70","|static|_FUN_002fb7e8_00000b70",$d,00000000
"00000b74","FUN_00000b74",$a,00000004
"00000b78","|static|_FUN_005c0e0c_00000b78",$d,00000000
"00000b7c","FUN_00000b7c",$a,00000004
"00000b80","|static|_FUN_005c5318_00000b80",$d,00000000
"00000b84","FUN_00000b84",$a,00000004
"00000b88","|static|_FUN_005b522c_00000b88",$d,00000000
"00000b8c","FUN_00000b8c",$a,00000004
"00000b90","|static|_FUN_002d3f18_00000b90",$d,00000000
"00000b94","FUN_00000b94",$a,00000004
"00000b98","|static|_FUN_002d3ce0_00000b98",$d,00000000
"00000b9c","FUN_00000b9c",$a,00000004
"00000ba0","|static|_FUN_002d3a3c_00000ba0",$d,00000000
"00000ba4","FUN_00000ba4",$a,00000004
"00000ba8","|static|_FUN_0068ec64_00000ba8",$d,00000000
"00000bac","FUN_00000bac",$a,00000004
"00000bb0","|static|_FUN_0058c514_00000bb0",$d,00000000
"00000bb4","FUN_00000bb4",$a,00000004
"00000bb8","|static|_FUN_006d2eb4_00000bb8",$d,00000000
"00000bbc","FUN_00000bbc",$a,00000004
"00000bc0","|static|_FUN_0068ec10_00000bc0",$d,00000000
"00000bc4","FUN_00000bc4",$a,00000004
"00000bc8","|static|_FUN_0058c5f0_00000bc8",$d,00000000
"00000bcc","FUN_00000bcc",$a,00000004
"00000bd0","|static|_FUN_00301df4_00000bd0",$d,00000000
"00000bd4","FUN_00000bd4",$a,00000004
"00000bd8","|static|_FUN_00300a64_00000bd8",$d,00000000
"00000bdc","FUN_00000bdc",$a,00000004
"00000be0","|static|_FUN_00312ca0_00000be0",$d,00000000
"00000be4","FUN_00000be4",$a,00000004
"00000be8","|static|_FUN_0071f8e4_00000be8",$d,00000000
"00000bec","FUN_00000bec",$a,00000004
"00000bf0","|static|_FUN_005e32a0_00000bf0",$d,00000000
"00000bf4","FUN_00000bf4",$a,00000004
"00000bf8","|static|_FUN_0075aa44_00000bf8",$d,00000000
"00000bfc","FUN_00000bfc",$a,00000004
"00000c00","|static|_FUN_0058660c_00000c00",$d,00000000
"00000c04","FUN_00000c04",$a,00000004
"00000c08","|static|_FUN_005851d4_00000c08",$d,00000000
"00000c0c","FUN_00000c0c",$a,00000004
"00000c10","|static|_FUN_002d3ac4_00000c10",$d,00000000
"00000c14","FUN_00000c14",$a,00000004
"00000c18","|static|_FUN_0071fa40_00000c18",$d,00000000
"00000c1c","FUN_00000c1c",$a,00000004
"00000c20","|static|_FUN_0046a174_00000c20",$d,00000000
"00000c24","FUN_00000c24",$a,00000004
"00000c28","|static|_FUN_0046aad8_00000c28",$d,00000000
"00000c2c","FUN_00000c2c",$a,00000004
"00000c30","|static|_FUN_0046eaf0_00000c30",$d,00000000
"00000c34","FUN_00000c34",$a,00000004
"00000c38","|static|_FUN_005cad1c_00000c38",$d,00000000
"00000c3c","FUN_00000c3c",$a,00000004
"00000c40","|static|_FUN_005cad28_00000c40",$d,00000000
"00000c44","FUN_00000c44",$a,00000004
"00000c48","|static|_FUN_00220c94_00000c48",$d,00000000
"00000c4c","FUN_00000c4c",$a,00000004
"00000c50","|static|_FUN_0027c8f8_00000c50",$d,00000000
"00000c54","FUN_00000c54",$a,00000004
"00000c58","|static|_FUN_0075dbbc_00000c58",$d,00000000
"00000c5c","FUN_00000c5c",$a,00000004
"00000c60","|static|_FUN_00568a24_00000c60",$d,00000000
"00000c64","FUN_00000c64",$a,00000004
"00000c68","|static|_FUN_004b64dc_00000c68",$d,00000000
"00000c6c","FUN_00000c6c",$a,00000004
"00000c70","|static|_FUN_004bc518_00000c70",$d,00000000
"00000c74","FUN_00000c74",$a,00000004
"00000c78","|static|_FUN_004ba4c8_00000c78",$d,00000000
"00000c7c","FUN_00000c7c",$a,00000004
"00000c80","|static|_FUN_0075db98_00000c80",$d,00000000
"00000c84","FUN_00000c84",$a,00000004
"00000c88","|static|_FUN_0075dad0_00000c88",$d,00000000
"00000c8c","FUN_00000c8c",$a,00000004
"00000c90","|static|_FUN_00222c80_00000c90",$d,00000000
"00000c94","FUN_00000c94",$a,00000004
"00000c98","|static|_FUN_004edd6c_00000c98",$d,00000000
"00000c9c","FUN_00000c9c",$a,00000004
"00000ca0","|static|_FUN_0031e204_00000ca0",$d,00000000
"00000ca4","FUN_00000ca4",$a,00000004
"00000ca8","|static|_FUN_00317e2c_00000ca8",$d,00000000
"00000cac","FUN_00000cac",$a,00000004
"00000cb0","|static|_FUN_001abcd4_00000cb0",$d,00000000
"00000cb4","FUN_00000cb4",$a,00000004
"00000cb8","|static|_FUN_004ef50c_00000cb8",$d,00000000
"00000cbc","FUN_00000cbc",$a,00000004
"00000cc0","|static|_thunk_FUN_004ee514_00000cc0",$d,00000000
"00000cc4","FUN_00000cc4",$a,00000004
"00000cc8","|static|_FUN_002228d4_00000cc8",$d,00000000
"00000ccc","FUN_00000ccc",$a,00000004
"00000cd0","|static|_FUN_0022bf54_00000cd0",$d,00000000
"00000cd4","FUN_00000cd4",$a,00000004
"00000cd8","|static|_FUN_0021fe54_00000cd8",$d,00000000
"00000cdc","FUN_00000cdc",$a,00000004
"00000ce0","|static|_FUN_0022bf34_00000ce0",$d,00000000
"00000ce4","FUN_00000ce4",$a,00000004
"00000ce8","|static|_FUN_00222ebc_00000ce8",$d,00000000
"00000cec","FUN_00000cec",$a,00000004
"00000cf0","|static|_FUN_0027c448_00000cf0",$d,00000000
"00000cf4","FUN_00000cf4",$a,00000004
"00000cf8","|static|_FUN_0029d960_00000cf8",$d,00000000
"00000cfc","FUN_00000cfc",$a,00000004
"00000d00","|static|_FUN_005fcffc_00000d00",$d,00000000
"00000d04","FUN_00000d04",$a,00000004
"00000d08","|static|_FUN_00579fd0_00000d08",$d,00000000
"00000d10","|static|_FUN_00577a24_00000d10",$d,00000000
"00000d14","FUN_00000d14",$a,00000004
"00000d18","ModulePlSelect_FUN_00004280_00000d18",$d,00000000
"00000d1c","FUN_00000d1c",$a,00000004
"00000d20","|static|_FUN_006ea834_00000d20",$d,00000000
"00000d24","FUN_00000d24",$a,00000004
"00000d28","|static|_FUN_002075d4_00000d28",$d,00000000
"00000d2c","FUN_00000d2c",$a,00000004
"00000d30","|static|_FUN_0022fcb8_00000d30",$d,00000000
"00000d38","|static|_FUN_005851a8_00000d38",$d,00000000
"00000d3c","FUN_00000d3c",$a,00000004
"00000d40","|static|_FUN_00205d80_00000d40",$d,00000000
"00000d48","ModulePlSelect_FUN_00004694_00000d48",$d,00000000
"00000d4c","FUN_00000d4c",$a,00000004
"00000d50","ModulePlSelect_FUN_000045f8_00000d50",$d,00000000
"00000d58","|static|_FUN_00585180_00000d58",$d,00000000
"00000d5c","FUN_00000d5c",$a,00000004
"00000d60","|static|_FUN_00284b48_00000d60",$d,00000000
"00000d64","FUN_00000d64",$a,00000004
"00000d68","ModuleIndoor_FUN_0001e7dc_00000d68",$d,00000000
"00000d6c","FUN_00000d6c",$a,00000004
"00000d70","|static|_FUN_004edd3c_00000d70",$d,00000000
"00000d74","FUN_00000d74",$a,00000004
"00000d78","|static|_FUN_004ecf18_00000d78",$d,00000000
"00000d7c","FUN_00000d7c",$a,00000004
"00000d80","|static|_FUN_004ecf70_00000d80",$d,00000000
"00000d84","FUN_00000d84",$a,00000004
"00000d88","|static|_FUN_0029da30_00000d88",$d,00000000
"00000d8c","FUN_00000d8c",$a,00000004
"00000d90","|static|_FUN_00755a98_00000d90",$d,00000000
"00000d94","FUN_00000d94",$a,00000004
"00000d98","|static|_FUN_0075cf7c_00000d98",$d,00000000
"00000d9c","FUN_00000d9c",$a,00000004
"00000da0","|static|_FUN_0071f928_00000da0",$d,00000000
"00000da4","FUN_00000da4",$a,00000004
"00000da8","|static|_FUN_0071f958_00000da8",$d,00000000
"00000db0","|static|_FUN_005f1234_00000db0",$d,00000000
"00000db4","FUN_00000db4",$a,00000004
"00000db8","|static|_FUN_0071fb30_00000db8",$d,00000000
"00000dbc","FUN_00000dbc",$a,00000004
"00000dc0","|static|_FUN_00747b34_00000dc0",$d,00000000
"00000dc4","FUN_00000dc4",$a,00000004
"00000dc8","|static|_FUN_00607474_00000dc8",$d,00000000
"00000dd0","|static|_FUN_005851fc_00000dd0",$d,00000000
"00000dd4","FUN_00000dd4",$a,00000004
"00000dd8","|static|_FUN_0070ab44_00000dd8",$d,00000000
"00000de0","|static|_FUN_00207740_00000de0",$d,00000000
"00000de4","FUN_00000de4",$a,00000004
"00000de8","|static|_FUN_0031dbd4_00000de8",$d,00000000
"00000dec","FUN_00000dec",$a,00000004
"00000df0","|static|_FUN_002f74c8_00000df0",$d,00000000
"00000df4","FUN_00000df4",$a,00000004
"00000df8","|static|_FUN_002e5bec_00000df8",$d,00000000
"00000dfc","FUN_00000dfc",$a,00000004
"00000e00","|static|_FUN_002e6368_00000e00",$d,00000000
"00000e04","FUN_00000e04",$a,00000004
"00000e08","|static|_FUN_006e9648_00000e08",$d,00000000
"00000e0c","FUN_00000e0c",$a,00000004
"00000e10","|static|_FUN_003166a8_00000e10",$d,00000000
"00000e14","FUN_00000e14",$a,00000004
"00000e1c","FUN_00000e1c",$a,00000004
"00000e20","|static|_FUN_0012ca7c_00000e20",$d,00000000
"00000e28","|static|_FUN_0016d7f4_00000e28",$d,00000000
"00000e2c","FUN_00000e2c",$a,00000004
"00000e30","|static|_FUN_0029b888_00000e30",$d,00000000
"00000e34","FUN_00000e34",$a,00000004
"00000e38","|static|_FUN_00134fa4_00000e38",$d,00000000
"00000e3c","FUN_00000e3c",$a,00000004
"00000e40","|static|_FUN_0024a584_00000e40",$d,00000000
"00000e44","FUN_00000e44",$a,00000004
"00000e48","|static|_FUN_0020bf08_00000e48",$d,00000000
"00000e4c","FUN_00000e4c",$a,00000004
"00000e50","|static|_FUN_005be904_00000e50",$d,00000000
"00000e54","FUN_00000e54",$a,00000004
"00000e58","|static|_FUN_005bd058_00000e58",$d,00000000
"00000e5c","FUN_00000e5c",$a,00000004
"00000e60","|static|_FUN_005bba4c_00000e60",$d,00000000
"00000e64","FUN_00000e64",$a,00000004
"00000e6c","FUN_00000e6c",$a,00000004
"00000e70","|static|_FUN_00138a00_00000e70",$d,00000000
"00000e74","FUN_00000e74",$a,00000004
"00000e78","|static|_FUN_005bd468_00000e78",$d,00000000
"00000e7c","FUN_00000e7c",$a,00000004
"00000e80","|static|_FUN_005bd29c_00000e80",$d,00000000
"00000e84","FUN_00000e84",$a,00000004
"00000e88","|static|_FUN_00613e68_00000e88",$d,00000000
"00000e8c","FUN_00000e8c",$a,00000004
"00000e90","|static|_FUN_006efd3c_00000e90",$d,00000000
"00000e94","FUN_00000e94",$a,00000004
"00000e98","|static|_FUN_0020c038_00000e98",$d,00000000
"00000e9c","FUN_00000e9c",$a,00000004
"00000ea0","|static|_FUN_005fcca4_00000ea0",$d,00000000
"00000ea8","|static|_LAB_005f4b8c_00000ea8",$d,00000000
"00000eb0","|static|_LAB_005f4bdc_00000eb0",$d,00000000
"00000eb4","FUN_00000eb4",$a,00000004
"00000eb8","|static|_FUN_005fcf24_00000eb8",$d,00000000
"00000ebc","FUN_00000ebc",$a,00000004
"00000ec0","|static|_FUN_00521a10_00000ec0",$d,00000000
"00000ec4","FUN_00000ec4",$a,00000004
"00000ec8","|static|_LAB_00521a30_00000ec8",$d,00000000
"00000ecc","FUN_00000ecc",$a,000000c8
"00000ff0","FUN_00000ff0",$a,00000058
"00001054","FUN_00001054",$a,0000021c
"000012d0","FUN_000012d0",$a,00000024
"00001360","|static|_DAT_0094dddc_00001360",$d,00000000
"00001370","FUN_00001370",$a,000010a8
"00001500","switchD_000014f8::switchdataD_00001500",$d,00000000
"00001564","switchD_0000155c::switchdataD_00001564",$d,00000000
"00001848","|static|_DAT_0085f2cc_00001848",$d,00000000
"0000184c","|static|_DAT_008806a0_0000184c",$d,00000000
"00001850","|static|_DAT_00ac2c20_00001850",$d,00000000
"00001854","|static|_DAT_0088069c_00001854",$d,00000000
"0000185c","|static|_DAT_009537bc_0000185c",$d,00000000
"00001868","|static|_DAT_009537c2_00001868",$d,00000000
"0000186c","|static|_DAT_00868464_0000186c",$d,00000000
"00001be0","|static|_DAT_00868474_00001be0",$d,00000000
"0000213c","|static|_DAT_008c9f1c_0000213c",$d,00000000
"000024fc","|static|_DAT_009c9fd0_000024fc",$d,00000000
"00002500","|static|_DAT_0095362c_00002500",$d,00000000
"00002510","|static|_DAT_0095386c_00002510",$d,00000000
"00002514","|static|_DAT_0095c350_00002514",$d,00000000
"00002520","FUN_00002520",$a,000001a0
"000026bc","|static|_DAT_00981fec_000026bc",$d,00000000
"000026c0","|static|_DAT_00982005_000026c0",$d,00000000
"000026c4","|static|_DAT_00981ff0_000026c4",$d,00000000
"000026cc","|static|_DAT_008906ec_000026cc",$d,00000000
"000026d0","|static|_DAT_009c9fd0_000026d0",$d,00000000
"000026d4","FUN_000026d4",$a,0000008c
"00002760","|static|_DAT_00908b94_00002760",$d,00000000
"00002764","FUN_00002764",$a,00000024
"00002840","FUN_00002840",$a,0000011c
"00002984","FUN_00002984",$a,000000f0
"00002a74","|static|_DAT_00950148_00002a74",$d,00000000
"00002ac4","FUN_00002ac4",$a,0000002c
"00002b04","|static|_DAT_0094dddc_00002b04",$d,00000000
"00002c1c","FUN_00002c1c",$a,00000048
"00002c64","FUN_00002c64",$a,000000dc
"00002d40","|static|_DAT_00981ff0_00002d40",$d,00000000
"00002d44","|static|_DAT_00981fec_00002d44",$d,00000000
"00002d48","|static|_DAT_00af7618_00002d48",$d,00000000
"00002d4c","|static|_DAT_00952c3c_00002d4c",$d,00000000
"00002d50","|static|_DAT_00981fe4_00002d50",$d,00000000
"00002d54","|static|_DAT_009506cc_00002d54",$d,00000000
"00002d5c","FUN_00002d5c",$a,000001f4
"00002f68","FUN_00002f68",$a,00000068
"00002fd4","FUN_00002fd4",$a,00000030
"00003008","FUN_00003008",$a,000000d4
"000030e4","|static|_DAT_0088069c_000030e4",$d,00000000
"000030e8","FUN_000030e8",$a,0000016c
"00003264","|static|_DAT_0085f2cc_00003264",$d,00000000
"00003278","|static|_DAT_0088069c_00003278",$d,00000000
"00003280","FUN_00003280",$a,00000148
"000033d8","|static|_DAT_0088069c_000033d8",$d,00000000
"000033e8","|static|_DAT_00868474_000033e8",$d,00000000
"000033ec","FUN_000033ec",$a,000001c0
"000035b4","|static|_DAT_00ac2c14_000035b4",$d,00000000
"000035bc","|static|_DAT_00ac2c20_000035bc",$d,00000000
"000035c0","|static|_DAT_008806a0_000035c0",$d,00000000
"000035c4","|static|_DAT_009537bc_000035c4",$d,00000000
"000035c8","|static|_DAT_0088069c_000035c8",$d,00000000
"000035cc","|static|_DAT_009537c2_000035cc",$d,00000000
"000035dc","FUN_000035dc",$a,000001a4
"0000378c","|static|_DAT_008f0ba0_0000378c",$d,00000000
"00003798","|static|_DAT_008906ec_00003798",$d,00000000
"000038e4","|static|_DAT_008f7c50_000038e4",$d,00000000
"000038e8","|static|_DAT_008f7794_000038e8",$d,00000000
"00003a20","|static|_DAT_008f7c50_00003a20",$d,00000000
"00003a24","|static|_DAT_008f7794_00003a24",$d,00000000
"00003a28","FUN_00003a28",$a,00000018
"00003a44","FUN_00003a44",$a,000003b0
"00003e28","|static|_DAT_008906ec_00003e28",$d,00000000
"00003e2c","|static|_DAT_0095decc_00003e2c",$d,00000000
"00003e50","FUN_00003e50",$a,00000228
"00004090","|static|_DAT_008c9f1e_00004090",$d,00000000
"00004098","FUN_00004098",$a,00000200
"000042c4","FUN_000042c4",$a,00000050
"00004318","FUN_00004318",$a,0000005c
"00004390","FUN_00004390",$a,00000004
"00004398","FUN_00004398",$a,000005dc
"00004878","|static|_DAT_008c9f1e_00004878",$d,00000000
"000049b0","FUN_000049b0",$a,00000114
"00004ac4","|static|_DAT_009753c0_00004ac4",$d,00000000
"00004b28","FUN_00004b28",$a,00000060
"00004b90","FUN_00004b90",$a,0000005c
"00004d70","|static|_DAT_009753c0_00004d70",$d,00000000
"00004d80","FUN_00004d80",$a,00000050
"00004f24","FUN_00004f24",$a,00000164
"00005088","|static|_DAT_009529bc_00005088",$d,00000000
"000050fc","FUN_000050fc",$a,00000094
"00005220","FUN_00005220",$a,0000009c
"000052bc","FUN_000052bc",$a,0000009c
"00005358","|static|_DAT_008c9f1c_00005358",$d,00000000
"00005364","FUN_00005364",$a,00000144
"000054b4","|static|_DAT_008906ec_000054b4",$d,00000000
"00005588","FUN_00005588",$a,000000c0
"0000564c","|static|_DAT_008906ec_0000564c",$d,00000000
"00005674","FUN_00005674",$a,00000060
"000056e0","|static|_FUN_002e0b3c_000056e0",$d,00000000
"00005750","|static|_FUN_002e0b3c_00005750",$d,00000000
"00005784","FUN_00005784",$a,00000030
"000057d0","FUN_000057d0",$a,0000000c
"000057dc","FUN_000057dc",$a,0000002c
"00005848","FUN_00005848",$a,00000028
"00005870","FUN_00005870",$a,000000e4
"00005954","|static|_DAT_00982014_00005954",$d,00000000
"00005958","|static|_DAT_00af7650_00005958",$d,00000000
"0000595c","|static|_DAT_00982018_0000595c",$d,00000000
"00005960","|static|_DAT_0098200c_00005960",$d,00000000
"00005964","|static|_DAT_009506cc_00005964",$d,00000000
"0000596c","FUN_0000596c",$a,00000150
"00005ab8","|static|_DAT_00a84790_00005ab8",$d,00000000
"00005abc","|static|_DAT_00af7650_00005abc",$d,00000000
"00005ac0","|static|_DAT_00982008_00005ac0",$d,00000000
"00005ac4","|static|_DAT_00982014_00005ac4",$d,00000000
"00005ac8","|static|_DAT_008c8ae0_00005ac8",$d,00000000
"00005acc","|static|_DAT_00982018_00005acc",$d,00000000
"00005ad0","|static|_DAT_00952c3c_00005ad0",$d,00000000
"00005ad4","|static|_DAT_008c8adc_00005ad4",$d,00000000
"00005af8","FUN_00005af8",$a,000002e8
"00005de4","|static|_DAT_00952c3c_00005de4",$d,00000000
"00005df4","|static|_DAT_009c9fd0_00005df4",$d,00000000
"00005dfc","|static|_DAT_008906ec_00005dfc",$d,00000000
"00005e04","|static|_DAT_0095decc_00005e04",$d,00000000
"00005e14","|static|_DAT_00982018_00005e14",$d,00000000
"00005e18","|static|_DAT_00982014_00005e18",$d,00000000
"00005e1c","|static|_DAT_00982008_00005e1c",$d,00000000
"00005e38","|static|_DAT_0095deac_00005e38",$d,00000000
"00005e3c","FUN_00005e3c",$a,000000a4
"00005f0c","FUN_00005f0c",$a,00000088
"00005f94","|static|_DAT_009c9fd0_00005f94",$d,00000000
"00006008","|static|_DAT_0095deac_00006008",$d,00000000
"00006010","FUN_00006010",$a,00000004
"00006014","FUN_00006014",$a,00000114
"00006128","|static|_DAT_008f7490_00006128",$d,00000000
"00006134","|static|_DAT_00952c3c_00006134",$d,00000000
"0000626c","|static|_FUN_002e0b3c_0000626c",$d,00000000
"00006270","FUN_00006270",$a,00000038
"000062b0","|static|_FUN_002e0b3c_000062b0",$d,00000000
"000062b4","FUN_000062b4",$a,0000002c
"000062e4","FUN_000062e4",$a,00000038
"00006324","FUN_00006324",$a,0000002c
"00006358","FUN_00006358",$a,00000004
"00006364","FUN_00006364",$a,0000003c
"000063a0","FUN_000063a0",$a,00000018
"000063d4","FUN_000063d4",$a,00000168
"00006540","|static|_DAT_009529bc_00006540",$d,00000000
"0000655c","FUN_0000655c",$a,00000720
"00006b80","|static|_DAT_00908b94_00006b80",$d,00000000
"00006b90","|static|_DAT_00950148_00006b90",$d,00000000
"00006ba0","|static|_DAT_00868474_00006ba0",$d,00000000
"00006bb8","|static|_DAT_008c9f1c_00006bb8",$d,00000000
"00006cd4","|static|_DAT_0095362c_00006cd4",$d,00000000
"00006cd8","FUN_00006cd8",$a,00000024
"00006d00","FUN_00006d00",$a,0000004c
"00006d50","FUN_00006d50",$a,00000790
"00006d70","switchD_00006d68::switchdataD_00006d70",$d,00000000
"00007510","|static|_DAT_008906ec_00007510",$d,00000000
"00007514","|static|_DAT_009c9fd0_00007514",$d,00000000
"00007524","FUN_00007524",$a,00000038
"00007564","FUN_00007564",$a,00000050
"000075b4","FUN_000075b4",$a,00000184
"00007738","|static|_DAT_0095bf80_00007738",$d,00000000
"0000773c","|static|_DAT_00982018_0000773c",$d,00000000
"00007740","|static|_DAT_00982014_00007740",$d,00000000
"00007744","|static|_DAT_0098202c_00007744",$d,00000000
"00007748","FUN_00007748",$a,000002c8
"00007a20","|static|_DAT_00af76f8_00007a20",$d,00000000
"00007a48","FUN_00007a48",$a,0000010c
"00007b54","FUN_00007b54",$a,0000004c
"00007ba4","FUN_00007ba4",$a,0000010c
"00007cb0","FUN_00007cb0",$a,0000004c
"00007d00","FUN_00007d00",$a,0000010c
"00007e0c","FUN_00007e0c",$a,0000018c
"00007fa0","|static|_FUN_0056988c_00007fa0",$d,00000000
"00007fa4","|static|_DAT_008f80b0_00007fa4",$d,00000000
"00007fa8","|static|_DAT_008f8b78_00007fa8",$d,00000000
"00007fb0","FUN_00007fb0",$a,0000031c
"000082d0","|static|_DAT_008c9f1e_000082d0",$d,00000000
"000082d8","FUN_000082d8",$a,00000084
"0000835c","|static|_DAT_008c9f1e_0000835c",$d,00000000
"00008364","|static|_DAT_009820b8_00008364",$d,00000000
"00008368","FUN_00008368",$a,00000138
"000084a0","|static|_DAT_008c9f1e_000084a0",$d,00000000
"000084a4","FUN_000084a4",$a,000000b8
"0000855c","|static|_DAT_008c9f1e_0000855c",$d,00000000
"00008560","FUN_00008560",$a,00000108
"00008668","FUN_00008668",$a,000000a0
"00008708","|static|_DAT_008f8c14_00008708",$d,00000000
"0000870c","|static|_DAT_008ed6a4_0000870c",$d,00000000
"00008710","|static|_DAT_008eb16c_00008710",$d,00000000
"00008714","FUN_00008714",$a,00000108
"00008834","FUN_00008834",$a,00000018
"00008850","FUN_00008850",$a,000000a0
"000088f0","FUN_000088f0",$a,00000050
"00008944","FUN_00008944",$a,00000050
"000089f0","FUN_000089f0",$a,0000005c
"00008a50","FUN_00008a50",$a,00000048
"00008aa4","FUN_00008aa4",$a,00000070
"00008b18","FUN_00008b18",$a,0000002c
"00008b48","FUN_00008b48",$a,00000044
"00008bd8","|static|_DAT_0094fd58_00008bd8",$d,00000000
"00008bdc","FUN_00008bdc",$a,00000030
"00008c1c","FUN_00008c1c",$a,00000074
"00008c94","FUN_00008c94",$a,00000028
"00008cc0","FUN_00008cc0",$a,00000064
"00008d58","FUN_00008d58",$a,00000038
"00008d90","FUN_00008d90",$a,00000224
"00008ddc","switchD_00008dd4::switchdataD_00008ddc",$d,00000000
"00008fcc","|static|_DAT_0095bf80_00008fcc",$d,00000000
"00009028","|static|_DAT_0094fc20_00009028",$d,00000000
"0000902c","FUN_0000902c",$a,0000008c
"00009188","FUN_00009188",$a,00000050
"000091d8","|static|_DAT_0094fc2c_000091d8",$d,00000000
"000091dc","|static|_DAT_0094fc20_000091dc",$d,00000000
"000091e0","FUN_000091e0",$a,0000004c
"00009230","FUN_00009230",$a,00000018
"000092fc","|static|_FUN_002e0b3c_000092fc",$d,00000000
"000093b0","|static|_FUN_002e0b3c_000093b0",$d,00000000
"00009410","FUN_00009410",$a,0000006c
"0000947c","FUN_0000947c",$a,00000020
"000094d0","FUN_000094d0",$a,00000044
"00009534","FUN_00009534",$a,000000e0
"000096b8","ModulePlSelect_DAT_0000a448_000096b8",$d,00000000
"000096bc","FUN_000096bc",$a,00000014
"000096d0","FUN_000096d0",$a,000000ac
"00009778","ModulePlSelect_DAT_0000a448_00009778",$d,00000000
"00009780","|static|_DAT_00ae5664_00009780",$d,00000000
"00009784","|static|_DAT_00975bee_00009784",$d,00000000
"00009854","|static|_DAT_0088069c_00009854",$d,00000000
"000098d8","|static|_DAT_00881298_000098d8",$d,00000000
"000098e0","ModulePlSelect_DAT_0000a448_000098e0",$d,00000000
"00009990","|static|_DAT_00881298_00009990",$d,00000000
"00009998","ModulePlSelect_DAT_0000a448_00009998",$d,00000000
"000099e8","FUN_000099e8",$a,00000020
"00009a0c","FUN_00009a0c",$a,0000009c
"00009aa4","|static|_DAT_0088069c_00009aa4",$d,00000000
"00009ab0","|static|_DAT_00ae5664_00009ab0",$d,00000000
"00009ab4","|static|_DAT_00975bee_00009ab4",$d,00000000
"00009abc","ModulePlSelect_DAT_0000a448_00009abc",$d,00000000
"00009b84","|static|_DAT_0088069c_00009b84",$d,00000000
"00009bb0","|static|_DAT_00881298_00009bb0",$d,00000000
"00009c0c","FUN_00009c0c",$a,0000007c
"00009c8c","|static|_DAT_00881298_00009c8c",$d,00000000
"00009c98","FUN_00009c98",$a,0000002c
"00009cc8","FUN_00009cc8",$a,00000090
"00009d5c","|static|_DAT_008ee340_00009d5c",$d,00000000
"00009d74","FUN_00009d74",$a,000000f8
"00009e70","|static|_DAT_008ee340_00009e70",$d,00000000
"00009e74","|static|_DAT_008f7c50_00009e74",$d,00000000
"00009e78","|static|_DAT_008f7794_00009e78",$d,00000000
"00009e7c","FUN_00009e7c",$a,000000e4
"00009f68","|static|_DAT_008c9f1c_00009f68",$d,00000000
"00009f6c","FUN_00009f6c",$a,0000006c
"00009fe0","FUN_00009fe0",$a,00000154
"0000a144","FUN_0000a144",$a,00000114
"0000a254","FUN_0000a254",$a,00000020
"0000a290","FUN_0000a290",$a,00000058
"0000a2e8","FUN_0000a2e8",$a,00000044
"0000a38c","FUN_0000a38c",$a,000000e4
"0000a57c","|static|_DAT_0094edd8_0000a57c",$d,00000000
"0000a598","FUN_0000a598",$a,00000054
"0000a5e8","|static|_DAT_00881298_0000a5e8",$d,00000000
"0000a5ec","FUN_0000a5ec",$a,000000dc
"0000a6b4","|static|_DAT_00881298_0000a6b4",$d,00000000
"0000a784","FUN_0000a784",$a,0000004c
"0000a830","FUN_0000a830",$a,00000014
"0000a844","FUN_0000a844",$a,00000050
"0000a894","FUN_0000a894",$a,00000004
"0000a898","FUN_0000a898",$a,000000f8
"0000a990","|static|_DAT_00881298_0000a990",$d,00000000
"0000a9ac","FUN_0000a9ac",$a,000000bc
"0000aa78","|static|_DAT_008f0ba0_0000aa78",$d,00000000
"0000aa94","FUN_0000aa94",$a,00000100
"0000aba0","|static|_DAT_008f7c50_0000aba0",$d,00000000
"0000aba4","|static|_DAT_008f7794_0000aba4",$d,00000000
"0000aba8","FUN_0000aba8",$a,000000e0
"0000ac90","|static|_DAT_008c9f1c_0000ac90",$d,00000000
"0000ac94","FUN_0000ac94",$a,0000006c
"0000ad00","FUN_0000ad00",$a,000000ac
"0000adac","|static|_DAT_00a84790_0000adac",$d,00000000
"0000adb0","FUN_0000adb0",$a,00000020
"0000adfc","FUN_0000adfc",$a,000000c8
"0000aedc","FUN_0000aedc",$a,000000e8
"0000afc8","|static|_DAT_00950148_0000afc8",$d,00000000
"0000b010","FUN_0000b010",$a,00000054
"0000b068","FUN_0000b068",$a,00000004
"0000b070","FUN_0000b070",$a,00000040
"0000b0b4","FUN_0000b0b4",$a,00000068
"0000b128","FUN_0000b128",$a,00000094
"0000b1bc","|static|_DAT_0085f2d0_0000b1bc",$d,00000000
"0000b1c0","|static|_DAT_009537bc_0000b1c0",$d,00000000
"0000b1c4","|static|_DAT_008806a0_0000b1c4",$d,00000000
"0000b1c8","FUN_0000b1c8",$a,000002d8
"0000b4a0","|static|_DAT_00ac2c20_0000b4a0",$d,00000000
"0000b4a4","|static|_DAT_0085f2d0_0000b4a4",$d,00000000
"0000b4a8","|static|_DAT_0088069c_0000b4a8",$d,00000000
"0000b4b8","|static|_DAT_00868474_0000b4b8",$d,00000000
"0000b4c4","|static|_DAT_009537bc_0000b4c4",$d,00000000
"0000b4c8","|static|_DAT_008806a0_0000b4c8",$d,00000000
"0000b4d0","|static|_DAT_009537c2_0000b4d0",$d,00000000
"0000b4d4","|static|_DAT_00868464_0000b4d4",$d,00000000
"0000b4f8","FUN_0000b4f8",$a,0000008c
"0000b58c","|static|_DAT_00868474_0000b58c",$d,00000000
"0000b6a8","|static|_DAT_0088069c_0000b6a8",$d,00000000
"0000b86c","|static|_DAT_0085f2cc_0000b86c",$d,00000000
"0000b870","|static|_DAT_0088069c_0000b870",$d,00000000
"0000b880","FUN_0000b880",$a,0000040c
"0000baf0","|static|_DAT_0088069c_0000baf0",$d,00000000
"0000bb10","|static|_DAT_00868474_0000bb10",$d,00000000
"0000bb14","FUN_0000bb14",$a,000001c8
"0000bce0","|static|_DAT_00ac2c14_0000bce0",$d,00000000
"0000bce4","|static|_DAT_0085f2d0_0000bce4",$d,00000000
"0000bce8","|static|_DAT_00ac2c20_0000bce8",$d,00000000
"0000bcec","|static|_DAT_008806a4_0000bcec",$d,00000000
"0000bcf0","|static|_DAT_009537be_0000bcf0",$d,00000000
"0000bcf4","|static|_DAT_0088069c_0000bcf4",$d,00000000
"0000bcf8","|static|_DAT_009537c2_0000bcf8",$d,00000000
"0000bd10","FUN_0000bd10",$a,000000ec
"0000be08","|static|_DAT_008f0ba0_0000be08",$d,00000000
"0000be10","|static|_DAT_00952c3c_0000be10",$d,00000000
"0000be28","FUN_0000be28",$a,00000100
"0000bf2c","|static|_DAT_008f7c50_0000bf2c",$d,00000000
"0000bf30","|static|_DAT_008f7794_0000bf30",$d,00000000
"0000bffc","|static|_DAT_008f80b0_0000bffc",$d,00000000
"0000c000","|static|_DAT_008f8b78_0000c000",$d,00000000
"0000c150","FUN_0000c150",$a,00000070
"0000c1c0","FUN_0000c1c0",$a,00000044
"0000c22c","FUN_0000c22c",$a,00000070
"0000c29c","FUN_0000c29c",$a,00000044
"0000c340","FUN_0000c340",$a,00000070
"0000c3b0","FUN_0000c3b0",$a,000000b0
"0000c460","|static|_DAT_00a84790_0000c460",$d,00000000
"0000c6d0","|static|_FUN_002e0b3c_0000c6d0",$d,00000000
"0000c77c","|static|_FUN_002e0b3c_0000c77c",$d,00000000
"0000c7c4","|static|_FUN_002e0b3c_0000c7c4",$d,00000000
"0000c804","|static|_FUN_002e0b3c_0000c804",$d,00000000
"0000c8d8","|static|_DAT_0085f2cc_0000c8d8",$d,00000000
"0000c8e4","|static|_DAT_00981fe8_0000c8e4",$d,00000000
"0000c8e8","|static|_DAT_00af7618_0000c8e8",$d,00000000
"0000c8f0","|static|_FUN_00304ce4_0000c8f0",$d,00000000
"0000ca1c","|static|_DAT_00982010_0000ca1c",$d,00000000
"0000ca20","|static|_DAT_00af7650_0000ca20",$d,00000000
"0000ca24","|static|_FUN_00304ce4_0000ca24",$d,00000000
"0000cae0","|static|_DAT_0085f2cc_0000cae0",$d,00000000
"0000caec","|static|_DAT_00982080_0000caec",$d,00000000
"0000caf0","|static|_DAT_00af76f8_0000caf0",$d,00000000
"0000caf8","|static|_DAT_008c9f1c_0000caf8",$d,00000000
"0000cb50","|static|_DAT_0085f2cc_0000cb50",$d,00000000
"0000cb94","nnroControlObject__0000cb94",$a,00000074
"0000cba8","switchD_0000cba0::switchdataD_0000cba8",$d,00000000
"0000cc40","OnExit_0000cc40",$d,00000001
"0000cc44","OnLoad_0000cc44",$d,00000001
"0000cc48","OnUnresolved_0000cc48",$d,00000001
"0000cc58","FUN_0000cc58",$a,0000024c
"0000cea4","|static|_DAT_00981fec_0000cea4",$d,00000000
"0000cea8","|static|_DAT_00981ff0_0000cea8",$d,00000000
"0000ceac","|static|_FUN_002f777c_0000ceac",$d,00000000
"0000ceb4","|static|_FUN_002f77e8_0000ceb4",$d,00000000
"0000cebc","|static|_DAT_00981fe0_0000cebc",$d,00000000
"0000cef0","FUN_0000cef0",$a,00000044
"0000cf2c","FUN_0000cf2c",$a,00000018
"0000cf90","FUN_0000cf90",$a,0000003c
"0000cfcc","FUN_0000cfcc",$a,00000018
"0000d030","FUN_0000d030",$a,0000003c
"0000d06c","FUN_0000d06c",$a,00000018
"0000d0d0","FUN_0000d0d0",$a,0000003c
"0000d10c","FUN_0000d10c",$a,00000018
"0000d168","FUN_0000d168",$a,0000009c
"0000d204","FUN_0000d204",$a,000000f8
"0000d2fc","FUN_0000d2fc",$a,00000004
"0000d304","FUN_0000d304",$a,00000018
"0000d31c","|static|_DAT_008c9f1c_0000d31c",$d,00000000
"0000d320","FUN_0000d320",$a,00000018
"0000d338","|static|_DAT_008c9f1e_0000d338",$d,00000000
"0000e75c","|static|_DAT_008f9a3c_0000e75c",$d,00000000
"0000e764","|static|_DAT_008d1504_0000e764",$d,00000000
"0000e768","|static|_DAT_008f9a3c_0000e768",$d,00000000
"0000e774","|static|_DAT_008f9a3c_0000e774",$d,00000000
"0000e77c","|static|_DAT_008cc340_0000e77c",$d,00000000
"0000e780","|static|_DAT_008f9a3c_0000e780",$d,00000000
"0000e78c","|static|_DAT_008f9a2c_0000e78c",$d,00000000
"0000e794","|static|_DAT_008f9a3c_0000e794",$d,00000000
"0000e7a0","|static|_DAT_008f9a4c_0000e7a0",$d,00000000
"0000e7b0","|static|_DAT_008cc244_0000e7b0",$d,00000000
"0000e7b8","|static|_DAT_008d27d4_0000e7b8",$d,00000000
"0000e7c8","|static|_DAT_008f9a3c_0000e7c8",$d,00000000
"0000e7d0","|static|_DAT_008cb52c_0000e7d0",$d,00000000
"0000e7d4","|static|_DAT_008f9a2c_0000e7d4",$d,00000000
"0000e7dc","|static|_DAT_008f9a4c_0000e7dc",$d,00000000
"0000e7ec","|static|_DAT_008cc50c_0000e7ec",$d,00000000
"0000e7fc","|static|_DAT_008f9a4c_0000e7fc",$d,00000000
"0000e80c","|static|_DAT_008cc244_0000e80c",$d,00000000
"0000e81c","|static|_DAT_008f9a2c_0000e81c",$d,00000000
"0000e824","|static|_DAT_008f9a3c_0000e824",$d,00000000
"0000e82c","|static|_DAT_008cc340_0000e82c",$d,00000000
"0000e830","|static|_DAT_008f9a4c_0000e830",$d,00000000
"0000e840","|static|_DAT_008cc340_0000e840",$d,00000000
"0000e850","|static|_DAT_008f9a3c_0000e850",$d,00000000
"0000e85c","|static|_DAT_008f9a3c_0000e85c",$d,00000000
"0000e864","|static|_DAT_008cc340_0000e864",$d,00000000
"0000e868","|static|_DAT_008f9a3c_0000e868",$d,00000000
"0000e870","|static|_DAT_008cb108_0000e870",$d,00000000
"0000e874","|static|_DAT_008f9a3c_0000e874",$d,00000000
"0000e87c","|static|_DAT_008d2e78_0000e87c",$d,00000000
"0000e880","|static|_DAT_008f9a3c_0000e880",$d,00000000
"0000e888","|static|_DAT_008cb108_0000e888",$d,00000000
"0000e88c","|static|_DAT_008f9a3c_0000e88c",$d,00000000
"0000e898","|static|_DAT_008f9a3c_0000e898",$d,00000000
"0000e8a0","|static|_DAT_008cb108_0000e8a0",$d,00000000
"0000e8a4","|static|_DAT_008f9a3c_0000e8a4",$d,00000000
"0000e8ac","|static|_DAT_008cb108_0000e8ac",$d,00000000
"0000e8b0","|static|_DAT_008f9a2c_0000e8b0",$d,00000000
"0000e8b8","|static|_DAT_008f9a2c_0000e8b8",$d,00000000
"0000e8c0","|static|_DAT_008f9a3c_0000e8c0",$d,00000000
"0000e8cc","|static|_DAT_008f9a3c_0000e8cc",$d,00000000
"0000e8d8","|static|_DAT_008f9a3c_0000e8d8",$d,00000000
"0000e8e4","|static|_DAT_008f9a3c_0000e8e4",$d,00000000
"0000e8f0","|static|_DAT_008f9a3c_0000e8f0",$d,00000000
"0000e8fc","|static|_DAT_008f9a3c_0000e8fc",$d,00000000
"0000e908","|static|_DAT_008f9a3c_0000e908",$d,00000000
"0000e914","|static|_DAT_008f9a3c_0000e914",$d,00000000
"0000e920","|static|_DAT_008f9a3c_0000e920",$d,00000000
"0000e92c","|static|_DAT_008f9a3c_0000e92c",$d,00000000
"0000e938","|static|_DAT_008f9a3c_0000e938",$d,00000000
"0000e944","|static|_DAT_008f9a2c_0000e944",$d,00000000
"0000e94c","|static|_DAT_008f9a3c_0000e94c",$d,00000000
"0000e958","|static|_DAT_008f9a3c_0000e958",$d,00000000
"0000e964","|static|_DAT_008f9a3c_0000e964",$d,00000000
"0000e970","|static|_DAT_008f9a2c_0000e970",$d,00000000
"0000e978","|static|_DAT_008f9a2c_0000e978",$d,00000000
"0000e980","|static|_DAT_008f9a2c_0000e980",$d,00000000
"0000e988","|static|_DAT_008f9a2c_0000e988",$d,00000000
"0000e990","|static|_DAT_008f9a3c_0000e990",$d,00000000
"0000e99c","|static|_DAT_008f9a3c_0000e99c",$d,00000000
"0000e9a8","|static|_DAT_008f9a3c_0000e9a8",$d,00000000
"0000e9b4","|static|_DAT_008f9a3c_0000e9b4",$d,00000000
"0000e9c0","|static|_DAT_008f9a3c_0000e9c0",$d,00000000
"0000e9c8","|static|_DAT_008d2dc8_0000e9c8",$d,00000000
"0000e9cc","|static|_DAT_008f9a3c_0000e9cc",$d,00000000
"0000e9d4","|static|_DAT_008d2dc8_0000e9d4",$d,00000000
"0000e9d8","|static|_DAT_008f9a3c_0000e9d8",$d,00000000
"0000e9e0","|static|_DAT_008d2dc8_0000e9e0",$d,00000000
"0000e9e4","|static|_DAT_008f9a3c_0000e9e4",$d,00000000
"0000e9ec","|static|_DAT_008d2dc8_0000e9ec",$d,00000000
"0000e9f0","|static|_DAT_008f9a2c_0000e9f0",$d,00000000
"0000e9f8","|static|_DAT_008f9a3c_0000e9f8",$d,00000000
"0000eff4","|static|_FUN_0056ad6c_0000eff4",$d,00000000
"0000eff8","|static|_FUN_0056ad70_0000eff8",$d,00000000
"0000f018","|static|_FUN_006e46f4_0000f018",$d,00000000
"0000f020","|static|_INVALID_|static|_TEXT:0000c66d_0000f020",$d,00000000
"0000f024","|static|_FUN_006e473c_0000f024",$d,00000000
"0000f02c","|static|_FUN_0057b98c_0000f02c",$d,00000000
"0000f030","|static|_FUN_0057b990_0000f030",$d,00000000
"0000f038","|static|_LAB_0057ba24_0000f038",$d,00000000
"0000f03c","|static|_FUN_0057ba2c_0000f03c",$d,00000000
"0000f040","|static|_FUN_0057a2e4_0000f040",$d,00000000
"0000f044","|static|_FUN_00521a38_0000f044",$d,00000000
"0000f048","|static|_FUN_00521064_0000f048",$d,00000000
"0000f058","|static|_FUN_00752690_0000f058",$d,00000000
"0000f05c","|static|_FUN_0076f55c_0000f05c",$d,00000000
"0000f060","|static|_FUN_0057b0d4_0000f060",$d,00000000
"0000f064","|static|_FUN_0076f7dc_0000f064",$d,00000000
"0000f068","|static|_LAB_00751d9c_0000f068",$d,00000000
"0000f06c","|static|_LAB_00751d90_0000f06c",$d,00000000
"0000f070","|static|_LAB_0075221c_0000f070",$d,00000000
"0000f074","|static|_FUN_006e46e8_0000f074",$d,00000000
"0000f078","|static|_FUN_00577f90_0000f078",$d,00000000
"0000f07c","|static|_FUN_0057813c_0000f07c",$d,00000000
"0000f080","|static|_FUN_00751dbc_0000f080",$d,00000000
"0000f084","|static|_FUN_0076f548_0000f084",$d,00000000
"0000f094","|static|_INVALID_|static|_TEXT:0000c6e5_0000f094",$d,00000000
"0000f09c","|static|_INVALID_|static|_TEXT:0000c6b1_0000f09c",$d,00000000
"0000f0a0","|static|_FUN_00577998_0000f0a0",$d,00000000
"0000f0a4","|static|_FUN_00577f34_0000f0a4",$d,00000000
"0000f0a8","|static|_FUN_00752260_0000f0a8",$d,00000000
"0000f0ac","|static|_FUN_0057906c_0000f0ac",$d,00000000
"0000f0b0","|static|_FUN_00579a2c_0000f0b0",$d,00000000
"0000f0b4","|static|_FUN_005793d0_0000f0b4",$d,00000000
"0000f0bc","|static|_FUN_007521d0_0000f0bc",$d,00000000
"0000f0c8","|static|_FUN_0057af1c_0000f0c8",$d,00000000
"0000f0cc","|static|_FUN_00577a4c_0000f0cc",$d,00000000
"0000f0d0","|static|_FUN_005782c4_0000f0d0",$d,00000000
"0000f0d4","|static|_FUN_00578b04_0000f0d4",$d,00000000
"0000f0d8","|static|_FUN_00578850_0000f0d8",$d,00000000
"0000f0dc","|static|_FUN_00579224_0000f0dc",$d,00000000
"0000f0e0","|static|_FUN_00579554_0000f0e0",$d,00000000
"0000f0e4","|static|_FUN_005793e0_0000f0e4",$d,00000000
"0000f0e8","|static|_FUN_00579b98_0000f0e8",$d,00000000
"0000f0ec","|static|_FUN_00579b64_0000f0ec",$d,00000000
"0000f0f0","|static|_FUN_005780a8_0000f0f0",$d,00000000
"0000f0f4","|static|_FUN_005782f8_0000f0f4",$d,00000000
"0000f0f8","|static|_FUN_0057b48c_0000f0f8",$d,00000000
"0000f0fc","|static|_FUN_00578258_0000f0fc",$d,00000000
"0000f100","|static|_FUN_0057957c_0000f100",$d,00000000
"0000f124","|static|_FUN_005791bc_0000f124",$d,00000000
"0000f128","|static|_FUN_00605334_0000f128",$d,00000000
"0000f12c","|static|_FUN_005783f4_0000f12c",$d,00000000
"0000f134","|static|_FUN_00578158_0000f134",$d,00000000
"0000f138","|static|_LAB_00578948_0000f138",$d,00000000
"0000f13c","|static|_LAB_005791b8_0000f13c",$d,00000000
"0000f140","|static|_FUN_005791c0_0000f140",$d,00000000
"0000f144","|static|_FUN_005799d4_0000f144",$d,00000000
"0000f148","|static|_FUN_0057884c_0000f148",$d,00000000
"0000f14c","|static|_FUN_0057799c_0000f14c",$d,00000000
"0000f158","|static|_FUN_00578c6c_0000f158",$d,00000000
"0000f15c","|static|_FUN_005791fc_0000f15c",$d,00000000
"0000f160","|static|_FUN_00604914_0000f160",$d,00000000
"0000f1b8","|static|_FUN_00529d8c_0000f1b8",$d,00000000
"0000f1c0","|static|_LAB_00520f64_0000f1c0",$d,00000000
"0000f1c4","|static|_FUN_00529da0_0000f1c4",$d,00000000
"0000f1cc","|static|_LAB_00520f6c_0000f1cc",$d,00000000
"0000f1d0","|static|_FUN_00529cf4_0000f1d0",$d,00000000
"0000f1d8","|static|_LAB_00521068_0000f1d8",$d,00000000
"0000f1dc","|static|_FUN_00529d78_0000f1dc",$d,00000000
"0000f1e4","|static|_FUN_00521a3c_0000f1e4",$d,00000000
"0000f1e8","|static|_FUN_00521064_0000f1e8",$d,00000000
"0000f200","|static|_FUN_005f4b04_0000f200",$d,00000000
"0000f204","|static|_FUN_005f4b24_0000f204",$d,00000000
"0000f208","|static|_FUN_005f4b34_0000f208",$d,00000000
"0000f20c","|static|_FUN_005f4b18_0000f20c",$d,00000000
"0000f210","|static|_FUN_005f4b14_0000f210",$d,00000000
"0000f214","|static|_FUN_005f4b20_0000f214",$d,00000000
"0000f218","|static|_FUN_005f4b44_0000f218",$d,00000000
"0000f21c","|static|_FUN_005f4b40_0000f21c",$d,00000000
"0000f220","|static|_FUN_005f4b3c_0000f220",$d,00000000
"0000f224","|static|_FUN_005f4b50_0000f224",$d,00000000
"0000f228","|static|_FUN_005f4b08_0000f228",$d,00000000
"0000f22c","|static|_FUN_005f4b28_0000f22c",$d,00000000
"0000f230","|static|_FUN_005f4b6c_0000f230",$d,00000000
"0000f234","|static|_FUN_005f4b0c_0000f234",$d,00000000
"0000f238","|static|_FUN_005f4b38_0000f238",$d,00000000
"0000f23c","|static|_FUN_005f4b54_0000f23c",$d,00000000
"0000f240","|static|_FUN_005f4b1c_0000f240",$d,00000000
"0000f244","|static|_FUN_005f4b10_0000f244",$d,00000000
"0000f248","|static|_FUN_005f4b4c_0000f248",$d,00000000
"0000f24c","|static|_FUN_005f4b48_0000f24c",$d,00000000
"0000f250","|static|_FUN_005f4b68_0000f250",$d,00000000
"0000f254","|static|_FUN_005f4b64_0000f254",$d,00000000
"0000f258","|static|_FUN_005f4b70_0000f258",$d,00000000
"0000f25c","|static|_FUN_005f4b78_0000f25c",$d,00000000
"0000f260","|static|_FUN_005f4b60_0000f260",$d,00000000
"0000f264","|static|_FUN_005f4b58_0000f264",$d,00000000
"0000f268","|static|_FUN_005f4b5c_0000f268",$d,00000000
"0000f26c","|static|_FUN_005f4b74_0000f26c",$d,00000000
"0000f270","|static|_FUN_005f4b80_0000f270",$d,00000000
"0000f274","|static|_FUN_005f4b88_0000f274",$d,00000000
"0000f278","|static|_FUN_005f4b7c_0000f278",$d,00000000
"0000f27c","|static|_FUN_005f4b84_0000f27c",$d,00000000
"0000f280","|static|_FUN_005f4b2c_0000f280",$d,00000000
"0000f284","|static|_FUN_0075ab68_0000f284",$d,00000000
"0000f288","|static|_FUN_0075ab8c_0000f288",$d,00000000
"0000f28c","|static|_FUN_005dd690_0000f28c",$d,00000000
"0000f290","|static|_FUN_005dd66c_0000f290",$d,00000000
"0000f294","|static|_FUN_005dd5b0_0000f294",$d,00000000
"0000f298","|static|_FUN_005dd558_0000f298",$d,00000000
"0000f29c","|static|_FUN_005dd594_0000f29c",$d,00000000
"0000f2a0","|static|_FUN_005dd630_0000f2a0",$d,00000000
"0000f2a4","|static|_FUN_005dd634_0000f2a4",$d,00000000
"0000f2a8","|static|_LAB_005dd598_0000f2a8",$d,00000000
"0000f2ac","|static|_FUN_005dd550_0000f2ac",$d,00000000
"0000f2b0","|static|_FUN_005dd648_0000f2b0",$d,00000000
"0000f2b4","|static|_FUN_005dd670_0000f2b4",$d,00000000
"0000f2b8","|static|_FUN_005dd67c_0000f2b8",$d,00000000
"0000f2bc","|static|_FUN_005dd65c_0000f2bc",$d,00000000
"0000f2c0","|static|_FUN_005dd560_0000f2c0",$d,00000000
"0000f2c4","|static|_FUN_005dd64c_0000f2c4",$d,00000000
"0000f2c8","|static|_FUN_005dd5a0_0000f2c8",$d,00000000
"0000f2cc","|static|_FUN_005dd638_0000f2cc",$d,00000000
"0000f2d0","|static|_FUN_005dd694_0000f2d0",$d,00000000
"0000f2d4","|static|_FUN_005dd698_0000f2d4",$d,00000000
"0000f2d8","|static|_FUN_005dd55c_0000f2d8",$d,00000000
"0000f2dc","|static|_FUN_005dd5b4_0000f2dc",$d,00000000
"0000f2e0","|static|_FUN_005dd674_0000f2e0",$d,00000000
"0000f2e4","|static|_FUN_005dd680_0000f2e4",$d,00000000
"0000f2e8","|static|_FUN_005dd684_0000f2e8",$d,00000000
"0000f2ec","|static|_LAB_0075ab5c_0000f2ec",$d,00000000
"0000f2f0","|static|_FUN_0075ab64_0000f2f0",$d,00000000
"0000f318","|static|_FUN_002cd17c_0000f318",$d,00000000
"0000f31c","|static|_FUN_002f6e14_0000f31c",$d,00000000
"0000f320","|static|_FUN_002f5bbc_0000f320",$d,00000000
"0000f324","|static|_FUN_002f7208_0000f324",$d,00000000
"0000f328","|static|_FUN_002f67e4_0000f328",$d,00000000
"0000f32c","|static|_FUN_002f5930_0000f32c",$d,00000000
"0000f330","|static|_FUN_002f5f90_0000f330",$d,00000000
"0000f334","|static|_FUN_002f5ecc_0000f334",$d,00000000
"0000f338","|static|_FUN_002f6ba8_0000f338",$d,00000000
"0000f33c","|static|_FUN_002f68f0_0000f33c",$d,00000000
"0000f370","|static|_FUN_006aa988_0000f370",$d,00000000
"0000f378","|static|_FUN_006aa8c4_0000f378",$d,00000000
"0000f37c","|static|_FUN_006aa9bc_0000f37c",$d,00000000
"0000f384","|static|_FUN_006aa8c8_0000f384",$d,00000000
"0000f388","|static|_FUN_006aa8ec_0000f388",$d,00000000
"0000f390","|static|_FUN_006aa904_0000f390",$d,00000000
"0000f394","|static|_FUN_00529d78_0000f394",$d,00000000
"0000f39c","|static|_FUN_00521a3c_0000f39c",$d,00000000
"0000f3a0","|static|_FUN_00521064_0000f3a0",$d,00000000
"0000f3e0","DAT_0000f3e0",$d,00000000
"0000f3f0","|static|_FUN_00529d8c_0000f3f0",$d,00000000
"0000f3f8","|static|_LAB_00520f64_0000f3f8",$d,00000000
"0000f3fc","|static|_FUN_00529da0_0000f3fc",$d,00000000
"0000f404","|static|_LAB_00520f6c_0000f404",$d,00000000
"0000f408","|static|_FUN_00529cf4_0000f408",$d,00000000
"0000f410","|static|_LAB_00521068_0000f410",$d,00000000
"0000f414","|static|_FUN_00529d78_0000f414",$d,00000000
"0000f41c","|static|_FUN_00521a3c_0000f41c",$d,00000000
"0000f420","|static|_FUN_00521064_0000f420",$d,00000000
"0000f45c","|static|_FUN_006e46f4_0000f45c",$d,00000000
"0000f464","|static|_INVALID_|static|_TEXT:0000c66d_0000f464",$d,00000000
"0000f468","|static|_FUN_006e473c_0000f468",$d,00000000
"0000f470","|static|_FUN_0057b98c_0000f470",$d,00000000
"0000f474","|static|_FUN_0057b990_0000f474",$d,00000000
"0000f47c","|static|_LAB_0057ba24_0000f47c",$d,00000000
"0000f480","|static|_FUN_0057ba2c_0000f480",$d,00000000
"0000f484","|static|_FUN_0057a2e4_0000f484",$d,00000000
"0000f488","|static|_FUN_00521a38_0000f488",$d,00000000
"0000f48c","|static|_FUN_00521064_0000f48c",$d,00000000
"0000f49c","|static|_FUN_00752690_0000f49c",$d,00000000
"0000f4a0","|static|_FUN_0076f55c_0000f4a0",$d,00000000
"0000f4a4","|static|_FUN_0057b0d4_0000f4a4",$d,00000000
"0000f4a8","|static|_FUN_0076f7dc_0000f4a8",$d,00000000
"0000f4ac","|static|_LAB_00751d9c_0000f4ac",$d,00000000
"0000f4b0","|static|_LAB_00751d90_0000f4b0",$d,00000000
"0000f4b4","|static|_LAB_0075221c_0000f4b4",$d,00000000
"0000f4b8","|static|_FUN_006e46e8_0000f4b8",$d,00000000
"0000f4bc","|static|_FUN_00577f90_0000f4bc",$d,00000000
"0000f4c0","|static|_FUN_0057813c_0000f4c0",$d,00000000
"0000f4c4","|static|_FUN_00751dbc_0000f4c4",$d,00000000
"0000f4c8","|static|_FUN_0076f548_0000f4c8",$d,00000000
"0000f4d8","|static|_INVALID_|static|_TEXT:0000c6e5_0000f4d8",$d,00000000
"0000f4e0","|static|_INVALID_|static|_TEXT:0000c6b1_0000f4e0",$d,00000000
"0000f4e4","|static|_FUN_00577998_0000f4e4",$d,00000000
"0000f4e8","|static|_FUN_00577f34_0000f4e8",$d,00000000
"0000f4ec","|static|_FUN_00752260_0000f4ec",$d,00000000
"0000f4f0","|static|_FUN_0057906c_0000f4f0",$d,00000000
"0000f4f4","|static|_FUN_00579a2c_0000f4f4",$d,00000000
"0000f4f8","|static|_FUN_005793d0_0000f4f8",$d,00000000
"0000f500","|static|_FUN_007521d0_0000f500",$d,00000000
"0000f50c","|static|_FUN_0057af1c_0000f50c",$d,00000000
"0000f510","|static|_FUN_00577a4c_0000f510",$d,00000000
"0000f514","|static|_FUN_005782c4_0000f514",$d,00000000
"0000f518","|static|_FUN_00578b04_0000f518",$d,00000000
"0000f51c","|static|_FUN_00578850_0000f51c",$d,00000000
"0000f520","|static|_FUN_00579224_0000f520",$d,00000000
"0000f524","|static|_FUN_00579554_0000f524",$d,00000000
"0000f528","|static|_FUN_005793e0_0000f528",$d,00000000
"0000f52c","|static|_FUN_00579b98_0000f52c",$d,00000000
"0000f530","|static|_FUN_00579b64_0000f530",$d,00000000
"0000f534","|static|_FUN_005780a8_0000f534",$d,00000000
"0000f538","|static|_FUN_005782f8_0000f538",$d,00000000
"0000f53c","|static|_FUN_0057b48c_0000f53c",$d,00000000
"0000f540","|static|_FUN_00578258_0000f540",$d,00000000
"0000f544","|static|_FUN_0057957c_0000f544",$d,00000000
"0000f568","|static|_FUN_005791bc_0000f568",$d,00000000
"0000f56c","|static|_FUN_00605334_0000f56c",$d,00000000
"0000f570","|static|_FUN_005783f4_0000f570",$d,00000000
"0000f574","|static|_FUN_005779a4_0000f574",$d,00000000
"0000f578","|static|_FUN_00578158_0000f578",$d,00000000
"0000f57c","|static|_LAB_00578948_0000f57c",$d,00000000
"0000f580","|static|_LAB_005791b8_0000f580",$d,00000000
"0000f584","|static|_FUN_005791c0_0000f584",$d,00000000
"0000f588","|static|_FUN_005799d4_0000f588",$d,00000000
"0000f58c","|static|_FUN_0057884c_0000f58c",$d,00000000
"0000f590","|static|_FUN_0057799c_0000f590",$d,00000000
"0000f59c","|static|_FUN_00578c6c_0000f59c",$d,00000000
"0000f5a0","|static|_FUN_005791fc_0000f5a0",$d,00000000
"0000f5a4","|static|_FUN_00604914_0000f5a4",$d,00000000
"0000f5c8","|static|_FUN_006e46f4_0000f5c8",$d,00000000
"0000f5d0","|static|_INVALID_|static|_TEXT:0000c66d_0000f5d0",$d,00000000
"0000f5d4","|static|_FUN_006e473c_0000f5d4",$d,00000000
"0000f5dc","|static|_FUN_0057b98c_0000f5dc",$d,00000000
"0000f5e0","|static|_FUN_0057b990_0000f5e0",$d,00000000
"0000f5e8","|static|_LAB_0057ba24_0000f5e8",$d,00000000
"0000f5ec","|static|_FUN_0057ba2c_0000f5ec",$d,00000000
"0000f5f0","|static|_FUN_0057a2e4_0000f5f0",$d,00000000
"0000f5f4","|static|_FUN_00521a38_0000f5f4",$d,00000000
"0000f5f8","|static|_FUN_00521064_0000f5f8",$d,00000000
"0000f608","|static|_FUN_00752690_0000f608",$d,00000000
"0000f60c","|static|_FUN_0076f55c_0000f60c",$d,00000000
"0000f610","|static|_FUN_0057b0d4_0000f610",$d,00000000
"0000f614","|static|_FUN_0076f7dc_0000f614",$d,00000000
"0000f618","|static|_LAB_00751d9c_0000f618",$d,00000000
"0000f61c","|static|_LAB_00751d90_0000f61c",$d,00000000
"0000f620","|static|_LAB_0075221c_0000f620",$d,00000000
"0000f624","|static|_FUN_006e46e8_0000f624",$d,00000000
"0000f628","|static|_FUN_00577f90_0000f628",$d,00000000
"0000f62c","|static|_FUN_0057813c_0000f62c",$d,00000000
"0000f630","|static|_FUN_00751dbc_0000f630",$d,00000000
"0000f634","|static|_FUN_0076f548_0000f634",$d,00000000
"0000f644","|static|_INVALID_|static|_TEXT:0000c6e5_0000f644",$d,00000000
"0000f64c","|static|_INVALID_|static|_TEXT:0000c6b1_0000f64c",$d,00000000
"0000f650","|static|_FUN_00577998_0000f650",$d,00000000
"0000f654","|static|_FUN_00577f34_0000f654",$d,00000000
"0000f658","|static|_FUN_00752260_0000f658",$d,00000000
"0000f65c","|static|_FUN_0057906c_0000f65c",$d,00000000
"0000f660","|static|_FUN_00579a2c_0000f660",$d,00000000
"0000f664","|static|_FUN_005793d0_0000f664",$d,00000000
"0000f66c","|static|_FUN_007521d0_0000f66c",$d,00000000
"0000f678","|static|_FUN_0057af1c_0000f678",$d,00000000
"0000f67c","|static|_FUN_00577a4c_0000f67c",$d,00000000
"0000f680","|static|_FUN_005782c4_0000f680",$d,00000000
"0000f684","|static|_FUN_00578b04_0000f684",$d,00000000
"0000f688","|static|_FUN_00578850_0000f688",$d,00000000
"0000f68c","|static|_FUN_00579224_0000f68c",$d,00000000
"0000f690","|static|_FUN_00579554_0000f690",$d,00000000
"0000f694","|static|_FUN_005793e0_0000f694",$d,00000000
"0000f698","|static|_FUN_00579b98_0000f698",$d,00000000
"0000f69c","|static|_FUN_00579b64_0000f69c",$d,00000000
"0000f6a0","|static|_FUN_005780a8_0000f6a0",$d,00000000
"0000f6a4","|static|_FUN_005782f8_0000f6a4",$d,00000000
"0000f6a8","|static|_FUN_0057b48c_0000f6a8",$d,00000000
"0000f6ac","|static|_FUN_00578258_0000f6ac",$d,00000000
"0000f6b0","|static|_FUN_0057957c_0000f6b0",$d,00000000
"0000f6d4","|static|_FUN_005791bc_0000f6d4",$d,00000000
"0000f6d8","|static|_FUN_00605334_0000f6d8",$d,00000000
"0000f6dc","|static|_FUN_005783f4_0000f6dc",$d,00000000
"0000f6e0","|static|_FUN_005779a4_0000f6e0",$d,00000000
"0000f6e4","|static|_FUN_00578158_0000f6e4",$d,00000000
"0000f6e8","|static|_LAB_00578948_0000f6e8",$d,00000000
"0000f6ec","|static|_LAB_005791b8_0000f6ec",$d,00000000
"0000f6f0","|static|_FUN_005791c0_0000f6f0",$d,00000000
"0000f6f4","|static|_FUN_005799d4_0000f6f4",$d,00000000
"0000f6f8","|static|_FUN_0057884c_0000f6f8",$d,00000000
"0000f6fc","|static|_FUN_0057799c_0000f6fc",$d,00000000
"0000f708","|static|_FUN_00578c6c_0000f708",$d,00000000
"0000f70c","|static|_FUN_005791fc_0000f70c",$d,00000000
"0000f710","|static|_FUN_00604914_0000f710",$d,00000000
"0000f74c","|static|_FUN_006e46f4_0000f74c",$d,00000000
"0000f754","|static|_INVALID_|static|_TEXT:0000c66d_0000f754",$d,00000000
"0000f758","|static|_FUN_006e473c_0000f758",$d,00000000
"0000f760","|static|_FUN_0057b98c_0000f760",$d,00000000
"0000f764","|static|_FUN_0057b990_0000f764",$d,00000000
"0000f76c","|static|_LAB_0057ba24_0000f76c",$d,00000000
"0000f770","|static|_FUN_0057ba2c_0000f770",$d,00000000
"0000f774","|static|_FUN_0057a2e4_0000f774",$d,00000000
"0000f778","|static|_FUN_00521a38_0000f778",$d,00000000
"0000f77c","|static|_FUN_00521064_0000f77c",$d,00000000
"0000f78c","|static|_FUN_00752690_0000f78c",$d,00000000
"0000f790","|static|_FUN_0076f55c_0000f790",$d,00000000
"0000f794","|static|_FUN_0057b0d4_0000f794",$d,00000000
"0000f798","|static|_FUN_0076f7dc_0000f798",$d,00000000
"0000f79c","|static|_LAB_00751d9c_0000f79c",$d,00000000
"0000f7a0","|static|_LAB_00751d90_0000f7a0",$d,00000000
"0000f7a4","|static|_LAB_0075221c_0000f7a4",$d,00000000
"0000f7a8","|static|_FUN_006e46e8_0000f7a8",$d,00000000
"0000f7ac","|static|_FUN_00577f90_0000f7ac",$d,00000000
"0000f7b0","|static|_FUN_0057813c_0000f7b0",$d,00000000
"0000f7b4","|static|_FUN_00751dbc_0000f7b4",$d,00000000
"0000f7b8","|static|_FUN_0076f548_0000f7b8",$d,00000000
"0000f7c8","|static|_INVALID_|static|_TEXT:0000c6e5_0000f7c8",$d,00000000
"0000f7d0","|static|_INVALID_|static|_TEXT:0000c6b1_0000f7d0",$d,00000000
"0000f7d4","|static|_FUN_00577998_0000f7d4",$d,00000000
"0000f7d8","|static|_FUN_00577f34_0000f7d8",$d,00000000
"0000f7dc","|static|_FUN_00752260_0000f7dc",$d,00000000
"0000f7e0","|static|_FUN_0057906c_0000f7e0",$d,00000000
"0000f7e4","|static|_FUN_00579a2c_0000f7e4",$d,00000000
"0000f7e8","|static|_FUN_005793d0_0000f7e8",$d,00000000
"0000f7f0","|static|_FUN_007521d0_0000f7f0",$d,00000000
"0000f7fc","|static|_FUN_0057af1c_0000f7fc",$d,00000000
"0000f800","|static|_FUN_00577a4c_0000f800",$d,00000000
"0000f804","|static|_FUN_005782c4_0000f804",$d,00000000
"0000f808","|static|_FUN_00578b04_0000f808",$d,00000000
"0000f80c","|static|_FUN_00578850_0000f80c",$d,00000000
"0000f810","|static|_FUN_00579224_0000f810",$d,00000000
"0000f814","|static|_FUN_00579554_0000f814",$d,00000000
"0000f818","|static|_FUN_005793e0_0000f818",$d,00000000
"0000f81c","|static|_FUN_00579b98_0000f81c",$d,00000000
"0000f820","|static|_FUN_00579b64_0000f820",$d,00000000
"0000f824","|static|_FUN_005780a8_0000f824",$d,00000000
"0000f828","|static|_FUN_005782f8_0000f828",$d,00000000
"0000f82c","|static|_FUN_0057b48c_0000f82c",$d,00000000
"0000f830","|static|_FUN_00578258_0000f830",$d,00000000
"0000f834","|static|_FUN_0057957c_0000f834",$d,00000000
"0000f858","|static|_FUN_005791bc_0000f858",$d,00000000
"0000f85c","|static|_FUN_00605334_0000f85c",$d,00000000
"0000f860","|static|_FUN_005783f4_0000f860",$d,00000000
"0000f868","|static|_FUN_00578158_0000f868",$d,00000000
"0000f86c","|static|_LAB_00578948_0000f86c",$d,00000000
"0000f870","|static|_LAB_005791b8_0000f870",$d,00000000
"0000f874","|static|_FUN_005791c0_0000f874",$d,00000000
"0000f878","|static|_FUN_005799d4_0000f878",$d,00000000
"0000f87c","|static|_FUN_0057884c_0000f87c",$d,00000000
"0000f880","|static|_FUN_0057799c_0000f880",$d,00000000
"0000f88c","|static|_FUN_00578c6c_0000f88c",$d,00000000
"0000f890","|static|_FUN_005791fc_0000f890",$d,00000000
"0000f894","|static|_FUN_00604914_0000f894",$d,00000000
"0000f8b8","|static|_FUN_005f4b04_0000f8b8",$d,00000000
"0000f8bc","|static|_FUN_005f4b24_0000f8bc",$d,00000000
"0000f8c0","|static|_FUN_005f4b34_0000f8c0",$d,00000000
"0000f8c4","|static|_FUN_005f4b18_0000f8c4",$d,00000000
"0000f8c8","|static|_FUN_005f4b14_0000f8c8",$d,00000000
"0000f8cc","|static|_FUN_005f4b20_0000f8cc",$d,00000000
"0000f8d0","|static|_FUN_005f4b44_0000f8d0",$d,00000000
"0000f8dc","|static|_FUN_00237218_0000f8dc",$d,00000000
"0000f8f4","|static|_FUN_005f4b54_0000f8f4",$d,00000000
"0000f8f8","|static|_FUN_005f4b1c_0000f8f8",$d,00000000
"0000f8fc","|static|_FUN_005f4b10_0000f8fc",$d,00000000
"0000f900","|static|_FUN_005f4b4c_0000f900",$d,00000000
"0000f904","|static|_FUN_005f4b48_0000f904",$d,00000000
"0000f908","|static|_FUN_005f4b68_0000f908",$d,00000000
"0000f90c","|static|_FUN_005f4b64_0000f90c",$d,00000000
"0000f910","|static|_FUN_005f4b70_0000f910",$d,00000000
"0000f914","|static|_FUN_005f4b78_0000f914",$d,00000000
"0000f918","|static|_FUN_005f4b60_0000f918",$d,00000000
"0000f91c","|static|_FUN_005f4b58_0000f91c",$d,00000000
"0000f920","|static|_FUN_005f4b5c_0000f920",$d,00000000
"0000f924","|static|_FUN_005f4b74_0000f924",$d,00000000
"0000f928","|static|_FUN_005f4b80_0000f928",$d,00000000
"0000f92c","|static|_FUN_005f4b88_0000f92c",$d,00000000
"0000f930","|static|_FUN_005f4b7c_0000f930",$d,00000000
"0000f934","|static|_FUN_005f4b84_0000f934",$d,00000000
"0000f93c","|static|_FUN_0075ab68_0000f93c",$d,00000000
"0000f940","|static|_FUN_0075ab8c_0000f940",$d,00000000
"0000f944","|static|_FUN_0023a7e0_0000f944",$d,00000000
"0000f948","|static|_FUN_00237bd4_0000f948",$d,00000000
"0000f94c","|static|_FUN_00231520_0000f94c",$d,00000000
"0000f950","|static|_FUN_00230bb4_0000f950",$d,00000000
"0000f954","|static|_caseD_0_0000f954",$d,00000000
"0000f958","|static|_FUN_00236ca4_0000f958",$d,00000000
"0000f95c","|static|_LAB_00236d18_0000f95c",$d,00000000
"0000f960","|static|_FUN_00231270_0000f960",$d,00000000
"0000f964","|static|_FUN_00230aa0_0000f964",$d,00000000
"0000f968","|static|_FUN_005dd648_0000f968",$d,00000000
"0000f96c","|static|_FUN_005dd670_0000f96c",$d,00000000
"0000f970","|static|_FUN_00237f10_0000f970",$d,00000000
"0000f974","|static|_FUN_005dd65c_0000f974",$d,00000000
"0000f978","|static|_FUN_005dd560_0000f978",$d,00000000
"0000f97c","|static|_FUN_005dd64c_0000f97c",$d,00000000
"0000f980","|static|_FUN_005dd5a0_0000f980",$d,00000000
"0000f984","|static|_FUN_005dd638_0000f984",$d,00000000
"0000f98c","|static|_FUN_006036e4_0000f98c",$d,00000000
"0000f990","|static|_FUN_00230bb8_0000f990",$d,00000000
"0000f994","|static|_FUN_00231980_0000f994",$d,00000000
"0000f998","|static|_FUN_005dd674_0000f998",$d,00000000
"0000f99c","|static|_FUN_00238430_0000f99c",$d,00000000
"0000f9a0","|static|_FUN_002389ec_0000f9a0",$d,00000000
"0000f9a4","|static|_FUN_00713990_0000f9a4",$d,00000000
"0000f9a8","|static|_FUN_007139a8_0000f9a8",$d,00000000
"0000f9ac","|static|_FUN_00230044_0000f9ac",$d,00000000
"0000f9b0","|static|_FUN_0023135c_0000f9b0",$d,00000000
"0000f9b8","|static|_FUN_00237a1c_0000f9b8",$d,00000000
"0000f9bc","|static|_FUN_00236f78_0000f9bc",$d,00000000
"0000f9c0","|static|_FUN_00230e98_0000f9c0",$d,00000000
"0000f9c4","|static|_FUN_002313cc_0000f9c4",$d,00000000
"0000f9c8","|static|_FUN_0071bd90_0000f9c8",$d,00000000
"0000f9d4","|static|_FUN_0023a8bc_0000f9d4",$d,00000000
"0000f9dc","|static|_FUN_00230830_0000f9dc",$d,00000000
"0000f9e0","|static|_FUN_002304b4_0000f9e0",$d,00000000
"0000f9e8","|static|_FUN_0071bc3c_0000f9e8",$d,00000000
"0000f9ec","|static|_FUN_00238164_0000f9ec",$d,00000000
"0000f9f0","|static|_FUN_0029e0fc_0000f9f0",$d,00000000
"0000f9f4","|static|_FUN_0029e104_0000f9f4",$d,00000000
"0000f9f8","|static|_FUN_0029e10c_0000f9f8",$d,00000000
"0000f9fc","|static|_FUN_0029e114_0000f9fc",$d,00000000
"0000fa00","|static|_FUN_0029e11c_0000fa00",$d,00000000
"0000fa04","|static|_FUN_0029e124_0000fa04",$d,00000000
"0000fa08","|static|_FUN_0029e12c_0000fa08",$d,00000000
"0000fa0c","|static|_FUN_0029e134_0000fa0c",$d,00000000
"0000fa10","|static|_FUN_0029e13c_0000fa10",$d,00000000
"0000fa14","|static|_FUN_0029e144_0000fa14",$d,00000000
"0000fa18","|static|_FUN_0029e14c_0000fa18",$d,00000000
"0000fa2c","|static|_FUN_005db288_0000fa2c",$d,00000000
"0000fa38","|static|_FUN_005d9084_0000fa38",$d,00000000
"0000fa3c","|static|_FUN_002313c4_0000fa3c",$d,00000000
"0000fa40","|static|_FUN_0023a8b4_0000fa40",$d,00000000
"0000fa44","|static|_FUN_0075ab50_0000fa44",$d,00000000
"0000fa48","|static|_FUN_00772610_0000fa48",$d,00000000
"0000fa4c","|static|_FUN_005dc4d8_0000fa4c",$d,00000000
"0000fa50","|static|_FUN_0075ab40_0000fa50",$d,00000000
"0000fa54","|static|_FUN_0075ab54_0000fa54",$d,00000000
"0000fa58","|static|_FUN_0075ab48_0000fa58",$d,00000000
"0000fa6c","|static|_FUN_005f4b04_0000fa6c",$d,00000000
"0000fa70","|static|_FUN_005f4b24_0000fa70",$d,00000000
"0000fa74","|static|_FUN_005f4b34_0000fa74",$d,00000000
"0000fa78","|static|_FUN_005f4b18_0000fa78",$d,00000000
"0000fa7c","|static|_FUN_005f4b14_0000fa7c",$d,00000000
"0000fa80","|static|_FUN_005f4b20_0000fa80",$d,00000000
"0000fa84","|static|_FUN_005f4b44_0000fa84",$d,00000000
"0000fa88","|static|_FUN_005f4b40_0000fa88",$d,00000000
"0000fa8c","|static|_FUN_005f4b3c_0000fa8c",$d,00000000
"0000fa90","|static|_FUN_005f4b50_0000fa90",$d,00000000
"0000fa94","|static|_FUN_005f4b08_0000fa94",$d,00000000
"0000fa98","|static|_FUN_005f4b28_0000fa98",$d,00000000
"0000fa9c","|static|_FUN_005f4b6c_0000fa9c",$d,00000000
"0000faa0","|static|_FUN_005f4b0c_0000faa0",$d,00000000
"0000faa4","|static|_FUN_005f4b38_0000faa4",$d,00000000
"0000faa8","|static|_FUN_005f4b54_0000faa8",$d,00000000
"0000faac","|static|_FUN_005f4b1c_0000faac",$d,00000000
"0000fab0","|static|_FUN_005f4b10_0000fab0",$d,00000000
"0000fab8","|static|_FUN_005f4b48_0000fab8",$d,00000000
"0000fabc","|static|_FUN_005f4b68_0000fabc",$d,00000000
"0000fac0","|static|_FUN_005f4b64_0000fac0",$d,00000000
"0000fac4","|static|_FUN_005f4b70_0000fac4",$d,00000000
"0000fac8","|static|_FUN_005f4b78_0000fac8",$d,00000000
"0000facc","|static|_FUN_005f4b60_0000facc",$d,00000000
"0000fad0","|static|_FUN_005f4b58_0000fad0",$d,00000000
"0000fad4","|static|_FUN_005f4b5c_0000fad4",$d,00000000
"0000fad8","|static|_FUN_005f4b74_0000fad8",$d,00000000
"0000fadc","|static|_FUN_005f4b80_0000fadc",$d,00000000
"0000fae0","|static|_FUN_005f4b88_0000fae0",$d,00000000
"0000fae4","|static|_FUN_005f4b7c_0000fae4",$d,00000000
"0000fae8","|static|_FUN_005f4b84_0000fae8",$d,00000000
"0000faec","|static|_FUN_005f4b2c_0000faec",$d,00000000
"0000faf0","|static|_FUN_0075cd30_0000faf0",$d,00000000
"0000faf4","|static|_FUN_0075cd38_0000faf4",$d,00000000
"0000faf8","|static|_FUN_00600428_0000faf8",$d,00000000
"0000fafc","|static|_FUN_00600420_0000fafc",$d,00000000
"0000fb10","|static|_FUN_005f4b04_0000fb10",$d,00000000
"0000fb14","|static|_FUN_005f4b24_0000fb14",$d,00000000
"0000fb18","|static|_FUN_005f4b34_0000fb18",$d,00000000
"0000fb1c","|static|_FUN_005f4b18_0000fb1c",$d,00000000
"0000fb20","|static|_FUN_005f4b14_0000fb20",$d,00000000
"0000fb24","|static|_FUN_005f4b20_0000fb24",$d,00000000
"0000fb28","|static|_FUN_005f4b44_0000fb28",$d,00000000
"0000fb34","|static|_FUN_00237218_0000fb34",$d,00000000
"0000fb4c","|static|_FUN_005f4b54_0000fb4c",$d,00000000
"0000fb50","|static|_FUN_005f4b1c_0000fb50",$d,00000000
"0000fb54","|static|_FUN_005f4b10_0000fb54",$d,00000000
"0000fb58","|static|_FUN_005f4b4c_0000fb58",$d,00000000
"0000fb5c","|static|_FUN_005f4b48_0000fb5c",$d,00000000
"0000fb60","|static|_FUN_005f4b68_0000fb60",$d,00000000
"0000fb64","|static|_FUN_005f4b64_0000fb64",$d,00000000
"0000fb68","|static|_FUN_005f4b70_0000fb68",$d,00000000
"0000fb6c","|static|_FUN_005f4b78_0000fb6c",$d,00000000
"0000fb70","|static|_FUN_005f4b60_0000fb70",$d,00000000
"0000fb74","|static|_FUN_005f4b58_0000fb74",$d,00000000
"0000fb78","|static|_FUN_005f4b5c_0000fb78",$d,00000000
"0000fb7c","|static|_FUN_005f4b74_0000fb7c",$d,00000000
"0000fb80","|static|_FUN_005f4b80_0000fb80",$d,00000000
"0000fb84","|static|_FUN_005f4b88_0000fb84",$d,00000000
"0000fb88","|static|_FUN_005f4b7c_0000fb88",$d,00000000
"0000fb8c","|static|_FUN_005f4b84_0000fb8c",$d,00000000
"0000fb94","|static|_FUN_0075ab68_0000fb94",$d,00000000
"0000fb98","|static|_FUN_0075ab8c_0000fb98",$d,00000000
"0000fb9c","|static|_FUN_0023a7e0_0000fb9c",$d,00000000
"0000fba0","|static|_FUN_00237bd4_0000fba0",$d,00000000
"0000fba4","|static|_FUN_00231520_0000fba4",$d,00000000
"0000fba8","|static|_FUN_00230bb4_0000fba8",$d,00000000
"0000fbac","|static|_caseD_0_0000fbac",$d,00000000
"0000fbb0","|static|_FUN_00236ca4_0000fbb0",$d,00000000
"0000fbb4","|static|_LAB_00236d18_0000fbb4",$d,00000000
"0000fbb8","|static|_FUN_00231270_0000fbb8",$d,00000000
"0000fbbc","|static|_FUN_00230aa0_0000fbbc",$d,00000000
"0000fbc0","|static|_FUN_005dd648_0000fbc0",$d,00000000
"0000fbc4","|static|_FUN_005dd670_0000fbc4",$d,00000000
"0000fbc8","|static|_FUN_00237f10_0000fbc8",$d,00000000
"0000fbcc","|static|_FUN_005dd65c_0000fbcc",$d,00000000
"0000fbd0","|static|_FUN_005dd560_0000fbd0",$d,00000000
"0000fbd4","|static|_FUN_005dd64c_0000fbd4",$d,00000000
"0000fbd8","|static|_FUN_005dd5a0_0000fbd8",$d,00000000
"0000fbdc","|static|_FUN_005dd638_0000fbdc",$d,00000000
"0000fbe4","|static|_FUN_006036e4_0000fbe4",$d,00000000
"0000fbe8","|static|_FUN_00230bb8_0000fbe8",$d,00000000
"0000fbec","|static|_FUN_00231980_0000fbec",$d,00000000
"0000fbf0","|static|_FUN_005dd674_0000fbf0",$d,00000000
"0000fbf4","|static|_FUN_00238430_0000fbf4",$d,00000000
"0000fbf8","|static|_FUN_002389ec_0000fbf8",$d,00000000
"0000fbfc","|static|_FUN_00713990_0000fbfc",$d,00000000
"0000fc00","|static|_FUN_007139a8_0000fc00",$d,00000000
"0000fc04","|static|_FUN_00230044_0000fc04",$d,00000000
"0000fc08","|static|_FUN_0023135c_0000fc08",$d,00000000
"0000fc10","|static|_FUN_00237a1c_0000fc10",$d,00000000
"0000fc14","|static|_FUN_00236f78_0000fc14",$d,00000000
"0000fc18","|static|_FUN_00230e98_0000fc18",$d,00000000
"0000fc1c","|static|_FUN_002313cc_0000fc1c",$d,00000000
"0000fc20","|static|_FUN_0071bd90_0000fc20",$d,00000000
"0000fc28","|static|_FUN_0029da30_0000fc28",$d,00000000
"0000fc2c","|static|_FUN_0023a8bc_0000fc2c",$d,00000000
"0000fc34","|static|_FUN_00230830_0000fc34",$d,00000000
"0000fc38","|static|_FUN_002304b4_0000fc38",$d,00000000
"0000fc3c","|static|_FUN_00230e90_0000fc3c",$d,00000000
"0000fc40","|static|_FUN_0071bc3c_0000fc40",$d,00000000
"0000fc44","|static|_FUN_00238164_0000fc44",$d,00000000
"0000fc48","|static|_FUN_0029e0fc_0000fc48",$d,00000000
"0000fc4c","|static|_FUN_0029e104_0000fc4c",$d,00000000
"0000fc50","|static|_FUN_0029e10c_0000fc50",$d,00000000
"0000fc54","|static|_FUN_0029e114_0000fc54",$d,00000000
"0000fc58","|static|_FUN_0029e11c_0000fc58",$d,00000000
"0000fc5c","|static|_FUN_0029e124_0000fc5c",$d,00000000
"0000fc60","|static|_FUN_0029e12c_0000fc60",$d,00000000
"0000fc64","|static|_FUN_0029e134_0000fc64",$d,00000000
"0000fc68","|static|_FUN_0029e13c_0000fc68",$d,00000000
"0000fc6c","|static|_FUN_0029e144_0000fc6c",$d,00000000
"0000fc70","|static|_FUN_0029e14c_0000fc70",$d,00000000
"0000fc8c","|static|_FUN_0077292c_0000fc8c",$d,00000000
"0000fc94","|static|_FUN_005d9084_0000fc94",$d,00000000
"0000fc98","|static|_FUN_002313c4_0000fc98",$d,00000000
"0000fc9c","|static|_FUN_0023a8b4_0000fc9c",$d,00000000
"0000fca0","|static|_FUN_0075ab50_0000fca0",$d,00000000
"0000fca4","|static|_FUN_00772610_0000fca4",$d,00000000
"0000fca8","|static|_FUN_005dc4d8_0000fca8",$d,00000000
"0000fcac","|static|_FUN_0075ab40_0000fcac",$d,00000000
"0000fcb0","|static|_FUN_0075ab54_0000fcb0",$d,00000000
"0000fcb4","|static|_FUN_0075ab48_0000fcb4",$d,00000000
"0000fcd4","|static|_FUN_005f4b04_0000fcd4",$d,00000000
"0000fcd8","|static|_FUN_005f4b24_0000fcd8",$d,00000000
"0000fcdc","|static|_FUN_005f4b34_0000fcdc",$d,00000000
"0000fce0","|static|_FUN_005f4b18_0000fce0",$d,00000000
"0000fce8","|static|_FUN_005f4b20_0000fce8",$d,00000000
"0000fcec","|static|_FUN_005f4b44_0000fcec",$d,00000000
"0000fcf8","|static|_FUN_00237218_0000fcf8",$d,00000000
"0000fd10","|static|_FUN_005f4b54_0000fd10",$d,00000000
"0000fd14","|static|_FUN_005f4b1c_0000fd14",$d,00000000
"0000fd18","|static|_FUN_005f4b10_0000fd18",$d,00000000
"0000fd1c","|static|_FUN_005f4b4c_0000fd1c",$d,00000000
"0000fd20","|static|_FUN_005f4b48_0000fd20",$d,00000000
"0000fd24","|static|_FUN_005f4b68_0000fd24",$d,00000000
"0000fd28","|static|_FUN_005f4b64_0000fd28",$d,00000000
"0000fd2c","|static|_FUN_005f4b70_0000fd2c",$d,00000000
"0000fd30","|static|_FUN_005f4b78_0000fd30",$d,00000000
"0000fd34","|static|_FUN_005f4b60_0000fd34",$d,00000000
"0000fd38","|static|_FUN_005f4b58_0000fd38",$d,00000000
"0000fd3c","|static|_FUN_005f4b5c_0000fd3c",$d,00000000
"0000fd40","|static|_FUN_005f4b74_0000fd40",$d,00000000
"0000fd44","|static|_FUN_005f4b80_0000fd44",$d,00000000
"0000fd48","|static|_FUN_005f4b88_0000fd48",$d,00000000
"0000fd4c","|static|_FUN_005f4b7c_0000fd4c",$d,00000000
"0000fd50","|static|_FUN_005f4b84_0000fd50",$d,00000000
"0000fd58","|static|_FUN_0075ab68_0000fd58",$d,00000000
"0000fd5c","|static|_FUN_0075ab8c_0000fd5c",$d,00000000
"0000fd60","|static|_FUN_0023a7e0_0000fd60",$d,00000000
"0000fd64","|static|_FUN_00237bd4_0000fd64",$d,00000000
"0000fd68","|static|_FUN_00231520_0000fd68",$d,00000000
"0000fd70","|static|_caseD_0_0000fd70",$d,00000000
"0000fd74","|static|_FUN_00236ca4_0000fd74",$d,00000000
"0000fd78","|static|_LAB_00236d18_0000fd78",$d,00000000
"0000fd7c","|static|_FUN_00231270_0000fd7c",$d,00000000
"0000fd80","|static|_FUN_00230aa0_0000fd80",$d,00000000
"0000fd84","|static|_FUN_005dd648_0000fd84",$d,00000000
"0000fd88","|static|_FUN_005dd670_0000fd88",$d,00000000
"0000fd8c","|static|_FUN_00237f10_0000fd8c",$d,00000000
"0000fd90","|static|_FUN_005dd65c_0000fd90",$d,00000000
"0000fd94","|static|_FUN_005dd560_0000fd94",$d,00000000
"0000fd98","|static|_FUN_005dd64c_0000fd98",$d,00000000
"0000fd9c","|static|_FUN_005dd5a0_0000fd9c",$d,00000000
"0000fda0","|static|_FUN_005dd638_0000fda0",$d,00000000
"0000fda8","|static|_FUN_006036e4_0000fda8",$d,00000000
"0000fdac","|static|_FUN_00230bb8_0000fdac",$d,00000000
"0000fdb0","|static|_FUN_00231980_0000fdb0",$d,00000000
"0000fdb4","|static|_FUN_005dd674_0000fdb4",$d,00000000
"0000fdb8","|static|_FUN_00238430_0000fdb8",$d,00000000
"0000fdbc","|static|_FUN_002389ec_0000fdbc",$d,00000000
"0000fdc0","|static|_FUN_00713990_0000fdc0",$d,00000000
"0000fdc4","|static|_FUN_007139a8_0000fdc4",$d,00000000
"0000fdc8","|static|_FUN_00230044_0000fdc8",$d,00000000
"0000fdcc","|static|_FUN_0023135c_0000fdcc",$d,00000000
"0000fdd4","|static|_FUN_00237a1c_0000fdd4",$d,00000000
"0000fdd8","|static|_FUN_00236f78_0000fdd8",$d,00000000
"0000fddc","|static|_FUN_00230e98_0000fddc",$d,00000000
"0000fde0","|static|_FUN_002313cc_0000fde0",$d,00000000
"0000fde4","|static|_FUN_0071bd90_0000fde4",$d,00000000
"0000fdf0","|static|_FUN_0023a8bc_0000fdf0",$d,00000000
"0000fdf8","|static|_FUN_00230830_0000fdf8",$d,00000000
"0000fdfc","|static|_FUN_002304b4_0000fdfc",$d,00000000
"0000fe00","|static|_FUN_00230e90_0000fe00",$d,00000000
"0000fe04","|static|_FUN_0071bc3c_0000fe04",$d,00000000
"0000fe08","|static|_FUN_00238164_0000fe08",$d,00000000
"0000fe0c","|static|_FUN_0029e0fc_0000fe0c",$d,00000000
"0000fe10","|static|_FUN_0029e104_0000fe10",$d,00000000
"0000fe14","|static|_FUN_0029e10c_0000fe14",$d,00000000
"0000fe18","|static|_FUN_0029e114_0000fe18",$d,00000000
"0000fe1c","|static|_FUN_0029e11c_0000fe1c",$d,00000000
"0000fe20","|static|_FUN_0029e124_0000fe20",$d,00000000
"0000fe24","|static|_FUN_0029e12c_0000fe24",$d,00000000
"0000fe28","|static|_FUN_0029e134_0000fe28",$d,00000000
"0000fe2c","|static|_FUN_0029e13c_0000fe2c",$d,00000000
"0000fe30","|static|_FUN_0029e144_0000fe30",$d,00000000
"0000fe34","|static|_FUN_0029e14c_0000fe34",$d,00000000
"0000fe58","|static|_FUN_005d9084_0000fe58",$d,00000000
"0000fe5c","|static|_FUN_002313c4_0000fe5c",$d,00000000
"0000fe60","|static|_FUN_0023a8b4_0000fe60",$d,00000000
"0000fe64","|static|_FUN_0075ab50_0000fe64",$d,00000000
"0000fe68","|static|_FUN_00772610_0000fe68",$d,00000000
"0000fe6c","|static|_FUN_005dc4d8_0000fe6c",$d,00000000
"0000fe70","|static|_FUN_0075ab40_0000fe70",$d,00000000
"0000fe74","|static|_FUN_0075ab54_0000fe74",$d,00000000
"0000fe78","|static|_FUN_0075ab48_0000fe78",$d,00000000
"0000fe8c","|static|_FUN_005f4b04_0000fe8c",$d,00000000
"0000fe90","|static|_FUN_005f4b24_0000fe90",$d,00000000
"0000fe94","|static|_FUN_005f4b34_0000fe94",$d,00000000
"0000fe98","|static|_FUN_005f4b18_0000fe98",$d,00000000
"0000fe9c","|static|_FUN_005f4b14_0000fe9c",$d,00000000
"0000fea0","|static|_FUN_005f4b20_0000fea0",$d,00000000
"0000fea4","|static|_FUN_005f4b44_0000fea4",$d,00000000
"0000feb0","|static|_FUN_00237218_0000feb0",$d,00000000
"0000fec8","|static|_FUN_005f4b54_0000fec8",$d,00000000
"0000fecc","|static|_FUN_005f4b1c_0000fecc",$d,00000000
"0000fed0","|static|_FUN_005f4b10_0000fed0",$d,00000000
"0000fed4","|static|_FUN_005f4b4c_0000fed4",$d,00000000
"0000fed8","|static|_FUN_005f4b48_0000fed8",$d,00000000
"0000fedc","|static|_FUN_005f4b68_0000fedc",$d,00000000
"0000fee0","|static|_FUN_005f4b64_0000fee0",$d,00000000
"0000fee4","|static|_FUN_005f4b70_0000fee4",$d,00000000
"0000fee8","|static|_FUN_005f4b78_0000fee8",$d,00000000
"0000feec","|static|_FUN_005f4b60_0000feec",$d,00000000
"0000fef0","|static|_FUN_005f4b58_0000fef0",$d,00000000
"0000fef4","|static|_FUN_005f4b5c_0000fef4",$d,00000000
"0000fef8","|static|_FUN_005f4b74_0000fef8",$d,00000000
"0000fefc","|static|_FUN_005f4b80_0000fefc",$d,00000000
"0000ff00","|static|_FUN_005f4b88_0000ff00",$d,00000000
"0000ff04","|static|_FUN_005f4b7c_0000ff04",$d,00000000
"0000ff08","|static|_FUN_005f4b84_0000ff08",$d,00000000
"0000ff10","|static|_FUN_0075ab68_0000ff10",$d,00000000
"0000ff14","|static|_FUN_0075ab8c_0000ff14",$d,00000000
"0000ff18","|static|_FUN_0023a7e0_0000ff18",$d,00000000
"0000ff1c","|static|_FUN_00237bd4_0000ff1c",$d,00000000
"0000ff20","|static|_FUN_00231520_0000ff20",$d,00000000
"0000ff24","|static|_FUN_00230bb4_0000ff24",$d,00000000
"0000ff28","|static|_caseD_0_0000ff28",$d,00000000
"0000ff2c","|static|_FUN_00236ca4_0000ff2c",$d,00000000
"0000ff30","|static|_LAB_00236d18_0000ff30",$d,00000000
"0000ff34","|static|_FUN_00231270_0000ff34",$d,00000000
"0000ff38","|static|_FUN_00230aa0_0000ff38",$d,00000000
"0000ff3c","|static|_FUN_005dd648_0000ff3c",$d,00000000
"0000ff40","|static|_FUN_005dd670_0000ff40",$d,00000000
"0000ff44","|static|_FUN_00237f10_0000ff44",$d,00000000
"0000ff48","|static|_FUN_005dd65c_0000ff48",$d,00000000
"0000ff4c","|static|_FUN_005dd560_0000ff4c",$d,00000000
"0000ff50","|static|_FUN_005dd64c_0000ff50",$d,00000000
"0000ff54","|static|_FUN_005dd5a0_0000ff54",$d,00000000
"0000ff58","|static|_FUN_005dd638_0000ff58",$d,00000000
"0000ff60","|static|_FUN_006036e4_0000ff60",$d,00000000
"0000ff64","|static|_FUN_00230bb8_0000ff64",$d,00000000
"0000ff68","|static|_FUN_00231980_0000ff68",$d,00000000
"0000ff6c","|static|_FUN_005dd674_0000ff6c",$d,00000000
"0000ff70","|static|_FUN_00238430_0000ff70",$d,00000000
"0000ff74","|static|_FUN_002389ec_0000ff74",$d,00000000
"0000ff78","|static|_FUN_00713990_0000ff78",$d,00000000
"0000ff7c","|static|_FUN_007139a8_0000ff7c",$d,00000000
"0000ff80","|static|_FUN_00230044_0000ff80",$d,00000000
"0000ff84","|static|_FUN_0023135c_0000ff84",$d,00000000
"0000ff8c","|static|_FUN_00237a1c_0000ff8c",$d,00000000
"0000ff90","|static|_FUN_00236f78_0000ff90",$d,00000000
"0000ff94","|static|_FUN_00230e98_0000ff94",$d,00000000
"0000ff98","|static|_FUN_002313cc_0000ff98",$d,00000000
"0000ff9c","|static|_FUN_0071bd90_0000ff9c",$d,00000000
"0000ffa8","|static|_FUN_0023a8bc_0000ffa8",$d,00000000
"0000ffb0","|static|_FUN_00230830_0000ffb0",$d,00000000
"0000ffb4","|static|_FUN_002304b4_0000ffb4",$d,00000000
"0000ffb8","|static|_FUN_00230e90_0000ffb8",$d,00000000
"0000ffbc","|static|_FUN_0071bc3c_0000ffbc",$d,00000000
"0000ffc0","|static|_FUN_00238164_0000ffc0",$d,00000000
"0000ffc4","|static|_FUN_0029e0fc_0000ffc4",$d,00000000
"0000ffc8","|static|_FUN_0029e104_0000ffc8",$d,00000000
"0000ffcc","|static|_FUN_0029e10c_0000ffcc",$d,00000000
"0000ffd0","|static|_FUN_0029e114_0000ffd0",$d,00000000
"0000ffd4","|static|_FUN_0029e11c_0000ffd4",$d,00000000
"0000ffd8","|static|_FUN_0029e124_0000ffd8",$d,00000000
"0000ffdc","|static|_FUN_0029e12c_0000ffdc",$d,00000000
"0000ffe0","|static|_FUN_0029e134_0000ffe0",$d,00000000
"0000ffe4","|static|_FUN_0029e13c_0000ffe4",$d,00000000
"0000ffe8","|static|_FUN_0029e144_0000ffe8",$d,00000000
"0000ffec","|static|_FUN_0029e14c_0000ffec",$d,00000000
"00010000","|static|_FUN_005db288_00010000",$d,00000000
"0001000c","|static|_FUN_005d9084_0001000c",$d,00000000
"00010010","|static|_FUN_002313c4_00010010",$d,00000000
"00010014","|static|_FUN_0023a8b4_00010014",$d,00000000
"00010018","|static|_FUN_0075ab50_00010018",$d,00000000
"0001001c","|static|_FUN_00772610_0001001c",$d,00000000
"00010020","|static|_FUN_005dc4d8_00010020",$d,00000000
"00010024","|static|_FUN_0075ab40_00010024",$d,00000000
"00010028","|static|_FUN_0075ab54_00010028",$d,00000000
"0001002c","|static|_FUN_0075ab48_0001002c",$d,00000000
"000100f4","|static|_FUN_005fcf94_000100f4",$d,00000000
"000100f8","|static|_FUN_0075cc5c_000100f8",$d,00000000
"000100fc","|static|_FUN_0075cc44_000100fc",$d,00000000
"00010104","|static|_FUN_005fcb20_00010104",$d,00000000
"0001010c","|static|_FUN_005fceb0_0001010c",$d,00000000
"00010118","|static|_FUN_0075b8a8_00010118",$d,00000000
"0001012c","|static|_FUN_005fcf94_0001012c",$d,00000000
"00010130","|static|_FUN_0075cc5c_00010130",$d,00000000
"00010134","|static|_FUN_0075cc44_00010134",$d,00000000
"0001013c","|static|_FUN_005fcb20_0001013c",$d,00000000
"00010144","|static|_FUN_005fceb0_00010144",$d,00000000
"00010150","|static|_FUN_0075b8a8_00010150",$d,00000000
"00010164","|static|_FUN_005fcf94_00010164",$d,00000000
"00010168","|static|_FUN_0075cc5c_00010168",$d,00000000
"0001016c","|static|_FUN_0075cc44_0001016c",$d,00000000
"00010174","|static|_FUN_005fcb20_00010174",$d,00000000
"0001017c","|static|_FUN_005fceb0_0001017c",$d,00000000
"00010188","|static|_FUN_0075b8a8_00010188",$d,00000000
"0001019c","|static|_FUN_005fcf94_0001019c",$d,00000000
"000101a0","|static|_FUN_0075cc5c_000101a0",$d,00000000
"000101a4","|static|_FUN_0075cc44_000101a4",$d,00000000
"000101ac","|static|_FUN_005fcb20_000101ac",$d,00000000
"000101b4","|static|_FUN_005fceb0_000101b4",$d,00000000
"000101c0","|static|_FUN_0075b8a8_000101c0",$d,00000000
