Location,Name,Mode,Size
"00000180","FUN_0001e458_00000180",$a,00000004
"00000184","|static|_FUN_00711bdc_00000184",$d,00000000
"00000188","FUN_00000188",$a,00000004
"0000018c","|static|_FUN_00565c10_0000018c",$d,00000000
"00000190","FUN_00000190",$a,00000004
"00000194","|static|_FUN_00565c34_00000194",$d,00000000
"00000198","FUN_00000198",$a,00000004
"0000019c","|static|_FUN_0027068c_0000019c",$d,00000000
"000001a0","FUN_000001a0",$a,00000004
"000001a4","|static|_FUN_0024f400_000001a4",$d,00000000
"000001a8","FUN_000001a8",$a,00000004
"000001ac","|static|_FUN_0033f4ec_000001ac",$d,00000000
"000001b0","FUN_000001b0",$a,00000004
"000001b4","|static|_FUN_002706ec_000001b4",$d,00000000
"000001bc","|static|_LAB_00313ac8_000001bc",$d,00000000
"000001c0","FUN_000001c0",$a,00000004
"000001c4","|static|_FUN_006b127c_000001c4",$d,00000000
"000001c8","FUN_000001c8",$a,00000004
"000001cc","|static|_FUN_0056ade4_000001cc",$d,00000000
"000001d0","FUN_000001d0",$a,00000004
"000001d4","|static|_FUN_0071868c_000001d4",$d,00000000
"000001d8","FUN_000001d8",$a,00000004
"000001dc","|static|_FUN_002ff6f8_000001dc",$d,00000000
"000001e0","FUN_000001e0",$a,00000004
"000001e4","|static|_FUN_0056a224_000001e4",$d,00000000
"000001e8","FUN_000001e8",$a,00000004
"000001ec","|static|_FUN_002fcd60_000001ec",$d,00000000
"000001f0","FUN_000001f0",$a,00000004
"000001f4","|static|_FUN_002fcc54_000001f4",$d,00000000
"000001fc","|static|_FUN_00565c90_000001fc",$d,00000000
"00000200","FUN_00000200",$a,00000004
"00000204","|static|_FUN_0056b080_00000204",$d,00000000
"00000208","FUN_00000208",$a,00000004
"0000020c","|static|_FUN_0056b0c0_0000020c",$d,00000000
"00000210","FUN_00000210",$a,00000004
"00000214","|static|_FUN_007461b4_00000214",$d,00000000
"00000218","FUN_00000218",$a,00000004
"0000021c","|static|_FUN_007460b8_0000021c",$d,00000000
"00000220","FUN_00000220",$a,00000004
"00000224","|static|_FUN_00701b10_00000224",$d,00000000
"00000228","FUN_00000228",$a,00000004
"0000022c","|static|_FUN_003171b4_0000022c",$d,00000000
"00000230","FUN_00000230",$a,00000004
"00000234","|static|_FUN_0024f264_00000234",$d,00000000
"00000238","FUN_00000238",$a,00000004
"0000023c","|static|_FUN_002fbe98_0000023c",$d,00000000
"00000240","FUN_00000240",$a,00000004
"00000244","|static|_FUN_0047df5c_00000244",$d,00000000
"00000248","FUN_00000248",$a,00000004
"0000024c","|static|_FUN_0047df24_0000024c",$d,00000000
"00000250","FUN_00000250",$a,00000004
"00000254","|static|_FUN_0056a1d4_00000254",$d,00000000
"00000258","FUN_00000258",$a,00000004
"0000025c","|static|_FUN_002fb328_0000025c",$d,00000000
"00000260","FUN_00000260",$a,00000004
"00000264","|static|_FUN_0076c808_00000264",$d,00000000
"00000268","FUN_00000268",$a,00000004
"0000026c","|static|_FUN_00565a4c_0000026c",$d,00000000
"00000270","FUN_00000270",$a,00000004
"00000274","|static|_FUN_005657ac_00000274",$d,00000000
"00000278","FUN_00000278",$a,00000004
"0000027c","|static|_FUN_00745f8c_0000027c",$d,00000000
"00000280","FUN_00000280",$a,00000004
"00000284","|static|_FUN_002e8bd4_00000284",$d,00000000
"00000288","FUN_00000288",$a,00000004
"0000028c","|static|_FUN_007460d0_0000028c",$d,00000000
"00000290","FUN_00000290",$a,00000004
"00000294","|static|_caseD_3_00000294",$d,00000000
"00000298","FUN_00000298",$a,00000004
"0000029c","|static|_FUN_0074619c_0000029c",$d,00000000
"000002a0","FUN_000002a0",$a,00000004
"000002a4","|static|_FUN_002fbfa4_000002a4",$d,00000000
"000002ac","|static|_FUN_00565af8_000002ac",$d,00000000
"000002b0","FUN_000002b0",$a,00000004
"000002b4","|static|_FUN_007460e8_000002b4",$d,00000000
"000002b8","FUN_000002b8",$a,00000004
"000002bc","|static|_FUN_002fbff8_000002bc",$d,00000000
"000002c0","FUN_000002c0",$a,00000004
"000002c4","|static|_FUN_002fcd48_000002c4",$d,00000000
"000002c8","FUN_000002c8",$a,00000004
"000002cc","|static|_FUN_002e8cc8_000002cc",$d,00000000
"000002d0","FUN_000002d0",$a,00000004
"000002d4","|static|_FUN_0056b21c_000002d4",$d,00000000
"000002d8","FUN_000002d8",$a,00000004
"000002dc","|static|_FUN_0056a378_000002dc",$d,00000000
"000002e0","FUN_000002e0",$a,00000004
"000002e4","|static|_FUN_00565c00_000002e4",$d,00000000
"000002ec","|static|_FUN_001f4a68_000002ec",$d,00000000
"000002f0","FUN_000002f0",$a,00000004
"000002f4","|static|_FUN_004ed570_000002f4",$d,00000000
"000002f8","FUN_000002f8",$a,00000004
"000002fc","|static|_FUN_0014e910_000002fc",$d,00000000
"00000300","FUN_00000300",$a,00000004
"00000304","|static|_FUN_0074fbbc_00000304",$d,00000000
"00000308","FUN_00000308",$a,00000004
"0000030c","|static|_FUN_0056a274_0000030c",$d,00000000
"00000310","FUN_00000310",$a,00000004
"00000314","|static|_FUN_00567580_00000314",$d,00000000
"00000318","FUN_00000318",$a,00000004
"0000031c","|static|_FUN_0056747c_0000031c",$d,00000000
"00000320","FUN_00000320",$a,00000004
"00000324","|static|_FUN_005676b8_00000324",$d,00000000
"0000032c","|static|_FUN_001f4e94_0000032c",$d,00000000
"00000330","FUN_00000330",$a,00000004
"00000334","|static|_FUN_002d599c_00000334",$d,00000000
"00000338","FUN_00000338",$a,00000004
"0000033c","|static|_FUN_00766d9c_0000033c",$d,00000000
"00000344","|static|_FUN_001f3ce0_00000344",$d,00000000
"00000348","FUN_00000348",$a,00000004
"0000034c","|static|_FUN_005c2ce0_0000034c",$d,00000000
"00000350","FUN_00000350",$a,00000004
"00000354","|static|_thunk_FUN_00521ae0_00000354",$d,00000000
"00000358","FUN_00000358",$a,00000004
"0000035c","|static|_FUN_002d0bf8_0000035c",$d,00000000
"00000360","FUN_00000360",$a,00000004
"00000364","|static|_FUN_004ee9cc_00000364",$d,00000000
"00000368","FUN_00000368",$a,00000004
"0000036c","|static|_FUN_00317a50_0000036c",$d,00000000
"00000370","FUN_00000370",$a,00000004
"00000374","|static|_FUN_00317a88_00000374",$d,00000000
"00000378","FUN_00000378",$a,00000004
"0000037c","|static|_FUN_002d0ba8_0000037c",$d,00000000
"00000380","FUN_00000380",$a,00000004
"00000384","|static|_FUN_002f73b8_00000384",$d,00000000
"0000038c","|static|_FUN_004ee9a8_0000038c",$d,00000000
"00000390","FUN_00000390",$a,00000004
"00000394","|static|_FUN_002d0cf8_00000394",$d,00000000
"00000398","FUN_00000398",$a,00000004
"0000039c","|static|_FUN_004ee594_0000039c",$d,00000000
"000003a4","|static|_FUN_002d596c_000003a4",$d,00000000
"000003a8","FUN_000003a8",$a,00000004
"000003ac","|static|_FUN_002d59e8_000003ac",$d,00000000
"000003b0","FUN_000003b0",$a,00000004
"000003b4","|static|_FUN_006b14b8_000003b4",$d,00000000
"000003b8","FUN_000003b8",$a,00000004
"000003bc","|static|_FUN_005c33cc_000003bc",$d,00000000
"000003c0","FUN_000003c0",$a,00000004
"000003c4","|static|_FUN_005c438c_000003c4",$d,00000000
"000003c8","FUN_000003c8",$a,00000004
"000003cc","|static|_FUN_005c2ff4_000003cc",$d,00000000
"000003d0","FUN_000003d0",$a,00000004
"000003d4","|static|_FUN_0033f430_000003d4",$d,00000000
"000003d8","FUN_000003d8",$a,00000004
"000003dc","|static|_FUN_004ee534_000003dc",$d,00000000
"000003e0","FUN_000003e0",$a,00000004
"000003e4","|static|_FUN_00317e2c_000003e4",$d,00000000
"000003e8","FUN_000003e8",$a,00000004
"000003ec","|static|_FUN_004ecbe0_000003ec",$d,00000000
"000003f0","FUN_000003f0",$a,00000004
"000003f4","|static|_thunk_FUN_004ee514_000003f4",$d,00000000
"000003f8","FUN_000003f8",$a,00000004
"000003fc","|static|_FUN_002f747c_000003fc",$d,00000000
"00000400","FUN_00000400",$a,00000004
"00000404","|static|_INVALID_|static|_TEXT:001f76ad_00000404",$d,00000000
"00000408","FUN_00000408",$a,00000004
"0000040c","|static|_FUN_004ecf70_0000040c",$d,00000000
"00000410","FUN_00000410",$a,00000004
"00000414","|static|_FUN_00701a48_00000414",$d,00000000
"00000418","FUN_00000418",$a,00000004
"0000041c","|static|_FUN_006c5c58_0000041c",$d,00000000
"00000420","FUN_00000420",$a,00000004
"00000424","|static|_FUN_00565cc0_00000424",$d,00000000
"00000428","FUN_00000428",$a,00000004
"0000042c","|static|_FUN_005453fc_0000042c",$d,00000000
"00000430","FUN_00000430",$a,00000004
"00000434","|static|_FUN_0031758c_00000434",$d,00000000
"00000438","FUN_00000438",$a,00000004
"0000043c","|static|_FUN_004f1270_0000043c",$d,00000000
"00000444","|static|_FUN_00744ce4_00000444",$d,00000000
"00000448","FUN_00000448",$a,00000004
"0000044c","|static|_FUN_00540208_0000044c",$d,00000000
"00000450","FUN_00000450",$a,00000004
"00000454","|static|_FUN_00540260_00000454",$d,00000000
"00000458","FUN_00000458",$a,00000004
"0000045c","|static|_FUN_004f11c0_0000045c",$d,00000000
"00000460","FUN_00000460",$a,00000004
"00000464","|static|_FUN_004ee364_00000464",$d,00000000
"00000468","FUN_00000468",$a,00000004
"0000046c","|static|_FUN_006ef39c_0000046c",$d,00000000
"00000470","FUN_00000470",$a,00000004
"00000474","|static|_FUN_0014ef20_00000474",$d,00000000
"00000478","FUN_00000478",$a,00000004
"0000047c","|static|_FUN_004ee4c8_0000047c",$d,00000000
"00000480","FUN_00000480",$a,00000004
"00000484","|static|_FUN_004edd20_00000484",$d,00000000
"00000488","FUN_00000488",$a,00000004
"0000048c","|static|_FUN_004edd3c_0000048c",$d,00000000
"00000490","FUN_00000490",$a,00000004
"00000494","|static|_INVALID_|static|_TEXT:00201d0d_00000494",$d,00000000
"00000498","FUN_00000498",$a,00000004
"0000049c","|static|_FUN_002075d4_0000049c",$d,00000000
"000004a0","FUN_000004a0",$a,00000004
"000004a4","|static|_FUN_002fbf80_000004a4",$d,00000000
"000004a8","FUN_000004a8",$a,00000004
"000004ac","|static|_FUN_006bbd54_000004ac",$d,00000000
"000004b0","FUN_000004b0",$a,00000004
"000004b4","|static|_FUN_002f74c8_000004b4",$d,00000000
"000004b8","FUN_000004b8",$a,00000004
"000004bc","|static|_FUN_0076bc84_000004bc",$d,00000000
"000004c0","FUN_000004c0",$a,00000004
"000004c4","|static|_FUN_002f777c_000004c4",$d,00000000
"000004c8","FUN_000004c8",$a,00000004
"000004cc","|static|_FUN_001f38d0_000004cc",$d,00000000
"000004d0","FUN_000004d0",$a,00000004
"000004d4","|static|_FUN_0057b9dc_000004d4",$d,00000000
"000004d8","FUN_000004d8",$a,00000004
"000004dc","|static|_FUN_002fb378_000004dc",$d,00000000
"000004e0","FUN_000004e0",$a,00000004
"000004e4","|static|_FUN_00700974_000004e4",$d,00000000
"000004e8","FUN_000004e8",$a,00000004
"000004ec","|static|_FUN_002fd108_000004ec",$d,00000000
"000004f0","FUN_000004f0",$a,00000004
"000004f4","|static|_FUN_001316b8_000004f4",$d,00000000
"000004f8","FUN_000004f8",$a,00000004
"000004fc","|static|_FUN_0012ca54_000004fc",$d,00000000
"00000500","FUN_00000500",$a,00000004
"00000504","|static|_FUN_00125b3c_00000504",$d,00000000
"00000508","FUN_00000508",$a,00000004
"0000050c","|static|_FUN_00284b48_0000050c",$d,00000000
"00000510","FUN_00000510",$a,00000004
"00000514","|static|_FUN_007017a8_00000514",$d,00000000
"00000518","FUN_00000518",$a,00000004
"0000051c","ModuleIndoor_FUN_0001e458_0000051c",$d,00000000
"00000520","FUN_00000520",$a,00000004
"00000524","|static|_FUN_002c44c0_00000524",$d,00000000
"00000528","FUN_00000528",$a,00000004
"0000052c","|static|_FUN_005210a8_0000052c",$d,00000000
"00000530","FUN_00000530",$a,00000004
"00000534","|static|_FUN_00521a8c_00000534",$d,00000000
"00000538","FUN_00000538",$a,00000004
"0000053c","|static|_FUN_005673c8_0000053c",$d,00000000
"00000544","|static|_FUN_00317dec_00000544",$d,00000000
"0000054c","|static|_FUN_00521ae0_0000054c",$d,00000000
"00000550","FUN_00000550",$a,00000004
"00000554","|static|_FUN_002ffb64_00000554",$d,00000000
"0000055c","|static|_FUN_002d58b0_0000055c",$d,00000000
"00000564","|static|_FUN_004f0e54_00000564",$d,00000000
"00000568","FUN_00000568",$a,00000004
"0000056c","|static|_FUN_0013864c_0000056c",$d,00000000
"00000570","FUN_00000570",$a,00000004
"00000574","|static|_FUN_0013bb84_00000574",$d,00000000
"00000578","FUN_00000578",$a,00000004
"0000057c","|static|_FUN_004d9580_0000057c",$d,00000000
"00000580","FUN_00000580",$a,00000004
"00000584","|static|_FUN_00744be4_00000584",$d,00000000
"00000588","FUN_00000588",$a,00000004
"0000058c","|static|_FUN_002fbd80_0000058c",$d,00000000
"00000590","FUN_00000590",$a,00000004
"00000594","|static|_FUN_002fbdac_00000594",$d,00000000
"0000059c","|static|_FUN_0016d7f4_0000059c",$d,00000000
"0000066c","FUN_0000066c",$a,00000008
"00000674","FUN_00000674",$a,00000094
"00000714","FUN_00000714",$a,00000058
"0000078c","FUN_0000078c",$a,000000dc
"0000086c","FUN_0000086c",$a,000000c4
"0000093c","FUN_0000093c",$a,000000a8
"000009f4","FUN_000009f4",$a,00000034
"00000a2c","FUN_00000a2c",$a,00000030
"00000a60","FUN_00000a60",$a,00000090
"00000af4","|static|_DAT_00868888_00000af4",$d,00000000
"00000af8","|static|_DAT_00881b00_00000af8",$d,00000000
"00000afc","FUN_00000afc",$a,00000124
"00000c8c","|static|_DAT_00868888_00000c8c",$d,00000000
"00000ca0","FUN_00000ca0",$a,0000012c
"00000dd8","|static|_DAT_00868888_00000dd8",$d,00000000
"00000de0","FUN_00000de0",$a,000000a0
"00000e8c","|static|_DAT_00868888_00000e8c",$d,00000000
"00000eb0","FUN_00000eb0",$a,00000060
"00000f14","FUN_00000f14",$a,00000090
"00000fb0","FUN_00000fb0",$a,00000034
"00000fe8","FUN_00000fe8",$a,00000030
"000010a8","|static|_DAT_00868888_000010a8",$d,00000000
"000010f4","|static|_DAT_00868888_000010f4",$d,00000000
"000012d4","|static|_DAT_00868888_000012d4",$d,00000000
"000012dc","FUN_000012dc",$a,00000008
"000012e8","FUN_000012e8",$a,00000144
"00001450","FUN_00001450",$a,00000034
"000014d8","|static|_DAT_00868888_000014d8",$d,00000000
"00001594","|static|_DAT_00868888_00001594",$d,00000000
"0000159c","FUN_0000159c",$a,000000b4
"00001654","FUN_00001654",$a,00000060
"000016b8","FUN_000016b8",$a,00000090
"00001754","FUN_00001754",$a,00000034
"0000178c","FUN_0000178c",$a,00000030
"000017c0","FUN_000017c0",$a,00000094
"00001858","|static|_DAT_00868888_00001858",$d,00000000
"0000185c","|static|_DAT_00881b00_0000185c",$d,00000000
"00001860","FUN_00001860",$a,00000090
"00001964","|static|_DAT_00868888_00001964",$d,00000000
"00001970","FUN_00001970",$a,00000008
"00001978","FUN_00001978",$a,000001c0
"00001a30","|static|_DAT_00868888_00001a30",$d,00000000
"00001a38","FUN_00001a38",$a,00000090
"00001ad0","|static|_DAT_00868888_00001ad0",$d,00000000
"00001af8","FUN_00001af8",$a,00000060
"00001b5c","FUN_00001b5c",$a,00000090
"00001bf8","FUN_00001bf8",$a,00000034
"00001c30","FUN_00001c30",$a,00000030
"00001c64","FUN_00001c64",$a,000001f0
"00001e58","|static|_DAT_00868888_00001e58",$d,00000000
"00001e5c","|static|_DAT_00881b00_00001e5c",$d,00000000
"00001e7c","FUN_00001e7c",$a,00000058
"00001ed8","FUN_00001ed8",$a,000000b4
"00001fa0","FUN_00001fa0",$a,000001c0
"00002168","|static|_DAT_00868888_00002168",$d,00000000
"00002174","FUN_00002174",$a,000001d4
"00002358","|static|_DAT_00868888_00002358",$d,00000000
"0000256c","|static|_DAT_008ae144_0000256c",$d,00000000
"00002590","FUN_00002590",$a,00000008
"00002598","FUN_00002598",$a,00000244
"00002804","FUN_00002804",$a,000000ac
"000028b8","FUN_000028b8",$a,00000060
"00002924","FUN_00002924",$a,000000e8
"00002a14","|static|_DAT_00868888_00002a14",$d,00000000
"00002a1c","FUN_00002a1c",$a,000000b4
"00002ad8","|static|_DAT_00868888_00002ad8",$d,00000000
"00002ae0","FUN_00002ae0",$a,00000290
"00002d80","FUN_00002d80",$a,00000094
"00002e20","FUN_00002e20",$a,00000060
"00002ea8","FUN_00002ea8",$a,000000bc
"00002f78","FUN_00002f78",$a,00000118
"000030ac","FUN_000030ac",$a,00000090
"00003158","FUN_00003158",$a,0000008c
"000031e4","FUN_000031e4",$a,0000019c
"000033d0","FUN_000033d0",$a,00000124
"00003508","|static|_DAT_008ae144_00003508",$d,00000000
"0000350c","FUN_0000350c",$a,00000060
"00003570","FUN_00003570",$a,000000dc
"00003650","FUN_00003650",$a,00000008
"00003658","FUN_00003658",$a,000000d8
"00003740","FUN_00003740",$a,00000034
"00003778","FUN_00003778",$a,00000030
"000037ac","FUN_000037ac",$a,00000074
"00003824","|static|_DAT_00868888_00003824",$d,00000000
"00003828","|static|_DAT_00881b00_00003828",$d,00000000
"0000382c","FUN_0000382c",$a,00000090
"000038cc","|static|_DAT_00868888_000038cc",$d,00000000
"000038d0","FUN_000038d0",$a,000000a4
"00003978","|static|_DAT_00868888_00003978",$d,00000000
"0000398c","FUN_0000398c",$a,00000008
"00003a38","|static|_DAT_00868888_00003a38",$d,00000000
"00003ac4","FUN_00003ac4",$a,00000030
"00003b00","FUN_00003b00",$a,00000020
"00003b24","FUN_00003b24",$a,00000034
"00003b60","FUN_00003b60",$a,00000060
"00003bc4","FUN_00003bc4",$a,000000a4
"00003c70","FUN_00003c70",$a,00000090
"00003d0c","FUN_00003d0c",$a,00000034
"00003d44","FUN_00003d44",$a,00000030
"00003d78","FUN_00003d78",$a,000000a4
"00003e20","|static|_DAT_00868888_00003e20",$d,00000000
"00003e24","|static|_DAT_00881b00_00003e24",$d,00000000
"00003e28","FUN_00003e28",$a,00000178
"00003fac","|static|_DAT_00868888_00003fac",$d,00000000
"00003fb0","FUN_00003fb0",$a,0000016c
"00004124","|static|_DAT_00868888_00004124",$d,00000000
"00004130","FUN_00004130",$a,00000008
"00004138","FUN_00004138",$a,00000028
"00004160","FUN_00004160",$a,00000024
"00004184","FUN_00004184",$a,00000154
"000042e0","|static|_DAT_00868888_000042e0",$d,00000000
"000042ec","FUN_000042ec",$a,000000f0
"000043e0","|static|_DAT_00868888_000043e0",$d,00000000
"000043ec","FUN_000043ec",$a,00000088
"00004478","|static|_DAT_00868888_00004478",$d,00000000
"0000447c","FUN_0000447c",$a,0000008c
"0000450c","|static|_DAT_00868888_0000450c",$d,00000000
"000045bc","FUN_000045bc",$a,00000060
"00004620","FUN_00004620",$a,00000090
"000046bc","FUN_000046bc",$a,00000034
"000046f4","FUN_000046f4",$a,00000030
"00004728","FUN_00004728",$a,000000c4
"000047f0","|static|_DAT_00868888_000047f0",$d,00000000
"000047f4","|static|_DAT_00881b00_000047f4",$d,00000000
"000047f8","FUN_000047f8",$a,000001d0
"00004a48","|static|_DAT_00868888_00004a48",$d,00000000
"00004aa4","FUN_00004aa4",$a,00000020
"00004acc","FUN_00004acc",$a,00000008
"00004ad4","FUN_00004ad4",$a,00000158
"00004c44","FUN_00004c44",$a,00000054
"00004ca4","FUN_00004ca4",$a,000000d0
"00004d7c","FUN_00004d7c",$a,00000060
"00004de4","FUN_00004de4",$a,0000004c
"00004e94","|static|_DAT_00868888_00004e94",$d,00000000
"00004f2c","FUN_00004f2c",$a,00000060
"00004f90","FUN_00004f90",$a,000000b0
"00005050","FUN_00005050",$a,00000034
"00005088","FUN_00005088",$a,00000030
"000050bc","FUN_000050bc",$a,000000c4
"00005184","|static|_DAT_00868888_00005184",$d,00000000
"00005188","|static|_DAT_00881b00_00005188",$d,00000000
"00005190","FUN_00005190",$a,00000100
"000052a8","FUN_000052a8",$a,00000104
"000053b0","|static|_DAT_00868888_000053b0",$d,00000000
"000053cc","FUN_000053cc",$a,00000024
"000053f4","FUN_000053f4",$a,00000008
"00005408","FUN_00005408",$a,00000100
"0000550c","|static|_DAT_00868888_0000550c",$d,00000000
"00005540","FUN_00005540",$a,00000108
"0000564c","FUN_0000564c",$a,000000a8
"00005700","FUN_00005700",$a,000000b0
"000057c0","FUN_000057c0",$a,00000034
"000057f8","FUN_000057f8",$a,00000030
"00005890","|static|_DAT_00868888_00005890",$d,00000000
"00005894","FUN_00005894",$a,0000002c
"000058c4","FUN_000058c4",$a,00000070
"0000593c","FUN_0000593c",$a,00000064
"000059a0","FUN_000059a0",$a,00000048
"00005a00","FUN_00005a00",$a,00000008
"00005a08","FUN_00005a08",$a,0000002c
"00005af4","FUN_00005af4",$a,00000058
"00005b4c","|static|_DAT_00868888_00005b4c",$d,00000000
"00005b68","FUN_00005b68",$a,00000060
"00005bcc","FUN_00005bcc",$a,00000090
"00005c68","FUN_00005c68",$a,00000034
"00005ca0","FUN_00005ca0",$a,00000030
"00005d0c","FUN_00005d0c",$a,00000014
"00005d2c","FUN_00005d2c",$a,00000008
"00005d34","FUN_00005d34",$a,00000004
"00005d38","FUN_00005d38",$a,000000d0
"00005e10","FUN_00005e10",$a,00000060
"00005e74","FUN_00005e74",$a,00000084
"00005f04","FUN_00005f04",$a,00000034
"00005f3c","FUN_00005f3c",$a,00000030
"00005ff4","|static|_DAT_00868888_00005ff4",$d,00000000
"00005ff8","FUN_00005ff8",$a,000001c8
"00006234","|static|_DAT_00868888_00006234",$d,00000000
"00006240","FUN_00006240",$a,00000008
"00006248","FUN_00006248",$a,000000a0
"00006334","FUN_00006334",$a,0000006c
"000063b8","FUN_000063b8",$a,000000cc
"000064a4","FUN_000064a4",$a,0000002c
"00006610","FUN_00006610",$a,00000060
"00006674","FUN_00006674",$a,00000008
"0000667c","FUN_0000667c",$a,000000c8
"00006778","FUN_00006778",$a,000000bc
"00006838","|static|_DAT_00868888_00006838",$d,00000000
"0000683c","|static|_DAT_00881b00_0000683c",$d,00000000
"00006840","FUN_00006840",$a,00000138
"00006978","FUN_00006978",$a,00000058
"000069d8","FUN_000069d8",$a,00000008
"000069e0","FUN_000069e0",$a,000000dc
"00006be8","FUN_00006be8",$a,000000cc
"00006ccc","FUN_00006ccc",$a,00000068
"00006d44","FUN_00006d44",$a,0000002c
"00006d90","FUN_00006d90",$a,00000088
"00006e1c","FUN_00006e1c",$a,0000006c
"00006e8c","FUN_00006e8c",$a,000000a4
"00006fa8","|static|_DAT_008eea10_00006fa8",$d,00000000
"00006fe4","|static|_DAT_008eea10_00006fe4",$d,00000000
"00006fe8","FUN_00006fe8",$a,00000100
"000070ec","|static|_DAT_00868888_000070ec",$d,00000000
"000070f0","|static|_DAT_00881b00_000070f0",$d,00000000
"00007168","|static|_DAT_00868888_00007168",$d,00000000
"00007388","FUN_00007388",$a,00000008
"00007394","FUN_00007394",$a,00000194
"00007538","FUN_00007538",$a,00000054
"00007594","FUN_00007594",$a,00000060
"000075f8","|static|_DAT_00868888_000075f8",$d,00000000
"0000760c","FUN_0000760c",$a,00000024
"00007634","FUN_00007634",$a,0000009c
"00007728","|static|_DAT_00868888_00007728",$d,00000000
"000077b8","FUN_000077b8",$a,00000060
"0000781c","FUN_0000781c",$a,00000008
"00007824","FUN_00007824",$a,000000c8
"000078fc","FUN_000078fc",$a,00000034
"00007934","FUN_00007934",$a,00000030
"00007968","FUN_00007968",$a,000000a4
"00007a10","|static|_DAT_00868888_00007a10",$d,00000000
"00007a14","FUN_00007a14",$a,00000114
"00007b2c","FUN_00007b2c",$a,00000008
"00007b34","FUN_00007b34",$a,0000018c
"00007cc4","|static|_DAT_0085f2cc_00007cc4",$d,00000000
"00007d20","FUN_00007d20",$a,000000a0
"00007dc4","FUN_00007dc4",$a,000000b4
"00007e88","FUN_00007e88",$a,00000034
"00007ec0","FUN_00007ec0",$a,00000030
"00007ef4","FUN_00007ef4",$a,00000188
"00008080","|static|_DAT_00868888_00008080",$d,00000000
"00008098","|static|_DAT_00881b00_00008098",$d,00000000
"0000809c","FUN_0000809c",$a,00000130
"000081d0","FUN_000081d0",$a,00000060
"00008230","FUN_00008230",$a,000000e4
"00008328","FUN_00008328",$a,00000008
"00008330","FUN_00008330",$a,00000068
"000083a0","FUN_000083a0",$a,00000098
"00008440","FUN_00008440",$a,000000a4
"000084ec","|static|_DAT_00868888_000084ec",$d,00000000
"000084f8","FUN_000084f8",$a,0000008c
"0000859c","FUN_0000859c",$a,00000060
"00008840","FUN_00008840",$a,00000080
"000088d0","FUN_000088d0",$a,000000f0
"000089dc","FUN_000089dc",$a,000000bc
"00008aa4","FUN_00008aa4",$a,00000090
"00008b3c","|static|_DAT_008ae144_00008b3c",$d,00000000
"00008b58","FUN_00008b58",$a,0000008c
"00008bf8","FUN_00008bf8",$a,000000ac
"00008cac","FUN_00008cac",$a,000000b0
"00008d6c","FUN_00008d6c",$a,00000034
"00008da4","FUN_00008da4",$a,00000030
"00008de0","FUN_00008de0",$a,000000f4
"00008ed8","|static|_DAT_00868888_00008ed8",$d,00000000
"00008edc","|static|_DAT_00881b00_00008edc",$d,00000000
"00008ee4","FUN_00008ee4",$a,0000009c
"00008f88","|static|_DAT_00868888_00008f88",$d,00000000
"00008f8c","FUN_00008f8c",$a,000001e4
"000091a0","FUN_000091a0",$a,00000008
"000091ac","FUN_000091ac",$a,00000204
"000093bc","FUN_000093bc",$a,000000a4
"00009468","FUN_00009468",$a,0000002c
"000094a0","FUN_000094a0",$a,00000024
"00009530","|static|_DAT_00868888_00009530",$d,00000000
"00009534","FUN_00009534",$a,00000078
"000095e0","FUN_000095e0",$a,00000060
"00009644","FUN_00009644",$a,00000008
"0000964c","FUN_0000964c",$a,000000e4
"00009748","FUN_00009748",$a,00000034
"00009780","FUN_00009780",$a,00000030
"000097b4","FUN_000097b4",$a,00000110
"000098c8","|static|_DAT_00868888_000098c8",$d,00000000
"000098cc","|static|_DAT_00881b00_000098cc",$d,00000000
"000098dc","FUN_000098dc",$a,000000a8
"000099f8","|static|_DAT_00868888_000099f8",$d,00000000
"00009a00","FUN_00009a00",$a,00000020
"00009a20","FUN_00009a20",$a,00000008
"00009ac8","FUN_00009ac8",$a,000000b8
"00009b88","FUN_00009b88",$a,0000003c
"00009da8","FUN_00009da8",$a,00000064
"00009e10","|static|_DAT_00868888_00009e10",$d,00000000
"00009e1c","FUN_00009e1c",$a,00000038
"00009e58","FUN_00009e58",$a,00000030
"00009e8c","FUN_00009e8c",$a,00000054
"00009f58","FUN_00009f58",$a,000000c4
"0000a01c","|static|_DAT_00868888_0000a01c",$d,00000000
"0000a024","FUN_0000a024",$a,000000d0
"0000a0f8","FUN_0000a0f8",$a,0000008c
"0000a188","FUN_0000a188",$a,00000094
"0000a224","|static|_DAT_008f41e8_0000a224",$d,00000000
"0000a228","FUN_0000a228",$a,000000d0
"0000a2fc","FUN_0000a2fc",$a,000000d0
"0000a3d0","FUN_0000a3d0",$a,00000100
"0000a4d8","|static|_DAT_00950148_0000a4d8",$d,00000000
"0000a4dc","FUN_0000a4dc",$a,000000d0
"0000a5b0","FUN_0000a5b0",$a,000000d0
"0000a684","FUN_0000a684",$a,000000d0
"0000a758","FUN_0000a758",$a,00000100
"0000a864","|static|_FUN_00317dec_0000a864",$d,00000000
"0000a868","FUN_0000a868",$a,000000a8
"0000a914","FUN_0000a914",$a,000000d0
"0000a9e8","FUN_0000a9e8",$a,00000090
"0000aa78","FUN_0000aa78",$a,000000d0
"0000ac44","FUN_0000ac44",$a,000000d0
"0000ad18","FUN_0000ad18",$a,000000d0
"0000adec","FUN_0000adec",$a,0000008c
"0000ae7c","FUN_0000ae7c",$a,000000d0
"0000af50","FUN_0000af50",$a,000000d0
"0000b024","FUN_0000b024",$a,000000d0
"0000b0f8","FUN_0000b0f8",$a,000000bc
"0000b1bc","|static|_DAT_008f2bd8_0000b1bc",$d,00000000
"0000b1c0","|static|_DAT_008f427c_0000b1c0",$d,00000000
"0000b1c4","FUN_0000b1c4",$a,000000d0
"0000b298","FUN_0000b298",$a,000000bc
"0000b35c","|static|_DAT_008f2bd8_0000b35c",$d,00000000
"0000b360","|static|_DAT_008f427c_0000b360",$d,00000000
"0000b364","FUN_0000b364",$a,000000d0
"0000b438","FUN_0000b438",$a,00000044
"0000b484","FUN_0000b484",$a,000000d0
"0000b558","FUN_0000b558",$a,000000d0
"0000b62c","FUN_0000b62c",$a,000000d0
"0000b700","FUN_0000b700",$a,0000005c
"0000b75c","|static|_DAT_008ae144_0000b75c",$d,00000000
"0000b764","FUN_0000b764",$a,000000d0
"0000b838","FUN_0000b838",$a,000000d0
"0000b90c","FUN_0000b90c",$a,00000104
"0000ba1c","FUN_0000ba1c",$a,000000c4
"0000bae8","FUN_0000bae8",$a,000000d0
"0000bcd4","|static|_DAT_008ae144_0000bcd4",$d,00000000
"0000bcf0","FUN_0000bcf0",$a,000000d0
"0000bdc4","FUN_0000bdc4",$a,000000bc
"0000be88","FUN_0000be88",$a,000000d0
"0000bf5c","FUN_0000bf5c",$a,000000d0
"0000c030","FUN_0000c030",$a,00000044
"0000c078","|static|_DAT_008eea10_0000c078",$d,00000000
"0000c07c","FUN_0000c07c",$a,000000a0
"0000c11c","|static|_DAT_008f6cb4_0000c11c",$d,00000000
"0000c120","|static|_DAT_008f4a6c_0000c120",$d,00000000
"0000c124","|static|_DAT_008f427c_0000c124",$d,00000000
"0000c128","FUN_0000c128",$a,00000044
"0000c16c","FUN_0000c16c",$a,0000002c
"0000c198","FUN_0000c198",$a,000000d0
"0000c270","FUN_0000c270",$a,000000c0
"0000c334","FUN_0000c334",$a,00000104
"0000c44c","FUN_0000c44c",$a,00000008
"0000c454","FUN_0000c454",$a,000000e8
"0000c54c","FUN_0000c54c",$a,00000034
"0000c584","FUN_0000c584",$a,00000030
"0000c618","|static|_DAT_00868888_0000c618",$d,00000000
"0000c61c","FUN_0000c61c",$a,000000a4
"0000c6f8","FUN_0000c6f8",$a,00000020
"0000c71c","FUN_0000c71c",$a,00000008
"0000c724","FUN_0000c724",$a,00000058
"0000c780","FUN_0000c780",$a,000000ac
"0000c834","|static|_DAT_00868888_0000c834",$d,00000000
"0000c85c","FUN_0000c85c",$a,000000a4
"0000c904","FUN_0000c904",$a,00000060
"0000c968","FUN_0000c968",$a,0000009c
"0000ca10","FUN_0000ca10",$a,00000034
"0000ca48","FUN_0000ca48",$a,00000030
"0000ca7c","FUN_0000ca7c",$a,000000f4
"0000cb78","|static|_DAT_00868888_0000cb78",$d,00000000
"0000cb9c","FUN_0000cb9c",$a,00000070
"0000cc0c","FUN_0000cc0c",$a,000000c0
"0000cd5c","|static|_DAT_0094edd8_0000cd5c",$d,00000000
"0000cd60","FUN_0000cd60",$a,000000a4
"0000ce3c","FUN_0000ce3c",$a,000000dc
"0000cf20","FUN_0000cf20",$a,00000060
"0000cf8c","FUN_0000cf8c",$a,00000008
"0000cf94","FUN_0000cf94",$a,000000d8
"0000d078","FUN_0000d078",$a,00000060
"0000d0f8","FUN_0000d0f8",$a,00000080
"0000d178","FUN_0000d178",$a,000000d8
"0000d25c","FUN_0000d25c",$a,000001f0
"0000d454","FUN_0000d454",$a,00000060
"0000d4b8","FUN_0000d4b8",$a,00000008
"0000d4c0","FUN_0000d4c0",$a,00000110
"0000d5e8","|static|_FUN_005673c8_0000d5e8",$d,00000000
"0000d610","FUN_0000d610",$a,00000094
"0000d6a8","|static|_DAT_00868888_0000d6a8",$d,00000000
"0000d6ac","|static|_DAT_00881b00_0000d6ac",$d,00000000
"0000d6b0","FUN_0000d6b0",$a,00000054
"0000d704","FUN_0000d704",$a,00000144
"0000d84c","FUN_0000d84c",$a,0000004c
"0000d8b4","FUN_0000d8b4",$a,00000008
"0000d8bc","FUN_0000d8bc",$a,00000028
"0000d8e4","FUN_0000d8e4",$a,00000024
"0000d908","FUN_0000d908",$a,0000004c
"0000d960","FUN_0000d960",$a,0000012c
"0000da98","|static|_DAT_00868888_0000da98",$d,00000000
"0000daa0","FUN_0000daa0",$a,000000a4
"0000db50","|static|_DAT_00868888_0000db50",$d,00000000
"0000db68","FUN_0000db68",$a,00000024
"0000dba0","FUN_0000dba0",$a,00000060
"0000dc04","FUN_0000dc04",$a,00000094
"0000dca4","FUN_0000dca4",$a,00000034
"0000dcdc","FUN_0000dcdc",$a,00000030
"0000dd54","|static|_DAT_00868888_0000dd54",$d,00000000
"0000dd60","FUN_0000dd60",$a,00000008
"0000dd68","FUN_0000dd68",$a,00000004
"0000dd6c","FUN_0000dd6c",$a,000000d0
"0000de54","FUN_0000de54",$a,00000060
"0000deb8","FUN_0000deb8",$a,000000a4
"0000df64","FUN_0000df64",$a,0000008c
"0000dffc","FUN_0000dffc",$a,00000034
"0000e034","FUN_0000e034",$a,00000030
"0000e080","FUN_0000e080",$a,000000b8
"0000e13c","|static|_DAT_00868888_0000e13c",$d,00000000
"0000e140","|static|_DAT_00881b00_0000e140",$d,00000000
"0000e148","FUN_0000e148",$a,0000005c
"0000e1a8","FUN_0000e1a8",$a,0000002c
"0000e1d4","FUN_0000e1d4",$a,000001c8
"0000e3a4","FUN_0000e3a4",$a,0000005c
"0000e404","FUN_0000e404",$a,00000050
"0000e488","FUN_0000e488",$a,00000044
"0000e4d8","FUN_0000e4d8",$a,00000020
"0000e4fc","FUN_0000e4fc",$a,00000008
"0000e504","FUN_0000e504",$a,00000064
"0000e56c","|static|_DAT_00ae5664_0000e56c",$d,00000000
"0000e570","|static|_DAT_00975bee_0000e570",$d,00000000
"0000e578","FUN_0000e578",$a,000000a8
"0000e620","|static|_DAT_00868888_0000e620",$d,00000000
"0000e628","|static|_DAT_00ae5664_0000e628",$d,00000000
"0000e62c","|static|_DAT_00975bee_0000e62c",$d,00000000
"0000e638","FUN_0000e638",$a,000000f8
"0000e73c","FUN_0000e73c",$a,00000068
"0000e7fc","FUN_0000e7fc",$a,00000128
"0000e924","FUN_0000e924",$a,00000090
"0000e9bc","FUN_0000e9bc",$a,000000b0
"0000ea7c","FUN_0000ea7c",$a,00000034
"0000eab4","FUN_0000eab4",$a,00000030
"0000eaf4","FUN_0000eaf4",$a,00000008
"0000eafc","FUN_0000eafc",$a,00000004
"0000eb00","FUN_0000eb00",$a,000000d0
"0000ebd8","FUN_0000ebd8",$a,00000060
"0000ec3c","FUN_0000ec3c",$a,00000084
"0000eccc","FUN_0000eccc",$a,00000034
"0000ed04","FUN_0000ed04",$a,00000030
"0000ed94","|static|_DAT_00868888_0000ed94",$d,00000000
"0000ed98","FUN_0000ed98",$a,00000040
"0000eddc","FUN_0000eddc",$a,000000f8
"0000eedc","FUN_0000eedc",$a,00000050
"0000ef38","FUN_0000ef38",$a,00000008
"0000ef40","FUN_0000ef40",$a,000000b4
"0000f008","FUN_0000f008",$a,0000006c
"0000f078","FUN_0000f078",$a,000000b0
"0000f130","|static|_DAT_00868888_0000f130",$d,00000000
"0000f158","FUN_0000f158",$a,000000f4
"0000f250","FUN_0000f250",$a,000000a8
"0000f304","FUN_0000f304",$a,00000098
"0000f3a8","FUN_0000f3a8",$a,00000034
"0000f3e0","FUN_0000f3e0",$a,00000030
"0000f484","|static|_DAT_00868888_0000f484",$d,00000000
"0000f48c","FUN_0000f48c",$a,00000120
"0000f600","FUN_0000f600",$a,00000008
"0000f608","FUN_0000f608",$a,000000e8
"0000f6f8","|static|_DAT_00868888_0000f6f8",$d,00000000
"0000f700","FUN_0000f700",$a,000000a4
"0000f7a8","|static|_DAT_00868888_0000f7a8",$d,00000000
"0000f7d0","FUN_0000f7d0",$a,00000028
"0000f7f8","FUN_0000f7f8",$a,0000010c
"0000f904","FUN_0000f904",$a,00000060
"0000f968","FUN_0000f968",$a,000000a8
"0000fa20","FUN_0000fa20",$a,00000034
"0000fa58","FUN_0000fa58",$a,00000030
"0000fa8c","FUN_0000fa8c",$a,00000188
"0000fc1c","|static|_DAT_008ae144_0000fc1c",$d,00000000
"0000fc20","|static|_ModuleMusIns_FUN_000091a0_0000fc20",$d,00000000
"0000fc24","|static|_DAT_00a18200_0000fc24",$d,00000000
"0000fc30","FUN_0000fc30",$a,00000298
"0000fecc","|static|_DAT_00952c3c_0000fecc",$d,00000000
"0000feec","|static|_DAT_009752e0_0000feec",$d,00000000
"0000ff00","|static|_DAT_00887218_0000ff00",$d,00000000
"0000ff04","FUN_0000ff04",$a,0000004c
"0000ff50","FUN_0000ff50",$a,0000009c
"0000fff4","FUN_0000fff4",$a,00000084
"00010118","|static|_DAT_008f2bd8_00010118",$d,00000000
"0001016c","|static|_DAT_008f2bd8_0001016c",$d,00000000
"00010170","FUN_00010170",$a,00000058
"000101cc","FUN_000101cc",$a,00000040
"00010298","|static|_DAT_00868888_00010298",$d,00000000
"0001029c","|static|_DAT_00952c3c_0001029c",$d,00000000
"000102bc","FUN_000102bc",$a,00000070
"0001034c","FUN_0001034c",$a,00000174
"00010548","|static|_DAT_00868888_00010548",$d,00000000
"0001054c","FUN_0001054c",$a,000000f8
"00010648","|static|_DAT_00ae5664_00010648",$d,00000000
"0001064c","|static|_DAT_00975bee_0001064c",$d,00000000
"000106a8","FUN_000106a8",$a,00000008
"000106b0","FUN_000106b0",$a,000000b0
"00010768","FUN_00010768",$a,000000a4
"00010810","|static|_DAT_00868888_00010810",$d,00000000
"00010848","FUN_00010848",$a,0000010c
"00010954","FUN_00010954",$a,00000060
"000109b8","FUN_000109b8",$a,00000098
"00010a5c","FUN_00010a5c",$a,00000034
"00010a94","FUN_00010a94",$a,00000030
"00010b10","|static|_DAT_008f41e8_00010b10",$d,00000000
"00010b48","|static|_DAT_008f41e8_00010b48",$d,00000000
"00010bac","|static|_DAT_008f427c_00010bac",$d,00000000
"00010be4","|static|_DAT_008f427c_00010be4",$d,00000000
"00010bec","FUN_00010bec",$a,0000005c
"00010c48","|static|_DAT_008f4a6c_00010c48",$d,00000000
"00010c4c","FUN_00010c4c",$a,00000058
"00010ca4","|static|_DAT_008f4a6c_00010ca4",$d,00000000
"00010d24","FUN_00010d24",$a,0000004c
"00010da4","FUN_00010da4",$a,00000028
"00010dd4","FUN_00010dd4",$a,000000b4
"00010e88","|static|_DAT_0094edd8_00010e88",$d,00000000
"00010ee0","|static|_DAT_00868888_00010ee0",$d,00000000
"00010ef0","FUN_00010ef0",$a,00000008
"00010f00","FUN_00010f00",$a,00000004
"00010f14","FUN_00010f14",$a,000000cc
"00010fe4","FUN_00010fe4",$a,000000d0
"000110b8","FUN_000110b8",$a,0000002c
"000110e8","FUN_000110e8",$a,00000060
"0001114c","FUN_0001114c",$a,00000094
"00011210","FUN_00011210",$a,000000e8
"000112fc","|static|_DAT_00868888_000112fc",$d,00000000
"00011300","|static|_DAT_00881b00_00011300",$d,00000000
"00011378","|static|_DAT_00868888_00011378",$d,00000000
"00011530","FUN_00011530",$a,00000008
"0001153c","FUN_0001153c",$a,000001a4
"000116f0","FUN_000116f0",$a,00000034
"00011794","|static|_DAT_00868888_00011794",$d,00000000
"00011808","FUN_00011808",$a,00000060
"0001186c","FUN_0001186c",$a,00000008
"00011874","FUN_00011874",$a,000000bc
"00011940","FUN_00011940",$a,00000034
"00011978","FUN_00011978",$a,00000030
"00011cd8","FUN_00011cd8",$a,00000060
"00011ef0","|static|_DAT_00868888_00011ef0",$d,00000000
"00011fb4","FUN_00011fb4",$a,00000030
"00011fe8","FUN_00011fe8",$a,0000002c
"00012018","FUN_00012018",$a,00000030
"0001204c","FUN_0001204c",$a,0000002c
"0001207c","FUN_0001207c",$a,00000030
"000120b0","FUN_000120b0",$a,0000002c
"000120e0","FUN_000120e0",$a,00000030
"00012114","FUN_00012114",$a,0000002c
"00012144","FUN_00012144",$a,00000030
"00012178","FUN_00012178",$a,0000002c
"000121a8","FUN_000121a8",$a,00000030
"000121dc","FUN_000121dc",$a,0000002c
"0001220c","FUN_0001220c",$a,00000030
"00012240","FUN_00012240",$a,0000002c
"00012270","FUN_00012270",$a,00000030
"000122a4","FUN_000122a4",$a,0000002c
"000122d4","FUN_000122d4",$a,00000030
"00012308","FUN_00012308",$a,0000002c
"00012338","FUN_00012338",$a,00000030
"0001236c","FUN_0001236c",$a,0000002c
"0001239c","FUN_0001239c",$a,00000030
"000123d0","FUN_000123d0",$a,0000002c
"00012400","FUN_00012400",$a,0000002c
"00012458","FUN_00012458",$a,0000002c
"000124b0","FUN_000124b0",$a,00000030
"000124e4","FUN_000124e4",$a,0000002c
"00012514","FUN_00012514",$a,00000030
"00012548","FUN_00012548",$a,0000002c
"00012578","FUN_00012578",$a,00000030
"000125ac","FUN_000125ac",$a,0000002c
"000125dc","FUN_000125dc",$a,00000030
"00012610","FUN_00012610",$a,0000002c
"00012640","FUN_00012640",$a,00000030
"00012674","FUN_00012674",$a,0000002c
"000126a4","FUN_000126a4",$a,00000030
"000126d8","FUN_000126d8",$a,0000002c
"00012734","FUN_00012734",$a,00000030
"00012768","FUN_00012768",$a,0000002c
"00012798","FUN_00012798",$a,00000030
"000127cc","FUN_000127cc",$a,0000002c
"000127fc","FUN_000127fc",$a,00000030
"00012830","FUN_00012830",$a,0000002c
"00012860","FUN_00012860",$a,00000030
"00012894","FUN_00012894",$a,0000002c
"000128c4","FUN_000128c4",$a,00000030
"000128f8","FUN_000128f8",$a,0000002c
"00012928","FUN_00012928",$a,00000030
"0001295c","FUN_0001295c",$a,0000002c
"0001298c","FUN_0001298c",$a,00000030
"000129c0","FUN_000129c0",$a,0000002c
"000129f0","FUN_000129f0",$a,0000002c
"00012a48","FUN_00012a48",$a,00000030
"00012a7c","FUN_00012a7c",$a,0000002c
"00012b30","FUN_00012b30",$a,00000034
"00012b68","FUN_00012b68",$a,00000030
"00012b9c","FUN_00012b9c",$a,00000034
"00012bd4","FUN_00012bd4",$a,00000030
"00012c08","FUN_00012c08",$a,00000034
"00012c40","FUN_00012c40",$a,00000030
"00012c74","FUN_00012c74",$a,00000034
"00012cac","FUN_00012cac",$a,00000030
"00012ce0","FUN_00012ce0",$a,00000034
"00012d18","FUN_00012d18",$a,00000030
"00012d4c","FUN_00012d4c",$a,00000034
"00012d84","FUN_00012d84",$a,00000030
"00012db8","FUN_00012db8",$a,00000034
"00012df0","FUN_00012df0",$a,00000030
"00012e24","FUN_00012e24",$a,00000034
"00012e5c","FUN_00012e5c",$a,00000030
"00012e90","FUN_00012e90",$a,00000034
"00012ec8","FUN_00012ec8",$a,00000030
"00012efc","FUN_00012efc",$a,00000034
"00012f34","FUN_00012f34",$a,00000030
"00012f68","FUN_00012f68",$a,00000034
"00012fa0","FUN_00012fa0",$a,00000030
"00012fd4","FUN_00012fd4",$a,00000034
"0001300c","FUN_0001300c",$a,00000030
"00013040","FUN_00013040",$a,00000034
"00013078","FUN_00013078",$a,00000030
"000130ac","FUN_000130ac",$a,00000034
"000130e4","FUN_000130e4",$a,00000030
"00013118","FUN_00013118",$a,00000034
"00013150","FUN_00013150",$a,00000030
"00013184","FUN_00013184",$a,00000034
"000131bc","FUN_000131bc",$a,00000030
"000131f0","FUN_000131f0",$a,00000034
"00013228","FUN_00013228",$a,00000030
"00013288","FUN_00013288",$a,00000034
"000132c0","FUN_000132c0",$a,00000030
"000132f4","FUN_000132f4",$a,00000034
"0001332c","FUN_0001332c",$a,00000030
"00013360","FUN_00013360",$a,00000034
"00013398","FUN_00013398",$a,00000030
"000133cc","FUN_000133cc",$a,00000034
"00013404","FUN_00013404",$a,00000030
"00013438","FUN_00013438",$a,00000034
"00013470","FUN_00013470",$a,00000030
"000134a4","FUN_000134a4",$a,00000034
"000134dc","FUN_000134dc",$a,00000030
"00013510","FUN_00013510",$a,00000034
"00013548","FUN_00013548",$a,00000030
"0001357c","FUN_0001357c",$a,00000034
"000135b4","FUN_000135b4",$a,00000030
"000135e8","FUN_000135e8",$a,00000040
"0001362c","FUN_0001362c",$a,0000003c
"0001366c","FUN_0001366c",$a,00000040
"000136b0","FUN_000136b0",$a,0000003c
"000136f0","FUN_000136f0",$a,00000040
"00013734","FUN_00013734",$a,0000003c
"00013774","FUN_00013774",$a,00000040
"000137b8","FUN_000137b8",$a,0000003c
"000137f8","FUN_000137f8",$a,00000040
"0001383c","FUN_0001383c",$a,0000003c
"0001387c","FUN_0001387c",$a,00000040
"000138c0","FUN_000138c0",$a,0000003c
"00013900","FUN_00013900",$a,00000040
"00013944","FUN_00013944",$a,0000003c
"00013984","FUN_00013984",$a,00000040
"000139c8","FUN_000139c8",$a,0000003c
"00013a08","FUN_00013a08",$a,00000040
"00013a4c","FUN_00013a4c",$a,0000003c
"00013a8c","FUN_00013a8c",$a,00000040
"00013ad0","FUN_00013ad0",$a,0000003c
"00013bfc","FUN_00013bfc",$a,00000020
"00013c38","FUN_00013c38",$a,00000048
"00013c80","|static|_DAT_008eea10_00013c80",$d,00000000
"00013c84","FUN_00013c84",$a,00000044
"00013cc8","|static|_DAT_008eea10_00013cc8",$d,00000000
"00013ccc","FUN_00013ccc",$a,00000040
"00013d10","FUN_00013d10",$a,0000003c
"00013d50","FUN_00013d50",$a,00000040
"00013d94","FUN_00013d94",$a,0000003c
"00013dd4","FUN_00013dd4",$a,00000040
"00013e18","FUN_00013e18",$a,0000003c
"00013e58","FUN_00013e58",$a,00000040
"00013e9c","FUN_00013e9c",$a,0000003c
"00013edc","FUN_00013edc",$a,00000040
"00013f20","FUN_00013f20",$a,0000003c
"00013f60","FUN_00013f60",$a,00000040
"00013fa4","FUN_00013fa4",$a,0000003c
"00014020","FUN_00014020",$a,00000040
"00014064","FUN_00014064",$a,0000003c
"000140a4","FUN_000140a4",$a,00000040
"000140e8","FUN_000140e8",$a,0000003c
"00014128","FUN_00014128",$a,00000040
"0001416c","FUN_0001416c",$a,0000003c
"000141ac","FUN_000141ac",$a,00000040
"000141f0","FUN_000141f0",$a,0000003c
"00014230","FUN_00014230",$a,00000040
"00014274","FUN_00014274",$a,0000003c
"000142b4","FUN_000142b4",$a,00000040
"000142f8","FUN_000142f8",$a,0000003c
"00014338","FUN_00014338",$a,00000060
"00014398","|static|_DAT_008f2bd8_00014398",$d,00000000
"0001439c","FUN_0001439c",$a,0000005c
"000143f8","|static|_DAT_008f2bd8_000143f8",$d,00000000
"000143fc","FUN_000143fc",$a,00000020
"00014438","FUN_00014438",$a,00000040
"0001447c","FUN_0001447c",$a,0000003c
"000144bc","FUN_000144bc",$a,00000044
"00014500","|static|_DAT_008f41e8_00014500",$d,00000000
"00014504","FUN_00014504",$a,00000040
"00014544","|static|_DAT_008f41e8_00014544",$d,00000000
"00014548","FUN_00014548",$a,00000044
"0001458c","|static|_DAT_008f427c_0001458c",$d,00000000
"00014590","FUN_00014590",$a,00000040
"000145d0","|static|_DAT_008f427c_000145d0",$d,00000000
"000145d4","FUN_000145d4",$a,00000068
"0001463c","|static|_DAT_008f4a6c_0001463c",$d,00000000
"00014640","FUN_00014640",$a,00000064
"000146a4","|static|_DAT_008f4a6c_000146a4",$d,00000000
"000146a8","FUN_000146a8",$a,00000020
"000146e4","FUN_000146e4",$a,00000020
"00014720","FUN_00014720",$a,00000040
"00014764","FUN_00014764",$a,0000003c
"000147a4","FUN_000147a4",$a,00000034
"000147d8","FUN_000147d8",$a,00000034
"0001480c","FUN_0001480c",$a,00000034
"000148ac","FUN_000148ac",$a,00000090
"0001493c","|static|_DAT_00868888_0001493c",$d,00000000
"00014940","|static|_DAT_00952c3c_00014940",$d,00000000
"0001498c","nnroControlObject__0001498c",$a,00000074
"000149a0","switchD_00014998::switchdataD_000149a0",$d,00000000
"00014a38","OnExit_00014a38",$d,00000001
"00014a3c","OnLoad_00014a3c",$d,00000001
"00014a40","OnUnresolved_00014a40",$d,00000001
"00014a58","FUN_00014a58",$a,00000080
"00014adc","|static|_FUN_00317dec_00014adc",$d,00000000
"00014ae0","FUN_00014ae0",$a,0000007c
"00014b60","|static|_FUN_00317dec_00014b60",$d,00000000
"00015008","|static|_DAT_008cab38_00015008",$d,00000000
"00015014","|static|_FUN_0057ba40_00015014",$d,00000000
"00015018","|static|_FUN_001f4c9c_00015018",$d,00000000
"0001501c","|static|_LAB_0057b988_0001501c",$d,00000000
"00015020","|static|_FUN_0057ba54_00015020",$d,00000000
"00015024","|static|_FUN_001f4e44_00015024",$d,00000000
"00015028","|static|_FUN_0057b98c_00015028",$d,00000000
"0001502c","|static|_FUN_0024f238_0001502c",$d,00000000
"00015030","|static|_FUN_001f4dc0_00015030",$d,00000000
"00015034","|static|_LAB_0057ba24_00015034",$d,00000000
"00015038","|static|_FUN_001f4e30_00015038",$d,00000000
"0001503c","|static|_FUN_001f4ae4_0001503c",$d,00000000
"00015040","|static|_FUN_00521a38_00015040",$d,00000000
"00015044","|static|_FUN_00521064_00015044",$d,00000000
"00015050","|static|_FUN_0071866c_00015050",$d,00000000
"00015054","|static|_INVALID_|static|_TEXT:0001c117_00015054",$d,00000000
"00015060","|static|_FUN_001f3ce0_00015060",$d,00000000
"00015064","|static|_FUN_0024f310_00015064",$d,00000000
"00015068","|static|_FUN_0024f3a0_00015068",$d,00000000
"00015070","|static|_FUN_001f4b6c_00015070",$d,00000000
"00015074","|static|_INVALID_|static|_TEXT:0001c117_00015074",$d,00000000
"0001507c","|static|_INVALID_|static|_TEXT:0001c117_0001507c",$d,00000000
"00015080","|static|_FUN_001f4e94_00015080",$d,00000000
"00015084","|static|_FUN_001f4fc8_00015084",$d,00000000
"0001508c","|static|_FUN_001f4a68_0001508c",$d,00000000
"00015098","|static|_INVALID_|static|_TEXT:0001c117_00015098",$d,00000000
"000150a4","|static|_INVALID_|static|_TEXT:0001c117_000150a4",$d,00000000
"000150a8","|static|_INVALID_|static|_TEXT:0001c117_000150a8",$d,00000000
"000150b4","|static|_DAT_008ca3d0_000150b4",$d,00000000
"000150c0","|static|_FUN_0057ba40_000150c0",$d,00000000
"000150c4","|static|_FUN_001f4c9c_000150c4",$d,00000000
"000150c8","|static|_LAB_0057b988_000150c8",$d,00000000
"000150cc","|static|_FUN_0057ba54_000150cc",$d,00000000
"000150d0","|static|_FUN_001f4e44_000150d0",$d,00000000
"000150d4","|static|_FUN_0057b98c_000150d4",$d,00000000
"000150d8","|static|_FUN_0057b990_000150d8",$d,00000000
"000150dc","|static|_FUN_001f4dc0_000150dc",$d,00000000
"000150e0","|static|_LAB_0057ba24_000150e0",$d,00000000
"000150e4","|static|_FUN_001f4e30_000150e4",$d,00000000
"000150e8","|static|_FUN_001f4ae4_000150e8",$d,00000000
"000150ec","|static|_FUN_00521a38_000150ec",$d,00000000
"000150f0","|static|_FUN_00521064_000150f0",$d,00000000
"000150fc","|static|_INVALID_|static|_TEXT:0001c117_000150fc",$d,00000000
"00015100","|static|_INVALID_|static|_TEXT:0001c117_00015100",$d,00000000
"0001510c","|static|_FUN_001f3ce0_0001510c",$d,00000000
"00015110","|static|_INVALID_|static|_TEXT:0001c117_00015110",$d,00000000
"00015114","|static|_INVALID_|static|_TEXT:0001c117_00015114",$d,00000000
"0001511c","|static|_FUN_001f4b6c_0001511c",$d,00000000
"00015120","|static|_INVALID_|static|_TEXT:0001c117_00015120",$d,00000000
"00015128","|static|_INVALID_|static|_TEXT:0001c117_00015128",$d,00000000
"0001512c","|static|_FUN_001f4e94_0001512c",$d,00000000
"00015130","|static|_FUN_001f4fc8_00015130",$d,00000000
"00015138","|static|_FUN_001f4a68_00015138",$d,00000000
"00015170","|static|_DAT_008ca3d0_00015170",$d,00000000
"0001517c","|static|_INVALID_|static|_TEXT:0001c117_0001517c",$d,00000000
"00015180","|static|_INVALID_|static|_TEXT:0001c117_00015180",$d,00000000
"00015184","|static|_INVALID_|static|_TEXT:0001c117_00015184",$d,00000000
"00015188","|static|_INVALID_|static|_TEXT:0001c117_00015188",$d,00000000
"0001518c","|static|_INVALID_|static|_TEXT:0001c117_0001518c",$d,00000000
"00015190","|static|_INVALID_|static|_TEXT:0001c117_00015190",$d,00000000
"00015198","|static|_FUN_002705fc_00015198",$d,00000000
"0001519c","|static|_FUN_0027066c_0001519c",$d,00000000
"000151cc","|static|_DAT_008cab38_000151cc",$d,00000000
"000151d8","|static|_INVALID_|static|_TEXT:0001c117_000151d8",$d,00000000
"000151dc","|static|_INVALID_|static|_TEXT:0001c117_000151dc",$d,00000000
"000151e0","|static|_INVALID_|static|_TEXT:0001c117_000151e0",$d,00000000
"000151e4","|static|_INVALID_|static|_TEXT:0001c117_000151e4",$d,00000000
"000151e8","|static|_INVALID_|static|_TEXT:0001c117_000151e8",$d,00000000
"000151ec","|static|_INVALID_|static|_TEXT:0001c117_000151ec",$d,00000000
"000151f4","|static|_FUN_002705fc_000151f4",$d,00000000
"000151f8","|static|_FUN_0027066c_000151f8",$d,00000000
"00015210","|static|_FUN_0057ba40_00015210",$d,00000000
"00015214","|static|_FUN_001f4c9c_00015214",$d,00000000
"00015218","|static|_LAB_0057b988_00015218",$d,00000000
"0001521c","|static|_FUN_0057ba54_0001521c",$d,00000000
"00015220","|static|_FUN_001f4e44_00015220",$d,00000000
"00015224","|static|_FUN_0057b98c_00015224",$d,00000000
"00015228","|static|_FUN_0024f238_00015228",$d,00000000
"0001522c","|static|_FUN_001f4dc0_0001522c",$d,00000000
"00015230","|static|_LAB_0057ba24_00015230",$d,00000000
"00015234","|static|_FUN_001f4e30_00015234",$d,00000000
"00015238","|static|_FUN_001f4ae4_00015238",$d,00000000
"0001523c","|static|_FUN_00521a38_0001523c",$d,00000000
"00015240","|static|_FUN_00521064_00015240",$d,00000000
"0001524c","|static|_FUN_0071866c_0001524c",$d,00000000
"00015250","|static|_INVALID_|static|_TEXT:0001c117_00015250",$d,00000000
"0001525c","|static|_FUN_001f3ce0_0001525c",$d,00000000
"00015260","|static|_FUN_0024f310_00015260",$d,00000000
"00015264","|static|_FUN_0024f3a0_00015264",$d,00000000
"00015278","|static|_INVALID_|static|_TEXT:0001c117_00015278",$d,00000000
"0001527c","|static|_FUN_001f4e94_0001527c",$d,00000000
"00015280","|static|_FUN_001f4fc8_00015280",$d,00000000
"00015288","|static|_FUN_001f4a68_00015288",$d,00000000
"00015294","|static|_INVALID_|static|_TEXT:0001c117_00015294",$d,00000000
"000152c4","|static|_DAT_008cab38_000152c4",$d,00000000
"000152d0","|static|_FUN_0057ba40_000152d0",$d,00000000
"000152d4","|static|_FUN_001f4c9c_000152d4",$d,00000000
"000152d8","|static|_LAB_0057b988_000152d8",$d,00000000
"000152dc","|static|_FUN_0057ba54_000152dc",$d,00000000
"000152e0","|static|_FUN_001f4e44_000152e0",$d,00000000
"000152e4","|static|_FUN_0057b98c_000152e4",$d,00000000
"000152e8","|static|_FUN_0024f238_000152e8",$d,00000000
"000152ec","|static|_FUN_001f4dc0_000152ec",$d,00000000
"000152f0","|static|_LAB_0057ba24_000152f0",$d,00000000
"000152f4","|static|_FUN_001f4e30_000152f4",$d,00000000
"000152f8","|static|_FUN_001f4ae4_000152f8",$d,00000000
"000152fc","|static|_FUN_00521a38_000152fc",$d,00000000
"00015300","|static|_FUN_00521064_00015300",$d,00000000
"0001530c","|static|_FUN_0071866c_0001530c",$d,00000000
"00015310","|static|_INVALID_|static|_TEXT:0001c117_00015310",$d,00000000
"0001531c","|static|_FUN_001f3ce0_0001531c",$d,00000000
"00015320","|static|_FUN_0024f310_00015320",$d,00000000
"00015324","|static|_FUN_0024f3a0_00015324",$d,00000000
"0001532c","|static|_FUN_001f4b6c_0001532c",$d,00000000
"00015330","|static|_INVALID_|static|_TEXT:0001c117_00015330",$d,00000000
"00015338","|static|_INVALID_|static|_TEXT:0001c117_00015338",$d,00000000
"0001533c","|static|_FUN_001f4e94_0001533c",$d,00000000
"00015340","|static|_FUN_001f4fc8_00015340",$d,00000000
"00015348","|static|_FUN_001f4a68_00015348",$d,00000000
"00015354","|static|_INVALID_|static|_TEXT:0001c117_00015354",$d,00000000
"00015360","|static|_INVALID_|static|_TEXT:0001c117_00015360",$d,00000000
"00015364","|static|_INVALID_|static|_TEXT:0001c117_00015364",$d,00000000
"00015370","|static|_DAT_008ca3d0_00015370",$d,00000000
"0001537c","|static|_FUN_0057ba40_0001537c",$d,00000000
"00015380","|static|_FUN_001f4c9c_00015380",$d,00000000
"00015384","|static|_LAB_0057b988_00015384",$d,00000000
"00015388","|static|_FUN_0057ba54_00015388",$d,00000000
"0001538c","|static|_FUN_001f4e44_0001538c",$d,00000000
"00015390","|static|_FUN_0057b98c_00015390",$d,00000000
"00015394","|static|_FUN_0057b990_00015394",$d,00000000
"00015398","|static|_FUN_001f4dc0_00015398",$d,00000000
"0001539c","|static|_LAB_0057ba24_0001539c",$d,00000000
"000153a0","|static|_FUN_001f4e30_000153a0",$d,00000000
"000153a4","|static|_FUN_001f4ae4_000153a4",$d,00000000
"000153a8","|static|_FUN_00521a38_000153a8",$d,00000000
"000153ac","|static|_FUN_00521064_000153ac",$d,00000000
"000153b8","|static|_INVALID_|static|_TEXT:0001c117_000153b8",$d,00000000
"000153bc","|static|_INVALID_|static|_TEXT:0001c117_000153bc",$d,00000000
"000153c8","|static|_FUN_001f3ce0_000153c8",$d,00000000
"000153cc","|static|_INVALID_|static|_TEXT:0001c117_000153cc",$d,00000000
"000153d0","|static|_INVALID_|static|_TEXT:0001c117_000153d0",$d,00000000
"000153d8","|static|_FUN_001f4b6c_000153d8",$d,00000000
"000153dc","|static|_INVALID_|static|_TEXT:0001c117_000153dc",$d,00000000
"000153e4","|static|_INVALID_|static|_TEXT:0001c117_000153e4",$d,00000000
"000153e8","|static|_FUN_001f4e94_000153e8",$d,00000000
"000153ec","|static|_FUN_001f4fc8_000153ec",$d,00000000
"000153f4","|static|_FUN_001f4a68_000153f4",$d,00000000
"0001542c","|static|_DAT_008ca3d0_0001542c",$d,00000000
"00015438","|static|_INVALID_|static|_TEXT:0001c117_00015438",$d,00000000
"0001543c","|static|_INVALID_|static|_TEXT:0001c117_0001543c",$d,00000000
"00015440","|static|_INVALID_|static|_TEXT:0001c117_00015440",$d,00000000
"00015444","|static|_INVALID_|static|_TEXT:0001c117_00015444",$d,00000000
"00015448","|static|_INVALID_|static|_TEXT:0001c117_00015448",$d,00000000
"0001544c","|static|_INVALID_|static|_TEXT:0001c117_0001544c",$d,00000000
"00015454","|static|_FUN_002705fc_00015454",$d,00000000
"00015458","|static|_FUN_0027066c_00015458",$d,00000000
"00015488","|static|_DAT_008cab38_00015488",$d,00000000
"00015494","|static|_INVALID_|static|_TEXT:0001c117_00015494",$d,00000000
"00015498","|static|_INVALID_|static|_TEXT:0001c117_00015498",$d,00000000
"0001549c","|static|_INVALID_|static|_TEXT:0001c117_0001549c",$d,00000000
"000154a0","|static|_INVALID_|static|_TEXT:0001c117_000154a0",$d,00000000
"000154a4","|static|_INVALID_|static|_TEXT:0001c117_000154a4",$d,00000000
"000154a8","|static|_INVALID_|static|_TEXT:0001c117_000154a8",$d,00000000
"000154b0","|static|_FUN_002705fc_000154b0",$d,00000000
"000154b4","|static|_FUN_0027066c_000154b4",$d,00000000
"000154f0","|static|_INVALID_|static|_TEXT:0001c117_000154f0",$d,00000000
"000154f4","|static|_INVALID_|static|_TEXT:0001c117_000154f4",$d,00000000
"000154f8","|static|_INVALID_|static|_TEXT:0001c117_000154f8",$d,00000000
"000154fc","|static|_INVALID_|static|_TEXT:0001c117_000154fc",$d,00000000
"00015500","|static|_INVALID_|static|_TEXT:0001c117_00015500",$d,00000000
"00015504","|static|_INVALID_|static|_TEXT:0001c117_00015504",$d,00000000
"0001551c","|static|_DAT_008cba48_0001551c",$d,00000000
"00015528","|static|_FUN_002fbc18_00015528",$d,00000000
"0001552c","|static|_FUN_002fbd80_0001552c",$d,00000000
"00015530","|static|_FUN_004edcfc_00015530",$d,00000000
"00015568","|static|_DAT_008cba48_00015568",$d,00000000
"00015574","|static|_FUN_002fbc08_00015574",$d,00000000
"00015578","|static|_FUN_00778f58_00015578",$d,00000000
"0001557c","|static|_FUN_007790e8_0001557c",$d,00000000
"00015588","|static|_INVALID_|static|_TEXT:0001c117_00015588",$d,00000000
"00015590","|static|_FUN_002705fc_00015590",$d,00000000
"00015594","|static|_FUN_0027066c_00015594",$d,00000000
"000155ac","|static|_FUN_0057ba40_000155ac",$d,00000000
"000155b0","|static|_FUN_001f4c9c_000155b0",$d,00000000
"000155b4","|static|_LAB_0057b988_000155b4",$d,00000000
"000155b8","|static|_FUN_0057ba54_000155b8",$d,00000000
"000155bc","|static|_FUN_001f4e44_000155bc",$d,00000000
"000155c0","|static|_FUN_0057b98c_000155c0",$d,00000000
"000155c4","|static|_FUN_0024f238_000155c4",$d,00000000
"000155c8","|static|_FUN_001f4dc0_000155c8",$d,00000000
"000155cc","|static|_LAB_0057ba24_000155cc",$d,00000000
"000155d0","|static|_FUN_001f4e30_000155d0",$d,00000000
"000155d4","|static|_FUN_001f4ae4_000155d4",$d,00000000
"000155d8","|static|_FUN_00521a38_000155d8",$d,00000000
"000155dc","|static|_FUN_00521064_000155dc",$d,00000000
"000155e8","|static|_FUN_0071866c_000155e8",$d,00000000
"000155ec","|static|_INVALID_|static|_TEXT:0001c117_000155ec",$d,00000000
"000155f8","|static|_FUN_001f3ce0_000155f8",$d,00000000
"000155fc","|static|_FUN_0024f310_000155fc",$d,00000000
"00015600","|static|_FUN_0024f3a0_00015600",$d,00000000
"00015614","|static|_INVALID_|static|_TEXT:0001c117_00015614",$d,00000000
"00015618","|static|_FUN_001f4e94_00015618",$d,00000000
"0001561c","|static|_FUN_001f4fc8_0001561c",$d,00000000
"00015624","|static|_FUN_001f4a68_00015624",$d,00000000
"00015630","|static|_INVALID_|static|_TEXT:0001c117_00015630",$d,00000000
"00015660","|static|_DAT_008cab38_00015660",$d,00000000
"0001566c","|static|_FUN_0057ba40_0001566c",$d,00000000
"00015670","|static|_FUN_001f4c9c_00015670",$d,00000000
"00015674","|static|_LAB_0057b988_00015674",$d,00000000
"00015678","|static|_FUN_0057ba54_00015678",$d,00000000
"0001567c","|static|_FUN_001f4e44_0001567c",$d,00000000
"00015680","|static|_FUN_0057b98c_00015680",$d,00000000
"00015684","|static|_FUN_0024f238_00015684",$d,00000000
"00015688","|static|_FUN_001f4dc0_00015688",$d,00000000
"0001568c","|static|_LAB_0057ba24_0001568c",$d,00000000
"00015690","|static|_FUN_001f4e30_00015690",$d,00000000
"00015694","|static|_FUN_001f4ae4_00015694",$d,00000000
"00015698","|static|_FUN_00521a38_00015698",$d,00000000
"0001569c","|static|_FUN_00521064_0001569c",$d,00000000
"000156a8","|static|_FUN_0071866c_000156a8",$d,00000000
"000156ac","|static|_INVALID_|static|_TEXT:0001c117_000156ac",$d,00000000
"000156b8","|static|_FUN_001f3ce0_000156b8",$d,00000000
"000156bc","|static|_FUN_0024f310_000156bc",$d,00000000
"000156c0","|static|_FUN_0024f3a0_000156c0",$d,00000000
"000156c8","|static|_FUN_001f4b6c_000156c8",$d,00000000
"000156cc","|static|_INVALID_|static|_TEXT:0001c117_000156cc",$d,00000000
"000156d4","|static|_INVALID_|static|_TEXT:0001c117_000156d4",$d,00000000
"000156d8","|static|_FUN_001f4e94_000156d8",$d,00000000
"000156dc","|static|_FUN_001f4fc8_000156dc",$d,00000000
"000156e4","|static|_FUN_001f4a68_000156e4",$d,00000000
"000156f0","|static|_INVALID_|static|_TEXT:0001c117_000156f0",$d,00000000
"000156fc","|static|_INVALID_|static|_TEXT:0001c117_000156fc",$d,00000000
"00015700","|static|_INVALID_|static|_TEXT:0001c117_00015700",$d,00000000
"0001570c","|static|_DAT_008ca3d0_0001570c",$d,00000000
"00015718","|static|_FUN_0057ba40_00015718",$d,00000000
"0001571c","|static|_FUN_001f4c9c_0001571c",$d,00000000
"00015720","|static|_LAB_0057b988_00015720",$d,00000000
"00015724","|static|_FUN_0057ba54_00015724",$d,00000000
"00015728","|static|_FUN_001f4e44_00015728",$d,00000000
"0001572c","|static|_FUN_0057b98c_0001572c",$d,00000000
"00015730","|static|_FUN_0057b990_00015730",$d,00000000
"00015734","|static|_FUN_001f4dc0_00015734",$d,00000000
"00015738","|static|_LAB_0057ba24_00015738",$d,00000000
"0001573c","|static|_FUN_001f4e30_0001573c",$d,00000000
"00015740","|static|_FUN_001f4ae4_00015740",$d,00000000
"00015744","|static|_FUN_00521a38_00015744",$d,00000000
"00015748","|static|_FUN_00521064_00015748",$d,00000000
"00015754","|static|_INVALID_|static|_TEXT:0001c117_00015754",$d,00000000
"00015758","|static|_INVALID_|static|_TEXT:0001c117_00015758",$d,00000000
"00015764","|static|_FUN_001f3ce0_00015764",$d,00000000
"00015768","|static|_INVALID_|static|_TEXT:0001c117_00015768",$d,00000000
"0001576c","|static|_INVALID_|static|_TEXT:0001c117_0001576c",$d,00000000
"00015774","|static|_FUN_001f4b6c_00015774",$d,00000000
"00015778","|static|_INVALID_|static|_TEXT:0001c117_00015778",$d,00000000
"00015780","|static|_INVALID_|static|_TEXT:0001c117_00015780",$d,00000000
"00015784","|static|_FUN_001f4e94_00015784",$d,00000000
"00015788","|static|_FUN_001f4fc8_00015788",$d,00000000
"00015790","|static|_FUN_001f4a68_00015790",$d,00000000
"000157c8","|static|_DAT_008ca3d0_000157c8",$d,00000000
"000157d4","|static|_INVALID_|static|_TEXT:0001c117_000157d4",$d,00000000
"000157d8","|static|_INVALID_|static|_TEXT:0001c117_000157d8",$d,00000000
"000157dc","|static|_INVALID_|static|_TEXT:0001c117_000157dc",$d,00000000
"000157e0","|static|_INVALID_|static|_TEXT:0001c117_000157e0",$d,00000000
"000157e4","|static|_INVALID_|static|_TEXT:0001c117_000157e4",$d,00000000
"000157e8","|static|_INVALID_|static|_TEXT:0001c117_000157e8",$d,00000000
"000157f0","|static|_FUN_002705fc_000157f0",$d,00000000
"000157f4","|static|_FUN_0027066c_000157f4",$d,00000000
"00015824","|static|_DAT_008cab38_00015824",$d,00000000
"00015830","|static|_INVALID_|static|_TEXT:0001c117_00015830",$d,00000000
"00015834","|static|_INVALID_|static|_TEXT:0001c117_00015834",$d,00000000
"00015838","|static|_INVALID_|static|_TEXT:0001c117_00015838",$d,00000000
"0001583c","|static|_INVALID_|static|_TEXT:0001c117_0001583c",$d,00000000
"00015840","|static|_INVALID_|static|_TEXT:0001c117_00015840",$d,00000000
"00015844","|static|_INVALID_|static|_TEXT:0001c117_00015844",$d,00000000
"0001584c","|static|_FUN_002705fc_0001584c",$d,00000000
"00015850","|static|_FUN_0027066c_00015850",$d,00000000
"0001588c","|static|_INVALID_|static|_TEXT:0001c117_0001588c",$d,00000000
"00015890","|static|_INVALID_|static|_TEXT:0001c117_00015890",$d,00000000
"00015894","|static|_INVALID_|static|_TEXT:0001c117_00015894",$d,00000000
"00015898","|static|_INVALID_|static|_TEXT:0001c117_00015898",$d,00000000
"0001589c","|static|_INVALID_|static|_TEXT:0001c117_0001589c",$d,00000000
"000158a0","|static|_INVALID_|static|_TEXT:0001c117_000158a0",$d,00000000
"000158b8","|static|_DAT_008cc070_000158b8",$d,00000000
"000158c4","|static|_FUN_002fc024_000158c4",$d,00000000
"000158c8","|static|_FUN_00321840_000158c8",$d,00000000
"000158cc","|static|_FUN_003217a0_000158cc",$d,00000000
"000158e0","|static|_FUN_0033f430_000158e0",$d,00000000
"000158f0","|static|_DAT_008cbc04_000158f0",$d,00000000
"000158fc","|static|_FUN_002fc024_000158fc",$d,00000000
"00015900","|static|_FUN_00321840_00015900",$d,00000000
"00015904","|static|_FUN_003217a0_00015904",$d,00000000
"00015918","|static|_FUN_003217d4_00015918",$d,00000000
"00015928","|static|_DAT_008cba60_00015928",$d,00000000
"00015934","|static|_FUN_002fc024_00015934",$d,00000000
"00015938","|static|_FUN_002fcb58_00015938",$d,00000000
"0001593c","|static|_FUN_002fbe58_0001593c",$d,00000000
"0001597c","|static|_DAT_008cba60_0001597c",$d,00000000
"00015988","|static|_FUN_002fc014_00015988",$d,00000000
"0001598c","|static|_FUN_00778f8c_0001598c",$d,00000000
"00015990","|static|_FUN_00779114_00015990",$d,00000000
"0001599c","|static|_INVALID_|static|_TEXT:0001c117_0001599c",$d,00000000
"000159a4","|static|_FUN_002705fc_000159a4",$d,00000000
"000159a8","|static|_FUN_0027066c_000159a8",$d,00000000
"000159d8","|static|_DAT_008cbc04_000159d8",$d,00000000
"000159e4","|static|_FUN_002fc014_000159e4",$d,00000000
"000159e8","|static|_FUN_00779038_000159e8",$d,00000000
"000159ec","|static|_FUN_00779148_000159ec",$d,00000000
"000159f8","|static|_FUN_00779398_000159f8",$d,00000000
"00015a00","|static|_FUN_002705fc_00015a00",$d,00000000
"00015a04","|static|_FUN_0027066c_00015a04",$d,00000000
"00015a34","|static|_DAT_008cc070_00015a34",$d,00000000
"00015a40","|static|_FUN_002fc014_00015a40",$d,00000000
"00015a44","|static|_FUN_00779038_00015a44",$d,00000000
"00015a48","|static|_FUN_00779148_00015a48",$d,00000000
"00015a54","|static|_FUN_0033f420_00015a54",$d,00000000
"00015a5c","|static|_FUN_002705fc_00015a5c",$d,00000000
"00015a60","|static|_FUN_0027066c_00015a60",$d,00000000
"00015a78","|static|_FUN_0057ba40_00015a78",$d,00000000
"00015a7c","|static|_FUN_001f4c9c_00015a7c",$d,00000000
"00015a80","|static|_LAB_0057b988_00015a80",$d,00000000
"00015a84","|static|_FUN_0057ba54_00015a84",$d,00000000
"00015a88","|static|_FUN_001f4e44_00015a88",$d,00000000
"00015a8c","|static|_FUN_0057b98c_00015a8c",$d,00000000
"00015a90","|static|_FUN_0024f238_00015a90",$d,00000000
"00015a94","|static|_FUN_001f4dc0_00015a94",$d,00000000
"00015a98","|static|_LAB_0057ba24_00015a98",$d,00000000
"00015a9c","|static|_FUN_001f4e30_00015a9c",$d,00000000
"00015aa0","|static|_FUN_001f4ae4_00015aa0",$d,00000000
"00015aa4","|static|_FUN_00521a38_00015aa4",$d,00000000
"00015aa8","|static|_FUN_00521064_00015aa8",$d,00000000
"00015ab4","|static|_FUN_0071866c_00015ab4",$d,00000000
"00015ab8","|static|_INVALID_|static|_TEXT:0001c117_00015ab8",$d,00000000
"00015ac4","|static|_FUN_001f3ce0_00015ac4",$d,00000000
"00015ac8","|static|_FUN_0024f310_00015ac8",$d,00000000
"00015acc","|static|_FUN_0024f3a0_00015acc",$d,00000000
"00015ae0","|static|_INVALID_|static|_TEXT:0001c117_00015ae0",$d,00000000
"00015ae4","|static|_FUN_001f4e94_00015ae4",$d,00000000
"00015ae8","|static|_FUN_001f4fc8_00015ae8",$d,00000000
"00015af0","|static|_FUN_001f4a68_00015af0",$d,00000000
"00015afc","|static|_INVALID_|static|_TEXT:0001c117_00015afc",$d,00000000
"00015b2c","|static|_DAT_008cab38_00015b2c",$d,00000000
"00015b38","|static|_FUN_0057ba40_00015b38",$d,00000000
"00015b3c","|static|_FUN_001f4c9c_00015b3c",$d,00000000
"00015b40","|static|_LAB_0057b988_00015b40",$d,00000000
"00015b44","|static|_FUN_0057ba54_00015b44",$d,00000000
"00015b48","|static|_FUN_001f4e44_00015b48",$d,00000000
"00015b4c","|static|_FUN_0057b98c_00015b4c",$d,00000000
"00015b50","|static|_FUN_0024f238_00015b50",$d,00000000
"00015b54","|static|_FUN_001f4dc0_00015b54",$d,00000000
"00015b58","|static|_LAB_0057ba24_00015b58",$d,00000000
"00015b5c","|static|_FUN_001f4e30_00015b5c",$d,00000000
"00015b60","|static|_FUN_001f4ae4_00015b60",$d,00000000
"00015b64","|static|_FUN_00521a38_00015b64",$d,00000000
"00015b68","|static|_FUN_00521064_00015b68",$d,00000000
"00015b74","|static|_FUN_0071866c_00015b74",$d,00000000
"00015b78","|static|_INVALID_|static|_TEXT:0001c117_00015b78",$d,00000000
"00015b84","|static|_FUN_001f3ce0_00015b84",$d,00000000
"00015b88","|static|_FUN_0024f310_00015b88",$d,00000000
"00015b8c","|static|_FUN_0024f3a0_00015b8c",$d,00000000
"00015b94","|static|_FUN_001f4b6c_00015b94",$d,00000000
"00015b98","|static|_INVALID_|static|_TEXT:0001c117_00015b98",$d,00000000
"00015ba0","|static|_INVALID_|static|_TEXT:0001c117_00015ba0",$d,00000000
"00015ba4","|static|_FUN_001f4e94_00015ba4",$d,00000000
"00015ba8","|static|_FUN_001f4fc8_00015ba8",$d,00000000
"00015bb0","|static|_FUN_001f4a68_00015bb0",$d,00000000
"00015bbc","|static|_INVALID_|static|_TEXT:0001c117_00015bbc",$d,00000000
"00015bc8","|static|_INVALID_|static|_TEXT:0001c117_00015bc8",$d,00000000
"00015bcc","|static|_INVALID_|static|_TEXT:0001c117_00015bcc",$d,00000000
"00015bd8","|static|_DAT_008ca3d0_00015bd8",$d,00000000
"00015be4","|static|_FUN_0057ba40_00015be4",$d,00000000
"00015be8","|static|_FUN_001f4c9c_00015be8",$d,00000000
"00015bec","|static|_LAB_0057b988_00015bec",$d,00000000
"00015bf0","|static|_FUN_0057ba54_00015bf0",$d,00000000
"00015bf4","|static|_FUN_001f4e44_00015bf4",$d,00000000
"00015bf8","|static|_FUN_0057b98c_00015bf8",$d,00000000
"00015bfc","|static|_FUN_0057b990_00015bfc",$d,00000000
"00015c00","|static|_FUN_001f4dc0_00015c00",$d,00000000
"00015c04","|static|_LAB_0057ba24_00015c04",$d,00000000
"00015c08","|static|_FUN_001f4e30_00015c08",$d,00000000
"00015c0c","|static|_FUN_001f4ae4_00015c0c",$d,00000000
"00015c10","|static|_FUN_00521a38_00015c10",$d,00000000
"00015c14","|static|_FUN_00521064_00015c14",$d,00000000
"00015c20","|static|_INVALID_|static|_TEXT:0001c117_00015c20",$d,00000000
"00015c24","|static|_INVALID_|static|_TEXT:0001c117_00015c24",$d,00000000
"00015c30","|static|_FUN_001f3ce0_00015c30",$d,00000000
"00015c34","|static|_INVALID_|static|_TEXT:0001c117_00015c34",$d,00000000
"00015c38","|static|_INVALID_|static|_TEXT:0001c117_00015c38",$d,00000000
"00015c40","|static|_FUN_001f4b6c_00015c40",$d,00000000
"00015c44","|static|_INVALID_|static|_TEXT:0001c117_00015c44",$d,00000000
"00015c4c","|static|_INVALID_|static|_TEXT:0001c117_00015c4c",$d,00000000
"00015c50","|static|_FUN_001f4e94_00015c50",$d,00000000
"00015c54","|static|_FUN_001f4fc8_00015c54",$d,00000000
"00015c5c","|static|_FUN_001f4a68_00015c5c",$d,00000000
"00015c94","|static|_DAT_008ca3d0_00015c94",$d,00000000
"00015ca0","|static|_INVALID_|static|_TEXT:0001c117_00015ca0",$d,00000000
"00015ca4","|static|_INVALID_|static|_TEXT:0001c117_00015ca4",$d,00000000
"00015ca8","|static|_INVALID_|static|_TEXT:0001c117_00015ca8",$d,00000000
"00015cac","|static|_INVALID_|static|_TEXT:0001c117_00015cac",$d,00000000
"00015cb0","|static|_INVALID_|static|_TEXT:0001c117_00015cb0",$d,00000000
"00015cb4","|static|_INVALID_|static|_TEXT:0001c117_00015cb4",$d,00000000
"00015cbc","|static|_FUN_002705fc_00015cbc",$d,00000000
"00015cc0","|static|_FUN_0027066c_00015cc0",$d,00000000
"00015cf0","|static|_DAT_008cab38_00015cf0",$d,00000000
"00015cfc","|static|_INVALID_|static|_TEXT:0001c117_00015cfc",$d,00000000
"00015d00","|static|_INVALID_|static|_TEXT:0001c117_00015d00",$d,00000000
"00015d04","|static|_INVALID_|static|_TEXT:0001c117_00015d04",$d,00000000
"00015d08","|static|_INVALID_|static|_TEXT:0001c117_00015d08",$d,00000000
"00015d0c","|static|_INVALID_|static|_TEXT:0001c117_00015d0c",$d,00000000
"00015d10","|static|_INVALID_|static|_TEXT:0001c117_00015d10",$d,00000000
"00015d18","|static|_FUN_002705fc_00015d18",$d,00000000
"00015d1c","|static|_FUN_0027066c_00015d1c",$d,00000000
"00015d58","|static|_INVALID_|static|_TEXT:0001c117_00015d58",$d,00000000
"00015d5c","|static|_INVALID_|static|_TEXT:0001c117_00015d5c",$d,00000000
"00015d60","|static|_INVALID_|static|_TEXT:0001c117_00015d60",$d,00000000
"00015d64","|static|_INVALID_|static|_TEXT:0001c117_00015d64",$d,00000000
"00015d68","|static|_INVALID_|static|_TEXT:0001c117_00015d68",$d,00000000
"00015d6c","|static|_INVALID_|static|_TEXT:0001c117_00015d6c",$d,00000000
"00015d84","|static|_DAT_008cc070_00015d84",$d,00000000
"00015d90","|static|_FUN_002fc024_00015d90",$d,00000000
"00015d94","|static|_FUN_00321840_00015d94",$d,00000000
"00015d98","|static|_FUN_003217a0_00015d98",$d,00000000
"00015dac","|static|_FUN_0033f430_00015dac",$d,00000000
"00015dbc","|static|_DAT_008cbc04_00015dbc",$d,00000000
"00015dc8","|static|_FUN_002fc024_00015dc8",$d,00000000
"00015dcc","|static|_FUN_00321840_00015dcc",$d,00000000
"00015dd0","|static|_FUN_003217a0_00015dd0",$d,00000000
"00015de4","|static|_FUN_003217d4_00015de4",$d,00000000
"00015df4","|static|_DAT_008cba60_00015df4",$d,00000000
"00015e00","|static|_FUN_002fc024_00015e00",$d,00000000
"00015e04","|static|_FUN_002fcb58_00015e04",$d,00000000
"00015e08","|static|_FUN_002fbe58_00015e08",$d,00000000
"00015e48","|static|_DAT_008cba60_00015e48",$d,00000000
"00015e54","|static|_FUN_002fc014_00015e54",$d,00000000
"00015e58","|static|_FUN_00778f8c_00015e58",$d,00000000
"00015e5c","|static|_FUN_00779114_00015e5c",$d,00000000
"00015e68","|static|_INVALID_|static|_TEXT:0001c117_00015e68",$d,00000000
"00015e70","|static|_FUN_002705fc_00015e70",$d,00000000
"00015e74","|static|_FUN_0027066c_00015e74",$d,00000000
"00015ea4","|static|_DAT_008cbc04_00015ea4",$d,00000000
"00015eb0","|static|_FUN_002fc014_00015eb0",$d,00000000
"00015eb4","|static|_FUN_00779038_00015eb4",$d,00000000
"00015eb8","|static|_FUN_00779148_00015eb8",$d,00000000
"00015ec4","|static|_FUN_00779398_00015ec4",$d,00000000
"00015ecc","|static|_FUN_002705fc_00015ecc",$d,00000000
"00015ed0","|static|_FUN_0027066c_00015ed0",$d,00000000
"00015f00","|static|_DAT_008cc070_00015f00",$d,00000000
"00015f0c","|static|_FUN_002fc014_00015f0c",$d,00000000
"00015f10","|static|_FUN_00779038_00015f10",$d,00000000
"00015f14","|static|_FUN_00779148_00015f14",$d,00000000
"00015f20","|static|_FUN_0033f420_00015f20",$d,00000000
"00015f28","|static|_FUN_002705fc_00015f28",$d,00000000
"00015f2c","|static|_FUN_0027066c_00015f2c",$d,00000000
"00015f44","|static|_FUN_0057ba40_00015f44",$d,00000000
"00015f48","|static|_FUN_001f4c9c_00015f48",$d,00000000
"00015f4c","|static|_LAB_0057b988_00015f4c",$d,00000000
"00015f50","|static|_FUN_0057ba54_00015f50",$d,00000000
"00015f54","|static|_FUN_001f4e44_00015f54",$d,00000000
"00015f58","|static|_FUN_0057b98c_00015f58",$d,00000000
"00015f5c","|static|_FUN_0024f238_00015f5c",$d,00000000
"00015f60","|static|_FUN_001f4dc0_00015f60",$d,00000000
"00015f64","|static|_LAB_0057ba24_00015f64",$d,00000000
"00015f68","|static|_FUN_001f4e30_00015f68",$d,00000000
"00015f6c","|static|_FUN_001f4ae4_00015f6c",$d,00000000
"00015f70","|static|_FUN_00521a38_00015f70",$d,00000000
"00015f74","|static|_FUN_00521064_00015f74",$d,00000000
"00015f80","|static|_FUN_0071866c_00015f80",$d,00000000
"00015f84","|static|_INVALID_|static|_TEXT:0001c117_00015f84",$d,00000000
"00015f90","|static|_FUN_001f3ce0_00015f90",$d,00000000
"00015f94","|static|_FUN_0024f310_00015f94",$d,00000000
"00015f98","|static|_FUN_0024f3a0_00015f98",$d,00000000
"00015fac","|static|_INVALID_|static|_TEXT:0001c117_00015fac",$d,00000000
"00015fb0","|static|_FUN_001f4e94_00015fb0",$d,00000000
"00015fb4","|static|_FUN_001f4fc8_00015fb4",$d,00000000
"00015fbc","|static|_FUN_001f4a68_00015fbc",$d,00000000
"00015fc8","|static|_INVALID_|static|_TEXT:0001c117_00015fc8",$d,00000000
"00015ff8","|static|_DAT_008cab38_00015ff8",$d,00000000
"00016004","|static|_FUN_0057ba40_00016004",$d,00000000
"00016008","|static|_FUN_001f4c9c_00016008",$d,00000000
"0001600c","|static|_LAB_0057b988_0001600c",$d,00000000
"00016010","|static|_FUN_0057ba54_00016010",$d,00000000
"00016014","|static|_FUN_001f4e44_00016014",$d,00000000
"00016018","|static|_FUN_0057b98c_00016018",$d,00000000
"0001601c","|static|_FUN_0024f238_0001601c",$d,00000000
"00016020","|static|_FUN_001f4dc0_00016020",$d,00000000
"00016024","|static|_LAB_0057ba24_00016024",$d,00000000
"00016028","|static|_FUN_001f4e30_00016028",$d,00000000
"0001602c","|static|_FUN_001f4ae4_0001602c",$d,00000000
"00016030","|static|_FUN_00521a38_00016030",$d,00000000
"00016034","|static|_FUN_00521064_00016034",$d,00000000
"00016040","|static|_FUN_0071866c_00016040",$d,00000000
"00016044","|static|_INVALID_|static|_TEXT:0001c117_00016044",$d,00000000
"00016050","|static|_FUN_001f3ce0_00016050",$d,00000000
"00016054","|static|_FUN_0024f310_00016054",$d,00000000
"00016058","|static|_FUN_0024f3a0_00016058",$d,00000000
"00016060","|static|_FUN_001f4b6c_00016060",$d,00000000
"00016064","|static|_INVALID_|static|_TEXT:0001c117_00016064",$d,00000000
"0001606c","|static|_INVALID_|static|_TEXT:0001c117_0001606c",$d,00000000
"00016070","|static|_FUN_001f4e94_00016070",$d,00000000
"00016074","|static|_FUN_001f4fc8_00016074",$d,00000000
"0001607c","|static|_FUN_001f4a68_0001607c",$d,00000000
"00016088","|static|_INVALID_|static|_TEXT:0001c117_00016088",$d,00000000
"00016094","|static|_INVALID_|static|_TEXT:0001c117_00016094",$d,00000000
"00016098","|static|_INVALID_|static|_TEXT:0001c117_00016098",$d,00000000
"000160a4","|static|_DAT_008ca3d0_000160a4",$d,00000000
"000160b0","|static|_FUN_0057ba40_000160b0",$d,00000000
"000160b4","|static|_FUN_001f4c9c_000160b4",$d,00000000
"000160b8","|static|_LAB_0057b988_000160b8",$d,00000000
"000160bc","|static|_FUN_0057ba54_000160bc",$d,00000000
"000160c0","|static|_FUN_001f4e44_000160c0",$d,00000000
"000160c4","|static|_FUN_0057b98c_000160c4",$d,00000000
"000160c8","|static|_FUN_0057b990_000160c8",$d,00000000
"000160cc","|static|_FUN_001f4dc0_000160cc",$d,00000000
"000160d0","|static|_LAB_0057ba24_000160d0",$d,00000000
"000160d4","|static|_FUN_001f4e30_000160d4",$d,00000000
"000160d8","|static|_FUN_001f4ae4_000160d8",$d,00000000
"000160dc","|static|_FUN_00521a38_000160dc",$d,00000000
"000160e0","|static|_FUN_00521064_000160e0",$d,00000000
"000160ec","|static|_INVALID_|static|_TEXT:0001c117_000160ec",$d,00000000
"000160f0","|static|_INVALID_|static|_TEXT:0001c117_000160f0",$d,00000000
"000160fc","|static|_FUN_001f3ce0_000160fc",$d,00000000
"00016100","|static|_INVALID_|static|_TEXT:0001c117_00016100",$d,00000000
"00016104","|static|_INVALID_|static|_TEXT:0001c117_00016104",$d,00000000
"0001610c","|static|_FUN_001f4b6c_0001610c",$d,00000000
"00016110","|static|_INVALID_|static|_TEXT:0001c117_00016110",$d,00000000
"00016118","|static|_INVALID_|static|_TEXT:0001c117_00016118",$d,00000000
"0001611c","|static|_FUN_001f4e94_0001611c",$d,00000000
"00016120","|static|_FUN_001f4fc8_00016120",$d,00000000
"00016128","|static|_FUN_001f4a68_00016128",$d,00000000
"00016160","|static|_DAT_008ca3d0_00016160",$d,00000000
"0001616c","|static|_INVALID_|static|_TEXT:0001c117_0001616c",$d,00000000
"00016170","|static|_INVALID_|static|_TEXT:0001c117_00016170",$d,00000000
"00016174","|static|_INVALID_|static|_TEXT:0001c117_00016174",$d,00000000
"00016178","|static|_INVALID_|static|_TEXT:0001c117_00016178",$d,00000000
"0001617c","|static|_INVALID_|static|_TEXT:0001c117_0001617c",$d,00000000
"00016180","|static|_INVALID_|static|_TEXT:0001c117_00016180",$d,00000000
"00016188","|static|_FUN_002705fc_00016188",$d,00000000
"0001618c","|static|_FUN_0027066c_0001618c",$d,00000000
"000161bc","|static|_DAT_008cab38_000161bc",$d,00000000
"000161c8","|static|_INVALID_|static|_TEXT:0001c117_000161c8",$d,00000000
"000161cc","|static|_INVALID_|static|_TEXT:0001c117_000161cc",$d,00000000
"000161d0","|static|_INVALID_|static|_TEXT:0001c117_000161d0",$d,00000000
"000161d4","|static|_INVALID_|static|_TEXT:0001c117_000161d4",$d,00000000
"000161d8","|static|_INVALID_|static|_TEXT:0001c117_000161d8",$d,00000000
"000161dc","|static|_INVALID_|static|_TEXT:0001c117_000161dc",$d,00000000
"000161e4","|static|_FUN_002705fc_000161e4",$d,00000000
"000161e8","|static|_FUN_0027066c_000161e8",$d,00000000
"00016224","|static|_INVALID_|static|_TEXT:0001c117_00016224",$d,00000000
"00016228","|static|_INVALID_|static|_TEXT:0001c117_00016228",$d,00000000
"0001622c","|static|_INVALID_|static|_TEXT:0001c117_0001622c",$d,00000000
"00016230","|static|_INVALID_|static|_TEXT:0001c117_00016230",$d,00000000
"00016234","|static|_INVALID_|static|_TEXT:0001c117_00016234",$d,00000000
"00016238","|static|_INVALID_|static|_TEXT:0001c117_00016238",$d,00000000
"00016250","|static|_DAT_008cc070_00016250",$d,00000000
"0001625c","|static|_FUN_002fc024_0001625c",$d,00000000
"00016260","|static|_FUN_00321840_00016260",$d,00000000
"00016264","|static|_FUN_003217a0_00016264",$d,00000000
"00016278","|static|_FUN_0033f430_00016278",$d,00000000
"00016288","|static|_DAT_008cbc04_00016288",$d,00000000
"00016294","|static|_FUN_002fc024_00016294",$d,00000000
"00016298","|static|_FUN_00321840_00016298",$d,00000000
"0001629c","|static|_FUN_003217a0_0001629c",$d,00000000
"000162b0","|static|_FUN_003217d4_000162b0",$d,00000000
"000162c0","|static|_DAT_008cba60_000162c0",$d,00000000
"000162cc","|static|_FUN_002fc024_000162cc",$d,00000000
"000162d0","|static|_FUN_002fcb58_000162d0",$d,00000000
"000162d4","|static|_FUN_002fbe58_000162d4",$d,00000000
"00016314","|static|_DAT_008cba60_00016314",$d,00000000
"00016320","|static|_FUN_002fc014_00016320",$d,00000000
"00016324","|static|_FUN_00778f8c_00016324",$d,00000000
"00016328","|static|_FUN_00779114_00016328",$d,00000000
"00016334","|static|_INVALID_|static|_TEXT:0001c117_00016334",$d,00000000
"0001633c","|static|_FUN_002705fc_0001633c",$d,00000000
"00016340","|static|_FUN_0027066c_00016340",$d,00000000
"00016370","|static|_DAT_008cbc04_00016370",$d,00000000
"0001637c","|static|_FUN_002fc014_0001637c",$d,00000000
"00016380","|static|_FUN_00779038_00016380",$d,00000000
"00016384","|static|_FUN_00779148_00016384",$d,00000000
"00016390","|static|_FUN_00779398_00016390",$d,00000000
"00016398","|static|_FUN_002705fc_00016398",$d,00000000
"0001639c","|static|_FUN_0027066c_0001639c",$d,00000000
"000163cc","|static|_DAT_008cc070_000163cc",$d,00000000
"000163d8","|static|_FUN_002fc014_000163d8",$d,00000000
"000163dc","|static|_FUN_00779038_000163dc",$d,00000000
"000163e0","|static|_FUN_00779148_000163e0",$d,00000000
"000163ec","|static|_FUN_0033f420_000163ec",$d,00000000
"000163f4","|static|_FUN_002705fc_000163f4",$d,00000000
"000163f8","|static|_FUN_0027066c_000163f8",$d,00000000
"00016410","|static|_FUN_0057ba40_00016410",$d,00000000
"00016414","|static|_FUN_001f4c9c_00016414",$d,00000000
"00016418","|static|_LAB_0057b988_00016418",$d,00000000
"0001641c","|static|_FUN_0057ba54_0001641c",$d,00000000
"00016420","|static|_FUN_001f4e44_00016420",$d,00000000
"00016424","|static|_FUN_0057b98c_00016424",$d,00000000
"00016428","|static|_FUN_0024f238_00016428",$d,00000000
"0001642c","|static|_FUN_001f4dc0_0001642c",$d,00000000
"00016430","|static|_LAB_0057ba24_00016430",$d,00000000
"00016434","|static|_FUN_001f4e30_00016434",$d,00000000
"00016438","|static|_FUN_001f4ae4_00016438",$d,00000000
"0001643c","|static|_FUN_00521a38_0001643c",$d,00000000
"00016440","|static|_FUN_00521064_00016440",$d,00000000
"0001644c","|static|_FUN_0071866c_0001644c",$d,00000000
"00016450","|static|_INVALID_|static|_TEXT:0001c117_00016450",$d,00000000
"0001645c","|static|_FUN_001f3ce0_0001645c",$d,00000000
"00016460","|static|_FUN_0024f310_00016460",$d,00000000
"00016464","|static|_FUN_0024f3a0_00016464",$d,00000000
"00016478","|static|_INVALID_|static|_TEXT:0001c117_00016478",$d,00000000
"0001647c","|static|_FUN_001f4e94_0001647c",$d,00000000
"00016480","|static|_FUN_001f4fc8_00016480",$d,00000000
"00016488","|static|_FUN_001f4a68_00016488",$d,00000000
"00016494","|static|_INVALID_|static|_TEXT:0001c117_00016494",$d,00000000
"000164c4","|static|_DAT_008cab38_000164c4",$d,00000000
"000164d0","|static|_FUN_0057ba40_000164d0",$d,00000000
"000164d4","|static|_FUN_001f4c9c_000164d4",$d,00000000
"000164d8","|static|_LAB_0057b988_000164d8",$d,00000000
"000164dc","|static|_FUN_0057ba54_000164dc",$d,00000000
"000164e0","|static|_FUN_001f4e44_000164e0",$d,00000000
"000164e4","|static|_FUN_0057b98c_000164e4",$d,00000000
"000164e8","|static|_FUN_0024f238_000164e8",$d,00000000
"000164ec","|static|_FUN_001f4dc0_000164ec",$d,00000000
"000164f0","|static|_LAB_0057ba24_000164f0",$d,00000000
"000164f4","|static|_FUN_001f4e30_000164f4",$d,00000000
"000164f8","|static|_FUN_001f4ae4_000164f8",$d,00000000
"000164fc","|static|_FUN_00521a38_000164fc",$d,00000000
"00016500","|static|_FUN_00521064_00016500",$d,00000000
"0001650c","|static|_FUN_0071866c_0001650c",$d,00000000
"00016510","|static|_INVALID_|static|_TEXT:0001c117_00016510",$d,00000000
"0001651c","|static|_FUN_001f3ce0_0001651c",$d,00000000
"00016520","|static|_FUN_0024f310_00016520",$d,00000000
"00016524","|static|_FUN_0024f3a0_00016524",$d,00000000
"0001652c","|static|_FUN_001f4b6c_0001652c",$d,00000000
"00016530","|static|_INVALID_|static|_TEXT:0001c117_00016530",$d,00000000
"00016538","|static|_INVALID_|static|_TEXT:0001c117_00016538",$d,00000000
"0001653c","|static|_FUN_001f4e94_0001653c",$d,00000000
"00016540","|static|_FUN_001f4fc8_00016540",$d,00000000
"00016548","|static|_FUN_001f4a68_00016548",$d,00000000
"00016554","|static|_INVALID_|static|_TEXT:0001c117_00016554",$d,00000000
"00016560","|static|_INVALID_|static|_TEXT:0001c117_00016560",$d,00000000
"00016564","|static|_INVALID_|static|_TEXT:0001c117_00016564",$d,00000000
"00016570","|static|_DAT_008ca3d0_00016570",$d,00000000
"0001657c","|static|_FUN_0057ba40_0001657c",$d,00000000
"00016580","|static|_FUN_001f4c9c_00016580",$d,00000000
"00016584","|static|_LAB_0057b988_00016584",$d,00000000
"00016588","|static|_FUN_0057ba54_00016588",$d,00000000
"0001658c","|static|_FUN_001f4e44_0001658c",$d,00000000
"00016590","|static|_FUN_0057b98c_00016590",$d,00000000
"00016594","|static|_FUN_0057b990_00016594",$d,00000000
"00016598","|static|_FUN_001f4dc0_00016598",$d,00000000
"0001659c","|static|_LAB_0057ba24_0001659c",$d,00000000
"000165a0","|static|_FUN_001f4e30_000165a0",$d,00000000
"000165a4","|static|_FUN_001f4ae4_000165a4",$d,00000000
"000165a8","|static|_FUN_00521a38_000165a8",$d,00000000
"000165ac","|static|_FUN_00521064_000165ac",$d,00000000
"000165b8","|static|_INVALID_|static|_TEXT:0001c117_000165b8",$d,00000000
"000165bc","|static|_INVALID_|static|_TEXT:0001c117_000165bc",$d,00000000
"000165c8","|static|_FUN_001f3ce0_000165c8",$d,00000000
"000165cc","|static|_INVALID_|static|_TEXT:0001c117_000165cc",$d,00000000
"000165d0","|static|_INVALID_|static|_TEXT:0001c117_000165d0",$d,00000000
"000165d8","|static|_FUN_001f4b6c_000165d8",$d,00000000
"000165dc","|static|_INVALID_|static|_TEXT:0001c117_000165dc",$d,00000000
"000165e4","|static|_INVALID_|static|_TEXT:0001c117_000165e4",$d,00000000
"000165e8","|static|_FUN_001f4e94_000165e8",$d,00000000
"000165ec","|static|_FUN_001f4fc8_000165ec",$d,00000000
"000165f4","|static|_FUN_001f4a68_000165f4",$d,00000000
"0001662c","|static|_DAT_008ca3d0_0001662c",$d,00000000
"00016638","|static|_INVALID_|static|_TEXT:0001c117_00016638",$d,00000000
"0001663c","|static|_INVALID_|static|_TEXT:0001c117_0001663c",$d,00000000
"00016640","|static|_INVALID_|static|_TEXT:0001c117_00016640",$d,00000000
"00016644","|static|_INVALID_|static|_TEXT:0001c117_00016644",$d,00000000
"00016648","|static|_INVALID_|static|_TEXT:0001c117_00016648",$d,00000000
"0001664c","|static|_INVALID_|static|_TEXT:0001c117_0001664c",$d,00000000
"00016654","|static|_FUN_002705fc_00016654",$d,00000000
"00016658","|static|_FUN_0027066c_00016658",$d,00000000
"00016688","|static|_DAT_008cab38_00016688",$d,00000000
"00016694","|static|_INVALID_|static|_TEXT:0001c117_00016694",$d,00000000
"00016698","|static|_INVALID_|static|_TEXT:0001c117_00016698",$d,00000000
"0001669c","|static|_INVALID_|static|_TEXT:0001c117_0001669c",$d,00000000
"000166a0","|static|_INVALID_|static|_TEXT:0001c117_000166a0",$d,00000000
"000166a4","|static|_INVALID_|static|_TEXT:0001c117_000166a4",$d,00000000
"000166a8","|static|_INVALID_|static|_TEXT:0001c117_000166a8",$d,00000000
"000166b0","|static|_FUN_002705fc_000166b0",$d,00000000
"000166b4","|static|_FUN_0027066c_000166b4",$d,00000000
"000166f0","|static|_INVALID_|static|_TEXT:0001c117_000166f0",$d,00000000
"000166f4","|static|_INVALID_|static|_TEXT:0001c117_000166f4",$d,00000000
"000166f8","|static|_INVALID_|static|_TEXT:0001c117_000166f8",$d,00000000
"000166fc","|static|_INVALID_|static|_TEXT:0001c117_000166fc",$d,00000000
"00016700","|static|_INVALID_|static|_TEXT:0001c117_00016700",$d,00000000
"00016704","|static|_INVALID_|static|_TEXT:0001c117_00016704",$d,00000000
"0001671c","|static|_DAT_008cc070_0001671c",$d,00000000
"00016728","|static|_FUN_002fc024_00016728",$d,00000000
"0001672c","|static|_FUN_00321840_0001672c",$d,00000000
"00016730","|static|_FUN_003217a0_00016730",$d,00000000
"00016744","|static|_FUN_0033f430_00016744",$d,00000000
"00016754","|static|_DAT_008cbc04_00016754",$d,00000000
"00016760","|static|_FUN_002fc024_00016760",$d,00000000
"00016764","|static|_FUN_00321840_00016764",$d,00000000
"00016768","|static|_FUN_003217a0_00016768",$d,00000000
"0001677c","|static|_FUN_003217d4_0001677c",$d,00000000
"0001678c","|static|_DAT_008cba60_0001678c",$d,00000000
"00016798","|static|_FUN_002fc024_00016798",$d,00000000
"0001679c","|static|_FUN_002fcb58_0001679c",$d,00000000
"000167a0","|static|_FUN_002fbe58_000167a0",$d,00000000
"000167e0","|static|_DAT_008cba60_000167e0",$d,00000000
"000167ec","|static|_FUN_002fc014_000167ec",$d,00000000
"000167f0","|static|_FUN_00778f8c_000167f0",$d,00000000
"000167f4","|static|_FUN_00779114_000167f4",$d,00000000
"00016800","|static|_INVALID_|static|_TEXT:0001c117_00016800",$d,00000000
"00016808","|static|_FUN_002705fc_00016808",$d,00000000
"0001680c","|static|_FUN_0027066c_0001680c",$d,00000000
"0001683c","|static|_DAT_008cbc04_0001683c",$d,00000000
"00016848","|static|_FUN_002fc014_00016848",$d,00000000
"0001684c","|static|_FUN_00779038_0001684c",$d,00000000
"00016850","|static|_FUN_00779148_00016850",$d,00000000
"0001685c","|static|_FUN_00779398_0001685c",$d,00000000
"00016864","|static|_FUN_002705fc_00016864",$d,00000000
"00016868","|static|_FUN_0027066c_00016868",$d,00000000
"00016898","|static|_DAT_008cc070_00016898",$d,00000000
"000168a4","|static|_FUN_002fc014_000168a4",$d,00000000
"000168a8","|static|_FUN_00779038_000168a8",$d,00000000
"000168ac","|static|_FUN_00779148_000168ac",$d,00000000
"000168b8","|static|_FUN_0033f420_000168b8",$d,00000000
"000168c0","|static|_FUN_002705fc_000168c0",$d,00000000
"000168c4","|static|_FUN_0027066c_000168c4",$d,00000000
"000168dc","|static|_FUN_0057ba40_000168dc",$d,00000000
"000168e0","|static|_FUN_001f4c9c_000168e0",$d,00000000
"000168e4","|static|_LAB_0057b988_000168e4",$d,00000000
"000168e8","|static|_FUN_0057ba54_000168e8",$d,00000000
"000168ec","|static|_FUN_001f4e44_000168ec",$d,00000000
"000168f0","|static|_FUN_0057b98c_000168f0",$d,00000000
"000168f4","|static|_FUN_0024f238_000168f4",$d,00000000
"000168f8","|static|_FUN_001f4dc0_000168f8",$d,00000000
"000168fc","|static|_LAB_0057ba24_000168fc",$d,00000000
"00016900","|static|_FUN_001f4e30_00016900",$d,00000000
"00016904","|static|_FUN_001f4ae4_00016904",$d,00000000
"00016908","|static|_FUN_00521a38_00016908",$d,00000000
"0001690c","|static|_FUN_00521064_0001690c",$d,00000000
"00016918","|static|_FUN_0071866c_00016918",$d,00000000
"0001691c","|static|_INVALID_|static|_TEXT:0001c117_0001691c",$d,00000000
"00016928","|static|_FUN_001f3ce0_00016928",$d,00000000
"0001692c","|static|_FUN_0024f310_0001692c",$d,00000000
"00016930","|static|_FUN_0024f3a0_00016930",$d,00000000
"00016944","|static|_INVALID_|static|_TEXT:0001c117_00016944",$d,00000000
"00016948","|static|_FUN_001f4e94_00016948",$d,00000000
"0001694c","|static|_FUN_001f4fc8_0001694c",$d,00000000
"00016954","|static|_FUN_001f4a68_00016954",$d,00000000
"00016960","|static|_INVALID_|static|_TEXT:0001c117_00016960",$d,00000000
"00016990","|static|_DAT_008cab38_00016990",$d,00000000
"0001699c","|static|_FUN_0057ba40_0001699c",$d,00000000
"000169a0","|static|_FUN_001f4c9c_000169a0",$d,00000000
"000169a4","|static|_LAB_0057b988_000169a4",$d,00000000
"000169a8","|static|_FUN_0057ba54_000169a8",$d,00000000
"000169ac","|static|_FUN_001f4e44_000169ac",$d,00000000
"000169b0","|static|_FUN_0057b98c_000169b0",$d,00000000
"000169b4","|static|_FUN_0024f238_000169b4",$d,00000000
"000169b8","|static|_FUN_001f4dc0_000169b8",$d,00000000
"000169bc","|static|_LAB_0057ba24_000169bc",$d,00000000
"000169c0","|static|_FUN_001f4e30_000169c0",$d,00000000
"000169c4","|static|_FUN_001f4ae4_000169c4",$d,00000000
"000169c8","|static|_FUN_00521a38_000169c8",$d,00000000
"000169cc","|static|_FUN_00521064_000169cc",$d,00000000
"000169d8","|static|_FUN_0071866c_000169d8",$d,00000000
"000169dc","|static|_INVALID_|static|_TEXT:0001c117_000169dc",$d,00000000
"000169e8","|static|_FUN_001f3ce0_000169e8",$d,00000000
"000169ec","|static|_FUN_0024f310_000169ec",$d,00000000
"000169f0","|static|_FUN_0024f3a0_000169f0",$d,00000000
"000169f8","|static|_FUN_001f4b6c_000169f8",$d,00000000
"000169fc","|static|_INVALID_|static|_TEXT:0001c117_000169fc",$d,00000000
"00016a04","|static|_INVALID_|static|_TEXT:0001c117_00016a04",$d,00000000
"00016a08","|static|_FUN_001f4e94_00016a08",$d,00000000
"00016a0c","|static|_FUN_001f4fc8_00016a0c",$d,00000000
"00016a14","|static|_FUN_001f4a68_00016a14",$d,00000000
"00016a20","|static|_INVALID_|static|_TEXT:0001c117_00016a20",$d,00000000
"00016a2c","|static|_INVALID_|static|_TEXT:0001c117_00016a2c",$d,00000000
"00016a30","|static|_INVALID_|static|_TEXT:0001c117_00016a30",$d,00000000
"00016a3c","|static|_DAT_008ca3d0_00016a3c",$d,00000000
"00016a48","|static|_FUN_0057ba40_00016a48",$d,00000000
"00016a4c","|static|_FUN_001f4c9c_00016a4c",$d,00000000
"00016a50","|static|_LAB_0057b988_00016a50",$d,00000000
"00016a54","|static|_FUN_0057ba54_00016a54",$d,00000000
"00016a58","|static|_FUN_001f4e44_00016a58",$d,00000000
"00016a5c","|static|_FUN_0057b98c_00016a5c",$d,00000000
"00016a60","|static|_FUN_0057b990_00016a60",$d,00000000
"00016a64","|static|_FUN_001f4dc0_00016a64",$d,00000000
"00016a68","|static|_LAB_0057ba24_00016a68",$d,00000000
"00016a6c","|static|_FUN_001f4e30_00016a6c",$d,00000000
"00016a70","|static|_FUN_001f4ae4_00016a70",$d,00000000
"00016a74","|static|_FUN_00521a38_00016a74",$d,00000000
"00016a78","|static|_FUN_00521064_00016a78",$d,00000000
"00016a84","|static|_INVALID_|static|_TEXT:0001c117_00016a84",$d,00000000
"00016a88","|static|_INVALID_|static|_TEXT:0001c117_00016a88",$d,00000000
"00016a94","|static|_FUN_001f3ce0_00016a94",$d,00000000
"00016a98","|static|_INVALID_|static|_TEXT:0001c117_00016a98",$d,00000000
"00016a9c","|static|_INVALID_|static|_TEXT:0001c117_00016a9c",$d,00000000
"00016aa4","|static|_FUN_001f4b6c_00016aa4",$d,00000000
"00016aa8","|static|_INVALID_|static|_TEXT:0001c117_00016aa8",$d,00000000
"00016ab0","|static|_INVALID_|static|_TEXT:0001c117_00016ab0",$d,00000000
"00016ab4","|static|_FUN_001f4e94_00016ab4",$d,00000000
"00016ab8","|static|_FUN_001f4fc8_00016ab8",$d,00000000
"00016ac0","|static|_FUN_001f4a68_00016ac0",$d,00000000
"00016af8","|static|_DAT_008ca3d0_00016af8",$d,00000000
"00016b04","|static|_INVALID_|static|_TEXT:0001c117_00016b04",$d,00000000
"00016b08","|static|_INVALID_|static|_TEXT:0001c117_00016b08",$d,00000000
"00016b0c","|static|_INVALID_|static|_TEXT:0001c117_00016b0c",$d,00000000
"00016b10","|static|_INVALID_|static|_TEXT:0001c117_00016b10",$d,00000000
"00016b14","|static|_INVALID_|static|_TEXT:0001c117_00016b14",$d,00000000
"00016b18","|static|_INVALID_|static|_TEXT:0001c117_00016b18",$d,00000000
"00016b20","|static|_FUN_002705fc_00016b20",$d,00000000
"00016b24","|static|_FUN_0027066c_00016b24",$d,00000000
"00016b54","|static|_DAT_008cab38_00016b54",$d,00000000
"00016b60","|static|_INVALID_|static|_TEXT:0001c117_00016b60",$d,00000000
"00016b64","|static|_INVALID_|static|_TEXT:0001c117_00016b64",$d,00000000
"00016b68","|static|_INVALID_|static|_TEXT:0001c117_00016b68",$d,00000000
"00016b6c","|static|_INVALID_|static|_TEXT:0001c117_00016b6c",$d,00000000
"00016b70","|static|_INVALID_|static|_TEXT:0001c117_00016b70",$d,00000000
"00016b74","|static|_INVALID_|static|_TEXT:0001c117_00016b74",$d,00000000
"00016b7c","|static|_FUN_002705fc_00016b7c",$d,00000000
"00016b80","|static|_FUN_0027066c_00016b80",$d,00000000
"00016bbc","|static|_INVALID_|static|_TEXT:0001c117_00016bbc",$d,00000000
"00016bc0","|static|_INVALID_|static|_TEXT:0001c117_00016bc0",$d,00000000
"00016bc4","|static|_INVALID_|static|_TEXT:0001c117_00016bc4",$d,00000000
"00016bc8","|static|_INVALID_|static|_TEXT:0001c117_00016bc8",$d,00000000
"00016bcc","|static|_INVALID_|static|_TEXT:0001c117_00016bcc",$d,00000000
"00016bd0","|static|_INVALID_|static|_TEXT:0001c117_00016bd0",$d,00000000
"00016be8","|static|_DAT_008cc070_00016be8",$d,00000000
"00016bf4","|static|_FUN_002fc024_00016bf4",$d,00000000
"00016bf8","|static|_FUN_00321840_00016bf8",$d,00000000
"00016bfc","|static|_FUN_003217a0_00016bfc",$d,00000000
"00016c10","|static|_FUN_0033f430_00016c10",$d,00000000
"00016c20","|static|_DAT_008cbc04_00016c20",$d,00000000
"00016c2c","|static|_FUN_002fc024_00016c2c",$d,00000000
"00016c30","|static|_FUN_00321840_00016c30",$d,00000000
"00016c34","|static|_FUN_003217a0_00016c34",$d,00000000
"00016c48","|static|_FUN_003217d4_00016c48",$d,00000000
"00016c58","|static|_DAT_008cba60_00016c58",$d,00000000
"00016c64","|static|_FUN_002fc024_00016c64",$d,00000000
"00016c68","|static|_FUN_002fcb58_00016c68",$d,00000000
"00016c6c","|static|_FUN_002fbe58_00016c6c",$d,00000000
"00016cac","|static|_DAT_008cba60_00016cac",$d,00000000
"00016cb8","|static|_FUN_002fc014_00016cb8",$d,00000000
"00016cbc","|static|_FUN_00778f8c_00016cbc",$d,00000000
"00016cc0","|static|_FUN_00779114_00016cc0",$d,00000000
"00016ccc","|static|_INVALID_|static|_TEXT:0001c117_00016ccc",$d,00000000
"00016cd4","|static|_FUN_002705fc_00016cd4",$d,00000000
"00016cd8","|static|_FUN_0027066c_00016cd8",$d,00000000
"00016d08","|static|_DAT_008cbc04_00016d08",$d,00000000
"00016d14","|static|_FUN_002fc014_00016d14",$d,00000000
"00016d18","|static|_FUN_00779038_00016d18",$d,00000000
"00016d1c","|static|_FUN_00779148_00016d1c",$d,00000000
"00016d28","|static|_FUN_00779398_00016d28",$d,00000000
"00016d30","|static|_FUN_002705fc_00016d30",$d,00000000
"00016d34","|static|_FUN_0027066c_00016d34",$d,00000000
"00016d64","|static|_DAT_008cc070_00016d64",$d,00000000
"00016d70","|static|_FUN_002fc014_00016d70",$d,00000000
"00016d74","|static|_FUN_00779038_00016d74",$d,00000000
"00016d78","|static|_FUN_00779148_00016d78",$d,00000000
"00016d84","|static|_FUN_0033f420_00016d84",$d,00000000
"00016d8c","|static|_FUN_002705fc_00016d8c",$d,00000000
"00016d90","|static|_FUN_0027066c_00016d90",$d,00000000
"00016da8","|static|_FUN_0057ba40_00016da8",$d,00000000
"00016dac","|static|_FUN_001f4c9c_00016dac",$d,00000000
"00016db0","|static|_LAB_0057b988_00016db0",$d,00000000
"00016db4","|static|_FUN_0057ba54_00016db4",$d,00000000
"00016db8","|static|_FUN_001f4e44_00016db8",$d,00000000
"00016dbc","|static|_FUN_0057b98c_00016dbc",$d,00000000
"00016dc0","|static|_FUN_0024f238_00016dc0",$d,00000000
"00016dc4","|static|_FUN_001f4dc0_00016dc4",$d,00000000
"00016dc8","|static|_LAB_0057ba24_00016dc8",$d,00000000
"00016dcc","|static|_FUN_001f4e30_00016dcc",$d,00000000
"00016dd0","|static|_FUN_001f4ae4_00016dd0",$d,00000000
"00016dd4","|static|_FUN_00521a38_00016dd4",$d,00000000
"00016dd8","|static|_FUN_00521064_00016dd8",$d,00000000
"00016de4","|static|_FUN_0071866c_00016de4",$d,00000000
"00016de8","|static|_INVALID_|static|_TEXT:0001c117_00016de8",$d,00000000
"00016df4","|static|_FUN_001f3ce0_00016df4",$d,00000000
"00016df8","|static|_FUN_0024f310_00016df8",$d,00000000
"00016dfc","|static|_FUN_0024f3a0_00016dfc",$d,00000000
"00016e10","|static|_INVALID_|static|_TEXT:0001c117_00016e10",$d,00000000
"00016e14","|static|_FUN_001f4e94_00016e14",$d,00000000
"00016e18","|static|_FUN_001f4fc8_00016e18",$d,00000000
"00016e20","|static|_FUN_001f4a68_00016e20",$d,00000000
"00016e2c","|static|_INVALID_|static|_TEXT:0001c117_00016e2c",$d,00000000
"00016e5c","|static|_DAT_008cab38_00016e5c",$d,00000000
"00016e68","|static|_FUN_0057ba40_00016e68",$d,00000000
"00016e6c","|static|_FUN_001f4c9c_00016e6c",$d,00000000
"00016e70","|static|_LAB_0057b988_00016e70",$d,00000000
"00016e74","|static|_FUN_0057ba54_00016e74",$d,00000000
"00016e78","|static|_FUN_001f4e44_00016e78",$d,00000000
"00016e7c","|static|_FUN_0057b98c_00016e7c",$d,00000000
"00016e80","|static|_FUN_0024f238_00016e80",$d,00000000
"00016e84","|static|_FUN_001f4dc0_00016e84",$d,00000000
"00016e88","|static|_LAB_0057ba24_00016e88",$d,00000000
"00016e8c","|static|_FUN_001f4e30_00016e8c",$d,00000000
"00016e90","|static|_FUN_001f4ae4_00016e90",$d,00000000
"00016e94","|static|_FUN_00521a38_00016e94",$d,00000000
"00016e98","|static|_FUN_00521064_00016e98",$d,00000000
"00016ea4","|static|_FUN_0071866c_00016ea4",$d,00000000
"00016ea8","|static|_INVALID_|static|_TEXT:0001c117_00016ea8",$d,00000000
"00016eb4","|static|_FUN_001f3ce0_00016eb4",$d,00000000
"00016eb8","|static|_FUN_0024f310_00016eb8",$d,00000000
"00016ebc","|static|_FUN_0024f3a0_00016ebc",$d,00000000
"00016ec4","|static|_FUN_001f4b6c_00016ec4",$d,00000000
"00016ec8","|static|_INVALID_|static|_TEXT:0001c117_00016ec8",$d,00000000
"00016ed0","|static|_INVALID_|static|_TEXT:0001c117_00016ed0",$d,00000000
"00016ed4","|static|_FUN_001f4e94_00016ed4",$d,00000000
"00016ed8","|static|_FUN_001f4fc8_00016ed8",$d,00000000
"00016ee0","|static|_FUN_001f4a68_00016ee0",$d,00000000
"00016eec","|static|_INVALID_|static|_TEXT:0001c117_00016eec",$d,00000000
"00016ef8","|static|_INVALID_|static|_TEXT:0001c117_00016ef8",$d,00000000
"00016efc","|static|_INVALID_|static|_TEXT:0001c117_00016efc",$d,00000000
"00016f08","|static|_DAT_008ca3d0_00016f08",$d,00000000
"00016f14","|static|_FUN_0057ba40_00016f14",$d,00000000
"00016f18","|static|_FUN_001f4c9c_00016f18",$d,00000000
"00016f1c","|static|_LAB_0057b988_00016f1c",$d,00000000
"00016f20","|static|_FUN_0057ba54_00016f20",$d,00000000
"00016f24","|static|_FUN_001f4e44_00016f24",$d,00000000
"00016f28","|static|_FUN_0057b98c_00016f28",$d,00000000
"00016f2c","|static|_FUN_0057b990_00016f2c",$d,00000000
"00016f30","|static|_FUN_001f4dc0_00016f30",$d,00000000
"00016f34","|static|_LAB_0057ba24_00016f34",$d,00000000
"00016f38","|static|_FUN_001f4e30_00016f38",$d,00000000
"00016f3c","|static|_FUN_001f4ae4_00016f3c",$d,00000000
"00016f40","|static|_FUN_00521a38_00016f40",$d,00000000
"00016f44","|static|_FUN_00521064_00016f44",$d,00000000
"00016f50","|static|_INVALID_|static|_TEXT:0001c117_00016f50",$d,00000000
"00016f54","|static|_INVALID_|static|_TEXT:0001c117_00016f54",$d,00000000
"00016f60","|static|_FUN_001f3ce0_00016f60",$d,00000000
"00016f64","|static|_INVALID_|static|_TEXT:0001c117_00016f64",$d,00000000
"00016f68","|static|_INVALID_|static|_TEXT:0001c117_00016f68",$d,00000000
"00016f70","|static|_FUN_001f4b6c_00016f70",$d,00000000
"00016f74","|static|_INVALID_|static|_TEXT:0001c117_00016f74",$d,00000000
"00016f7c","|static|_INVALID_|static|_TEXT:0001c117_00016f7c",$d,00000000
"00016f80","|static|_FUN_001f4e94_00016f80",$d,00000000
"00016f84","|static|_FUN_001f4fc8_00016f84",$d,00000000
"00016f8c","|static|_FUN_001f4a68_00016f8c",$d,00000000
"00016fc4","|static|_DAT_008ca3d0_00016fc4",$d,00000000
"00016fd0","|static|_INVALID_|static|_TEXT:0001c117_00016fd0",$d,00000000
"00016fd4","|static|_INVALID_|static|_TEXT:0001c117_00016fd4",$d,00000000
"00016fd8","|static|_INVALID_|static|_TEXT:0001c117_00016fd8",$d,00000000
"00016fdc","|static|_INVALID_|static|_TEXT:0001c117_00016fdc",$d,00000000
"00016fe0","|static|_INVALID_|static|_TEXT:0001c117_00016fe0",$d,00000000
"00016fe4","|static|_INVALID_|static|_TEXT:0001c117_00016fe4",$d,00000000
"00016fec","|static|_FUN_002705fc_00016fec",$d,00000000
"00016ff0","|static|_FUN_0027066c_00016ff0",$d,00000000
"00017020","|static|_DAT_008cab38_00017020",$d,00000000
"0001702c","|static|_INVALID_|static|_TEXT:0001c117_0001702c",$d,00000000
"00017030","|static|_INVALID_|static|_TEXT:0001c117_00017030",$d,00000000
"00017034","|static|_INVALID_|static|_TEXT:0001c117_00017034",$d,00000000
"00017038","|static|_INVALID_|static|_TEXT:0001c117_00017038",$d,00000000
"0001703c","|static|_INVALID_|static|_TEXT:0001c117_0001703c",$d,00000000
"00017040","|static|_INVALID_|static|_TEXT:0001c117_00017040",$d,00000000
"00017048","|static|_FUN_002705fc_00017048",$d,00000000
"0001704c","|static|_FUN_0027066c_0001704c",$d,00000000
"00017088","|static|_INVALID_|static|_TEXT:0001c117_00017088",$d,00000000
"0001708c","|static|_INVALID_|static|_TEXT:0001c117_0001708c",$d,00000000
"00017090","|static|_INVALID_|static|_TEXT:0001c117_00017090",$d,00000000
"00017094","|static|_INVALID_|static|_TEXT:0001c117_00017094",$d,00000000
"00017098","|static|_INVALID_|static|_TEXT:0001c117_00017098",$d,00000000
"0001709c","|static|_INVALID_|static|_TEXT:0001c117_0001709c",$d,00000000
"000170b4","|static|_DAT_008cc070_000170b4",$d,00000000
"000170c0","|static|_FUN_002fc024_000170c0",$d,00000000
"000170c4","|static|_FUN_00321840_000170c4",$d,00000000
"000170c8","|static|_FUN_003217a0_000170c8",$d,00000000
"000170dc","|static|_FUN_0033f430_000170dc",$d,00000000
"000170ec","|static|_DAT_008cbc04_000170ec",$d,00000000
"000170f8","|static|_FUN_002fc024_000170f8",$d,00000000
"000170fc","|static|_FUN_00321840_000170fc",$d,00000000
"00017100","|static|_FUN_003217a0_00017100",$d,00000000
"00017114","|static|_FUN_003217d4_00017114",$d,00000000
"00017124","|static|_DAT_008cba60_00017124",$d,00000000
"00017130","|static|_FUN_002fc024_00017130",$d,00000000
"00017134","|static|_FUN_002fcb58_00017134",$d,00000000
"00017138","|static|_FUN_002fbe58_00017138",$d,00000000
"00017178","|static|_DAT_008cba60_00017178",$d,00000000
"00017184","|static|_FUN_002fc014_00017184",$d,00000000
"00017188","|static|_FUN_00778f8c_00017188",$d,00000000
"0001718c","|static|_FUN_00779114_0001718c",$d,00000000
"00017198","|static|_INVALID_|static|_TEXT:0001c117_00017198",$d,00000000
"000171a0","|static|_FUN_002705fc_000171a0",$d,00000000
"000171a4","|static|_FUN_0027066c_000171a4",$d,00000000
"000171d4","|static|_DAT_008cbc04_000171d4",$d,00000000
"000171e0","|static|_FUN_002fc014_000171e0",$d,00000000
"000171e4","|static|_FUN_00779038_000171e4",$d,00000000
"000171e8","|static|_FUN_00779148_000171e8",$d,00000000
"000171f4","|static|_FUN_00779398_000171f4",$d,00000000
"000171fc","|static|_FUN_002705fc_000171fc",$d,00000000
"00017200","|static|_FUN_0027066c_00017200",$d,00000000
"00017230","|static|_DAT_008cc070_00017230",$d,00000000
"0001723c","|static|_FUN_002fc014_0001723c",$d,00000000
"00017240","|static|_FUN_00779038_00017240",$d,00000000
"00017244","|static|_FUN_00779148_00017244",$d,00000000
"00017250","|static|_FUN_0033f420_00017250",$d,00000000
"00017258","|static|_FUN_002705fc_00017258",$d,00000000
"0001725c","|static|_FUN_0027066c_0001725c",$d,00000000
"00017274","|static|_FUN_0057ba40_00017274",$d,00000000
"00017278","|static|_FUN_001f4c9c_00017278",$d,00000000
"0001727c","|static|_LAB_0057b988_0001727c",$d,00000000
"00017280","|static|_FUN_0057ba54_00017280",$d,00000000
"00017284","|static|_FUN_001f4e44_00017284",$d,00000000
"00017288","|static|_FUN_0057b98c_00017288",$d,00000000
"0001728c","|static|_FUN_0024f238_0001728c",$d,00000000
"00017290","|static|_FUN_001f4dc0_00017290",$d,00000000
"00017294","|static|_LAB_0057ba24_00017294",$d,00000000
"00017298","|static|_FUN_001f4e30_00017298",$d,00000000
"0001729c","|static|_FUN_001f4ae4_0001729c",$d,00000000
"000172a0","|static|_FUN_00521a38_000172a0",$d,00000000
"000172a4","|static|_FUN_00521064_000172a4",$d,00000000
"000172b0","|static|_FUN_0071866c_000172b0",$d,00000000
"000172b4","|static|_INVALID_|static|_TEXT:0001c117_000172b4",$d,00000000
"000172c0","|static|_FUN_001f3ce0_000172c0",$d,00000000
"000172c4","|static|_FUN_0024f310_000172c4",$d,00000000
"000172c8","|static|_FUN_0024f3a0_000172c8",$d,00000000
"000172dc","|static|_INVALID_|static|_TEXT:0001c117_000172dc",$d,00000000
"000172e0","|static|_FUN_001f4e94_000172e0",$d,00000000
"000172e4","|static|_FUN_001f4fc8_000172e4",$d,00000000
"000172ec","|static|_FUN_001f4a68_000172ec",$d,00000000
"000172f8","|static|_INVALID_|static|_TEXT:0001c117_000172f8",$d,00000000
"00017328","|static|_DAT_008cab38_00017328",$d,00000000
"00017334","|static|_FUN_0057ba40_00017334",$d,00000000
"00017338","|static|_FUN_001f4c9c_00017338",$d,00000000
"0001733c","|static|_LAB_0057b988_0001733c",$d,00000000
"00017340","|static|_FUN_0057ba54_00017340",$d,00000000
"00017344","|static|_FUN_001f4e44_00017344",$d,00000000
"00017348","|static|_FUN_0057b98c_00017348",$d,00000000
"0001734c","|static|_FUN_0024f238_0001734c",$d,00000000
"00017350","|static|_FUN_001f4dc0_00017350",$d,00000000
"00017354","|static|_LAB_0057ba24_00017354",$d,00000000
"00017358","|static|_FUN_001f4e30_00017358",$d,00000000
"0001735c","|static|_FUN_001f4ae4_0001735c",$d,00000000
"00017360","|static|_FUN_00521a38_00017360",$d,00000000
"00017364","|static|_FUN_00521064_00017364",$d,00000000
"00017370","|static|_FUN_0071866c_00017370",$d,00000000
"00017374","|static|_INVALID_|static|_TEXT:0001c117_00017374",$d,00000000
"00017380","|static|_FUN_001f3ce0_00017380",$d,00000000
"00017384","|static|_FUN_0024f310_00017384",$d,00000000
"00017388","|static|_FUN_0024f3a0_00017388",$d,00000000
"00017390","|static|_FUN_001f4b6c_00017390",$d,00000000
"00017394","|static|_INVALID_|static|_TEXT:0001c117_00017394",$d,00000000
"0001739c","|static|_INVALID_|static|_TEXT:0001c117_0001739c",$d,00000000
"000173a0","|static|_FUN_001f4e94_000173a0",$d,00000000
"000173a4","|static|_FUN_001f4fc8_000173a4",$d,00000000
"000173ac","|static|_FUN_001f4a68_000173ac",$d,00000000
"000173b8","|static|_INVALID_|static|_TEXT:0001c117_000173b8",$d,00000000
"000173c4","|static|_INVALID_|static|_TEXT:0001c117_000173c4",$d,00000000
"000173c8","|static|_INVALID_|static|_TEXT:0001c117_000173c8",$d,00000000
"000173d4","|static|_DAT_008ca3d0_000173d4",$d,00000000
"000173e0","|static|_FUN_0057ba40_000173e0",$d,00000000
"000173e4","|static|_FUN_001f4c9c_000173e4",$d,00000000
"000173e8","|static|_LAB_0057b988_000173e8",$d,00000000
"000173ec","|static|_FUN_0057ba54_000173ec",$d,00000000
"000173f0","|static|_FUN_001f4e44_000173f0",$d,00000000
"000173f4","|static|_FUN_0057b98c_000173f4",$d,00000000
"000173f8","|static|_FUN_0057b990_000173f8",$d,00000000
"000173fc","|static|_FUN_001f4dc0_000173fc",$d,00000000
"00017400","|static|_LAB_0057ba24_00017400",$d,00000000
"00017404","|static|_FUN_001f4e30_00017404",$d,00000000
"00017408","|static|_FUN_001f4ae4_00017408",$d,00000000
"0001740c","|static|_FUN_00521a38_0001740c",$d,00000000
"00017410","|static|_FUN_00521064_00017410",$d,00000000
"0001741c","|static|_INVALID_|static|_TEXT:0001c117_0001741c",$d,00000000
"00017420","|static|_INVALID_|static|_TEXT:0001c117_00017420",$d,00000000
"0001742c","|static|_FUN_001f3ce0_0001742c",$d,00000000
"00017430","|static|_INVALID_|static|_TEXT:0001c117_00017430",$d,00000000
"00017434","|static|_INVALID_|static|_TEXT:0001c117_00017434",$d,00000000
"0001743c","|static|_FUN_001f4b6c_0001743c",$d,00000000
"00017440","|static|_INVALID_|static|_TEXT:0001c117_00017440",$d,00000000
"00017448","|static|_INVALID_|static|_TEXT:0001c117_00017448",$d,00000000
"0001744c","|static|_FUN_001f4e94_0001744c",$d,00000000
"00017450","|static|_FUN_001f4fc8_00017450",$d,00000000
"00017458","|static|_FUN_001f4a68_00017458",$d,00000000
"00017490","|static|_DAT_008ca3d0_00017490",$d,00000000
"0001749c","|static|_INVALID_|static|_TEXT:0001c117_0001749c",$d,00000000
"000174a0","|static|_INVALID_|static|_TEXT:0001c117_000174a0",$d,00000000
"000174a4","|static|_INVALID_|static|_TEXT:0001c117_000174a4",$d,00000000
"000174a8","|static|_INVALID_|static|_TEXT:0001c117_000174a8",$d,00000000
"000174ac","|static|_INVALID_|static|_TEXT:0001c117_000174ac",$d,00000000
"000174b0","|static|_INVALID_|static|_TEXT:0001c117_000174b0",$d,00000000
"000174b8","|static|_FUN_002705fc_000174b8",$d,00000000
"000174bc","|static|_FUN_0027066c_000174bc",$d,00000000
"000174ec","|static|_DAT_008cab38_000174ec",$d,00000000
"000174f8","|static|_INVALID_|static|_TEXT:0001c117_000174f8",$d,00000000
"000174fc","|static|_INVALID_|static|_TEXT:0001c117_000174fc",$d,00000000
"00017500","|static|_INVALID_|static|_TEXT:0001c117_00017500",$d,00000000
"00017504","|static|_INVALID_|static|_TEXT:0001c117_00017504",$d,00000000
"00017508","|static|_INVALID_|static|_TEXT:0001c117_00017508",$d,00000000
"0001750c","|static|_INVALID_|static|_TEXT:0001c117_0001750c",$d,00000000
"00017514","|static|_FUN_002705fc_00017514",$d,00000000
"00017518","|static|_FUN_0027066c_00017518",$d,00000000
"00017554","|static|_INVALID_|static|_TEXT:0001c117_00017554",$d,00000000
"00017558","|static|_INVALID_|static|_TEXT:0001c117_00017558",$d,00000000
"0001755c","|static|_INVALID_|static|_TEXT:0001c117_0001755c",$d,00000000
"00017560","|static|_INVALID_|static|_TEXT:0001c117_00017560",$d,00000000
"00017564","|static|_INVALID_|static|_TEXT:0001c117_00017564",$d,00000000
"00017568","|static|_INVALID_|static|_TEXT:0001c117_00017568",$d,00000000
"00017580","|static|_DAT_008cb6b0_00017580",$d,00000000
"0001758c","|static|_FUN_002d09c4_0001758c",$d,00000000
"00017590","|static|_FUN_002d0ba8_00017590",$d,00000000
"00017594","|static|_FUN_002fbe58_00017594",$d,00000000
"000175b0","|static|_DAT_008cba60_000175b0",$d,00000000
"000175bc","|static|_FUN_002fc024_000175bc",$d,00000000
"000175c0","|static|_FUN_002fcb58_000175c0",$d,00000000
"000175c4","|static|_FUN_002fbe58_000175c4",$d,00000000
"00017604","|static|_DAT_008cba60_00017604",$d,00000000
"00017610","|static|_FUN_002fc014_00017610",$d,00000000
"00017614","|static|_FUN_00778f8c_00017614",$d,00000000
"00017618","|static|_FUN_00779114_00017618",$d,00000000
"00017624","|static|_INVALID_|static|_TEXT:0001c117_00017624",$d,00000000
"0001762c","|static|_FUN_002705fc_0001762c",$d,00000000
"00017630","|static|_FUN_0027066c_00017630",$d,00000000
"00017660","|static|_DAT_008cb6b0_00017660",$d,00000000
"0001766c","|static|_FUN_002d09b4_0001766c",$d,00000000
"00017670","|static|_FUN_00778ea8_00017670",$d,00000000
"00017674","|static|_FUN_00779114_00017674",$d,00000000
"00017680","|static|_INVALID_|static|_TEXT:0001c117_00017680",$d,00000000
"00017688","|static|_FUN_002705fc_00017688",$d,00000000
"0001768c","|static|_FUN_0027066c_0001768c",$d,00000000
"000176a4","|static|_FUN_0057ba40_000176a4",$d,00000000
"000176a8","|static|_FUN_001f4c9c_000176a8",$d,00000000
"000176ac","|static|_LAB_0057b988_000176ac",$d,00000000
"000176b0","|static|_FUN_0057ba54_000176b0",$d,00000000
"000176b4","|static|_FUN_001f4e44_000176b4",$d,00000000
"000176b8","|static|_FUN_0057b98c_000176b8",$d,00000000
"000176bc","|static|_FUN_0024f238_000176bc",$d,00000000
"000176c0","|static|_FUN_001f4dc0_000176c0",$d,00000000
"000176c4","|static|_LAB_0057ba24_000176c4",$d,00000000
"000176c8","|static|_FUN_001f4e30_000176c8",$d,00000000
"000176cc","|static|_FUN_001f4ae4_000176cc",$d,00000000
"000176d0","|static|_FUN_00521a38_000176d0",$d,00000000
"000176d4","|static|_FUN_00521064_000176d4",$d,00000000
"000176e0","|static|_FUN_0071866c_000176e0",$d,00000000
"000176e4","|static|_INVALID_|static|_TEXT:0001c117_000176e4",$d,00000000
"000176f0","|static|_FUN_001f3ce0_000176f0",$d,00000000
"000176f4","|static|_FUN_0024f310_000176f4",$d,00000000
"000176f8","|static|_FUN_0024f3a0_000176f8",$d,00000000
"0001770c","|static|_INVALID_|static|_TEXT:0001c117_0001770c",$d,00000000
"00017710","|static|_FUN_001f4e94_00017710",$d,00000000
"00017714","|static|_FUN_001f4fc8_00017714",$d,00000000
"0001771c","|static|_FUN_001f4a68_0001771c",$d,00000000
"00017728","|static|_INVALID_|static|_TEXT:0001c117_00017728",$d,00000000
"00017758","|static|_DAT_008cab38_00017758",$d,00000000
"00017764","|static|_FUN_0057ba40_00017764",$d,00000000
"00017768","|static|_FUN_001f4c9c_00017768",$d,00000000
"0001776c","|static|_LAB_0057b988_0001776c",$d,00000000
"00017770","|static|_FUN_0057ba54_00017770",$d,00000000
"00017774","|static|_FUN_001f4e44_00017774",$d,00000000
"00017778","|static|_FUN_0057b98c_00017778",$d,00000000
"0001777c","|static|_FUN_0024f238_0001777c",$d,00000000
"00017780","|static|_FUN_001f4dc0_00017780",$d,00000000
"00017784","|static|_LAB_0057ba24_00017784",$d,00000000
"00017788","|static|_FUN_001f4e30_00017788",$d,00000000
"0001778c","|static|_FUN_001f4ae4_0001778c",$d,00000000
"00017790","|static|_FUN_00521a38_00017790",$d,00000000
"00017794","|static|_FUN_00521064_00017794",$d,00000000
"000177a0","|static|_FUN_0071866c_000177a0",$d,00000000
"000177a4","|static|_INVALID_|static|_TEXT:0001c117_000177a4",$d,00000000
"000177b0","|static|_FUN_001f3ce0_000177b0",$d,00000000
"000177b4","|static|_FUN_0024f310_000177b4",$d,00000000
"000177b8","|static|_FUN_0024f3a0_000177b8",$d,00000000
"000177c0","|static|_FUN_001f4b6c_000177c0",$d,00000000
"000177c4","|static|_INVALID_|static|_TEXT:0001c117_000177c4",$d,00000000
"000177cc","|static|_INVALID_|static|_TEXT:0001c117_000177cc",$d,00000000
"000177d0","|static|_FUN_001f4e94_000177d0",$d,00000000
"000177d4","|static|_FUN_001f4fc8_000177d4",$d,00000000
"000177dc","|static|_FUN_001f4a68_000177dc",$d,00000000
"000177e8","|static|_INVALID_|static|_TEXT:0001c117_000177e8",$d,00000000
"000177f4","|static|_INVALID_|static|_TEXT:0001c117_000177f4",$d,00000000
"000177f8","|static|_INVALID_|static|_TEXT:0001c117_000177f8",$d,00000000
"00017804","|static|_DAT_008ca3d0_00017804",$d,00000000
"00017810","|static|_FUN_0057ba40_00017810",$d,00000000
"00017814","|static|_FUN_001f4c9c_00017814",$d,00000000
"00017818","|static|_LAB_0057b988_00017818",$d,00000000
"0001781c","|static|_FUN_0057ba54_0001781c",$d,00000000
"00017820","|static|_FUN_001f4e44_00017820",$d,00000000
"00017824","|static|_FUN_0057b98c_00017824",$d,00000000
"00017828","|static|_FUN_0057b990_00017828",$d,00000000
"0001782c","|static|_FUN_001f4dc0_0001782c",$d,00000000
"00017830","|static|_LAB_0057ba24_00017830",$d,00000000
"00017834","|static|_FUN_001f4e30_00017834",$d,00000000
"00017838","|static|_FUN_001f4ae4_00017838",$d,00000000
"0001783c","|static|_FUN_00521a38_0001783c",$d,00000000
"00017840","|static|_FUN_00521064_00017840",$d,00000000
"0001784c","|static|_INVALID_|static|_TEXT:0001c117_0001784c",$d,00000000
"00017850","|static|_INVALID_|static|_TEXT:0001c117_00017850",$d,00000000
"0001785c","|static|_FUN_001f3ce0_0001785c",$d,00000000
"00017860","|static|_INVALID_|static|_TEXT:0001c117_00017860",$d,00000000
"00017864","|static|_INVALID_|static|_TEXT:0001c117_00017864",$d,00000000
"0001786c","|static|_FUN_001f4b6c_0001786c",$d,00000000
"00017870","|static|_INVALID_|static|_TEXT:0001c117_00017870",$d,00000000
"00017878","|static|_INVALID_|static|_TEXT:0001c117_00017878",$d,00000000
"0001787c","|static|_FUN_001f4e94_0001787c",$d,00000000
"00017880","|static|_FUN_001f4fc8_00017880",$d,00000000
"00017888","|static|_FUN_001f4a68_00017888",$d,00000000
"000178c0","|static|_DAT_008ca3d0_000178c0",$d,00000000
"000178cc","|static|_INVALID_|static|_TEXT:0001c117_000178cc",$d,00000000
"000178d0","|static|_INVALID_|static|_TEXT:0001c117_000178d0",$d,00000000
"000178d4","|static|_INVALID_|static|_TEXT:0001c117_000178d4",$d,00000000
"000178d8","|static|_INVALID_|static|_TEXT:0001c117_000178d8",$d,00000000
"000178dc","|static|_INVALID_|static|_TEXT:0001c117_000178dc",$d,00000000
"000178e0","|static|_INVALID_|static|_TEXT:0001c117_000178e0",$d,00000000
"000178e8","|static|_FUN_002705fc_000178e8",$d,00000000
"000178ec","|static|_FUN_0027066c_000178ec",$d,00000000
"0001791c","|static|_DAT_008cab38_0001791c",$d,00000000
"00017928","|static|_INVALID_|static|_TEXT:0001c117_00017928",$d,00000000
"0001792c","|static|_INVALID_|static|_TEXT:0001c117_0001792c",$d,00000000
"00017930","|static|_INVALID_|static|_TEXT:0001c117_00017930",$d,00000000
"00017934","|static|_INVALID_|static|_TEXT:0001c117_00017934",$d,00000000
"00017938","|static|_INVALID_|static|_TEXT:0001c117_00017938",$d,00000000
"0001793c","|static|_INVALID_|static|_TEXT:0001c117_0001793c",$d,00000000
"00017944","|static|_FUN_002705fc_00017944",$d,00000000
"00017948","|static|_FUN_0027066c_00017948",$d,00000000
"00017984","|static|_INVALID_|static|_TEXT:0001c117_00017984",$d,00000000
"00017988","|static|_INVALID_|static|_TEXT:0001c117_00017988",$d,00000000
"0001798c","|static|_INVALID_|static|_TEXT:0001c117_0001798c",$d,00000000
"00017990","|static|_INVALID_|static|_TEXT:0001c117_00017990",$d,00000000
"00017994","|static|_INVALID_|static|_TEXT:0001c117_00017994",$d,00000000
"00017998","|static|_INVALID_|static|_TEXT:0001c117_00017998",$d,00000000
"000179b0","|static|_DAT_008cc070_000179b0",$d,00000000
"000179bc","|static|_FUN_002fc024_000179bc",$d,00000000
"000179c0","|static|_FUN_00321840_000179c0",$d,00000000
"000179c4","|static|_FUN_003217a0_000179c4",$d,00000000
"000179d8","|static|_FUN_0033f430_000179d8",$d,00000000
"000179e8","|static|_DAT_008cbc04_000179e8",$d,00000000
"000179f4","|static|_FUN_002fc024_000179f4",$d,00000000
"000179f8","|static|_FUN_00321840_000179f8",$d,00000000
"000179fc","|static|_FUN_003217a0_000179fc",$d,00000000
"00017a10","|static|_FUN_003217d4_00017a10",$d,00000000
"00017a20","|static|_DAT_008cba60_00017a20",$d,00000000
"00017a2c","|static|_FUN_002fc024_00017a2c",$d,00000000
"00017a30","|static|_FUN_002fcb58_00017a30",$d,00000000
"00017a34","|static|_FUN_002fbe58_00017a34",$d,00000000
"00017a74","|static|_DAT_008cba60_00017a74",$d,00000000
"00017a80","|static|_FUN_002fc014_00017a80",$d,00000000
"00017a84","|static|_FUN_00778f8c_00017a84",$d,00000000
"00017a88","|static|_FUN_00779114_00017a88",$d,00000000
"00017a94","|static|_INVALID_|static|_TEXT:0001c117_00017a94",$d,00000000
"00017a9c","|static|_FUN_002705fc_00017a9c",$d,00000000
"00017aa0","|static|_FUN_0027066c_00017aa0",$d,00000000
"00017ad0","|static|_DAT_008cbc04_00017ad0",$d,00000000
"00017adc","|static|_FUN_002fc014_00017adc",$d,00000000
"00017ae0","|static|_FUN_00779038_00017ae0",$d,00000000
"00017ae4","|static|_FUN_00779148_00017ae4",$d,00000000
"00017af0","|static|_FUN_00779398_00017af0",$d,00000000
"00017af8","|static|_FUN_002705fc_00017af8",$d,00000000
"00017afc","|static|_FUN_0027066c_00017afc",$d,00000000
"00017b2c","|static|_DAT_008cc070_00017b2c",$d,00000000
"00017b38","|static|_FUN_002fc014_00017b38",$d,00000000
"00017b3c","|static|_FUN_00779038_00017b3c",$d,00000000
"00017b40","|static|_FUN_00779148_00017b40",$d,00000000
"00017b4c","|static|_FUN_0033f420_00017b4c",$d,00000000
"00017b54","|static|_FUN_002705fc_00017b54",$d,00000000
"00017b58","|static|_FUN_0027066c_00017b58",$d,00000000
"00017b70","|static|_FUN_0057ba40_00017b70",$d,00000000
"00017b74","|static|_FUN_001f4c9c_00017b74",$d,00000000
"00017b78","|static|_LAB_0057b988_00017b78",$d,00000000
"00017b7c","|static|_FUN_0057ba54_00017b7c",$d,00000000
"00017b80","|static|_FUN_001f4e44_00017b80",$d,00000000
"00017b84","|static|_FUN_0057b98c_00017b84",$d,00000000
"00017b88","|static|_FUN_0024f238_00017b88",$d,00000000
"00017b8c","|static|_FUN_001f4dc0_00017b8c",$d,00000000
"00017b90","|static|_LAB_0057ba24_00017b90",$d,00000000
"00017b94","|static|_FUN_001f4e30_00017b94",$d,00000000
"00017b98","|static|_FUN_001f4ae4_00017b98",$d,00000000
"00017b9c","|static|_FUN_00521a38_00017b9c",$d,00000000
"00017ba0","|static|_FUN_00521064_00017ba0",$d,00000000
"00017bac","|static|_FUN_0071866c_00017bac",$d,00000000
"00017bb0","|static|_INVALID_|static|_TEXT:0001c117_00017bb0",$d,00000000
"00017bbc","|static|_FUN_001f3ce0_00017bbc",$d,00000000
"00017bc0","|static|_FUN_0024f310_00017bc0",$d,00000000
"00017bc4","|static|_FUN_0024f3a0_00017bc4",$d,00000000
"00017bd8","|static|_INVALID_|static|_TEXT:0001c117_00017bd8",$d,00000000
"00017bdc","|static|_FUN_001f4e94_00017bdc",$d,00000000
"00017be0","|static|_FUN_001f4fc8_00017be0",$d,00000000
"00017be8","|static|_FUN_001f4a68_00017be8",$d,00000000
"00017bf4","|static|_INVALID_|static|_TEXT:0001c117_00017bf4",$d,00000000
"00017c24","|static|_DAT_008cab38_00017c24",$d,00000000
"00017c30","|static|_FUN_0057ba40_00017c30",$d,00000000
"00017c34","|static|_FUN_001f4c9c_00017c34",$d,00000000
"00017c38","|static|_LAB_0057b988_00017c38",$d,00000000
"00017c3c","|static|_FUN_0057ba54_00017c3c",$d,00000000
"00017c40","|static|_FUN_001f4e44_00017c40",$d,00000000
"00017c44","|static|_FUN_0057b98c_00017c44",$d,00000000
"00017c48","|static|_FUN_0024f238_00017c48",$d,00000000
"00017c4c","|static|_FUN_001f4dc0_00017c4c",$d,00000000
"00017c50","|static|_LAB_0057ba24_00017c50",$d,00000000
"00017c54","|static|_FUN_001f4e30_00017c54",$d,00000000
"00017c58","|static|_FUN_001f4ae4_00017c58",$d,00000000
"00017c5c","|static|_FUN_00521a38_00017c5c",$d,00000000
"00017c60","|static|_FUN_00521064_00017c60",$d,00000000
"00017c6c","|static|_FUN_0071866c_00017c6c",$d,00000000
"00017c70","|static|_INVALID_|static|_TEXT:0001c117_00017c70",$d,00000000
"00017c7c","|static|_FUN_001f3ce0_00017c7c",$d,00000000
"00017c80","|static|_FUN_0024f310_00017c80",$d,00000000
"00017c84","|static|_FUN_0024f3a0_00017c84",$d,00000000
"00017c8c","|static|_FUN_001f4b6c_00017c8c",$d,00000000
"00017c90","|static|_INVALID_|static|_TEXT:0001c117_00017c90",$d,00000000
"00017c98","|static|_INVALID_|static|_TEXT:0001c117_00017c98",$d,00000000
"00017c9c","|static|_FUN_001f4e94_00017c9c",$d,00000000
"00017ca0","|static|_FUN_001f4fc8_00017ca0",$d,00000000
"00017ca8","|static|_FUN_001f4a68_00017ca8",$d,00000000
"00017cb4","|static|_INVALID_|static|_TEXT:0001c117_00017cb4",$d,00000000
"00017cc0","|static|_INVALID_|static|_TEXT:0001c117_00017cc0",$d,00000000
"00017cc4","|static|_INVALID_|static|_TEXT:0001c117_00017cc4",$d,00000000
"00017cd0","|static|_DAT_008ca3d0_00017cd0",$d,00000000
"00017cdc","|static|_FUN_0057ba40_00017cdc",$d,00000000
"00017ce0","|static|_FUN_001f4c9c_00017ce0",$d,00000000
"00017ce4","|static|_LAB_0057b988_00017ce4",$d,00000000
"00017ce8","|static|_FUN_0057ba54_00017ce8",$d,00000000
"00017cec","|static|_FUN_001f4e44_00017cec",$d,00000000
"00017cf0","|static|_FUN_0057b98c_00017cf0",$d,00000000
"00017cf4","|static|_FUN_0057b990_00017cf4",$d,00000000
"00017cf8","|static|_FUN_001f4dc0_00017cf8",$d,00000000
"00017cfc","|static|_LAB_0057ba24_00017cfc",$d,00000000
"00017d00","|static|_FUN_001f4e30_00017d00",$d,00000000
"00017d04","|static|_FUN_001f4ae4_00017d04",$d,00000000
"00017d08","|static|_FUN_00521a38_00017d08",$d,00000000
"00017d0c","|static|_FUN_00521064_00017d0c",$d,00000000
"00017d18","|static|_INVALID_|static|_TEXT:0001c117_00017d18",$d,00000000
"00017d1c","|static|_INVALID_|static|_TEXT:0001c117_00017d1c",$d,00000000
"00017d28","|static|_FUN_001f3ce0_00017d28",$d,00000000
"00017d2c","|static|_INVALID_|static|_TEXT:0001c117_00017d2c",$d,00000000
"00017d30","|static|_INVALID_|static|_TEXT:0001c117_00017d30",$d,00000000
"00017d38","|static|_FUN_001f4b6c_00017d38",$d,00000000
"00017d3c","|static|_INVALID_|static|_TEXT:0001c117_00017d3c",$d,00000000
"00017d44","|static|_INVALID_|static|_TEXT:0001c117_00017d44",$d,00000000
"00017d48","|static|_FUN_001f4e94_00017d48",$d,00000000
"00017d4c","|static|_FUN_001f4fc8_00017d4c",$d,00000000
"00017d54","|static|_FUN_001f4a68_00017d54",$d,00000000
"00017d8c","|static|_DAT_008ca3d0_00017d8c",$d,00000000
"00017d98","|static|_INVALID_|static|_TEXT:0001c117_00017d98",$d,00000000
"00017d9c","|static|_INVALID_|static|_TEXT:0001c117_00017d9c",$d,00000000
"00017da0","|static|_INVALID_|static|_TEXT:0001c117_00017da0",$d,00000000
"00017da4","|static|_INVALID_|static|_TEXT:0001c117_00017da4",$d,00000000
"00017da8","|static|_INVALID_|static|_TEXT:0001c117_00017da8",$d,00000000
"00017dac","|static|_INVALID_|static|_TEXT:0001c117_00017dac",$d,00000000
"00017db4","|static|_FUN_002705fc_00017db4",$d,00000000
"00017db8","|static|_FUN_0027066c_00017db8",$d,00000000
"00017de8","|static|_DAT_008cab38_00017de8",$d,00000000
"00017df4","|static|_INVALID_|static|_TEXT:0001c117_00017df4",$d,00000000
"00017df8","|static|_INVALID_|static|_TEXT:0001c117_00017df8",$d,00000000
"00017dfc","|static|_INVALID_|static|_TEXT:0001c117_00017dfc",$d,00000000
"00017e00","|static|_INVALID_|static|_TEXT:0001c117_00017e00",$d,00000000
"00017e04","|static|_INVALID_|static|_TEXT:0001c117_00017e04",$d,00000000
"00017e08","|static|_INVALID_|static|_TEXT:0001c117_00017e08",$d,00000000
"00017e10","|static|_FUN_002705fc_00017e10",$d,00000000
"00017e14","|static|_FUN_0027066c_00017e14",$d,00000000
"00017e50","|static|_INVALID_|static|_TEXT:0001c117_00017e50",$d,00000000
"00017e54","|static|_INVALID_|static|_TEXT:0001c117_00017e54",$d,00000000
"00017e58","|static|_INVALID_|static|_TEXT:0001c117_00017e58",$d,00000000
"00017e5c","|static|_INVALID_|static|_TEXT:0001c117_00017e5c",$d,00000000
"00017e60","|static|_INVALID_|static|_TEXT:0001c117_00017e60",$d,00000000
"00017e64","|static|_INVALID_|static|_TEXT:0001c117_00017e64",$d,00000000
"00017e7c","|static|_DAT_008cc070_00017e7c",$d,00000000
"00017e88","|static|_FUN_002fc024_00017e88",$d,00000000
"00017e8c","|static|_FUN_00321840_00017e8c",$d,00000000
"00017e90","|static|_FUN_003217a0_00017e90",$d,00000000
"00017ea4","|static|_FUN_0033f430_00017ea4",$d,00000000
"00017eb4","|static|_DAT_008cbc04_00017eb4",$d,00000000
"00017ec0","|static|_FUN_002fc024_00017ec0",$d,00000000
"00017ec4","|static|_FUN_00321840_00017ec4",$d,00000000
"00017ec8","|static|_FUN_003217a0_00017ec8",$d,00000000
"00017edc","|static|_FUN_003217d4_00017edc",$d,00000000
"00017eec","|static|_DAT_008cba60_00017eec",$d,00000000
"00017ef8","|static|_FUN_002fc024_00017ef8",$d,00000000
"00017efc","|static|_FUN_002fcb58_00017efc",$d,00000000
"00017f00","|static|_FUN_002fbe58_00017f00",$d,00000000
"00017f40","|static|_DAT_008cba60_00017f40",$d,00000000
"00017f4c","|static|_FUN_002fc014_00017f4c",$d,00000000
"00017f50","|static|_FUN_00778f8c_00017f50",$d,00000000
"00017f54","|static|_FUN_00779114_00017f54",$d,00000000
"00017f60","|static|_INVALID_|static|_TEXT:0001c117_00017f60",$d,00000000
"00017f68","|static|_FUN_002705fc_00017f68",$d,00000000
"00017f6c","|static|_FUN_0027066c_00017f6c",$d,00000000
"00017f9c","|static|_DAT_008cbc04_00017f9c",$d,00000000
"00017fa8","|static|_FUN_002fc014_00017fa8",$d,00000000
"00017fac","|static|_FUN_00779038_00017fac",$d,00000000
"00017fb0","|static|_FUN_00779148_00017fb0",$d,00000000
"00017fbc","|static|_FUN_00779398_00017fbc",$d,00000000
"00017fc4","|static|_FUN_002705fc_00017fc4",$d,00000000
"00017fc8","|static|_FUN_0027066c_00017fc8",$d,00000000
"00017ff8","|static|_DAT_008cc070_00017ff8",$d,00000000
"00018004","|static|_FUN_002fc014_00018004",$d,00000000
"00018008","|static|_FUN_00779038_00018008",$d,00000000
"0001800c","|static|_FUN_00779148_0001800c",$d,00000000
"00018018","|static|_FUN_0033f420_00018018",$d,00000000
"00018020","|static|_FUN_002705fc_00018020",$d,00000000
"00018024","|static|_FUN_0027066c_00018024",$d,00000000
"0001803c","|static|_FUN_0057ba40_0001803c",$d,00000000
"00018040","|static|_FUN_001f4c9c_00018040",$d,00000000
"00018044","|static|_LAB_0057b988_00018044",$d,00000000
"00018048","|static|_FUN_0057ba54_00018048",$d,00000000
"0001804c","|static|_FUN_001f4e44_0001804c",$d,00000000
"00018050","|static|_FUN_0057b98c_00018050",$d,00000000
"00018054","|static|_FUN_0024f238_00018054",$d,00000000
"00018058","|static|_FUN_001f4dc0_00018058",$d,00000000
"0001805c","|static|_LAB_0057ba24_0001805c",$d,00000000
"00018060","|static|_FUN_001f4e30_00018060",$d,00000000
"00018064","|static|_FUN_001f4ae4_00018064",$d,00000000
"00018068","|static|_FUN_00521a38_00018068",$d,00000000
"0001806c","|static|_FUN_00521064_0001806c",$d,00000000
"00018078","|static|_FUN_0071866c_00018078",$d,00000000
"0001807c","|static|_INVALID_|static|_TEXT:0001c117_0001807c",$d,00000000
"00018088","|static|_FUN_001f3ce0_00018088",$d,00000000
"0001808c","|static|_FUN_0024f310_0001808c",$d,00000000
"00018090","|static|_FUN_0024f3a0_00018090",$d,00000000
"000180a4","|static|_INVALID_|static|_TEXT:0001c117_000180a4",$d,00000000
"000180a8","|static|_FUN_001f4e94_000180a8",$d,00000000
"000180ac","|static|_FUN_001f4fc8_000180ac",$d,00000000
"000180b4","|static|_FUN_001f4a68_000180b4",$d,00000000
"000180c0","|static|_INVALID_|static|_TEXT:0001c117_000180c0",$d,00000000
"000180f0","|static|_DAT_008cab38_000180f0",$d,00000000
"000180fc","|static|_FUN_0057ba40_000180fc",$d,00000000
"00018100","|static|_FUN_001f4c9c_00018100",$d,00000000
"00018104","|static|_LAB_0057b988_00018104",$d,00000000
"00018108","|static|_FUN_0057ba54_00018108",$d,00000000
"0001810c","|static|_FUN_001f4e44_0001810c",$d,00000000
"00018110","|static|_FUN_0057b98c_00018110",$d,00000000
"00018114","|static|_FUN_0024f238_00018114",$d,00000000
"00018118","|static|_FUN_001f4dc0_00018118",$d,00000000
"0001811c","|static|_LAB_0057ba24_0001811c",$d,00000000
"00018120","|static|_FUN_001f4e30_00018120",$d,00000000
"00018124","|static|_FUN_001f4ae4_00018124",$d,00000000
"00018128","|static|_FUN_00521a38_00018128",$d,00000000
"0001812c","|static|_FUN_00521064_0001812c",$d,00000000
"00018138","|static|_FUN_0071866c_00018138",$d,00000000
"0001813c","|static|_INVALID_|static|_TEXT:0001c117_0001813c",$d,00000000
"00018148","|static|_FUN_001f3ce0_00018148",$d,00000000
"0001814c","|static|_FUN_0024f310_0001814c",$d,00000000
"00018150","|static|_FUN_0024f3a0_00018150",$d,00000000
"00018158","|static|_FUN_001f4b6c_00018158",$d,00000000
"0001815c","|static|_INVALID_|static|_TEXT:0001c117_0001815c",$d,00000000
"00018164","|static|_INVALID_|static|_TEXT:0001c117_00018164",$d,00000000
"00018168","|static|_FUN_001f4e94_00018168",$d,00000000
"0001816c","|static|_FUN_001f4fc8_0001816c",$d,00000000
"00018174","|static|_FUN_001f4a68_00018174",$d,00000000
"00018180","|static|_INVALID_|static|_TEXT:0001c117_00018180",$d,00000000
"0001818c","|static|_INVALID_|static|_TEXT:0001c117_0001818c",$d,00000000
"00018190","|static|_INVALID_|static|_TEXT:0001c117_00018190",$d,00000000
"0001819c","|static|_DAT_008ca3d0_0001819c",$d,00000000
"000181a8","|static|_FUN_0057ba40_000181a8",$d,00000000
"000181ac","|static|_FUN_001f4c9c_000181ac",$d,00000000
"000181b0","|static|_LAB_0057b988_000181b0",$d,00000000
"000181b4","|static|_FUN_0057ba54_000181b4",$d,00000000
"000181b8","|static|_FUN_001f4e44_000181b8",$d,00000000
"000181bc","|static|_FUN_0057b98c_000181bc",$d,00000000
"000181c0","|static|_FUN_0057b990_000181c0",$d,00000000
"000181c4","|static|_FUN_001f4dc0_000181c4",$d,00000000
"000181c8","|static|_LAB_0057ba24_000181c8",$d,00000000
"000181cc","|static|_FUN_001f4e30_000181cc",$d,00000000
"000181d0","|static|_FUN_001f4ae4_000181d0",$d,00000000
"000181d4","|static|_FUN_00521a38_000181d4",$d,00000000
"000181d8","|static|_FUN_00521064_000181d8",$d,00000000
"000181e4","|static|_INVALID_|static|_TEXT:0001c117_000181e4",$d,00000000
"000181e8","|static|_INVALID_|static|_TEXT:0001c117_000181e8",$d,00000000
"000181f4","|static|_FUN_001f3ce0_000181f4",$d,00000000
"000181f8","|static|_INVALID_|static|_TEXT:0001c117_000181f8",$d,00000000
"000181fc","|static|_INVALID_|static|_TEXT:0001c117_000181fc",$d,00000000
"00018204","|static|_FUN_001f4b6c_00018204",$d,00000000
"00018208","|static|_INVALID_|static|_TEXT:0001c117_00018208",$d,00000000
"00018210","|static|_INVALID_|static|_TEXT:0001c117_00018210",$d,00000000
"00018214","|static|_FUN_001f4e94_00018214",$d,00000000
"00018218","|static|_FUN_001f4fc8_00018218",$d,00000000
"00018220","|static|_FUN_001f4a68_00018220",$d,00000000
"00018258","|static|_DAT_008ca3d0_00018258",$d,00000000
"00018264","|static|_INVALID_|static|_TEXT:0001c117_00018264",$d,00000000
"00018268","|static|_INVALID_|static|_TEXT:0001c117_00018268",$d,00000000
"0001826c","|static|_INVALID_|static|_TEXT:0001c117_0001826c",$d,00000000
"00018270","|static|_INVALID_|static|_TEXT:0001c117_00018270",$d,00000000
"00018274","|static|_INVALID_|static|_TEXT:0001c117_00018274",$d,00000000
"00018278","|static|_INVALID_|static|_TEXT:0001c117_00018278",$d,00000000
"00018280","|static|_FUN_002705fc_00018280",$d,00000000
"00018284","|static|_FUN_0027066c_00018284",$d,00000000
"000182b4","|static|_DAT_008cab38_000182b4",$d,00000000
"000182c0","|static|_INVALID_|static|_TEXT:0001c117_000182c0",$d,00000000
"000182c4","|static|_INVALID_|static|_TEXT:0001c117_000182c4",$d,00000000
"000182c8","|static|_INVALID_|static|_TEXT:0001c117_000182c8",$d,00000000
"000182cc","|static|_INVALID_|static|_TEXT:0001c117_000182cc",$d,00000000
"000182d0","|static|_INVALID_|static|_TEXT:0001c117_000182d0",$d,00000000
"000182d4","|static|_INVALID_|static|_TEXT:0001c117_000182d4",$d,00000000
"000182dc","|static|_FUN_002705fc_000182dc",$d,00000000
"000182e0","|static|_FUN_0027066c_000182e0",$d,00000000
"0001831c","|static|_INVALID_|static|_TEXT:0001c117_0001831c",$d,00000000
"00018320","|static|_INVALID_|static|_TEXT:0001c117_00018320",$d,00000000
"00018324","|static|_INVALID_|static|_TEXT:0001c117_00018324",$d,00000000
"00018328","|static|_INVALID_|static|_TEXT:0001c117_00018328",$d,00000000
"0001832c","|static|_INVALID_|static|_TEXT:0001c117_0001832c",$d,00000000
"00018330","|static|_INVALID_|static|_TEXT:0001c117_00018330",$d,00000000
"00018348","|static|_DAT_008cc070_00018348",$d,00000000
"00018354","|static|_FUN_002fc024_00018354",$d,00000000
"00018358","|static|_FUN_00321840_00018358",$d,00000000
"0001835c","|static|_FUN_003217a0_0001835c",$d,00000000
"00018370","|static|_FUN_0033f430_00018370",$d,00000000
"00018380","|static|_DAT_008cbc04_00018380",$d,00000000
"0001838c","|static|_FUN_002fc024_0001838c",$d,00000000
"00018390","|static|_FUN_00321840_00018390",$d,00000000
"00018394","|static|_FUN_003217a0_00018394",$d,00000000
"000183a8","|static|_FUN_003217d4_000183a8",$d,00000000
"000183b8","|static|_DAT_008cba60_000183b8",$d,00000000
"000183c4","|static|_FUN_002fc024_000183c4",$d,00000000
"000183c8","|static|_FUN_002fcb58_000183c8",$d,00000000
"000183cc","|static|_FUN_002fbe58_000183cc",$d,00000000
"0001840c","|static|_DAT_008cba60_0001840c",$d,00000000
"00018418","|static|_FUN_002fc014_00018418",$d,00000000
"0001841c","|static|_FUN_00778f8c_0001841c",$d,00000000
"00018420","|static|_FUN_00779114_00018420",$d,00000000
"0001842c","|static|_INVALID_|static|_TEXT:0001c117_0001842c",$d,00000000
"00018434","|static|_FUN_002705fc_00018434",$d,00000000
"00018438","|static|_FUN_0027066c_00018438",$d,00000000
"00018468","|static|_DAT_008cbc04_00018468",$d,00000000
"00018474","|static|_FUN_002fc014_00018474",$d,00000000
"00018478","|static|_FUN_00779038_00018478",$d,00000000
"0001847c","|static|_FUN_00779148_0001847c",$d,00000000
"00018488","|static|_FUN_00779398_00018488",$d,00000000
"00018490","|static|_FUN_002705fc_00018490",$d,00000000
"00018494","|static|_FUN_0027066c_00018494",$d,00000000
"000184c4","|static|_DAT_008cc070_000184c4",$d,00000000
"000184d0","|static|_FUN_002fc014_000184d0",$d,00000000
"000184d4","|static|_FUN_00779038_000184d4",$d,00000000
"000184d8","|static|_FUN_00779148_000184d8",$d,00000000
"000184e4","|static|_FUN_0033f420_000184e4",$d,00000000
"000184ec","|static|_FUN_002705fc_000184ec",$d,00000000
"000184f0","|static|_FUN_0027066c_000184f0",$d,00000000
"00018508","|static|_FUN_0057ba40_00018508",$d,00000000
"0001850c","|static|_FUN_001f4c9c_0001850c",$d,00000000
"00018510","|static|_LAB_0057b988_00018510",$d,00000000
"00018514","|static|_FUN_0057ba54_00018514",$d,00000000
"00018518","|static|_FUN_001f4e44_00018518",$d,00000000
"0001851c","|static|_FUN_0057b98c_0001851c",$d,00000000
"00018520","|static|_FUN_0024f238_00018520",$d,00000000
"00018524","|static|_FUN_001f4dc0_00018524",$d,00000000
"00018528","|static|_LAB_0057ba24_00018528",$d,00000000
"0001852c","|static|_FUN_001f4e30_0001852c",$d,00000000
"00018530","|static|_FUN_001f4ae4_00018530",$d,00000000
"00018534","|static|_FUN_00521a38_00018534",$d,00000000
"00018538","|static|_FUN_00521064_00018538",$d,00000000
"00018544","|static|_FUN_0071866c_00018544",$d,00000000
"00018548","|static|_INVALID_|static|_TEXT:0001c117_00018548",$d,00000000
"00018554","|static|_FUN_001f3ce0_00018554",$d,00000000
"00018558","|static|_FUN_0024f310_00018558",$d,00000000
"0001855c","|static|_FUN_0024f3a0_0001855c",$d,00000000
"00018570","|static|_INVALID_|static|_TEXT:0001c117_00018570",$d,00000000
"00018574","|static|_FUN_001f4e94_00018574",$d,00000000
"00018578","|static|_FUN_001f4fc8_00018578",$d,00000000
"00018580","|static|_FUN_001f4a68_00018580",$d,00000000
"0001858c","|static|_INVALID_|static|_TEXT:0001c117_0001858c",$d,00000000
"000185bc","|static|_DAT_008cab38_000185bc",$d,00000000
"000185c8","|static|_FUN_0057ba40_000185c8",$d,00000000
"000185cc","|static|_FUN_001f4c9c_000185cc",$d,00000000
"000185d0","|static|_LAB_0057b988_000185d0",$d,00000000
"000185d4","|static|_FUN_0057ba54_000185d4",$d,00000000
"000185d8","|static|_FUN_001f4e44_000185d8",$d,00000000
"000185dc","|static|_FUN_0057b98c_000185dc",$d,00000000
"000185e0","|static|_FUN_0024f238_000185e0",$d,00000000
"000185e4","|static|_FUN_001f4dc0_000185e4",$d,00000000
"000185e8","|static|_LAB_0057ba24_000185e8",$d,00000000
"000185ec","|static|_FUN_001f4e30_000185ec",$d,00000000
"000185f0","|static|_FUN_001f4ae4_000185f0",$d,00000000
"000185f4","|static|_FUN_00521a38_000185f4",$d,00000000
"000185f8","|static|_FUN_00521064_000185f8",$d,00000000
"00018604","|static|_FUN_0071866c_00018604",$d,00000000
"00018608","|static|_INVALID_|static|_TEXT:0001c117_00018608",$d,00000000
"00018614","|static|_FUN_001f3ce0_00018614",$d,00000000
"00018618","|static|_FUN_0024f310_00018618",$d,00000000
"0001861c","|static|_FUN_0024f3a0_0001861c",$d,00000000
"00018624","|static|_FUN_001f4b6c_00018624",$d,00000000
"00018628","|static|_INVALID_|static|_TEXT:0001c117_00018628",$d,00000000
"00018630","|static|_INVALID_|static|_TEXT:0001c117_00018630",$d,00000000
"00018634","|static|_FUN_001f4e94_00018634",$d,00000000
"00018638","|static|_FUN_001f4fc8_00018638",$d,00000000
"00018640","|static|_FUN_001f4a68_00018640",$d,00000000
"0001864c","|static|_INVALID_|static|_TEXT:0001c117_0001864c",$d,00000000
"00018658","|static|_INVALID_|static|_TEXT:0001c117_00018658",$d,00000000
"0001865c","|static|_INVALID_|static|_TEXT:0001c117_0001865c",$d,00000000
"00018668","|static|_DAT_008ca3d0_00018668",$d,00000000
"00018674","|static|_FUN_0057ba40_00018674",$d,00000000
"00018678","|static|_FUN_001f4c9c_00018678",$d,00000000
"0001867c","|static|_LAB_0057b988_0001867c",$d,00000000
"00018680","|static|_FUN_0057ba54_00018680",$d,00000000
"00018684","|static|_FUN_001f4e44_00018684",$d,00000000
"00018688","|static|_FUN_0057b98c_00018688",$d,00000000
"0001868c","|static|_FUN_0057b990_0001868c",$d,00000000
"00018690","|static|_FUN_001f4dc0_00018690",$d,00000000
"00018694","|static|_LAB_0057ba24_00018694",$d,00000000
"00018698","|static|_FUN_001f4e30_00018698",$d,00000000
"0001869c","|static|_FUN_001f4ae4_0001869c",$d,00000000
"000186a0","|static|_FUN_00521a38_000186a0",$d,00000000
"000186a4","|static|_FUN_00521064_000186a4",$d,00000000
"000186b0","|static|_INVALID_|static|_TEXT:0001c117_000186b0",$d,00000000
"000186b4","|static|_INVALID_|static|_TEXT:0001c117_000186b4",$d,00000000
"000186c0","|static|_FUN_001f3ce0_000186c0",$d,00000000
"000186c4","|static|_INVALID_|static|_TEXT:0001c117_000186c4",$d,00000000
"000186c8","|static|_INVALID_|static|_TEXT:0001c117_000186c8",$d,00000000
"000186d0","|static|_FUN_001f4b6c_000186d0",$d,00000000
"000186d4","|static|_INVALID_|static|_TEXT:0001c117_000186d4",$d,00000000
"000186dc","|static|_INVALID_|static|_TEXT:0001c117_000186dc",$d,00000000
"000186e0","|static|_FUN_001f4e94_000186e0",$d,00000000
"000186e4","|static|_FUN_001f4fc8_000186e4",$d,00000000
"000186ec","|static|_FUN_001f4a68_000186ec",$d,00000000
"00018724","|static|_DAT_008ca3d0_00018724",$d,00000000
"00018730","|static|_INVALID_|static|_TEXT:0001c117_00018730",$d,00000000
"00018734","|static|_INVALID_|static|_TEXT:0001c117_00018734",$d,00000000
"00018738","|static|_INVALID_|static|_TEXT:0001c117_00018738",$d,00000000
"0001873c","|static|_INVALID_|static|_TEXT:0001c117_0001873c",$d,00000000
"00018740","|static|_INVALID_|static|_TEXT:0001c117_00018740",$d,00000000
"00018744","|static|_INVALID_|static|_TEXT:0001c117_00018744",$d,00000000
"0001874c","|static|_FUN_002705fc_0001874c",$d,00000000
"00018750","|static|_FUN_0027066c_00018750",$d,00000000
"00018780","|static|_DAT_008cab38_00018780",$d,00000000
"0001878c","|static|_INVALID_|static|_TEXT:0001c117_0001878c",$d,00000000
"00018790","|static|_INVALID_|static|_TEXT:0001c117_00018790",$d,00000000
"00018794","|static|_INVALID_|static|_TEXT:0001c117_00018794",$d,00000000
"00018798","|static|_INVALID_|static|_TEXT:0001c117_00018798",$d,00000000
"0001879c","|static|_INVALID_|static|_TEXT:0001c117_0001879c",$d,00000000
"000187a0","|static|_INVALID_|static|_TEXT:0001c117_000187a0",$d,00000000
"000187a8","|static|_FUN_002705fc_000187a8",$d,00000000
"000187ac","|static|_FUN_0027066c_000187ac",$d,00000000
"000187e8","|static|_INVALID_|static|_TEXT:0001c117_000187e8",$d,00000000
"000187ec","|static|_INVALID_|static|_TEXT:0001c117_000187ec",$d,00000000
"000187f0","|static|_INVALID_|static|_TEXT:0001c117_000187f0",$d,00000000
"000187f4","|static|_INVALID_|static|_TEXT:0001c117_000187f4",$d,00000000
"000187f8","|static|_INVALID_|static|_TEXT:0001c117_000187f8",$d,00000000
"000187fc","|static|_INVALID_|static|_TEXT:0001c117_000187fc",$d,00000000
"00018814","|static|_DAT_008cc070_00018814",$d,00000000
"00018820","|static|_FUN_002fc024_00018820",$d,00000000
"00018824","|static|_FUN_00321840_00018824",$d,00000000
"00018828","|static|_FUN_003217a0_00018828",$d,00000000
"0001883c","|static|_FUN_0033f430_0001883c",$d,00000000
"0001884c","|static|_DAT_008cbc04_0001884c",$d,00000000
"00018858","|static|_FUN_002fc024_00018858",$d,00000000
"0001885c","|static|_FUN_00321840_0001885c",$d,00000000
"00018860","|static|_FUN_003217a0_00018860",$d,00000000
"00018874","|static|_FUN_003217d4_00018874",$d,00000000
"00018884","|static|_DAT_008cba60_00018884",$d,00000000
"00018890","|static|_FUN_002fc024_00018890",$d,00000000
"00018894","|static|_FUN_002fcb58_00018894",$d,00000000
"00018898","|static|_FUN_002fbe58_00018898",$d,00000000
"000188d8","|static|_DAT_008cba60_000188d8",$d,00000000
"000188e4","|static|_FUN_002fc014_000188e4",$d,00000000
"000188e8","|static|_FUN_00778f8c_000188e8",$d,00000000
"000188ec","|static|_FUN_00779114_000188ec",$d,00000000
"000188f8","|static|_INVALID_|static|_TEXT:0001c117_000188f8",$d,00000000
"00018900","|static|_FUN_002705fc_00018900",$d,00000000
"00018904","|static|_FUN_0027066c_00018904",$d,00000000
"00018934","|static|_DAT_008cbc04_00018934",$d,00000000
"00018940","|static|_FUN_002fc014_00018940",$d,00000000
"00018944","|static|_FUN_00779038_00018944",$d,00000000
"00018948","|static|_FUN_00779148_00018948",$d,00000000
"00018954","|static|_FUN_00779398_00018954",$d,00000000
"0001895c","|static|_FUN_002705fc_0001895c",$d,00000000
"00018960","|static|_FUN_0027066c_00018960",$d,00000000
"00018990","|static|_DAT_008cc070_00018990",$d,00000000
"0001899c","|static|_FUN_002fc014_0001899c",$d,00000000
"000189a0","|static|_FUN_00779038_000189a0",$d,00000000
"000189a4","|static|_FUN_00779148_000189a4",$d,00000000
"000189b0","|static|_FUN_0033f420_000189b0",$d,00000000
"000189b8","|static|_FUN_002705fc_000189b8",$d,00000000
"000189bc","|static|_FUN_0027066c_000189bc",$d,00000000
"000189d4","|static|_FUN_0057ba40_000189d4",$d,00000000
"000189d8","|static|_FUN_001f4c9c_000189d8",$d,00000000
"000189dc","|static|_LAB_0057b988_000189dc",$d,00000000
"000189e0","|static|_FUN_0057ba54_000189e0",$d,00000000
"000189e4","|static|_FUN_001f4e44_000189e4",$d,00000000
"000189e8","|static|_FUN_0057b98c_000189e8",$d,00000000
"000189ec","|static|_FUN_0024f238_000189ec",$d,00000000
"000189f0","|static|_FUN_001f4dc0_000189f0",$d,00000000
"000189f4","|static|_LAB_0057ba24_000189f4",$d,00000000
"000189f8","|static|_FUN_001f4e30_000189f8",$d,00000000
"000189fc","|static|_FUN_001f4ae4_000189fc",$d,00000000
"00018a00","|static|_FUN_00521a38_00018a00",$d,00000000
"00018a04","|static|_FUN_00521064_00018a04",$d,00000000
"00018a10","|static|_FUN_0071866c_00018a10",$d,00000000
"00018a14","|static|_INVALID_|static|_TEXT:0001c117_00018a14",$d,00000000
"00018a20","|static|_FUN_001f3ce0_00018a20",$d,00000000
"00018a24","|static|_FUN_0024f310_00018a24",$d,00000000
"00018a28","|static|_FUN_0024f3a0_00018a28",$d,00000000
"00018a3c","|static|_INVALID_|static|_TEXT:0001c117_00018a3c",$d,00000000
"00018a40","|static|_FUN_001f4e94_00018a40",$d,00000000
"00018a44","|static|_FUN_001f4fc8_00018a44",$d,00000000
"00018a4c","|static|_FUN_001f4a68_00018a4c",$d,00000000
"00018a58","|static|_INVALID_|static|_TEXT:0001c117_00018a58",$d,00000000
"00018a88","|static|_DAT_008cab38_00018a88",$d,00000000
"00018a94","|static|_FUN_0057ba40_00018a94",$d,00000000
"00018a98","|static|_FUN_001f4c9c_00018a98",$d,00000000
"00018a9c","|static|_LAB_0057b988_00018a9c",$d,00000000
"00018aa0","|static|_FUN_0057ba54_00018aa0",$d,00000000
"00018aa4","|static|_FUN_001f4e44_00018aa4",$d,00000000
"00018aa8","|static|_FUN_0057b98c_00018aa8",$d,00000000
"00018aac","|static|_FUN_0024f238_00018aac",$d,00000000
"00018ab0","|static|_FUN_001f4dc0_00018ab0",$d,00000000
"00018ab4","|static|_LAB_0057ba24_00018ab4",$d,00000000
"00018ab8","|static|_FUN_001f4e30_00018ab8",$d,00000000
"00018abc","|static|_FUN_001f4ae4_00018abc",$d,00000000
"00018ac0","|static|_FUN_00521a38_00018ac0",$d,00000000
"00018ac4","|static|_FUN_00521064_00018ac4",$d,00000000
"00018ad0","|static|_FUN_0071866c_00018ad0",$d,00000000
"00018ad4","|static|_INVALID_|static|_TEXT:0001c117_00018ad4",$d,00000000
"00018ae0","|static|_FUN_001f3ce0_00018ae0",$d,00000000
"00018ae4","|static|_FUN_0024f310_00018ae4",$d,00000000
"00018ae8","|static|_FUN_0024f3a0_00018ae8",$d,00000000
"00018af0","|static|_FUN_001f4b6c_00018af0",$d,00000000
"00018af4","|static|_INVALID_|static|_TEXT:0001c117_00018af4",$d,00000000
"00018afc","|static|_INVALID_|static|_TEXT:0001c117_00018afc",$d,00000000
"00018b00","|static|_FUN_001f4e94_00018b00",$d,00000000
"00018b04","|static|_FUN_001f4fc8_00018b04",$d,00000000
"00018b0c","|static|_FUN_001f4a68_00018b0c",$d,00000000
"00018b18","|static|_INVALID_|static|_TEXT:0001c117_00018b18",$d,00000000
"00018b24","|static|_INVALID_|static|_TEXT:0001c117_00018b24",$d,00000000
"00018b28","|static|_INVALID_|static|_TEXT:0001c117_00018b28",$d,00000000
"00018b34","|static|_DAT_008ca3d0_00018b34",$d,00000000
"00018b40","|static|_FUN_0057ba40_00018b40",$d,00000000
"00018b44","|static|_FUN_001f4c9c_00018b44",$d,00000000
"00018b48","|static|_LAB_0057b988_00018b48",$d,00000000
"00018b4c","|static|_FUN_0057ba54_00018b4c",$d,00000000
"00018b50","|static|_FUN_001f4e44_00018b50",$d,00000000
"00018b54","|static|_FUN_0057b98c_00018b54",$d,00000000
"00018b58","|static|_FUN_0057b990_00018b58",$d,00000000
"00018b5c","|static|_FUN_001f4dc0_00018b5c",$d,00000000
"00018b60","|static|_LAB_0057ba24_00018b60",$d,00000000
"00018b64","|static|_FUN_001f4e30_00018b64",$d,00000000
"00018b68","|static|_FUN_001f4ae4_00018b68",$d,00000000
"00018b6c","|static|_FUN_00521a38_00018b6c",$d,00000000
"00018b70","|static|_FUN_00521064_00018b70",$d,00000000
"00018b7c","|static|_INVALID_|static|_TEXT:0001c117_00018b7c",$d,00000000
"00018b80","|static|_INVALID_|static|_TEXT:0001c117_00018b80",$d,00000000
"00018b8c","|static|_FUN_001f3ce0_00018b8c",$d,00000000
"00018b90","|static|_INVALID_|static|_TEXT:0001c117_00018b90",$d,00000000
"00018b94","|static|_INVALID_|static|_TEXT:0001c117_00018b94",$d,00000000
"00018b9c","|static|_FUN_001f4b6c_00018b9c",$d,00000000
"00018ba0","|static|_INVALID_|static|_TEXT:0001c117_00018ba0",$d,00000000
"00018ba8","|static|_INVALID_|static|_TEXT:0001c117_00018ba8",$d,00000000
"00018bac","|static|_FUN_001f4e94_00018bac",$d,00000000
"00018bb0","|static|_FUN_001f4fc8_00018bb0",$d,00000000
"00018bb8","|static|_FUN_001f4a68_00018bb8",$d,00000000
"00018bf0","|static|_DAT_008ca3d0_00018bf0",$d,00000000
"00018bfc","|static|_INVALID_|static|_TEXT:0001c117_00018bfc",$d,00000000
"00018c00","|static|_INVALID_|static|_TEXT:0001c117_00018c00",$d,00000000
"00018c04","|static|_INVALID_|static|_TEXT:0001c117_00018c04",$d,00000000
"00018c08","|static|_INVALID_|static|_TEXT:0001c117_00018c08",$d,00000000
"00018c0c","|static|_INVALID_|static|_TEXT:0001c117_00018c0c",$d,00000000
"00018c10","|static|_INVALID_|static|_TEXT:0001c117_00018c10",$d,00000000
"00018c18","|static|_FUN_002705fc_00018c18",$d,00000000
"00018c1c","|static|_FUN_0027066c_00018c1c",$d,00000000
"00018c4c","|static|_DAT_008cab38_00018c4c",$d,00000000
"00018c58","|static|_INVALID_|static|_TEXT:0001c117_00018c58",$d,00000000
"00018c5c","|static|_INVALID_|static|_TEXT:0001c117_00018c5c",$d,00000000
"00018c60","|static|_INVALID_|static|_TEXT:0001c117_00018c60",$d,00000000
"00018c64","|static|_INVALID_|static|_TEXT:0001c117_00018c64",$d,00000000
"00018c68","|static|_INVALID_|static|_TEXT:0001c117_00018c68",$d,00000000
"00018c6c","|static|_INVALID_|static|_TEXT:0001c117_00018c6c",$d,00000000
"00018c74","|static|_FUN_002705fc_00018c74",$d,00000000
"00018c78","|static|_FUN_0027066c_00018c78",$d,00000000
"00018cb4","|static|_INVALID_|static|_TEXT:0001c117_00018cb4",$d,00000000
"00018cb8","|static|_INVALID_|static|_TEXT:0001c117_00018cb8",$d,00000000
"00018cbc","|static|_INVALID_|static|_TEXT:0001c117_00018cbc",$d,00000000
"00018cc0","|static|_INVALID_|static|_TEXT:0001c117_00018cc0",$d,00000000
"00018cc4","|static|_INVALID_|static|_TEXT:0001c117_00018cc4",$d,00000000
"00018cc8","|static|_INVALID_|static|_TEXT:0001c117_00018cc8",$d,00000000
"00018ce0","|static|_DAT_008cc070_00018ce0",$d,00000000
"00018cec","|static|_FUN_002fc024_00018cec",$d,00000000
"00018cf0","|static|_FUN_00321840_00018cf0",$d,00000000
"00018cf4","|static|_FUN_003217a0_00018cf4",$d,00000000
"00018d08","|static|_FUN_0033f430_00018d08",$d,00000000
"00018d18","|static|_DAT_008cbc04_00018d18",$d,00000000
"00018d24","|static|_FUN_002fc024_00018d24",$d,00000000
"00018d28","|static|_FUN_00321840_00018d28",$d,00000000
"00018d2c","|static|_FUN_003217a0_00018d2c",$d,00000000
"00018d40","|static|_FUN_003217d4_00018d40",$d,00000000
"00018d50","|static|_DAT_008cba60_00018d50",$d,00000000
"00018d5c","|static|_FUN_002fc024_00018d5c",$d,00000000
"00018d60","|static|_FUN_002fcb58_00018d60",$d,00000000
"00018d64","|static|_FUN_002fbe58_00018d64",$d,00000000
"00018da4","|static|_DAT_008cba60_00018da4",$d,00000000
"00018db0","|static|_FUN_002fc014_00018db0",$d,00000000
"00018db4","|static|_FUN_00778f8c_00018db4",$d,00000000
"00018db8","|static|_FUN_00779114_00018db8",$d,00000000
"00018dc4","|static|_INVALID_|static|_TEXT:0001c117_00018dc4",$d,00000000
"00018dcc","|static|_FUN_002705fc_00018dcc",$d,00000000
"00018dd0","|static|_FUN_0027066c_00018dd0",$d,00000000
"00018e00","|static|_DAT_008cbc04_00018e00",$d,00000000
"00018e0c","|static|_FUN_002fc014_00018e0c",$d,00000000
"00018e10","|static|_FUN_00779038_00018e10",$d,00000000
"00018e14","|static|_FUN_00779148_00018e14",$d,00000000
"00018e20","|static|_FUN_00779398_00018e20",$d,00000000
"00018e28","|static|_FUN_002705fc_00018e28",$d,00000000
"00018e2c","|static|_FUN_0027066c_00018e2c",$d,00000000
"00018e5c","|static|_DAT_008cc070_00018e5c",$d,00000000
"00018e68","|static|_FUN_002fc014_00018e68",$d,00000000
"00018e6c","|static|_FUN_00779038_00018e6c",$d,00000000
"00018e70","|static|_FUN_00779148_00018e70",$d,00000000
"00018e7c","|static|_FUN_0033f420_00018e7c",$d,00000000
"00018e84","|static|_FUN_002705fc_00018e84",$d,00000000
"00018e88","|static|_FUN_0027066c_00018e88",$d,00000000
"00018ea0","|static|_FUN_0057ba40_00018ea0",$d,00000000
"00018ea4","|static|_FUN_001f4c9c_00018ea4",$d,00000000
"00018ea8","|static|_LAB_0057b988_00018ea8",$d,00000000
"00018eac","|static|_FUN_0057ba54_00018eac",$d,00000000
"00018eb0","|static|_FUN_001f4e44_00018eb0",$d,00000000
"00018eb4","|static|_FUN_0057b98c_00018eb4",$d,00000000
"00018eb8","|static|_FUN_0024f238_00018eb8",$d,00000000
"00018ebc","|static|_FUN_001f4dc0_00018ebc",$d,00000000
"00018ec0","|static|_LAB_0057ba24_00018ec0",$d,00000000
"00018ec4","|static|_FUN_001f4e30_00018ec4",$d,00000000
"00018ec8","|static|_FUN_001f4ae4_00018ec8",$d,00000000
"00018ecc","|static|_FUN_00521a38_00018ecc",$d,00000000
"00018ed0","|static|_FUN_00521064_00018ed0",$d,00000000
"00018edc","|static|_FUN_0071866c_00018edc",$d,00000000
"00018ee0","|static|_INVALID_|static|_TEXT:0001c117_00018ee0",$d,00000000
"00018eec","|static|_FUN_001f3ce0_00018eec",$d,00000000
"00018ef0","|static|_FUN_0024f310_00018ef0",$d,00000000
"00018ef4","|static|_FUN_0024f3a0_00018ef4",$d,00000000
"00018f08","|static|_INVALID_|static|_TEXT:0001c117_00018f08",$d,00000000
"00018f0c","|static|_FUN_001f4e94_00018f0c",$d,00000000
"00018f10","|static|_FUN_001f4fc8_00018f10",$d,00000000
"00018f18","|static|_FUN_001f4a68_00018f18",$d,00000000
"00018f24","|static|_INVALID_|static|_TEXT:0001c117_00018f24",$d,00000000
"00018f54","|static|_DAT_008cab38_00018f54",$d,00000000
"00018f60","|static|_FUN_0057ba40_00018f60",$d,00000000
"00018f64","|static|_FUN_001f4c9c_00018f64",$d,00000000
"00018f68","|static|_LAB_0057b988_00018f68",$d,00000000
"00018f6c","|static|_FUN_0057ba54_00018f6c",$d,00000000
"00018f70","|static|_FUN_001f4e44_00018f70",$d,00000000
"00018f74","|static|_FUN_0057b98c_00018f74",$d,00000000
"00018f78","|static|_FUN_0024f238_00018f78",$d,00000000
"00018f7c","|static|_FUN_001f4dc0_00018f7c",$d,00000000
"00018f80","|static|_LAB_0057ba24_00018f80",$d,00000000
"00018f84","|static|_FUN_001f4e30_00018f84",$d,00000000
"00018f88","|static|_FUN_001f4ae4_00018f88",$d,00000000
"00018f8c","|static|_FUN_00521a38_00018f8c",$d,00000000
"00018f90","|static|_FUN_00521064_00018f90",$d,00000000
"00018f9c","|static|_FUN_0071866c_00018f9c",$d,00000000
"00018fa0","|static|_INVALID_|static|_TEXT:0001c117_00018fa0",$d,00000000
"00018fac","|static|_FUN_001f3ce0_00018fac",$d,00000000
"00018fb0","|static|_FUN_0024f310_00018fb0",$d,00000000
"00018fb4","|static|_FUN_0024f3a0_00018fb4",$d,00000000
"00018fbc","|static|_FUN_001f4b6c_00018fbc",$d,00000000
"00018fc0","|static|_INVALID_|static|_TEXT:0001c117_00018fc0",$d,00000000
"00018fc8","|static|_INVALID_|static|_TEXT:0001c117_00018fc8",$d,00000000
"00018fcc","|static|_FUN_001f4e94_00018fcc",$d,00000000
"00018fd0","|static|_FUN_001f4fc8_00018fd0",$d,00000000
"00018fd8","|static|_FUN_001f4a68_00018fd8",$d,00000000
"00018fe4","|static|_INVALID_|static|_TEXT:0001c117_00018fe4",$d,00000000
"00018ff0","|static|_INVALID_|static|_TEXT:0001c117_00018ff0",$d,00000000
"00018ff4","|static|_INVALID_|static|_TEXT:0001c117_00018ff4",$d,00000000
"00019000","|static|_DAT_008ca3d0_00019000",$d,00000000
"0001900c","|static|_FUN_0057ba40_0001900c",$d,00000000
"00019010","|static|_FUN_001f4c9c_00019010",$d,00000000
"00019014","|static|_LAB_0057b988_00019014",$d,00000000
"00019018","|static|_FUN_0057ba54_00019018",$d,00000000
"0001901c","|static|_FUN_001f4e44_0001901c",$d,00000000
"00019020","|static|_FUN_0057b98c_00019020",$d,00000000
"00019024","|static|_FUN_0057b990_00019024",$d,00000000
"00019028","|static|_FUN_001f4dc0_00019028",$d,00000000
"0001902c","|static|_LAB_0057ba24_0001902c",$d,00000000
"00019030","|static|_FUN_001f4e30_00019030",$d,00000000
"00019034","|static|_FUN_001f4ae4_00019034",$d,00000000
"00019038","|static|_FUN_00521a38_00019038",$d,00000000
"0001903c","|static|_FUN_00521064_0001903c",$d,00000000
"00019048","|static|_INVALID_|static|_TEXT:0001c117_00019048",$d,00000000
"0001904c","|static|_INVALID_|static|_TEXT:0001c117_0001904c",$d,00000000
"00019058","|static|_FUN_001f3ce0_00019058",$d,00000000
"0001905c","|static|_INVALID_|static|_TEXT:0001c117_0001905c",$d,00000000
"00019060","|static|_INVALID_|static|_TEXT:0001c117_00019060",$d,00000000
"00019068","|static|_FUN_001f4b6c_00019068",$d,00000000
"0001906c","|static|_INVALID_|static|_TEXT:0001c117_0001906c",$d,00000000
"00019074","|static|_INVALID_|static|_TEXT:0001c117_00019074",$d,00000000
"00019078","|static|_FUN_001f4e94_00019078",$d,00000000
"0001907c","|static|_FUN_001f4fc8_0001907c",$d,00000000
"00019084","|static|_FUN_001f4a68_00019084",$d,00000000
"000190bc","|static|_DAT_008ca3d0_000190bc",$d,00000000
"000190c8","|static|_INVALID_|static|_TEXT:0001c117_000190c8",$d,00000000
"000190cc","|static|_INVALID_|static|_TEXT:0001c117_000190cc",$d,00000000
"000190d0","|static|_INVALID_|static|_TEXT:0001c117_000190d0",$d,00000000
"000190d4","|static|_INVALID_|static|_TEXT:0001c117_000190d4",$d,00000000
"000190d8","|static|_INVALID_|static|_TEXT:0001c117_000190d8",$d,00000000
"000190dc","|static|_INVALID_|static|_TEXT:0001c117_000190dc",$d,00000000
"000190e4","|static|_FUN_002705fc_000190e4",$d,00000000
"000190e8","|static|_FUN_0027066c_000190e8",$d,00000000
"00019118","|static|_DAT_008cab38_00019118",$d,00000000
"00019124","|static|_INVALID_|static|_TEXT:0001c117_00019124",$d,00000000
"00019128","|static|_INVALID_|static|_TEXT:0001c117_00019128",$d,00000000
"0001912c","|static|_INVALID_|static|_TEXT:0001c117_0001912c",$d,00000000
"00019130","|static|_INVALID_|static|_TEXT:0001c117_00019130",$d,00000000
"00019134","|static|_INVALID_|static|_TEXT:0001c117_00019134",$d,00000000
"00019138","|static|_INVALID_|static|_TEXT:0001c117_00019138",$d,00000000
"00019140","|static|_FUN_002705fc_00019140",$d,00000000
"00019144","|static|_FUN_0027066c_00019144",$d,00000000
"00019180","|static|_INVALID_|static|_TEXT:0001c117_00019180",$d,00000000
"00019184","|static|_INVALID_|static|_TEXT:0001c117_00019184",$d,00000000
"00019188","|static|_INVALID_|static|_TEXT:0001c117_00019188",$d,00000000
"0001918c","|static|_INVALID_|static|_TEXT:0001c117_0001918c",$d,00000000
"00019190","|static|_INVALID_|static|_TEXT:0001c117_00019190",$d,00000000
"00019194","|static|_INVALID_|static|_TEXT:0001c117_00019194",$d,00000000
"000191ac","|static|_DAT_008cc070_000191ac",$d,00000000
"000191b8","|static|_FUN_002fc024_000191b8",$d,00000000
"000191bc","|static|_FUN_00321840_000191bc",$d,00000000
"000191c0","|static|_FUN_003217a0_000191c0",$d,00000000
"000191d4","|static|_FUN_0033f430_000191d4",$d,00000000
"000191e4","|static|_DAT_008cbc04_000191e4",$d,00000000
"000191f0","|static|_FUN_002fc024_000191f0",$d,00000000
"000191f4","|static|_FUN_00321840_000191f4",$d,00000000
"000191f8","|static|_FUN_003217a0_000191f8",$d,00000000
"0001920c","|static|_FUN_003217d4_0001920c",$d,00000000
"0001921c","|static|_DAT_008cba60_0001921c",$d,00000000
"00019228","|static|_FUN_002fc024_00019228",$d,00000000
"0001922c","|static|_FUN_002fcb58_0001922c",$d,00000000
"00019230","|static|_FUN_002fbe58_00019230",$d,00000000
"00019270","|static|_DAT_008cba60_00019270",$d,00000000
"0001927c","|static|_FUN_002fc014_0001927c",$d,00000000
"00019280","|static|_FUN_00778f8c_00019280",$d,00000000
"00019284","|static|_FUN_00779114_00019284",$d,00000000
"00019290","|static|_INVALID_|static|_TEXT:0001c117_00019290",$d,00000000
"00019298","|static|_FUN_002705fc_00019298",$d,00000000
"0001929c","|static|_FUN_0027066c_0001929c",$d,00000000
"000192cc","|static|_DAT_008cbc04_000192cc",$d,00000000
"000192d8","|static|_FUN_002fc014_000192d8",$d,00000000
"000192dc","|static|_FUN_00779038_000192dc",$d,00000000
"000192e0","|static|_FUN_00779148_000192e0",$d,00000000
"000192ec","|static|_FUN_00779398_000192ec",$d,00000000
"000192f4","|static|_FUN_002705fc_000192f4",$d,00000000
"000192f8","|static|_FUN_0027066c_000192f8",$d,00000000
"00019328","|static|_DAT_008cc070_00019328",$d,00000000
"00019334","|static|_FUN_002fc014_00019334",$d,00000000
"00019338","|static|_FUN_00779038_00019338",$d,00000000
"0001933c","|static|_FUN_00779148_0001933c",$d,00000000
"00019348","|static|_FUN_0033f420_00019348",$d,00000000
"00019350","|static|_FUN_002705fc_00019350",$d,00000000
"00019354","|static|_FUN_0027066c_00019354",$d,00000000
"0001936c","|static|_FUN_0057ba40_0001936c",$d,00000000
"00019370","|static|_FUN_001f4c9c_00019370",$d,00000000
"00019374","|static|_LAB_0057b988_00019374",$d,00000000
"00019378","|static|_FUN_0057ba54_00019378",$d,00000000
"0001937c","|static|_FUN_001f4e44_0001937c",$d,00000000
"00019380","|static|_FUN_0057b98c_00019380",$d,00000000
"00019384","|static|_FUN_0024f238_00019384",$d,00000000
"00019388","|static|_FUN_001f4dc0_00019388",$d,00000000
"0001938c","|static|_LAB_0057ba24_0001938c",$d,00000000
"00019390","|static|_FUN_001f4e30_00019390",$d,00000000
"00019394","|static|_FUN_001f4ae4_00019394",$d,00000000
"00019398","|static|_FUN_00521a38_00019398",$d,00000000
"0001939c","|static|_FUN_00521064_0001939c",$d,00000000
"000193a8","|static|_FUN_0071866c_000193a8",$d,00000000
"000193ac","|static|_INVALID_|static|_TEXT:0001c117_000193ac",$d,00000000
"000193b8","|static|_FUN_001f3ce0_000193b8",$d,00000000
"000193bc","|static|_FUN_0024f310_000193bc",$d,00000000
"000193c0","|static|_FUN_0024f3a0_000193c0",$d,00000000
"000193d4","|static|_INVALID_|static|_TEXT:0001c117_000193d4",$d,00000000
"000193d8","|static|_FUN_001f4e94_000193d8",$d,00000000
"000193dc","|static|_FUN_001f4fc8_000193dc",$d,00000000
"000193e4","|static|_FUN_001f4a68_000193e4",$d,00000000
"000193f0","|static|_INVALID_|static|_TEXT:0001c117_000193f0",$d,00000000
"00019420","|static|_DAT_008cab38_00019420",$d,00000000
"0001942c","|static|_FUN_0057ba40_0001942c",$d,00000000
"00019430","|static|_FUN_001f4c9c_00019430",$d,00000000
"00019434","|static|_LAB_0057b988_00019434",$d,00000000
"00019438","|static|_FUN_0057ba54_00019438",$d,00000000
"0001943c","|static|_FUN_001f4e44_0001943c",$d,00000000
"00019440","|static|_FUN_0057b98c_00019440",$d,00000000
"00019444","|static|_FUN_0024f238_00019444",$d,00000000
"00019448","|static|_FUN_001f4dc0_00019448",$d,00000000
"0001944c","|static|_LAB_0057ba24_0001944c",$d,00000000
"00019450","|static|_FUN_001f4e30_00019450",$d,00000000
"00019454","|static|_FUN_001f4ae4_00019454",$d,00000000
"00019458","|static|_FUN_00521a38_00019458",$d,00000000
"0001945c","|static|_FUN_00521064_0001945c",$d,00000000
"00019468","|static|_FUN_0071866c_00019468",$d,00000000
"0001946c","|static|_INVALID_|static|_TEXT:0001c117_0001946c",$d,00000000
"00019478","|static|_FUN_001f3ce0_00019478",$d,00000000
"0001947c","|static|_FUN_0024f310_0001947c",$d,00000000
"00019480","|static|_FUN_0024f3a0_00019480",$d,00000000
"00019488","|static|_FUN_001f4b6c_00019488",$d,00000000
"0001948c","|static|_INVALID_|static|_TEXT:0001c117_0001948c",$d,00000000
"00019494","|static|_INVALID_|static|_TEXT:0001c117_00019494",$d,00000000
"00019498","|static|_FUN_001f4e94_00019498",$d,00000000
"0001949c","|static|_FUN_001f4fc8_0001949c",$d,00000000
"000194a4","|static|_FUN_001f4a68_000194a4",$d,00000000
"000194b0","|static|_INVALID_|static|_TEXT:0001c117_000194b0",$d,00000000
"000194bc","|static|_INVALID_|static|_TEXT:0001c117_000194bc",$d,00000000
"000194c0","|static|_INVALID_|static|_TEXT:0001c117_000194c0",$d,00000000
"000194cc","|static|_DAT_008ca3d0_000194cc",$d,00000000
"000194d8","|static|_FUN_0057ba40_000194d8",$d,00000000
"000194dc","|static|_FUN_001f4c9c_000194dc",$d,00000000
"000194e0","|static|_LAB_0057b988_000194e0",$d,00000000
"000194e4","|static|_FUN_0057ba54_000194e4",$d,00000000
"000194e8","|static|_FUN_001f4e44_000194e8",$d,00000000
"000194ec","|static|_FUN_0057b98c_000194ec",$d,00000000
"000194f0","|static|_FUN_0057b990_000194f0",$d,00000000
"000194f4","|static|_FUN_001f4dc0_000194f4",$d,00000000
"000194f8","|static|_LAB_0057ba24_000194f8",$d,00000000
"000194fc","|static|_FUN_001f4e30_000194fc",$d,00000000
"00019500","|static|_FUN_001f4ae4_00019500",$d,00000000
"00019504","|static|_FUN_00521a38_00019504",$d,00000000
"00019508","|static|_FUN_00521064_00019508",$d,00000000
"00019514","|static|_INVALID_|static|_TEXT:0001c117_00019514",$d,00000000
"00019518","|static|_INVALID_|static|_TEXT:0001c117_00019518",$d,00000000
"00019524","|static|_FUN_001f3ce0_00019524",$d,00000000
"00019528","|static|_INVALID_|static|_TEXT:0001c117_00019528",$d,00000000
"0001952c","|static|_INVALID_|static|_TEXT:0001c117_0001952c",$d,00000000
"00019534","|static|_FUN_001f4b6c_00019534",$d,00000000
"00019538","|static|_INVALID_|static|_TEXT:0001c117_00019538",$d,00000000
"00019540","|static|_INVALID_|static|_TEXT:0001c117_00019540",$d,00000000
"00019544","|static|_FUN_001f4e94_00019544",$d,00000000
"00019548","|static|_FUN_001f4fc8_00019548",$d,00000000
"00019550","|static|_FUN_001f4a68_00019550",$d,00000000
"00019588","|static|_DAT_008ca3d0_00019588",$d,00000000
"00019594","|static|_INVALID_|static|_TEXT:0001c117_00019594",$d,00000000
"00019598","|static|_INVALID_|static|_TEXT:0001c117_00019598",$d,00000000
"0001959c","|static|_INVALID_|static|_TEXT:0001c117_0001959c",$d,00000000
"000195a0","|static|_INVALID_|static|_TEXT:0001c117_000195a0",$d,00000000
"000195a4","|static|_INVALID_|static|_TEXT:0001c117_000195a4",$d,00000000
"000195a8","|static|_INVALID_|static|_TEXT:0001c117_000195a8",$d,00000000
"000195b0","|static|_FUN_002705fc_000195b0",$d,00000000
"000195b4","|static|_FUN_0027066c_000195b4",$d,00000000
"000195e4","|static|_DAT_008cab38_000195e4",$d,00000000
"000195f0","|static|_INVALID_|static|_TEXT:0001c117_000195f0",$d,00000000
"000195f4","|static|_INVALID_|static|_TEXT:0001c117_000195f4",$d,00000000
"000195f8","|static|_INVALID_|static|_TEXT:0001c117_000195f8",$d,00000000
"000195fc","|static|_INVALID_|static|_TEXT:0001c117_000195fc",$d,00000000
"00019600","|static|_INVALID_|static|_TEXT:0001c117_00019600",$d,00000000
"00019604","|static|_INVALID_|static|_TEXT:0001c117_00019604",$d,00000000
"0001960c","|static|_FUN_002705fc_0001960c",$d,00000000
"00019610","|static|_FUN_0027066c_00019610",$d,00000000
"0001964c","|static|_INVALID_|static|_TEXT:0001c117_0001964c",$d,00000000
"00019650","|static|_INVALID_|static|_TEXT:0001c117_00019650",$d,00000000
"00019654","|static|_INVALID_|static|_TEXT:0001c117_00019654",$d,00000000
"00019658","|static|_INVALID_|static|_TEXT:0001c117_00019658",$d,00000000
"0001965c","|static|_INVALID_|static|_TEXT:0001c117_0001965c",$d,00000000
"00019660","|static|_INVALID_|static|_TEXT:0001c117_00019660",$d,00000000
"00019678","|static|_DAT_008cc070_00019678",$d,00000000
"00019684","|static|_FUN_002fc024_00019684",$d,00000000
"00019688","|static|_FUN_00321840_00019688",$d,00000000
"0001968c","|static|_FUN_003217a0_0001968c",$d,00000000
"000196a0","|static|_FUN_0033f430_000196a0",$d,00000000
"000196b0","|static|_DAT_008cbc04_000196b0",$d,00000000
"000196bc","|static|_FUN_002fc024_000196bc",$d,00000000
"000196c0","|static|_FUN_00321840_000196c0",$d,00000000
"000196c4","|static|_FUN_003217a0_000196c4",$d,00000000
"000196d8","|static|_FUN_003217d4_000196d8",$d,00000000
"000196e8","|static|_DAT_008cba60_000196e8",$d,00000000
"000196f4","|static|_FUN_002fc024_000196f4",$d,00000000
"000196f8","|static|_FUN_002fcb58_000196f8",$d,00000000
"000196fc","|static|_FUN_002fbe58_000196fc",$d,00000000
"0001973c","|static|_DAT_008cba60_0001973c",$d,00000000
"00019748","|static|_FUN_002fc014_00019748",$d,00000000
"0001974c","|static|_FUN_00778f8c_0001974c",$d,00000000
"00019750","|static|_FUN_00779114_00019750",$d,00000000
"0001975c","|static|_INVALID_|static|_TEXT:0001c117_0001975c",$d,00000000
"00019764","|static|_FUN_002705fc_00019764",$d,00000000
"00019768","|static|_FUN_0027066c_00019768",$d,00000000
"00019798","|static|_DAT_008cbc04_00019798",$d,00000000
"000197a4","|static|_FUN_002fc014_000197a4",$d,00000000
"000197a8","|static|_FUN_00779038_000197a8",$d,00000000
"000197ac","|static|_FUN_00779148_000197ac",$d,00000000
"000197b8","|static|_FUN_00779398_000197b8",$d,00000000
"000197c0","|static|_FUN_002705fc_000197c0",$d,00000000
"000197c4","|static|_FUN_0027066c_000197c4",$d,00000000
"000197f4","|static|_DAT_008cc070_000197f4",$d,00000000
"00019800","|static|_FUN_002fc014_00019800",$d,00000000
"00019804","|static|_FUN_00779038_00019804",$d,00000000
"00019808","|static|_FUN_00779148_00019808",$d,00000000
"00019814","|static|_FUN_0033f420_00019814",$d,00000000
"0001981c","|static|_FUN_002705fc_0001981c",$d,00000000
"00019820","|static|_FUN_0027066c_00019820",$d,00000000
"00019838","|static|_FUN_0057ba40_00019838",$d,00000000
"0001983c","|static|_FUN_001f4c9c_0001983c",$d,00000000
"00019840","|static|_LAB_0057b988_00019840",$d,00000000
"00019844","|static|_FUN_0057ba54_00019844",$d,00000000
"00019848","|static|_FUN_001f4e44_00019848",$d,00000000
"0001984c","|static|_FUN_0057b98c_0001984c",$d,00000000
"00019850","|static|_FUN_0024f238_00019850",$d,00000000
"00019854","|static|_FUN_001f4dc0_00019854",$d,00000000
"00019858","|static|_LAB_0057ba24_00019858",$d,00000000
"0001985c","|static|_FUN_001f4e30_0001985c",$d,00000000
"00019860","|static|_FUN_001f4ae4_00019860",$d,00000000
"00019864","|static|_FUN_00521a38_00019864",$d,00000000
"00019868","|static|_FUN_00521064_00019868",$d,00000000
"00019874","|static|_FUN_0071866c_00019874",$d,00000000
"00019878","|static|_INVALID_|static|_TEXT:0001c117_00019878",$d,00000000
"00019884","|static|_FUN_001f3ce0_00019884",$d,00000000
"00019888","|static|_FUN_0024f310_00019888",$d,00000000
"0001988c","|static|_FUN_0024f3a0_0001988c",$d,00000000
"000198a0","|static|_INVALID_|static|_TEXT:0001c117_000198a0",$d,00000000
"000198a4","|static|_FUN_001f4e94_000198a4",$d,00000000
"000198a8","|static|_FUN_001f4fc8_000198a8",$d,00000000
"000198b0","|static|_FUN_001f4a68_000198b0",$d,00000000
"000198bc","|static|_INVALID_|static|_TEXT:0001c117_000198bc",$d,00000000
"000198ec","|static|_DAT_008cab38_000198ec",$d,00000000
"000198f8","|static|_FUN_0057ba40_000198f8",$d,00000000
"000198fc","|static|_FUN_001f4c9c_000198fc",$d,00000000
"00019900","|static|_LAB_0057b988_00019900",$d,00000000
"00019904","|static|_FUN_0057ba54_00019904",$d,00000000
"00019908","|static|_FUN_001f4e44_00019908",$d,00000000
"0001990c","|static|_FUN_0057b98c_0001990c",$d,00000000
"00019910","|static|_FUN_0024f238_00019910",$d,00000000
"00019914","|static|_FUN_001f4dc0_00019914",$d,00000000
"00019918","|static|_LAB_0057ba24_00019918",$d,00000000
"0001991c","|static|_FUN_001f4e30_0001991c",$d,00000000
"00019920","|static|_FUN_001f4ae4_00019920",$d,00000000
"00019924","|static|_FUN_00521a38_00019924",$d,00000000
"00019928","|static|_FUN_00521064_00019928",$d,00000000
"00019934","|static|_FUN_0071866c_00019934",$d,00000000
"00019938","|static|_INVALID_|static|_TEXT:0001c117_00019938",$d,00000000
"00019944","|static|_FUN_001f3ce0_00019944",$d,00000000
"00019948","|static|_FUN_0024f310_00019948",$d,00000000
"0001994c","|static|_FUN_0024f3a0_0001994c",$d,00000000
"00019954","|static|_FUN_001f4b6c_00019954",$d,00000000
"00019958","|static|_INVALID_|static|_TEXT:0001c117_00019958",$d,00000000
"00019960","|static|_INVALID_|static|_TEXT:0001c117_00019960",$d,00000000
"00019964","|static|_FUN_001f4e94_00019964",$d,00000000
"00019968","|static|_FUN_001f4fc8_00019968",$d,00000000
"00019970","|static|_FUN_001f4a68_00019970",$d,00000000
"0001997c","|static|_INVALID_|static|_TEXT:0001c117_0001997c",$d,00000000
"00019988","|static|_INVALID_|static|_TEXT:0001c117_00019988",$d,00000000
"0001998c","|static|_INVALID_|static|_TEXT:0001c117_0001998c",$d,00000000
"00019998","|static|_DAT_008ca3d0_00019998",$d,00000000
"000199a4","|static|_FUN_0057ba40_000199a4",$d,00000000
"000199a8","|static|_FUN_001f4c9c_000199a8",$d,00000000
"000199ac","|static|_LAB_0057b988_000199ac",$d,00000000
"000199b0","|static|_FUN_0057ba54_000199b0",$d,00000000
"000199b4","|static|_FUN_001f4e44_000199b4",$d,00000000
"000199b8","|static|_FUN_0057b98c_000199b8",$d,00000000
"000199bc","|static|_FUN_0057b990_000199bc",$d,00000000
"000199c0","|static|_FUN_001f4dc0_000199c0",$d,00000000
"000199c4","|static|_LAB_0057ba24_000199c4",$d,00000000
"000199c8","|static|_FUN_001f4e30_000199c8",$d,00000000
"000199cc","|static|_FUN_001f4ae4_000199cc",$d,00000000
"000199d0","|static|_FUN_00521a38_000199d0",$d,00000000
"000199d4","|static|_FUN_00521064_000199d4",$d,00000000
"000199e0","|static|_INVALID_|static|_TEXT:0001c117_000199e0",$d,00000000
"000199e4","|static|_INVALID_|static|_TEXT:0001c117_000199e4",$d,00000000
"000199f0","|static|_FUN_001f3ce0_000199f0",$d,00000000
"000199f4","|static|_INVALID_|static|_TEXT:0001c117_000199f4",$d,00000000
"000199f8","|static|_INVALID_|static|_TEXT:0001c117_000199f8",$d,00000000
"00019a00","|static|_FUN_001f4b6c_00019a00",$d,00000000
"00019a04","|static|_INVALID_|static|_TEXT:0001c117_00019a04",$d,00000000
"00019a0c","|static|_INVALID_|static|_TEXT:0001c117_00019a0c",$d,00000000
"00019a10","|static|_FUN_001f4e94_00019a10",$d,00000000
"00019a14","|static|_FUN_001f4fc8_00019a14",$d,00000000
"00019a1c","|static|_FUN_001f4a68_00019a1c",$d,00000000
"00019a54","|static|_DAT_008ca3d0_00019a54",$d,00000000
"00019a60","|static|_INVALID_|static|_TEXT:0001c117_00019a60",$d,00000000
"00019a64","|static|_INVALID_|static|_TEXT:0001c117_00019a64",$d,00000000
"00019a68","|static|_INVALID_|static|_TEXT:0001c117_00019a68",$d,00000000
"00019a6c","|static|_INVALID_|static|_TEXT:0001c117_00019a6c",$d,00000000
"00019a70","|static|_INVALID_|static|_TEXT:0001c117_00019a70",$d,00000000
"00019a74","|static|_INVALID_|static|_TEXT:0001c117_00019a74",$d,00000000
"00019a7c","|static|_FUN_002705fc_00019a7c",$d,00000000
"00019a80","|static|_FUN_0027066c_00019a80",$d,00000000
"00019ab0","|static|_DAT_008cab38_00019ab0",$d,00000000
"00019abc","|static|_INVALID_|static|_TEXT:0001c117_00019abc",$d,00000000
"00019ac0","|static|_INVALID_|static|_TEXT:0001c117_00019ac0",$d,00000000
"00019ac4","|static|_INVALID_|static|_TEXT:0001c117_00019ac4",$d,00000000
"00019ac8","|static|_INVALID_|static|_TEXT:0001c117_00019ac8",$d,00000000
"00019acc","|static|_INVALID_|static|_TEXT:0001c117_00019acc",$d,00000000
"00019ad0","|static|_INVALID_|static|_TEXT:0001c117_00019ad0",$d,00000000
"00019ad8","|static|_FUN_002705fc_00019ad8",$d,00000000
"00019adc","|static|_FUN_0027066c_00019adc",$d,00000000
"00019b18","|static|_INVALID_|static|_TEXT:0001c117_00019b18",$d,00000000
"00019b1c","|static|_INVALID_|static|_TEXT:0001c117_00019b1c",$d,00000000
"00019b20","|static|_INVALID_|static|_TEXT:0001c117_00019b20",$d,00000000
"00019b24","|static|_INVALID_|static|_TEXT:0001c117_00019b24",$d,00000000
"00019b28","|static|_INVALID_|static|_TEXT:0001c117_00019b28",$d,00000000
"00019b2c","|static|_INVALID_|static|_TEXT:0001c117_00019b2c",$d,00000000
"00019b44","|static|_DAT_008cc070_00019b44",$d,00000000
"00019b50","|static|_FUN_002fc024_00019b50",$d,00000000
"00019b54","|static|_FUN_00321840_00019b54",$d,00000000
"00019b58","|static|_FUN_003217a0_00019b58",$d,00000000
"00019b6c","|static|_FUN_0033f430_00019b6c",$d,00000000
"00019b7c","|static|_DAT_008cbc04_00019b7c",$d,00000000
"00019b88","|static|_FUN_002fc024_00019b88",$d,00000000
"00019b8c","|static|_FUN_00321840_00019b8c",$d,00000000
"00019b90","|static|_FUN_003217a0_00019b90",$d,00000000
"00019ba4","|static|_FUN_003217d4_00019ba4",$d,00000000
"00019bb4","|static|_DAT_008cba60_00019bb4",$d,00000000
"00019bc0","|static|_FUN_002fc024_00019bc0",$d,00000000
"00019bc4","|static|_FUN_002fcb58_00019bc4",$d,00000000
"00019bc8","|static|_FUN_002fbe58_00019bc8",$d,00000000
"00019c08","|static|_DAT_008cba60_00019c08",$d,00000000
"00019c14","|static|_FUN_002fc014_00019c14",$d,00000000
"00019c18","|static|_FUN_00778f8c_00019c18",$d,00000000
"00019c1c","|static|_FUN_00779114_00019c1c",$d,00000000
"00019c28","|static|_INVALID_|static|_TEXT:0001c117_00019c28",$d,00000000
"00019c30","|static|_FUN_002705fc_00019c30",$d,00000000
"00019c34","|static|_FUN_0027066c_00019c34",$d,00000000
"00019c64","|static|_DAT_008cbc04_00019c64",$d,00000000
"00019c70","|static|_FUN_002fc014_00019c70",$d,00000000
"00019c74","|static|_FUN_00779038_00019c74",$d,00000000
"00019c78","|static|_FUN_00779148_00019c78",$d,00000000
"00019c84","|static|_FUN_00779398_00019c84",$d,00000000
"00019c8c","|static|_FUN_002705fc_00019c8c",$d,00000000
"00019c90","|static|_FUN_0027066c_00019c90",$d,00000000
"00019cc0","|static|_DAT_008cc070_00019cc0",$d,00000000
"00019ccc","|static|_FUN_002fc014_00019ccc",$d,00000000
"00019cd0","|static|_FUN_00779038_00019cd0",$d,00000000
"00019cd4","|static|_FUN_00779148_00019cd4",$d,00000000
"00019ce0","|static|_FUN_0033f420_00019ce0",$d,00000000
"00019ce8","|static|_FUN_002705fc_00019ce8",$d,00000000
"00019cec","|static|_FUN_0027066c_00019cec",$d,00000000
"00019d04","|static|_FUN_0057ba40_00019d04",$d,00000000
"00019d08","|static|_FUN_001f4c9c_00019d08",$d,00000000
"00019d0c","|static|_LAB_0057b988_00019d0c",$d,00000000
"00019d10","|static|_FUN_0057ba54_00019d10",$d,00000000
"00019d14","|static|_FUN_001f4e44_00019d14",$d,00000000
"00019d18","|static|_FUN_0057b98c_00019d18",$d,00000000
"00019d1c","|static|_FUN_0024f238_00019d1c",$d,00000000
"00019d20","|static|_FUN_001f4dc0_00019d20",$d,00000000
"00019d24","|static|_LAB_0057ba24_00019d24",$d,00000000
"00019d28","|static|_FUN_001f4e30_00019d28",$d,00000000
"00019d2c","|static|_FUN_001f4ae4_00019d2c",$d,00000000
"00019d30","|static|_FUN_00521a38_00019d30",$d,00000000
"00019d34","|static|_FUN_00521064_00019d34",$d,00000000
"00019d40","|static|_FUN_0071866c_00019d40",$d,00000000
"00019d44","|static|_INVALID_|static|_TEXT:0001c117_00019d44",$d,00000000
"00019d50","|static|_FUN_001f3ce0_00019d50",$d,00000000
"00019d54","|static|_FUN_0024f310_00019d54",$d,00000000
"00019d58","|static|_FUN_0024f3a0_00019d58",$d,00000000
"00019d6c","|static|_INVALID_|static|_TEXT:0001c117_00019d6c",$d,00000000
"00019d70","|static|_FUN_001f4e94_00019d70",$d,00000000
"00019d74","|static|_FUN_001f4fc8_00019d74",$d,00000000
"00019d7c","|static|_FUN_001f4a68_00019d7c",$d,00000000
"00019d88","|static|_INVALID_|static|_TEXT:0001c117_00019d88",$d,00000000
"00019db8","|static|_DAT_008cab38_00019db8",$d,00000000
"00019dc4","|static|_FUN_0057ba40_00019dc4",$d,00000000
"00019dc8","|static|_FUN_001f4c9c_00019dc8",$d,00000000
"00019dcc","|static|_LAB_0057b988_00019dcc",$d,00000000
"00019dd0","|static|_FUN_0057ba54_00019dd0",$d,00000000
"00019dd4","|static|_FUN_001f4e44_00019dd4",$d,00000000
"00019dd8","|static|_FUN_0057b98c_00019dd8",$d,00000000
"00019ddc","|static|_FUN_0024f238_00019ddc",$d,00000000
"00019de0","|static|_FUN_001f4dc0_00019de0",$d,00000000
"00019de4","|static|_LAB_0057ba24_00019de4",$d,00000000
"00019de8","|static|_FUN_001f4e30_00019de8",$d,00000000
"00019dec","|static|_FUN_001f4ae4_00019dec",$d,00000000
"00019df0","|static|_FUN_00521a38_00019df0",$d,00000000
"00019df4","|static|_FUN_00521064_00019df4",$d,00000000
"00019e00","|static|_FUN_0071866c_00019e00",$d,00000000
"00019e04","|static|_INVALID_|static|_TEXT:0001c117_00019e04",$d,00000000
"00019e10","|static|_FUN_001f3ce0_00019e10",$d,00000000
"00019e14","|static|_FUN_0024f310_00019e14",$d,00000000
"00019e18","|static|_FUN_0024f3a0_00019e18",$d,00000000
"00019e20","|static|_FUN_001f4b6c_00019e20",$d,00000000
"00019e24","|static|_INVALID_|static|_TEXT:0001c117_00019e24",$d,00000000
"00019e2c","|static|_INVALID_|static|_TEXT:0001c117_00019e2c",$d,00000000
"00019e30","|static|_FUN_001f4e94_00019e30",$d,00000000
"00019e34","|static|_FUN_001f4fc8_00019e34",$d,00000000
"00019e3c","|static|_FUN_001f4a68_00019e3c",$d,00000000
"00019e48","|static|_INVALID_|static|_TEXT:0001c117_00019e48",$d,00000000
"00019e54","|static|_INVALID_|static|_TEXT:0001c117_00019e54",$d,00000000
"00019e58","|static|_INVALID_|static|_TEXT:0001c117_00019e58",$d,00000000
"00019e64","|static|_DAT_008ca3d0_00019e64",$d,00000000
"00019e70","|static|_FUN_0057ba40_00019e70",$d,00000000
"00019e74","|static|_FUN_001f4c9c_00019e74",$d,00000000
"00019e78","|static|_LAB_0057b988_00019e78",$d,00000000
"00019e7c","|static|_FUN_0057ba54_00019e7c",$d,00000000
"00019e80","|static|_FUN_001f4e44_00019e80",$d,00000000
"00019e84","|static|_FUN_0057b98c_00019e84",$d,00000000
"00019e88","|static|_FUN_0057b990_00019e88",$d,00000000
"00019e8c","|static|_FUN_001f4dc0_00019e8c",$d,00000000
"00019e90","|static|_LAB_0057ba24_00019e90",$d,00000000
"00019e94","|static|_FUN_001f4e30_00019e94",$d,00000000
"00019e98","|static|_FUN_001f4ae4_00019e98",$d,00000000
"00019e9c","|static|_FUN_00521a38_00019e9c",$d,00000000
"00019ea0","|static|_FUN_00521064_00019ea0",$d,00000000
"00019eac","|static|_INVALID_|static|_TEXT:0001c117_00019eac",$d,00000000
"00019eb0","|static|_INVALID_|static|_TEXT:0001c117_00019eb0",$d,00000000
"00019ebc","|static|_FUN_001f3ce0_00019ebc",$d,00000000
"00019ec0","|static|_INVALID_|static|_TEXT:0001c117_00019ec0",$d,00000000
"00019ec4","|static|_INVALID_|static|_TEXT:0001c117_00019ec4",$d,00000000
"00019ecc","|static|_FUN_001f4b6c_00019ecc",$d,00000000
"00019ed0","|static|_INVALID_|static|_TEXT:0001c117_00019ed0",$d,00000000
"00019ed8","|static|_INVALID_|static|_TEXT:0001c117_00019ed8",$d,00000000
"00019edc","|static|_FUN_001f4e94_00019edc",$d,00000000
"00019ee0","|static|_FUN_001f4fc8_00019ee0",$d,00000000
"00019ee8","|static|_FUN_001f4a68_00019ee8",$d,00000000
"00019f20","|static|_DAT_008ca3d0_00019f20",$d,00000000
"00019f2c","|static|_INVALID_|static|_TEXT:0001c117_00019f2c",$d,00000000
"00019f30","|static|_INVALID_|static|_TEXT:0001c117_00019f30",$d,00000000
"00019f34","|static|_INVALID_|static|_TEXT:0001c117_00019f34",$d,00000000
"00019f38","|static|_INVALID_|static|_TEXT:0001c117_00019f38",$d,00000000
"00019f3c","|static|_INVALID_|static|_TEXT:0001c117_00019f3c",$d,00000000
"00019f40","|static|_INVALID_|static|_TEXT:0001c117_00019f40",$d,00000000
"00019f48","|static|_FUN_002705fc_00019f48",$d,00000000
"00019f4c","|static|_FUN_0027066c_00019f4c",$d,00000000
"00019f7c","|static|_DAT_008cab38_00019f7c",$d,00000000
"00019f88","|static|_INVALID_|static|_TEXT:0001c117_00019f88",$d,00000000
"00019f8c","|static|_INVALID_|static|_TEXT:0001c117_00019f8c",$d,00000000
"00019f90","|static|_INVALID_|static|_TEXT:0001c117_00019f90",$d,00000000
"00019f94","|static|_INVALID_|static|_TEXT:0001c117_00019f94",$d,00000000
"00019f98","|static|_INVALID_|static|_TEXT:0001c117_00019f98",$d,00000000
"00019f9c","|static|_INVALID_|static|_TEXT:0001c117_00019f9c",$d,00000000
"00019fa4","|static|_FUN_002705fc_00019fa4",$d,00000000
"00019fa8","|static|_FUN_0027066c_00019fa8",$d,00000000
"00019fe4","|static|_INVALID_|static|_TEXT:0001c117_00019fe4",$d,00000000
"00019fe8","|static|_INVALID_|static|_TEXT:0001c117_00019fe8",$d,00000000
"00019fec","|static|_INVALID_|static|_TEXT:0001c117_00019fec",$d,00000000
"00019ff0","|static|_INVALID_|static|_TEXT:0001c117_00019ff0",$d,00000000
"00019ff4","|static|_INVALID_|static|_TEXT:0001c117_00019ff4",$d,00000000
"00019ff8","|static|_INVALID_|static|_TEXT:0001c117_00019ff8",$d,00000000
"0001a010","|static|_DAT_008cc070_0001a010",$d,00000000
"0001a01c","|static|_FUN_002fc024_0001a01c",$d,00000000
"0001a020","|static|_FUN_00321840_0001a020",$d,00000000
"0001a024","|static|_FUN_003217a0_0001a024",$d,00000000
"0001a038","|static|_FUN_0033f430_0001a038",$d,00000000
"0001a048","|static|_DAT_008cbc04_0001a048",$d,00000000
"0001a054","|static|_FUN_002fc024_0001a054",$d,00000000
"0001a058","|static|_FUN_00321840_0001a058",$d,00000000
"0001a05c","|static|_FUN_003217a0_0001a05c",$d,00000000
"0001a070","|static|_FUN_003217d4_0001a070",$d,00000000
"0001a080","|static|_DAT_008cba60_0001a080",$d,00000000
"0001a08c","|static|_FUN_002fc024_0001a08c",$d,00000000
"0001a090","|static|_FUN_002fcb58_0001a090",$d,00000000
"0001a094","|static|_FUN_002fbe58_0001a094",$d,00000000
"0001a0d4","|static|_DAT_008cba60_0001a0d4",$d,00000000
"0001a0e0","|static|_FUN_002fc014_0001a0e0",$d,00000000
"0001a0e4","|static|_FUN_00778f8c_0001a0e4",$d,00000000
"0001a0e8","|static|_FUN_00779114_0001a0e8",$d,00000000
"0001a0f4","|static|_INVALID_|static|_TEXT:0001c117_0001a0f4",$d,00000000
"0001a0fc","|static|_FUN_002705fc_0001a0fc",$d,00000000
"0001a100","|static|_FUN_0027066c_0001a100",$d,00000000
"0001a130","|static|_DAT_008cbc04_0001a130",$d,00000000
"0001a13c","|static|_FUN_002fc014_0001a13c",$d,00000000
"0001a140","|static|_FUN_00779038_0001a140",$d,00000000
"0001a144","|static|_FUN_00779148_0001a144",$d,00000000
"0001a150","|static|_FUN_00779398_0001a150",$d,00000000
"0001a158","|static|_FUN_002705fc_0001a158",$d,00000000
"0001a15c","|static|_FUN_0027066c_0001a15c",$d,00000000
"0001a18c","|static|_DAT_008cc070_0001a18c",$d,00000000
"0001a198","|static|_FUN_002fc014_0001a198",$d,00000000
"0001a19c","|static|_FUN_00779038_0001a19c",$d,00000000
"0001a1a0","|static|_FUN_00779148_0001a1a0",$d,00000000
"0001a1ac","|static|_FUN_0033f420_0001a1ac",$d,00000000
"0001a1b4","|static|_FUN_002705fc_0001a1b4",$d,00000000
"0001a1b8","|static|_FUN_0027066c_0001a1b8",$d,00000000
"0001a1d0","|static|_FUN_0057ba40_0001a1d0",$d,00000000
"0001a1d4","|static|_FUN_001f4c9c_0001a1d4",$d,00000000
"0001a1d8","|static|_LAB_0057b988_0001a1d8",$d,00000000
"0001a1dc","|static|_FUN_0057ba54_0001a1dc",$d,00000000
"0001a1e0","|static|_FUN_001f4e44_0001a1e0",$d,00000000
"0001a1e4","|static|_FUN_0057b98c_0001a1e4",$d,00000000
"0001a1e8","|static|_FUN_0024f238_0001a1e8",$d,00000000
"0001a1ec","|static|_FUN_001f4dc0_0001a1ec",$d,00000000
"0001a1f0","|static|_LAB_0057ba24_0001a1f0",$d,00000000
"0001a1f4","|static|_FUN_001f4e30_0001a1f4",$d,00000000
"0001a1f8","|static|_FUN_001f4ae4_0001a1f8",$d,00000000
"0001a1fc","|static|_FUN_00521a38_0001a1fc",$d,00000000
"0001a200","|static|_FUN_00521064_0001a200",$d,00000000
"0001a20c","|static|_FUN_0071866c_0001a20c",$d,00000000
"0001a210","|static|_INVALID_|static|_TEXT:0001c117_0001a210",$d,00000000
"0001a21c","|static|_FUN_001f3ce0_0001a21c",$d,00000000
"0001a220","|static|_FUN_0024f310_0001a220",$d,00000000
"0001a224","|static|_FUN_0024f3a0_0001a224",$d,00000000
"0001a238","|static|_INVALID_|static|_TEXT:0001c117_0001a238",$d,00000000
"0001a23c","|static|_FUN_001f4e94_0001a23c",$d,00000000
"0001a240","|static|_FUN_001f4fc8_0001a240",$d,00000000
"0001a248","|static|_FUN_001f4a68_0001a248",$d,00000000
"0001a254","|static|_INVALID_|static|_TEXT:0001c117_0001a254",$d,00000000
"0001a284","|static|_DAT_008cab38_0001a284",$d,00000000
"0001a290","|static|_FUN_0057ba40_0001a290",$d,00000000
"0001a294","|static|_FUN_001f4c9c_0001a294",$d,00000000
"0001a298","|static|_LAB_0057b988_0001a298",$d,00000000
"0001a29c","|static|_FUN_0057ba54_0001a29c",$d,00000000
"0001a2a0","|static|_FUN_001f4e44_0001a2a0",$d,00000000
"0001a2a4","|static|_FUN_0057b98c_0001a2a4",$d,00000000
"0001a2a8","|static|_FUN_0024f238_0001a2a8",$d,00000000
"0001a2ac","|static|_FUN_001f4dc0_0001a2ac",$d,00000000
"0001a2b0","|static|_LAB_0057ba24_0001a2b0",$d,00000000
"0001a2b4","|static|_FUN_001f4e30_0001a2b4",$d,00000000
"0001a2b8","|static|_FUN_001f4ae4_0001a2b8",$d,00000000
"0001a2bc","|static|_FUN_00521a38_0001a2bc",$d,00000000
"0001a2c0","|static|_FUN_00521064_0001a2c0",$d,00000000
"0001a2cc","|static|_FUN_0071866c_0001a2cc",$d,00000000
"0001a2d0","|static|_INVALID_|static|_TEXT:0001c117_0001a2d0",$d,00000000
"0001a2dc","|static|_FUN_001f3ce0_0001a2dc",$d,00000000
"0001a2e0","|static|_FUN_0024f310_0001a2e0",$d,00000000
"0001a2e4","|static|_FUN_0024f3a0_0001a2e4",$d,00000000
"0001a2ec","|static|_FUN_001f4b6c_0001a2ec",$d,00000000
"0001a2f0","|static|_INVALID_|static|_TEXT:0001c117_0001a2f0",$d,00000000
"0001a2f8","|static|_INVALID_|static|_TEXT:0001c117_0001a2f8",$d,00000000
"0001a2fc","|static|_FUN_001f4e94_0001a2fc",$d,00000000
"0001a300","|static|_FUN_001f4fc8_0001a300",$d,00000000
"0001a308","|static|_FUN_001f4a68_0001a308",$d,00000000
"0001a314","|static|_INVALID_|static|_TEXT:0001c117_0001a314",$d,00000000
"0001a320","|static|_INVALID_|static|_TEXT:0001c117_0001a320",$d,00000000
"0001a324","|static|_INVALID_|static|_TEXT:0001c117_0001a324",$d,00000000
"0001a330","|static|_DAT_008ca3d0_0001a330",$d,00000000
"0001a33c","|static|_FUN_0057ba40_0001a33c",$d,00000000
"0001a340","|static|_FUN_001f4c9c_0001a340",$d,00000000
"0001a344","|static|_LAB_0057b988_0001a344",$d,00000000
"0001a348","|static|_FUN_0057ba54_0001a348",$d,00000000
"0001a34c","|static|_FUN_001f4e44_0001a34c",$d,00000000
"0001a350","|static|_FUN_0057b98c_0001a350",$d,00000000
"0001a354","|static|_FUN_0057b990_0001a354",$d,00000000
"0001a358","|static|_FUN_001f4dc0_0001a358",$d,00000000
"0001a35c","|static|_LAB_0057ba24_0001a35c",$d,00000000
"0001a360","|static|_FUN_001f4e30_0001a360",$d,00000000
"0001a364","|static|_FUN_001f4ae4_0001a364",$d,00000000
"0001a368","|static|_FUN_00521a38_0001a368",$d,00000000
"0001a36c","|static|_FUN_00521064_0001a36c",$d,00000000
"0001a378","|static|_INVALID_|static|_TEXT:0001c117_0001a378",$d,00000000
"0001a37c","|static|_INVALID_|static|_TEXT:0001c117_0001a37c",$d,00000000
"0001a388","|static|_FUN_001f3ce0_0001a388",$d,00000000
"0001a38c","|static|_INVALID_|static|_TEXT:0001c117_0001a38c",$d,00000000
"0001a390","|static|_INVALID_|static|_TEXT:0001c117_0001a390",$d,00000000
"0001a398","|static|_FUN_001f4b6c_0001a398",$d,00000000
"0001a39c","|static|_INVALID_|static|_TEXT:0001c117_0001a39c",$d,00000000
"0001a3a4","|static|_INVALID_|static|_TEXT:0001c117_0001a3a4",$d,00000000
"0001a3a8","|static|_FUN_001f4e94_0001a3a8",$d,00000000
"0001a3ac","|static|_FUN_001f4fc8_0001a3ac",$d,00000000
"0001a3b4","|static|_FUN_001f4a68_0001a3b4",$d,00000000
"0001a3ec","|static|_DAT_008ca3d0_0001a3ec",$d,00000000
"0001a3f8","|static|_INVALID_|static|_TEXT:0001c117_0001a3f8",$d,00000000
"0001a3fc","|static|_INVALID_|static|_TEXT:0001c117_0001a3fc",$d,00000000
"0001a400","|static|_INVALID_|static|_TEXT:0001c117_0001a400",$d,00000000
"0001a404","|static|_INVALID_|static|_TEXT:0001c117_0001a404",$d,00000000
"0001a408","|static|_INVALID_|static|_TEXT:0001c117_0001a408",$d,00000000
"0001a40c","|static|_INVALID_|static|_TEXT:0001c117_0001a40c",$d,00000000
"0001a414","|static|_FUN_002705fc_0001a414",$d,00000000
"0001a418","|static|_FUN_0027066c_0001a418",$d,00000000
"0001a448","|static|_DAT_008cab38_0001a448",$d,00000000
"0001a454","|static|_INVALID_|static|_TEXT:0001c117_0001a454",$d,00000000
"0001a458","|static|_INVALID_|static|_TEXT:0001c117_0001a458",$d,00000000
"0001a45c","|static|_INVALID_|static|_TEXT:0001c117_0001a45c",$d,00000000
"0001a460","|static|_INVALID_|static|_TEXT:0001c117_0001a460",$d,00000000
"0001a464","|static|_INVALID_|static|_TEXT:0001c117_0001a464",$d,00000000
"0001a468","|static|_INVALID_|static|_TEXT:0001c117_0001a468",$d,00000000
"0001a470","|static|_FUN_002705fc_0001a470",$d,00000000
"0001a474","|static|_FUN_0027066c_0001a474",$d,00000000
"0001a4b0","|static|_INVALID_|static|_TEXT:0001c117_0001a4b0",$d,00000000
"0001a4b4","|static|_INVALID_|static|_TEXT:0001c117_0001a4b4",$d,00000000
"0001a4b8","|static|_INVALID_|static|_TEXT:0001c117_0001a4b8",$d,00000000
"0001a4bc","|static|_INVALID_|static|_TEXT:0001c117_0001a4bc",$d,00000000
"0001a4c0","|static|_INVALID_|static|_TEXT:0001c117_0001a4c0",$d,00000000
"0001a4c4","|static|_INVALID_|static|_TEXT:0001c117_0001a4c4",$d,00000000
"0001a4dc","|static|_DAT_008cc070_0001a4dc",$d,00000000
"0001a4e8","|static|_FUN_002fc024_0001a4e8",$d,00000000
"0001a4ec","|static|_FUN_00321840_0001a4ec",$d,00000000
"0001a4f0","|static|_FUN_003217a0_0001a4f0",$d,00000000
"0001a504","|static|_FUN_0033f430_0001a504",$d,00000000
"0001a514","|static|_DAT_008cbc04_0001a514",$d,00000000
"0001a520","|static|_FUN_002fc024_0001a520",$d,00000000
"0001a524","|static|_FUN_00321840_0001a524",$d,00000000
"0001a528","|static|_FUN_003217a0_0001a528",$d,00000000
"0001a53c","|static|_FUN_003217d4_0001a53c",$d,00000000
"0001a54c","|static|_DAT_008cba60_0001a54c",$d,00000000
"0001a558","|static|_FUN_002fc024_0001a558",$d,00000000
"0001a55c","|static|_FUN_002fcb58_0001a55c",$d,00000000
"0001a560","|static|_FUN_002fbe58_0001a560",$d,00000000
"0001a5a0","|static|_DAT_008cba60_0001a5a0",$d,00000000
"0001a5ac","|static|_FUN_002fc014_0001a5ac",$d,00000000
"0001a5b0","|static|_FUN_00778f8c_0001a5b0",$d,00000000
"0001a5b4","|static|_FUN_00779114_0001a5b4",$d,00000000
"0001a5c0","|static|_INVALID_|static|_TEXT:0001c117_0001a5c0",$d,00000000
"0001a5c8","|static|_FUN_002705fc_0001a5c8",$d,00000000
"0001a5cc","|static|_FUN_0027066c_0001a5cc",$d,00000000
"0001a5fc","|static|_DAT_008cbc04_0001a5fc",$d,00000000
"0001a608","|static|_FUN_002fc014_0001a608",$d,00000000
"0001a60c","|static|_FUN_00779038_0001a60c",$d,00000000
"0001a610","|static|_FUN_00779148_0001a610",$d,00000000
"0001a61c","|static|_FUN_00779398_0001a61c",$d,00000000
"0001a624","|static|_FUN_002705fc_0001a624",$d,00000000
"0001a628","|static|_FUN_0027066c_0001a628",$d,00000000
"0001a658","|static|_DAT_008cc070_0001a658",$d,00000000
"0001a664","|static|_FUN_002fc014_0001a664",$d,00000000
"0001a668","|static|_FUN_00779038_0001a668",$d,00000000
"0001a66c","|static|_FUN_00779148_0001a66c",$d,00000000
"0001a678","|static|_FUN_0033f420_0001a678",$d,00000000
"0001a680","|static|_FUN_002705fc_0001a680",$d,00000000
"0001a684","|static|_FUN_0027066c_0001a684",$d,00000000
"0001a69c","|static|_FUN_0057ba40_0001a69c",$d,00000000
"0001a6a0","|static|_FUN_001f4c9c_0001a6a0",$d,00000000
"0001a6a4","|static|_LAB_0057b988_0001a6a4",$d,00000000
"0001a6a8","|static|_FUN_0057ba54_0001a6a8",$d,00000000
"0001a6ac","|static|_FUN_001f4e44_0001a6ac",$d,00000000
"0001a6b0","|static|_FUN_0057b98c_0001a6b0",$d,00000000
"0001a6b4","|static|_FUN_0024f238_0001a6b4",$d,00000000
"0001a6b8","|static|_FUN_001f4dc0_0001a6b8",$d,00000000
"0001a6bc","|static|_LAB_0057ba24_0001a6bc",$d,00000000
"0001a6c0","|static|_FUN_001f4e30_0001a6c0",$d,00000000
"0001a6c4","|static|_FUN_001f4ae4_0001a6c4",$d,00000000
"0001a6c8","|static|_FUN_00521a38_0001a6c8",$d,00000000
"0001a6cc","|static|_FUN_00521064_0001a6cc",$d,00000000
"0001a6d8","|static|_FUN_0071866c_0001a6d8",$d,00000000
"0001a6dc","|static|_INVALID_|static|_TEXT:0001c117_0001a6dc",$d,00000000
"0001a6e8","|static|_FUN_001f3ce0_0001a6e8",$d,00000000
"0001a6ec","|static|_FUN_0024f310_0001a6ec",$d,00000000
"0001a6f0","|static|_FUN_0024f3a0_0001a6f0",$d,00000000
"0001a704","|static|_INVALID_|static|_TEXT:0001c117_0001a704",$d,00000000
"0001a708","|static|_FUN_001f4e94_0001a708",$d,00000000
"0001a70c","|static|_FUN_001f4fc8_0001a70c",$d,00000000
"0001a714","|static|_FUN_001f4a68_0001a714",$d,00000000
"0001a720","|static|_INVALID_|static|_TEXT:0001c117_0001a720",$d,00000000
"0001a750","|static|_DAT_008cab38_0001a750",$d,00000000
"0001a75c","|static|_FUN_0057ba40_0001a75c",$d,00000000
"0001a760","|static|_FUN_001f4c9c_0001a760",$d,00000000
"0001a764","|static|_LAB_0057b988_0001a764",$d,00000000
"0001a768","|static|_FUN_0057ba54_0001a768",$d,00000000
"0001a76c","|static|_FUN_001f4e44_0001a76c",$d,00000000
"0001a770","|static|_FUN_0057b98c_0001a770",$d,00000000
"0001a774","|static|_FUN_0024f238_0001a774",$d,00000000
"0001a778","|static|_FUN_001f4dc0_0001a778",$d,00000000
"0001a77c","|static|_LAB_0057ba24_0001a77c",$d,00000000
"0001a780","|static|_FUN_001f4e30_0001a780",$d,00000000
"0001a784","|static|_FUN_001f4ae4_0001a784",$d,00000000
"0001a788","|static|_FUN_00521a38_0001a788",$d,00000000
"0001a78c","|static|_FUN_00521064_0001a78c",$d,00000000
"0001a798","|static|_FUN_0071866c_0001a798",$d,00000000
"0001a79c","|static|_INVALID_|static|_TEXT:0001c117_0001a79c",$d,00000000
"0001a7a8","|static|_FUN_001f3ce0_0001a7a8",$d,00000000
"0001a7ac","|static|_FUN_0024f310_0001a7ac",$d,00000000
"0001a7b0","|static|_FUN_0024f3a0_0001a7b0",$d,00000000
"0001a7b8","|static|_FUN_001f4b6c_0001a7b8",$d,00000000
"0001a7bc","|static|_INVALID_|static|_TEXT:0001c117_0001a7bc",$d,00000000
"0001a7c4","|static|_INVALID_|static|_TEXT:0001c117_0001a7c4",$d,00000000
"0001a7c8","|static|_FUN_001f4e94_0001a7c8",$d,00000000
"0001a7cc","|static|_FUN_001f4fc8_0001a7cc",$d,00000000
"0001a7d4","|static|_FUN_001f4a68_0001a7d4",$d,00000000
"0001a7e0","|static|_INVALID_|static|_TEXT:0001c117_0001a7e0",$d,00000000
"0001a7ec","|static|_INVALID_|static|_TEXT:0001c117_0001a7ec",$d,00000000
"0001a7f0","|static|_INVALID_|static|_TEXT:0001c117_0001a7f0",$d,00000000
"0001a7fc","|static|_DAT_008ca3d0_0001a7fc",$d,00000000
"0001a808","|static|_FUN_0057ba40_0001a808",$d,00000000
"0001a80c","|static|_FUN_001f4c9c_0001a80c",$d,00000000
"0001a810","|static|_LAB_0057b988_0001a810",$d,00000000
"0001a814","|static|_FUN_0057ba54_0001a814",$d,00000000
"0001a818","|static|_FUN_001f4e44_0001a818",$d,00000000
"0001a81c","|static|_FUN_0057b98c_0001a81c",$d,00000000
"0001a820","|static|_FUN_0057b990_0001a820",$d,00000000
"0001a824","|static|_FUN_001f4dc0_0001a824",$d,00000000
"0001a828","|static|_LAB_0057ba24_0001a828",$d,00000000
"0001a82c","|static|_FUN_001f4e30_0001a82c",$d,00000000
"0001a830","|static|_FUN_001f4ae4_0001a830",$d,00000000
"0001a834","|static|_FUN_00521a38_0001a834",$d,00000000
"0001a838","|static|_FUN_00521064_0001a838",$d,00000000
"0001a844","|static|_INVALID_|static|_TEXT:0001c117_0001a844",$d,00000000
"0001a848","|static|_INVALID_|static|_TEXT:0001c117_0001a848",$d,00000000
"0001a854","|static|_FUN_001f3ce0_0001a854",$d,00000000
"0001a858","|static|_INVALID_|static|_TEXT:0001c117_0001a858",$d,00000000
"0001a85c","|static|_INVALID_|static|_TEXT:0001c117_0001a85c",$d,00000000
"0001a864","|static|_FUN_001f4b6c_0001a864",$d,00000000
"0001a868","|static|_INVALID_|static|_TEXT:0001c117_0001a868",$d,00000000
"0001a870","|static|_INVALID_|static|_TEXT:0001c117_0001a870",$d,00000000
"0001a874","|static|_FUN_001f4e94_0001a874",$d,00000000
"0001a878","|static|_FUN_001f4fc8_0001a878",$d,00000000
"0001a880","|static|_FUN_001f4a68_0001a880",$d,00000000
"0001a8b8","|static|_DAT_008ca3d0_0001a8b8",$d,00000000
"0001a8c4","|static|_INVALID_|static|_TEXT:0001c117_0001a8c4",$d,00000000
"0001a8c8","|static|_INVALID_|static|_TEXT:0001c117_0001a8c8",$d,00000000
"0001a8cc","|static|_INVALID_|static|_TEXT:0001c117_0001a8cc",$d,00000000
"0001a8d0","|static|_INVALID_|static|_TEXT:0001c117_0001a8d0",$d,00000000
"0001a8d4","|static|_INVALID_|static|_TEXT:0001c117_0001a8d4",$d,00000000
"0001a8d8","|static|_INVALID_|static|_TEXT:0001c117_0001a8d8",$d,00000000
"0001a8e0","|static|_FUN_002705fc_0001a8e0",$d,00000000
"0001a8e4","|static|_FUN_0027066c_0001a8e4",$d,00000000
"0001a914","|static|_DAT_008cab38_0001a914",$d,00000000
"0001a920","|static|_INVALID_|static|_TEXT:0001c117_0001a920",$d,00000000
"0001a924","|static|_INVALID_|static|_TEXT:0001c117_0001a924",$d,00000000
"0001a928","|static|_INVALID_|static|_TEXT:0001c117_0001a928",$d,00000000
"0001a92c","|static|_INVALID_|static|_TEXT:0001c117_0001a92c",$d,00000000
"0001a930","|static|_INVALID_|static|_TEXT:0001c117_0001a930",$d,00000000
"0001a934","|static|_INVALID_|static|_TEXT:0001c117_0001a934",$d,00000000
"0001a93c","|static|_FUN_002705fc_0001a93c",$d,00000000
"0001a940","|static|_FUN_0027066c_0001a940",$d,00000000
"0001a97c","|static|_INVALID_|static|_TEXT:0001c117_0001a97c",$d,00000000
"0001a980","|static|_INVALID_|static|_TEXT:0001c117_0001a980",$d,00000000
"0001a984","|static|_INVALID_|static|_TEXT:0001c117_0001a984",$d,00000000
"0001a988","|static|_INVALID_|static|_TEXT:0001c117_0001a988",$d,00000000
"0001a98c","|static|_INVALID_|static|_TEXT:0001c117_0001a98c",$d,00000000
"0001a990","|static|_INVALID_|static|_TEXT:0001c117_0001a990",$d,00000000
"0001a9a8","|static|_DAT_008cc070_0001a9a8",$d,00000000
"0001a9b4","|static|_FUN_002fc024_0001a9b4",$d,00000000
"0001a9b8","|static|_FUN_00321840_0001a9b8",$d,00000000
"0001a9bc","|static|_FUN_003217a0_0001a9bc",$d,00000000
"0001a9d0","|static|_FUN_0033f430_0001a9d0",$d,00000000
"0001a9e0","|static|_DAT_008cbc04_0001a9e0",$d,00000000
"0001a9ec","|static|_FUN_002fc024_0001a9ec",$d,00000000
"0001a9f0","|static|_FUN_00321840_0001a9f0",$d,00000000
"0001a9f4","|static|_FUN_003217a0_0001a9f4",$d,00000000
"0001aa08","|static|_FUN_003217d4_0001aa08",$d,00000000
"0001aa18","|static|_DAT_008cba60_0001aa18",$d,00000000
"0001aa24","|static|_FUN_002fc024_0001aa24",$d,00000000
"0001aa28","|static|_FUN_002fcb58_0001aa28",$d,00000000
"0001aa2c","|static|_FUN_002fbe58_0001aa2c",$d,00000000
"0001aa6c","|static|_DAT_008cba60_0001aa6c",$d,00000000
"0001aa78","|static|_FUN_002fc014_0001aa78",$d,00000000
"0001aa7c","|static|_FUN_00778f8c_0001aa7c",$d,00000000
"0001aa80","|static|_FUN_00779114_0001aa80",$d,00000000
"0001aa8c","|static|_INVALID_|static|_TEXT:0001c117_0001aa8c",$d,00000000
"0001aa94","|static|_FUN_002705fc_0001aa94",$d,00000000
"0001aa98","|static|_FUN_0027066c_0001aa98",$d,00000000
"0001aac8","|static|_DAT_008cbc04_0001aac8",$d,00000000
"0001aad4","|static|_FUN_002fc014_0001aad4",$d,00000000
"0001aad8","|static|_FUN_00779038_0001aad8",$d,00000000
"0001aadc","|static|_FUN_00779148_0001aadc",$d,00000000
"0001aae8","|static|_FUN_00779398_0001aae8",$d,00000000
"0001aaf0","|static|_FUN_002705fc_0001aaf0",$d,00000000
"0001aaf4","|static|_FUN_0027066c_0001aaf4",$d,00000000
"0001ab24","|static|_DAT_008cc070_0001ab24",$d,00000000
"0001ab30","|static|_FUN_002fc014_0001ab30",$d,00000000
"0001ab34","|static|_FUN_00779038_0001ab34",$d,00000000
"0001ab38","|static|_FUN_00779148_0001ab38",$d,00000000
"0001ab44","|static|_FUN_0033f420_0001ab44",$d,00000000
"0001ab4c","|static|_FUN_002705fc_0001ab4c",$d,00000000
"0001ab50","|static|_FUN_0027066c_0001ab50",$d,00000000
"0001ab68","|static|_FUN_0057ba40_0001ab68",$d,00000000
"0001ab6c","|static|_FUN_001f4c9c_0001ab6c",$d,00000000
"0001ab70","|static|_LAB_0057b988_0001ab70",$d,00000000
"0001ab74","|static|_FUN_0057ba54_0001ab74",$d,00000000
"0001ab78","|static|_FUN_001f4e44_0001ab78",$d,00000000
"0001ab7c","|static|_FUN_0057b98c_0001ab7c",$d,00000000
"0001ab80","|static|_FUN_0024f238_0001ab80",$d,00000000
"0001ab84","|static|_FUN_001f4dc0_0001ab84",$d,00000000
"0001ab88","|static|_LAB_0057ba24_0001ab88",$d,00000000
"0001ab8c","|static|_FUN_001f4e30_0001ab8c",$d,00000000
"0001ab90","|static|_FUN_001f4ae4_0001ab90",$d,00000000
"0001ab94","|static|_FUN_00521a38_0001ab94",$d,00000000
"0001ab98","|static|_FUN_00521064_0001ab98",$d,00000000
"0001aba4","|static|_FUN_0071866c_0001aba4",$d,00000000
"0001aba8","|static|_INVALID_|static|_TEXT:0001c117_0001aba8",$d,00000000
"0001abb4","|static|_FUN_001f3ce0_0001abb4",$d,00000000
"0001abb8","|static|_FUN_0024f310_0001abb8",$d,00000000
"0001abbc","|static|_FUN_0024f3a0_0001abbc",$d,00000000
"0001abd0","|static|_INVALID_|static|_TEXT:0001c117_0001abd0",$d,00000000
"0001abd4","|static|_FUN_001f4e94_0001abd4",$d,00000000
"0001abd8","|static|_FUN_001f4fc8_0001abd8",$d,00000000
"0001abe0","|static|_FUN_001f4a68_0001abe0",$d,00000000
"0001abec","|static|_INVALID_|static|_TEXT:0001c117_0001abec",$d,00000000
"0001ac1c","|static|_DAT_008cab38_0001ac1c",$d,00000000
"0001ac28","|static|_FUN_0057ba40_0001ac28",$d,00000000
"0001ac2c","|static|_FUN_001f4c9c_0001ac2c",$d,00000000
"0001ac30","|static|_LAB_0057b988_0001ac30",$d,00000000
"0001ac34","|static|_FUN_0057ba54_0001ac34",$d,00000000
"0001ac38","|static|_FUN_001f4e44_0001ac38",$d,00000000
"0001ac3c","|static|_FUN_0057b98c_0001ac3c",$d,00000000
"0001ac40","|static|_FUN_0024f238_0001ac40",$d,00000000
"0001ac44","|static|_FUN_001f4dc0_0001ac44",$d,00000000
"0001ac48","|static|_LAB_0057ba24_0001ac48",$d,00000000
"0001ac4c","|static|_FUN_001f4e30_0001ac4c",$d,00000000
"0001ac50","|static|_FUN_001f4ae4_0001ac50",$d,00000000
"0001ac54","|static|_FUN_00521a38_0001ac54",$d,00000000
"0001ac58","|static|_FUN_00521064_0001ac58",$d,00000000
"0001ac64","|static|_FUN_0071866c_0001ac64",$d,00000000
"0001ac68","|static|_INVALID_|static|_TEXT:0001c117_0001ac68",$d,00000000
"0001ac74","|static|_FUN_001f3ce0_0001ac74",$d,00000000
"0001ac78","|static|_FUN_0024f310_0001ac78",$d,00000000
"0001ac7c","|static|_FUN_0024f3a0_0001ac7c",$d,00000000
"0001ac84","|static|_FUN_001f4b6c_0001ac84",$d,00000000
"0001ac88","|static|_INVALID_|static|_TEXT:0001c117_0001ac88",$d,00000000
"0001ac90","|static|_INVALID_|static|_TEXT:0001c117_0001ac90",$d,00000000
"0001ac94","|static|_FUN_001f4e94_0001ac94",$d,00000000
"0001ac98","|static|_FUN_001f4fc8_0001ac98",$d,00000000
"0001aca0","|static|_FUN_001f4a68_0001aca0",$d,00000000
"0001acac","|static|_INVALID_|static|_TEXT:0001c117_0001acac",$d,00000000
"0001acb8","|static|_INVALID_|static|_TEXT:0001c117_0001acb8",$d,00000000
"0001acbc","|static|_INVALID_|static|_TEXT:0001c117_0001acbc",$d,00000000
"0001acc8","|static|_DAT_008ca3d0_0001acc8",$d,00000000
"0001acd4","|static|_FUN_0057ba40_0001acd4",$d,00000000
"0001acd8","|static|_FUN_001f4c9c_0001acd8",$d,00000000
"0001acdc","|static|_LAB_0057b988_0001acdc",$d,00000000
"0001ace0","|static|_FUN_0057ba54_0001ace0",$d,00000000
"0001ace4","|static|_FUN_001f4e44_0001ace4",$d,00000000
"0001ace8","|static|_FUN_0057b98c_0001ace8",$d,00000000
"0001acec","|static|_FUN_0057b990_0001acec",$d,00000000
"0001acf0","|static|_FUN_001f4dc0_0001acf0",$d,00000000
"0001acf4","|static|_LAB_0057ba24_0001acf4",$d,00000000
"0001acf8","|static|_FUN_001f4e30_0001acf8",$d,00000000
"0001acfc","|static|_FUN_001f4ae4_0001acfc",$d,00000000
"0001ad00","|static|_FUN_00521a38_0001ad00",$d,00000000
"0001ad04","|static|_FUN_00521064_0001ad04",$d,00000000
"0001ad10","|static|_INVALID_|static|_TEXT:0001c117_0001ad10",$d,00000000
"0001ad14","|static|_INVALID_|static|_TEXT:0001c117_0001ad14",$d,00000000
"0001ad20","|static|_FUN_001f3ce0_0001ad20",$d,00000000
"0001ad24","|static|_INVALID_|static|_TEXT:0001c117_0001ad24",$d,00000000
"0001ad28","|static|_INVALID_|static|_TEXT:0001c117_0001ad28",$d,00000000
"0001ad30","|static|_FUN_001f4b6c_0001ad30",$d,00000000
"0001ad34","|static|_INVALID_|static|_TEXT:0001c117_0001ad34",$d,00000000
"0001ad3c","|static|_INVALID_|static|_TEXT:0001c117_0001ad3c",$d,00000000
"0001ad40","|static|_FUN_001f4e94_0001ad40",$d,00000000
"0001ad44","|static|_FUN_001f4fc8_0001ad44",$d,00000000
"0001ad4c","|static|_FUN_001f4a68_0001ad4c",$d,00000000
"0001ad84","|static|_DAT_008ca3d0_0001ad84",$d,00000000
"0001ad90","|static|_INVALID_|static|_TEXT:0001c117_0001ad90",$d,00000000
"0001ad94","|static|_INVALID_|static|_TEXT:0001c117_0001ad94",$d,00000000
"0001ad98","|static|_INVALID_|static|_TEXT:0001c117_0001ad98",$d,00000000
"0001ad9c","|static|_INVALID_|static|_TEXT:0001c117_0001ad9c",$d,00000000
"0001ada0","|static|_INVALID_|static|_TEXT:0001c117_0001ada0",$d,00000000
"0001ada4","|static|_INVALID_|static|_TEXT:0001c117_0001ada4",$d,00000000
"0001adac","|static|_FUN_002705fc_0001adac",$d,00000000
"0001adb0","|static|_FUN_0027066c_0001adb0",$d,00000000
"0001ade0","|static|_DAT_008cab38_0001ade0",$d,00000000
"0001adec","|static|_INVALID_|static|_TEXT:0001c117_0001adec",$d,00000000
"0001adf0","|static|_INVALID_|static|_TEXT:0001c117_0001adf0",$d,00000000
"0001adf4","|static|_INVALID_|static|_TEXT:0001c117_0001adf4",$d,00000000
"0001adf8","|static|_INVALID_|static|_TEXT:0001c117_0001adf8",$d,00000000
"0001adfc","|static|_INVALID_|static|_TEXT:0001c117_0001adfc",$d,00000000
"0001ae00","|static|_INVALID_|static|_TEXT:0001c117_0001ae00",$d,00000000
"0001ae08","|static|_FUN_002705fc_0001ae08",$d,00000000
"0001ae0c","|static|_FUN_0027066c_0001ae0c",$d,00000000
"0001ae48","|static|_INVALID_|static|_TEXT:0001c117_0001ae48",$d,00000000
"0001ae4c","|static|_INVALID_|static|_TEXT:0001c117_0001ae4c",$d,00000000
"0001ae50","|static|_INVALID_|static|_TEXT:0001c117_0001ae50",$d,00000000
"0001ae54","|static|_INVALID_|static|_TEXT:0001c117_0001ae54",$d,00000000
"0001ae58","|static|_INVALID_|static|_TEXT:0001c117_0001ae58",$d,00000000
"0001ae5c","|static|_INVALID_|static|_TEXT:0001c117_0001ae5c",$d,00000000
"0001ae74","|static|_DAT_008cb6b0_0001ae74",$d,00000000
"0001ae80","|static|_FUN_002d09c4_0001ae80",$d,00000000
"0001ae84","|static|_FUN_002d0ba8_0001ae84",$d,00000000
"0001ae88","|static|_FUN_002fbe58_0001ae88",$d,00000000
"0001aea4","|static|_DAT_008cba60_0001aea4",$d,00000000
"0001aeb0","|static|_FUN_002fc024_0001aeb0",$d,00000000
"0001aeb4","|static|_FUN_002fcb58_0001aeb4",$d,00000000
"0001aeb8","|static|_FUN_002fbe58_0001aeb8",$d,00000000
"0001aef8","|static|_DAT_008cba60_0001aef8",$d,00000000
"0001af04","|static|_FUN_002fc014_0001af04",$d,00000000
"0001af08","|static|_FUN_00778f8c_0001af08",$d,00000000
"0001af0c","|static|_FUN_00779114_0001af0c",$d,00000000
"0001af18","|static|_INVALID_|static|_TEXT:0001c117_0001af18",$d,00000000
"0001af20","|static|_FUN_002705fc_0001af20",$d,00000000
"0001af24","|static|_FUN_0027066c_0001af24",$d,00000000
"0001af54","|static|_DAT_008cb6b0_0001af54",$d,00000000
"0001af60","|static|_FUN_002d09b4_0001af60",$d,00000000
"0001af64","|static|_FUN_00778ea8_0001af64",$d,00000000
"0001af68","|static|_FUN_00779114_0001af68",$d,00000000
"0001af74","|static|_INVALID_|static|_TEXT:0001c117_0001af74",$d,00000000
"0001af7c","|static|_FUN_002705fc_0001af7c",$d,00000000
"0001af80","|static|_FUN_0027066c_0001af80",$d,00000000
"0001af98","|static|_FUN_0057ba40_0001af98",$d,00000000
"0001af9c","|static|_FUN_001f4c9c_0001af9c",$d,00000000
"0001afa0","|static|_LAB_0057b988_0001afa0",$d,00000000
"0001afa4","|static|_FUN_0057ba54_0001afa4",$d,00000000
"0001afa8","|static|_FUN_001f4e44_0001afa8",$d,00000000
"0001afac","|static|_FUN_0057b98c_0001afac",$d,00000000
"0001afb0","|static|_FUN_0024f238_0001afb0",$d,00000000
"0001afb4","|static|_FUN_001f4dc0_0001afb4",$d,00000000
"0001afb8","|static|_LAB_0057ba24_0001afb8",$d,00000000
"0001afbc","|static|_FUN_001f4e30_0001afbc",$d,00000000
"0001afc0","|static|_FUN_001f4ae4_0001afc0",$d,00000000
"0001afc4","|static|_FUN_00521a38_0001afc4",$d,00000000
"0001afc8","|static|_FUN_00521064_0001afc8",$d,00000000
"0001afd4","|static|_FUN_0071866c_0001afd4",$d,00000000
"0001afd8","|static|_INVALID_|static|_TEXT:0001c117_0001afd8",$d,00000000
"0001afe4","|static|_FUN_001f3ce0_0001afe4",$d,00000000
"0001afe8","|static|_FUN_0024f310_0001afe8",$d,00000000
"0001afec","|static|_FUN_0024f3a0_0001afec",$d,00000000
"0001b000","|static|_INVALID_|static|_TEXT:0001c117_0001b000",$d,00000000
"0001b004","|static|_FUN_001f4e94_0001b004",$d,00000000
"0001b008","|static|_FUN_001f4fc8_0001b008",$d,00000000
"0001b010","|static|_FUN_001f4a68_0001b010",$d,00000000
"0001b01c","|static|_INVALID_|static|_TEXT:0001c117_0001b01c",$d,00000000
"0001b04c","|static|_DAT_008cab38_0001b04c",$d,00000000
"0001b058","|static|_FUN_0057ba40_0001b058",$d,00000000
"0001b05c","|static|_FUN_001f4c9c_0001b05c",$d,00000000
"0001b060","|static|_LAB_0057b988_0001b060",$d,00000000
"0001b064","|static|_FUN_0057ba54_0001b064",$d,00000000
"0001b068","|static|_FUN_001f4e44_0001b068",$d,00000000
"0001b06c","|static|_FUN_0057b98c_0001b06c",$d,00000000
"0001b070","|static|_FUN_0024f238_0001b070",$d,00000000
"0001b074","|static|_FUN_001f4dc0_0001b074",$d,00000000
"0001b078","|static|_LAB_0057ba24_0001b078",$d,00000000
"0001b07c","|static|_FUN_001f4e30_0001b07c",$d,00000000
"0001b080","|static|_FUN_001f4ae4_0001b080",$d,00000000
"0001b084","|static|_FUN_00521a38_0001b084",$d,00000000
"0001b088","|static|_FUN_00521064_0001b088",$d,00000000
"0001b094","|static|_FUN_0071866c_0001b094",$d,00000000
"0001b098","|static|_INVALID_|static|_TEXT:0001c117_0001b098",$d,00000000
"0001b0a4","|static|_FUN_001f3ce0_0001b0a4",$d,00000000
"0001b0a8","|static|_FUN_0024f310_0001b0a8",$d,00000000
"0001b0ac","|static|_FUN_0024f3a0_0001b0ac",$d,00000000
"0001b0b4","|static|_FUN_001f4b6c_0001b0b4",$d,00000000
"0001b0b8","|static|_INVALID_|static|_TEXT:0001c117_0001b0b8",$d,00000000
"0001b0c0","|static|_INVALID_|static|_TEXT:0001c117_0001b0c0",$d,00000000
"0001b0c4","|static|_FUN_001f4e94_0001b0c4",$d,00000000
"0001b0c8","|static|_FUN_001f4fc8_0001b0c8",$d,00000000
"0001b0d0","|static|_FUN_001f4a68_0001b0d0",$d,00000000
"0001b0dc","|static|_INVALID_|static|_TEXT:0001c117_0001b0dc",$d,00000000
"0001b0e8","|static|_INVALID_|static|_TEXT:0001c117_0001b0e8",$d,00000000
"0001b0ec","|static|_INVALID_|static|_TEXT:0001c117_0001b0ec",$d,00000000
"0001b0f8","|static|_DAT_008ca3d0_0001b0f8",$d,00000000
"0001b104","|static|_FUN_0057ba40_0001b104",$d,00000000
"0001b108","|static|_FUN_001f4c9c_0001b108",$d,00000000
"0001b10c","|static|_LAB_0057b988_0001b10c",$d,00000000
"0001b110","|static|_FUN_0057ba54_0001b110",$d,00000000
"0001b114","|static|_FUN_001f4e44_0001b114",$d,00000000
"0001b118","|static|_FUN_0057b98c_0001b118",$d,00000000
"0001b11c","|static|_FUN_0057b990_0001b11c",$d,00000000
"0001b120","|static|_FUN_001f4dc0_0001b120",$d,00000000
"0001b124","|static|_LAB_0057ba24_0001b124",$d,00000000
"0001b128","|static|_FUN_001f4e30_0001b128",$d,00000000
"0001b12c","|static|_FUN_001f4ae4_0001b12c",$d,00000000
"0001b130","|static|_FUN_00521a38_0001b130",$d,00000000
"0001b134","|static|_FUN_00521064_0001b134",$d,00000000
"0001b140","|static|_INVALID_|static|_TEXT:0001c117_0001b140",$d,00000000
"0001b144","|static|_INVALID_|static|_TEXT:0001c117_0001b144",$d,00000000
"0001b150","|static|_FUN_001f3ce0_0001b150",$d,00000000
"0001b154","|static|_INVALID_|static|_TEXT:0001c117_0001b154",$d,00000000
"0001b158","|static|_INVALID_|static|_TEXT:0001c117_0001b158",$d,00000000
"0001b160","|static|_FUN_001f4b6c_0001b160",$d,00000000
"0001b164","|static|_INVALID_|static|_TEXT:0001c117_0001b164",$d,00000000
"0001b16c","|static|_INVALID_|static|_TEXT:0001c117_0001b16c",$d,00000000
"0001b170","|static|_FUN_001f4e94_0001b170",$d,00000000
"0001b174","|static|_FUN_001f4fc8_0001b174",$d,00000000
"0001b17c","|static|_FUN_001f4a68_0001b17c",$d,00000000
"0001b1b4","|static|_DAT_008ca3d0_0001b1b4",$d,00000000
"0001b1c0","|static|_INVALID_|static|_TEXT:0001c117_0001b1c0",$d,00000000
"0001b1c4","|static|_INVALID_|static|_TEXT:0001c117_0001b1c4",$d,00000000
"0001b1c8","|static|_INVALID_|static|_TEXT:0001c117_0001b1c8",$d,00000000
"0001b1cc","|static|_INVALID_|static|_TEXT:0001c117_0001b1cc",$d,00000000
"0001b1d0","|static|_INVALID_|static|_TEXT:0001c117_0001b1d0",$d,00000000
"0001b1d4","|static|_INVALID_|static|_TEXT:0001c117_0001b1d4",$d,00000000
"0001b1dc","|static|_FUN_002705fc_0001b1dc",$d,00000000
"0001b1e0","|static|_FUN_0027066c_0001b1e0",$d,00000000
"0001b210","|static|_DAT_008cab38_0001b210",$d,00000000
"0001b21c","|static|_INVALID_|static|_TEXT:0001c117_0001b21c",$d,00000000
"0001b220","|static|_INVALID_|static|_TEXT:0001c117_0001b220",$d,00000000
"0001b224","|static|_INVALID_|static|_TEXT:0001c117_0001b224",$d,00000000
"0001b228","|static|_INVALID_|static|_TEXT:0001c117_0001b228",$d,00000000
"0001b22c","|static|_INVALID_|static|_TEXT:0001c117_0001b22c",$d,00000000
"0001b230","|static|_INVALID_|static|_TEXT:0001c117_0001b230",$d,00000000
"0001b238","|static|_FUN_002705fc_0001b238",$d,00000000
"0001b23c","|static|_FUN_0027066c_0001b23c",$d,00000000
"0001b278","|static|_INVALID_|static|_TEXT:0001c117_0001b278",$d,00000000
"0001b27c","|static|_INVALID_|static|_TEXT:0001c117_0001b27c",$d,00000000
"0001b280","|static|_INVALID_|static|_TEXT:0001c117_0001b280",$d,00000000
"0001b284","|static|_INVALID_|static|_TEXT:0001c117_0001b284",$d,00000000
"0001b288","|static|_INVALID_|static|_TEXT:0001c117_0001b288",$d,00000000
"0001b28c","|static|_INVALID_|static|_TEXT:0001c117_0001b28c",$d,00000000
"0001b2a4","|static|_DAT_008cc070_0001b2a4",$d,00000000
"0001b2b0","|static|_FUN_002fc024_0001b2b0",$d,00000000
"0001b2b4","|static|_FUN_00321840_0001b2b4",$d,00000000
"0001b2b8","|static|_FUN_003217a0_0001b2b8",$d,00000000
"0001b2cc","|static|_FUN_0033f430_0001b2cc",$d,00000000
"0001b2dc","|static|_DAT_008cbc04_0001b2dc",$d,00000000
"0001b2e8","|static|_FUN_002fc024_0001b2e8",$d,00000000
"0001b2ec","|static|_FUN_00321840_0001b2ec",$d,00000000
"0001b2f0","|static|_FUN_003217a0_0001b2f0",$d,00000000
"0001b304","|static|_FUN_003217d4_0001b304",$d,00000000
"0001b314","|static|_DAT_008cba60_0001b314",$d,00000000
"0001b320","|static|_FUN_002fc024_0001b320",$d,00000000
"0001b324","|static|_FUN_002fcb58_0001b324",$d,00000000
"0001b328","|static|_FUN_002fbe58_0001b328",$d,00000000
"0001b368","|static|_DAT_008cba60_0001b368",$d,00000000
"0001b374","|static|_FUN_002fc014_0001b374",$d,00000000
"0001b378","|static|_FUN_00778f8c_0001b378",$d,00000000
"0001b37c","|static|_FUN_00779114_0001b37c",$d,00000000
"0001b388","|static|_INVALID_|static|_TEXT:0001c117_0001b388",$d,00000000
"0001b390","|static|_FUN_002705fc_0001b390",$d,00000000
"0001b394","|static|_FUN_0027066c_0001b394",$d,00000000
"0001b3c4","|static|_DAT_008cbc04_0001b3c4",$d,00000000
"0001b3d0","|static|_FUN_002fc014_0001b3d0",$d,00000000
"0001b3d4","|static|_FUN_00779038_0001b3d4",$d,00000000
"0001b3d8","|static|_FUN_00779148_0001b3d8",$d,00000000
"0001b3e4","|static|_FUN_00779398_0001b3e4",$d,00000000
"0001b3ec","|static|_FUN_002705fc_0001b3ec",$d,00000000
"0001b3f0","|static|_FUN_0027066c_0001b3f0",$d,00000000
"0001b420","|static|_DAT_008cc070_0001b420",$d,00000000
"0001b42c","|static|_FUN_002fc014_0001b42c",$d,00000000
"0001b430","|static|_FUN_00779038_0001b430",$d,00000000
"0001b434","|static|_FUN_00779148_0001b434",$d,00000000
"0001b440","|static|_FUN_0033f420_0001b440",$d,00000000
"0001b448","|static|_FUN_002705fc_0001b448",$d,00000000
"0001b44c","|static|_FUN_0027066c_0001b44c",$d,00000000
"0001b464","|static|_FUN_0057ba40_0001b464",$d,00000000
"0001b468","|static|_FUN_001f4c9c_0001b468",$d,00000000
"0001b46c","|static|_LAB_0057b988_0001b46c",$d,00000000
"0001b470","|static|_FUN_0057ba54_0001b470",$d,00000000
"0001b474","|static|_FUN_001f4e44_0001b474",$d,00000000
"0001b478","|static|_FUN_0057b98c_0001b478",$d,00000000
"0001b47c","|static|_FUN_0024f238_0001b47c",$d,00000000
"0001b480","|static|_FUN_001f4dc0_0001b480",$d,00000000
"0001b484","|static|_LAB_0057ba24_0001b484",$d,00000000
"0001b488","|static|_FUN_001f4e30_0001b488",$d,00000000
"0001b48c","|static|_FUN_001f4ae4_0001b48c",$d,00000000
"0001b490","|static|_FUN_00521a38_0001b490",$d,00000000
"0001b494","|static|_FUN_00521064_0001b494",$d,00000000
"0001b4a0","|static|_FUN_0071866c_0001b4a0",$d,00000000
"0001b4a4","|static|_INVALID_|static|_TEXT:0001c117_0001b4a4",$d,00000000
"0001b4b0","|static|_FUN_001f3ce0_0001b4b0",$d,00000000
"0001b4b4","|static|_FUN_0024f310_0001b4b4",$d,00000000
"0001b4b8","|static|_FUN_0024f3a0_0001b4b8",$d,00000000
"0001b4cc","|static|_INVALID_|static|_TEXT:0001c117_0001b4cc",$d,00000000
"0001b4d0","|static|_FUN_001f4e94_0001b4d0",$d,00000000
"0001b4d4","|static|_FUN_001f4fc8_0001b4d4",$d,00000000
"0001b4dc","|static|_FUN_001f4a68_0001b4dc",$d,00000000
"0001b4e8","|static|_INVALID_|static|_TEXT:0001c117_0001b4e8",$d,00000000
"0001b518","|static|_DAT_008cab38_0001b518",$d,00000000
"0001b524","|static|_FUN_0057ba40_0001b524",$d,00000000
"0001b528","|static|_FUN_001f4c9c_0001b528",$d,00000000
"0001b52c","|static|_LAB_0057b988_0001b52c",$d,00000000
"0001b530","|static|_FUN_0057ba54_0001b530",$d,00000000
"0001b534","|static|_FUN_001f4e44_0001b534",$d,00000000
"0001b538","|static|_FUN_0057b98c_0001b538",$d,00000000
"0001b53c","|static|_FUN_0024f238_0001b53c",$d,00000000
"0001b540","|static|_FUN_001f4dc0_0001b540",$d,00000000
"0001b544","|static|_LAB_0057ba24_0001b544",$d,00000000
"0001b548","|static|_FUN_001f4e30_0001b548",$d,00000000
"0001b54c","|static|_FUN_001f4ae4_0001b54c",$d,00000000
"0001b550","|static|_FUN_00521a38_0001b550",$d,00000000
"0001b554","|static|_FUN_00521064_0001b554",$d,00000000
"0001b560","|static|_FUN_0071866c_0001b560",$d,00000000
"0001b564","|static|_INVALID_|static|_TEXT:0001c117_0001b564",$d,00000000
"0001b570","|static|_FUN_001f3ce0_0001b570",$d,00000000
"0001b574","|static|_FUN_0024f310_0001b574",$d,00000000
"0001b578","|static|_FUN_0024f3a0_0001b578",$d,00000000
"0001b580","|static|_FUN_001f4b6c_0001b580",$d,00000000
"0001b584","|static|_INVALID_|static|_TEXT:0001c117_0001b584",$d,00000000
"0001b58c","|static|_INVALID_|static|_TEXT:0001c117_0001b58c",$d,00000000
"0001b590","|static|_FUN_001f4e94_0001b590",$d,00000000
"0001b594","|static|_FUN_001f4fc8_0001b594",$d,00000000
"0001b59c","|static|_FUN_001f4a68_0001b59c",$d,00000000
"0001b5a8","|static|_INVALID_|static|_TEXT:0001c117_0001b5a8",$d,00000000
"0001b5b4","|static|_INVALID_|static|_TEXT:0001c117_0001b5b4",$d,00000000
"0001b5b8","|static|_INVALID_|static|_TEXT:0001c117_0001b5b8",$d,00000000
"0001b5c4","|static|_DAT_008ca3d0_0001b5c4",$d,00000000
"0001b5d0","|static|_FUN_0057ba40_0001b5d0",$d,00000000
"0001b5d4","|static|_FUN_001f4c9c_0001b5d4",$d,00000000
"0001b5d8","|static|_LAB_0057b988_0001b5d8",$d,00000000
"0001b5dc","|static|_FUN_0057ba54_0001b5dc",$d,00000000
"0001b5e0","|static|_FUN_001f4e44_0001b5e0",$d,00000000
"0001b5e4","|static|_FUN_0057b98c_0001b5e4",$d,00000000
"0001b5e8","|static|_FUN_0057b990_0001b5e8",$d,00000000
"0001b5ec","|static|_FUN_001f4dc0_0001b5ec",$d,00000000
"0001b5f0","|static|_LAB_0057ba24_0001b5f0",$d,00000000
"0001b5f4","|static|_FUN_001f4e30_0001b5f4",$d,00000000
"0001b5f8","|static|_FUN_001f4ae4_0001b5f8",$d,00000000
"0001b5fc","|static|_FUN_00521a38_0001b5fc",$d,00000000
"0001b600","|static|_FUN_00521064_0001b600",$d,00000000
"0001b60c","|static|_INVALID_|static|_TEXT:0001c117_0001b60c",$d,00000000
"0001b610","|static|_INVALID_|static|_TEXT:0001c117_0001b610",$d,00000000
"0001b61c","|static|_FUN_001f3ce0_0001b61c",$d,00000000
"0001b620","|static|_INVALID_|static|_TEXT:0001c117_0001b620",$d,00000000
"0001b624","|static|_INVALID_|static|_TEXT:0001c117_0001b624",$d,00000000
"0001b62c","|static|_FUN_001f4b6c_0001b62c",$d,00000000
"0001b630","|static|_INVALID_|static|_TEXT:0001c117_0001b630",$d,00000000
"0001b638","|static|_INVALID_|static|_TEXT:0001c117_0001b638",$d,00000000
"0001b63c","|static|_FUN_001f4e94_0001b63c",$d,00000000
"0001b640","|static|_FUN_001f4fc8_0001b640",$d,00000000
"0001b648","|static|_FUN_001f4a68_0001b648",$d,00000000
"0001b680","|static|_DAT_008ca3d0_0001b680",$d,00000000
"0001b68c","|static|_INVALID_|static|_TEXT:0001c117_0001b68c",$d,00000000
"0001b690","|static|_INVALID_|static|_TEXT:0001c117_0001b690",$d,00000000
"0001b694","|static|_INVALID_|static|_TEXT:0001c117_0001b694",$d,00000000
"0001b698","|static|_INVALID_|static|_TEXT:0001c117_0001b698",$d,00000000
"0001b69c","|static|_INVALID_|static|_TEXT:0001c117_0001b69c",$d,00000000
"0001b6a0","|static|_INVALID_|static|_TEXT:0001c117_0001b6a0",$d,00000000
"0001b6a8","|static|_FUN_002705fc_0001b6a8",$d,00000000
"0001b6ac","|static|_FUN_0027066c_0001b6ac",$d,00000000
"0001b6dc","|static|_DAT_008cab38_0001b6dc",$d,00000000
"0001b6e8","|static|_INVALID_|static|_TEXT:0001c117_0001b6e8",$d,00000000
"0001b6ec","|static|_INVALID_|static|_TEXT:0001c117_0001b6ec",$d,00000000
"0001b6f0","|static|_INVALID_|static|_TEXT:0001c117_0001b6f0",$d,00000000
"0001b6f4","|static|_INVALID_|static|_TEXT:0001c117_0001b6f4",$d,00000000
"0001b6f8","|static|_INVALID_|static|_TEXT:0001c117_0001b6f8",$d,00000000
"0001b6fc","|static|_INVALID_|static|_TEXT:0001c117_0001b6fc",$d,00000000
"0001b704","|static|_FUN_002705fc_0001b704",$d,00000000
"0001b708","|static|_FUN_0027066c_0001b708",$d,00000000
"0001b744","|static|_INVALID_|static|_TEXT:0001c117_0001b744",$d,00000000
"0001b748","|static|_INVALID_|static|_TEXT:0001c117_0001b748",$d,00000000
"0001b74c","|static|_INVALID_|static|_TEXT:0001c117_0001b74c",$d,00000000
"0001b750","|static|_INVALID_|static|_TEXT:0001c117_0001b750",$d,00000000
"0001b754","|static|_INVALID_|static|_TEXT:0001c117_0001b754",$d,00000000
"0001b758","|static|_INVALID_|static|_TEXT:0001c117_0001b758",$d,00000000
"0001b770","|static|_DAT_008cc070_0001b770",$d,00000000
"0001b77c","|static|_FUN_002fc024_0001b77c",$d,00000000
"0001b780","|static|_FUN_00321840_0001b780",$d,00000000
"0001b784","|static|_FUN_003217a0_0001b784",$d,00000000
"0001b798","|static|_FUN_0033f430_0001b798",$d,00000000
"0001b7a8","|static|_DAT_008cbc04_0001b7a8",$d,00000000
"0001b7b4","|static|_FUN_002fc024_0001b7b4",$d,00000000
"0001b7b8","|static|_FUN_00321840_0001b7b8",$d,00000000
"0001b7bc","|static|_FUN_003217a0_0001b7bc",$d,00000000
"0001b7d0","|static|_FUN_003217d4_0001b7d0",$d,00000000
"0001b7e0","|static|_DAT_008cba60_0001b7e0",$d,00000000
"0001b7ec","|static|_FUN_002fc024_0001b7ec",$d,00000000
"0001b7f0","|static|_FUN_002fcb58_0001b7f0",$d,00000000
"0001b7f4","|static|_FUN_002fbe58_0001b7f4",$d,00000000
"0001b834","|static|_DAT_008cba60_0001b834",$d,00000000
"0001b840","|static|_FUN_002fc014_0001b840",$d,00000000
"0001b844","|static|_FUN_00778f8c_0001b844",$d,00000000
"0001b848","|static|_FUN_00779114_0001b848",$d,00000000
"0001b854","|static|_INVALID_|static|_TEXT:0001c117_0001b854",$d,00000000
"0001b85c","|static|_FUN_002705fc_0001b85c",$d,00000000
"0001b860","|static|_FUN_0027066c_0001b860",$d,00000000
"0001b890","|static|_DAT_008cbc04_0001b890",$d,00000000
"0001b89c","|static|_FUN_002fc014_0001b89c",$d,00000000
"0001b8a0","|static|_FUN_00779038_0001b8a0",$d,00000000
"0001b8a4","|static|_FUN_00779148_0001b8a4",$d,00000000
"0001b8b0","|static|_FUN_00779398_0001b8b0",$d,00000000
"0001b8b8","|static|_FUN_002705fc_0001b8b8",$d,00000000
"0001b8bc","|static|_FUN_0027066c_0001b8bc",$d,00000000
"0001b8ec","|static|_DAT_008cc070_0001b8ec",$d,00000000
"0001b8f8","|static|_FUN_002fc014_0001b8f8",$d,00000000
"0001b8fc","|static|_FUN_00779038_0001b8fc",$d,00000000
"0001b900","|static|_FUN_00779148_0001b900",$d,00000000
"0001b90c","|static|_FUN_0033f420_0001b90c",$d,00000000
"0001b914","|static|_FUN_002705fc_0001b914",$d,00000000
"0001b918","|static|_FUN_0027066c_0001b918",$d,00000000
"0001b930","|static|_FUN_0057ba40_0001b930",$d,00000000
"0001b934","|static|_FUN_001f4c9c_0001b934",$d,00000000
"0001b938","|static|_LAB_0057b988_0001b938",$d,00000000
"0001b93c","|static|_FUN_0057ba54_0001b93c",$d,00000000
"0001b940","|static|_FUN_001f4e44_0001b940",$d,00000000
"0001b944","|static|_FUN_0057b98c_0001b944",$d,00000000
"0001b948","|static|_FUN_0024f238_0001b948",$d,00000000
"0001b94c","|static|_FUN_001f4dc0_0001b94c",$d,00000000
"0001b950","|static|_LAB_0057ba24_0001b950",$d,00000000
"0001b954","|static|_FUN_001f4e30_0001b954",$d,00000000
"0001b958","|static|_FUN_001f4ae4_0001b958",$d,00000000
"0001b95c","|static|_FUN_00521a38_0001b95c",$d,00000000
"0001b960","|static|_FUN_00521064_0001b960",$d,00000000
"0001b96c","|static|_FUN_0071866c_0001b96c",$d,00000000
"0001b970","|static|_INVALID_|static|_TEXT:0001c117_0001b970",$d,00000000
"0001b97c","|static|_FUN_001f3ce0_0001b97c",$d,00000000
"0001b980","|static|_FUN_0024f310_0001b980",$d,00000000
"0001b984","|static|_FUN_0024f3a0_0001b984",$d,00000000
"0001b998","|static|_INVALID_|static|_TEXT:0001c117_0001b998",$d,00000000
"0001b99c","|static|_FUN_001f4e94_0001b99c",$d,00000000
"0001b9a0","|static|_FUN_001f4fc8_0001b9a0",$d,00000000
"0001b9a8","|static|_FUN_001f4a68_0001b9a8",$d,00000000
"0001b9b4","|static|_INVALID_|static|_TEXT:0001c117_0001b9b4",$d,00000000
"0001b9e4","|static|_DAT_008cab38_0001b9e4",$d,00000000
"0001b9f0","|static|_FUN_0057ba40_0001b9f0",$d,00000000
"0001b9f4","|static|_FUN_001f4c9c_0001b9f4",$d,00000000
"0001b9f8","|static|_LAB_0057b988_0001b9f8",$d,00000000
"0001b9fc","|static|_FUN_0057ba54_0001b9fc",$d,00000000
"0001ba00","|static|_FUN_001f4e44_0001ba00",$d,00000000
"0001ba04","|static|_FUN_0057b98c_0001ba04",$d,00000000
"0001ba08","|static|_FUN_0024f238_0001ba08",$d,00000000
"0001ba0c","|static|_FUN_001f4dc0_0001ba0c",$d,00000000
"0001ba10","|static|_LAB_0057ba24_0001ba10",$d,00000000
"0001ba14","|static|_FUN_001f4e30_0001ba14",$d,00000000
"0001ba18","|static|_FUN_001f4ae4_0001ba18",$d,00000000
"0001ba1c","|static|_FUN_00521a38_0001ba1c",$d,00000000
"0001ba20","|static|_FUN_00521064_0001ba20",$d,00000000
"0001ba2c","|static|_FUN_0071866c_0001ba2c",$d,00000000
"0001ba30","|static|_INVALID_|static|_TEXT:0001c117_0001ba30",$d,00000000
"0001ba3c","|static|_FUN_001f3ce0_0001ba3c",$d,00000000
"0001ba40","|static|_FUN_0024f310_0001ba40",$d,00000000
"0001ba44","|static|_FUN_0024f3a0_0001ba44",$d,00000000
"0001ba4c","|static|_FUN_001f4b6c_0001ba4c",$d,00000000
"0001ba50","|static|_INVALID_|static|_TEXT:0001c117_0001ba50",$d,00000000
"0001ba58","|static|_INVALID_|static|_TEXT:0001c117_0001ba58",$d,00000000
"0001ba5c","|static|_FUN_001f4e94_0001ba5c",$d,00000000
"0001ba60","|static|_FUN_001f4fc8_0001ba60",$d,00000000
"0001ba68","|static|_FUN_001f4a68_0001ba68",$d,00000000
"0001ba74","|static|_INVALID_|static|_TEXT:0001c117_0001ba74",$d,00000000
"0001ba80","|static|_INVALID_|static|_TEXT:0001c117_0001ba80",$d,00000000
"0001ba84","|static|_INVALID_|static|_TEXT:0001c117_0001ba84",$d,00000000
"0001ba90","|static|_DAT_008ca3d0_0001ba90",$d,00000000
"0001ba9c","|static|_FUN_0057ba40_0001ba9c",$d,00000000
"0001baa0","|static|_FUN_001f4c9c_0001baa0",$d,00000000
"0001baa4","|static|_LAB_0057b988_0001baa4",$d,00000000
"0001baa8","|static|_FUN_0057ba54_0001baa8",$d,00000000
"0001baac","|static|_FUN_001f4e44_0001baac",$d,00000000
"0001bab0","|static|_FUN_0057b98c_0001bab0",$d,00000000
"0001bab4","|static|_FUN_0057b990_0001bab4",$d,00000000
"0001bab8","|static|_FUN_001f4dc0_0001bab8",$d,00000000
"0001babc","|static|_LAB_0057ba24_0001babc",$d,00000000
"0001bac0","|static|_FUN_001f4e30_0001bac0",$d,00000000
"0001bac4","|static|_FUN_001f4ae4_0001bac4",$d,00000000
"0001bac8","|static|_FUN_00521a38_0001bac8",$d,00000000
"0001bacc","|static|_FUN_00521064_0001bacc",$d,00000000
"0001bad8","|static|_INVALID_|static|_TEXT:0001c117_0001bad8",$d,00000000
"0001badc","|static|_INVALID_|static|_TEXT:0001c117_0001badc",$d,00000000
"0001bae8","|static|_FUN_001f3ce0_0001bae8",$d,00000000
"0001baec","|static|_INVALID_|static|_TEXT:0001c117_0001baec",$d,00000000
"0001baf0","|static|_INVALID_|static|_TEXT:0001c117_0001baf0",$d,00000000
"0001baf8","|static|_FUN_001f4b6c_0001baf8",$d,00000000
"0001bafc","|static|_INVALID_|static|_TEXT:0001c117_0001bafc",$d,00000000
"0001bb04","|static|_INVALID_|static|_TEXT:0001c117_0001bb04",$d,00000000
"0001bb08","|static|_FUN_001f4e94_0001bb08",$d,00000000
"0001bb0c","|static|_FUN_001f4fc8_0001bb0c",$d,00000000
"0001bb14","|static|_FUN_001f4a68_0001bb14",$d,00000000
"0001bb4c","|static|_DAT_008ca3d0_0001bb4c",$d,00000000
"0001bb58","|static|_INVALID_|static|_TEXT:0001c117_0001bb58",$d,00000000
"0001bb5c","|static|_INVALID_|static|_TEXT:0001c117_0001bb5c",$d,00000000
"0001bb60","|static|_INVALID_|static|_TEXT:0001c117_0001bb60",$d,00000000
"0001bb64","|static|_INVALID_|static|_TEXT:0001c117_0001bb64",$d,00000000
"0001bb68","|static|_INVALID_|static|_TEXT:0001c117_0001bb68",$d,00000000
"0001bb6c","|static|_INVALID_|static|_TEXT:0001c117_0001bb6c",$d,00000000
"0001bb74","|static|_FUN_002705fc_0001bb74",$d,00000000
"0001bb78","|static|_FUN_0027066c_0001bb78",$d,00000000
"0001bba8","|static|_DAT_008cab38_0001bba8",$d,00000000
"0001bbb4","|static|_INVALID_|static|_TEXT:0001c117_0001bbb4",$d,00000000
"0001bbb8","|static|_INVALID_|static|_TEXT:0001c117_0001bbb8",$d,00000000
"0001bbbc","|static|_INVALID_|static|_TEXT:0001c117_0001bbbc",$d,00000000
"0001bbc0","|static|_INVALID_|static|_TEXT:0001c117_0001bbc0",$d,00000000
"0001bbc4","|static|_INVALID_|static|_TEXT:0001c117_0001bbc4",$d,00000000
"0001bbc8","|static|_INVALID_|static|_TEXT:0001c117_0001bbc8",$d,00000000
"0001bbd0","|static|_FUN_002705fc_0001bbd0",$d,00000000
"0001bbd4","|static|_FUN_0027066c_0001bbd4",$d,00000000
"0001bc10","|static|_INVALID_|static|_TEXT:0001c117_0001bc10",$d,00000000
"0001bc14","|static|_INVALID_|static|_TEXT:0001c117_0001bc14",$d,00000000
"0001bc18","|static|_INVALID_|static|_TEXT:0001c117_0001bc18",$d,00000000
"0001bc1c","|static|_INVALID_|static|_TEXT:0001c117_0001bc1c",$d,00000000
"0001bc20","|static|_INVALID_|static|_TEXT:0001c117_0001bc20",$d,00000000
"0001bc24","|static|_INVALID_|static|_TEXT:0001c117_0001bc24",$d,00000000
"0001bc3c","|static|_DAT_008cc070_0001bc3c",$d,00000000
"0001bc48","|static|_FUN_002fc024_0001bc48",$d,00000000
"0001bc4c","|static|_FUN_00321840_0001bc4c",$d,00000000
"0001bc50","|static|_FUN_003217a0_0001bc50",$d,00000000
"0001bc64","|static|_FUN_0033f430_0001bc64",$d,00000000
"0001bc74","|static|_DAT_008cbc04_0001bc74",$d,00000000
"0001bc80","|static|_FUN_002fc024_0001bc80",$d,00000000
"0001bc84","|static|_FUN_00321840_0001bc84",$d,00000000
"0001bc88","|static|_FUN_003217a0_0001bc88",$d,00000000
"0001bc9c","|static|_FUN_003217d4_0001bc9c",$d,00000000
"0001bcac","|static|_DAT_008cba60_0001bcac",$d,00000000
"0001bcb8","|static|_FUN_002fc024_0001bcb8",$d,00000000
"0001bcbc","|static|_FUN_002fcb58_0001bcbc",$d,00000000
"0001bcc0","|static|_FUN_002fbe58_0001bcc0",$d,00000000
"0001bd00","|static|_DAT_008cba60_0001bd00",$d,00000000
"0001bd0c","|static|_FUN_002fc014_0001bd0c",$d,00000000
"0001bd10","|static|_FUN_00778f8c_0001bd10",$d,00000000
"0001bd14","|static|_FUN_00779114_0001bd14",$d,00000000
"0001bd20","|static|_INVALID_|static|_TEXT:0001c117_0001bd20",$d,00000000
"0001bd28","|static|_FUN_002705fc_0001bd28",$d,00000000
"0001bd2c","|static|_FUN_0027066c_0001bd2c",$d,00000000
"0001bd5c","|static|_DAT_008cbc04_0001bd5c",$d,00000000
"0001bd68","|static|_FUN_002fc014_0001bd68",$d,00000000
"0001bd6c","|static|_FUN_00779038_0001bd6c",$d,00000000
"0001bd70","|static|_FUN_00779148_0001bd70",$d,00000000
"0001bd7c","|static|_FUN_00779398_0001bd7c",$d,00000000
"0001bd84","|static|_FUN_002705fc_0001bd84",$d,00000000
"0001bd88","|static|_FUN_0027066c_0001bd88",$d,00000000
"0001bdb8","|static|_DAT_008cc070_0001bdb8",$d,00000000
"0001bdc4","|static|_FUN_002fc014_0001bdc4",$d,00000000
"0001bdc8","|static|_FUN_00779038_0001bdc8",$d,00000000
"0001bdcc","|static|_FUN_00779148_0001bdcc",$d,00000000
"0001bdd8","|static|_FUN_0033f420_0001bdd8",$d,00000000
"0001bde0","|static|_FUN_002705fc_0001bde0",$d,00000000
"0001bde4","|static|_FUN_0027066c_0001bde4",$d,00000000
"0001bdfc","|static|_FUN_0057ba40_0001bdfc",$d,00000000
"0001be00","|static|_FUN_001f4c9c_0001be00",$d,00000000
"0001be04","|static|_LAB_0057b988_0001be04",$d,00000000
"0001be08","|static|_FUN_0057ba54_0001be08",$d,00000000
"0001be0c","|static|_FUN_001f4e44_0001be0c",$d,00000000
"0001be10","|static|_FUN_0057b98c_0001be10",$d,00000000
"0001be14","|static|_FUN_0024f238_0001be14",$d,00000000
"0001be18","|static|_FUN_001f4dc0_0001be18",$d,00000000
"0001be1c","|static|_LAB_0057ba24_0001be1c",$d,00000000
"0001be20","|static|_FUN_001f4e30_0001be20",$d,00000000
"0001be24","|static|_FUN_001f4ae4_0001be24",$d,00000000
"0001be28","|static|_FUN_00521a38_0001be28",$d,00000000
"0001be2c","|static|_FUN_00521064_0001be2c",$d,00000000
"0001be38","|static|_FUN_0071866c_0001be38",$d,00000000
"0001be3c","|static|_INVALID_|static|_TEXT:0001c117_0001be3c",$d,00000000
"0001be48","|static|_FUN_001f3ce0_0001be48",$d,00000000
"0001be4c","|static|_FUN_0024f310_0001be4c",$d,00000000
"0001be50","|static|_FUN_0024f3a0_0001be50",$d,00000000
"0001be64","|static|_INVALID_|static|_TEXT:0001c117_0001be64",$d,00000000
"0001be68","|static|_FUN_001f4e94_0001be68",$d,00000000
"0001be6c","|static|_FUN_001f4fc8_0001be6c",$d,00000000
"0001be74","|static|_FUN_001f4a68_0001be74",$d,00000000
"0001be80","|static|_INVALID_|static|_TEXT:0001c117_0001be80",$d,00000000
"0001beb0","|static|_DAT_008cab38_0001beb0",$d,00000000
"0001bebc","|static|_FUN_0057ba40_0001bebc",$d,00000000
"0001bec0","|static|_FUN_001f4c9c_0001bec0",$d,00000000
"0001bec4","|static|_LAB_0057b988_0001bec4",$d,00000000
"0001bec8","|static|_FUN_0057ba54_0001bec8",$d,00000000
"0001becc","|static|_FUN_001f4e44_0001becc",$d,00000000
"0001bed0","|static|_FUN_0057b98c_0001bed0",$d,00000000
"0001bed4","|static|_FUN_0024f238_0001bed4",$d,00000000
"0001bed8","|static|_FUN_001f4dc0_0001bed8",$d,00000000
"0001bedc","|static|_LAB_0057ba24_0001bedc",$d,00000000
"0001bee0","|static|_FUN_001f4e30_0001bee0",$d,00000000
"0001bee4","|static|_FUN_001f4ae4_0001bee4",$d,00000000
"0001bee8","|static|_FUN_00521a38_0001bee8",$d,00000000
"0001beec","|static|_FUN_00521064_0001beec",$d,00000000
"0001bef8","|static|_FUN_0071866c_0001bef8",$d,00000000
"0001befc","|static|_INVALID_|static|_TEXT:0001c117_0001befc",$d,00000000
"0001bf08","|static|_FUN_001f3ce0_0001bf08",$d,00000000
"0001bf0c","|static|_FUN_0024f310_0001bf0c",$d,00000000
"0001bf10","|static|_FUN_0024f3a0_0001bf10",$d,00000000
"0001bf18","|static|_FUN_001f4b6c_0001bf18",$d,00000000
"0001bf1c","|static|_INVALID_|static|_TEXT:0001c117_0001bf1c",$d,00000000
"0001bf24","|static|_INVALID_|static|_TEXT:0001c117_0001bf24",$d,00000000
"0001bf28","|static|_FUN_001f4e94_0001bf28",$d,00000000
"0001bf2c","|static|_FUN_001f4fc8_0001bf2c",$d,00000000
"0001bf34","|static|_FUN_001f4a68_0001bf34",$d,00000000
"0001bf40","|static|_INVALID_|static|_TEXT:0001c117_0001bf40",$d,00000000
"0001bf4c","|static|_INVALID_|static|_TEXT:0001c117_0001bf4c",$d,00000000
"0001bf50","|static|_INVALID_|static|_TEXT:0001c117_0001bf50",$d,00000000
"0001bf5c","|static|_DAT_008ca3d0_0001bf5c",$d,00000000
"0001bf68","|static|_FUN_0057ba40_0001bf68",$d,00000000
"0001bf6c","|static|_FUN_001f4c9c_0001bf6c",$d,00000000
"0001bf70","|static|_LAB_0057b988_0001bf70",$d,00000000
"0001bf74","|static|_FUN_0057ba54_0001bf74",$d,00000000
"0001bf78","|static|_FUN_001f4e44_0001bf78",$d,00000000
"0001bf7c","|static|_FUN_0057b98c_0001bf7c",$d,00000000
"0001bf80","|static|_FUN_0057b990_0001bf80",$d,00000000
"0001bf84","|static|_FUN_001f4dc0_0001bf84",$d,00000000
"0001bf88","|static|_LAB_0057ba24_0001bf88",$d,00000000
"0001bf8c","|static|_FUN_001f4e30_0001bf8c",$d,00000000
"0001bf90","|static|_FUN_001f4ae4_0001bf90",$d,00000000
"0001bf94","|static|_FUN_00521a38_0001bf94",$d,00000000
"0001bf98","|static|_FUN_00521064_0001bf98",$d,00000000
"0001bfa4","|static|_INVALID_|static|_TEXT:0001c117_0001bfa4",$d,00000000
"0001bfa8","|static|_INVALID_|static|_TEXT:0001c117_0001bfa8",$d,00000000
"0001bfb4","|static|_FUN_001f3ce0_0001bfb4",$d,00000000
"0001bfb8","|static|_INVALID_|static|_TEXT:0001c117_0001bfb8",$d,00000000
"0001bfbc","|static|_INVALID_|static|_TEXT:0001c117_0001bfbc",$d,00000000
"0001bfc4","|static|_FUN_001f4b6c_0001bfc4",$d,00000000
"0001bfc8","|static|_INVALID_|static|_TEXT:0001c117_0001bfc8",$d,00000000
"0001bfd0","|static|_INVALID_|static|_TEXT:0001c117_0001bfd0",$d,00000000
"0001bfd4","|static|_FUN_001f4e94_0001bfd4",$d,00000000
"0001bfd8","|static|_FUN_001f4fc8_0001bfd8",$d,00000000
"0001bfe0","|static|_FUN_001f4a68_0001bfe0",$d,00000000
"0001c018","|static|_DAT_008ca3d0_0001c018",$d,00000000
"0001c024","|static|_INVALID_|static|_TEXT:0001c117_0001c024",$d,00000000
"0001c028","|static|_INVALID_|static|_TEXT:0001c117_0001c028",$d,00000000
"0001c02c","|static|_INVALID_|static|_TEXT:0001c117_0001c02c",$d,00000000
"0001c030","|static|_INVALID_|static|_TEXT:0001c117_0001c030",$d,00000000
"0001c034","|static|_INVALID_|static|_TEXT:0001c117_0001c034",$d,00000000
"0001c038","|static|_INVALID_|static|_TEXT:0001c117_0001c038",$d,00000000
"0001c040","|static|_FUN_002705fc_0001c040",$d,00000000
"0001c044","|static|_FUN_0027066c_0001c044",$d,00000000
"0001c074","|static|_DAT_008cab38_0001c074",$d,00000000
"0001c080","|static|_INVALID_|static|_TEXT:0001c117_0001c080",$d,00000000
"0001c084","|static|_INVALID_|static|_TEXT:0001c117_0001c084",$d,00000000
"0001c088","|static|_INVALID_|static|_TEXT:0001c117_0001c088",$d,00000000
"0001c08c","|static|_INVALID_|static|_TEXT:0001c117_0001c08c",$d,00000000
"0001c090","|static|_INVALID_|static|_TEXT:0001c117_0001c090",$d,00000000
"0001c094","|static|_INVALID_|static|_TEXT:0001c117_0001c094",$d,00000000
"0001c09c","|static|_FUN_002705fc_0001c09c",$d,00000000
"0001c0a0","|static|_FUN_0027066c_0001c0a0",$d,00000000
"0001c0dc","|static|_INVALID_|static|_TEXT:0001c117_0001c0dc",$d,00000000
"0001c0e0","|static|_INVALID_|static|_TEXT:0001c117_0001c0e0",$d,00000000
"0001c0e4","|static|_INVALID_|static|_TEXT:0001c117_0001c0e4",$d,00000000
"0001c0e8","|static|_INVALID_|static|_TEXT:0001c117_0001c0e8",$d,00000000
"0001c0ec","|static|_INVALID_|static|_TEXT:0001c117_0001c0ec",$d,00000000
"0001c0f0","|static|_INVALID_|static|_TEXT:0001c117_0001c0f0",$d,00000000
"0001c108","|static|_DAT_008cc070_0001c108",$d,00000000
"0001c114","|static|_FUN_002fc024_0001c114",$d,00000000
"0001c118","|static|_FUN_00321840_0001c118",$d,00000000
"0001c11c","|static|_FUN_003217a0_0001c11c",$d,00000000
"0001c130","|static|_FUN_0033f430_0001c130",$d,00000000
"0001c140","|static|_DAT_008cbc04_0001c140",$d,00000000
"0001c14c","|static|_FUN_002fc024_0001c14c",$d,00000000
"0001c150","|static|_FUN_00321840_0001c150",$d,00000000
"0001c154","|static|_FUN_003217a0_0001c154",$d,00000000
"0001c168","|static|_FUN_003217d4_0001c168",$d,00000000
"0001c178","|static|_DAT_008cba60_0001c178",$d,00000000
"0001c184","|static|_FUN_002fc024_0001c184",$d,00000000
"0001c188","|static|_FUN_002fcb58_0001c188",$d,00000000
"0001c18c","|static|_FUN_002fbe58_0001c18c",$d,00000000
"0001c1cc","|static|_DAT_008cba60_0001c1cc",$d,00000000
"0001c1d8","|static|_FUN_002fc014_0001c1d8",$d,00000000
"0001c1dc","|static|_FUN_00778f8c_0001c1dc",$d,00000000
"0001c1e0","|static|_FUN_00779114_0001c1e0",$d,00000000
"0001c1ec","|static|_INVALID_|static|_TEXT:0001c117_0001c1ec",$d,00000000
"0001c1f4","|static|_FUN_002705fc_0001c1f4",$d,00000000
"0001c1f8","|static|_FUN_0027066c_0001c1f8",$d,00000000
"0001c228","|static|_DAT_008cbc04_0001c228",$d,00000000
"0001c234","|static|_FUN_002fc014_0001c234",$d,00000000
"0001c238","|static|_FUN_00779038_0001c238",$d,00000000
"0001c23c","|static|_FUN_00779148_0001c23c",$d,00000000
"0001c248","|static|_FUN_00779398_0001c248",$d,00000000
"0001c250","|static|_FUN_002705fc_0001c250",$d,00000000
"0001c254","|static|_FUN_0027066c_0001c254",$d,00000000
"0001c284","|static|_DAT_008cc070_0001c284",$d,00000000
"0001c290","|static|_FUN_002fc014_0001c290",$d,00000000
"0001c294","|static|_FUN_00779038_0001c294",$d,00000000
"0001c298","|static|_FUN_00779148_0001c298",$d,00000000
"0001c2a4","|static|_FUN_0033f420_0001c2a4",$d,00000000
"0001c2ac","|static|_FUN_002705fc_0001c2ac",$d,00000000
"0001c2b0","|static|_FUN_0027066c_0001c2b0",$d,00000000
"0001c2c8","|static|_FUN_0057ba40_0001c2c8",$d,00000000
"0001c2cc","|static|_FUN_001f4c9c_0001c2cc",$d,00000000
"0001c2d0","|static|_LAB_0057b988_0001c2d0",$d,00000000
"0001c2d4","|static|_FUN_0057ba54_0001c2d4",$d,00000000
"0001c2d8","|static|_FUN_001f4e44_0001c2d8",$d,00000000
"0001c2dc","|static|_FUN_0057b98c_0001c2dc",$d,00000000
"0001c2e0","|static|_FUN_0024f238_0001c2e0",$d,00000000
"0001c2e4","|static|_FUN_001f4dc0_0001c2e4",$d,00000000
"0001c2e8","|static|_LAB_0057ba24_0001c2e8",$d,00000000
"0001c2ec","|static|_FUN_001f4e30_0001c2ec",$d,00000000
"0001c2f0","|static|_FUN_001f4ae4_0001c2f0",$d,00000000
"0001c2f4","|static|_FUN_00521a38_0001c2f4",$d,00000000
"0001c2f8","|static|_FUN_00521064_0001c2f8",$d,00000000
"0001c304","|static|_FUN_0071866c_0001c304",$d,00000000
"0001c308","|static|_INVALID_|static|_TEXT:0001c117_0001c308",$d,00000000
"0001c314","|static|_FUN_001f3ce0_0001c314",$d,00000000
"0001c318","|static|_FUN_0024f310_0001c318",$d,00000000
"0001c31c","|static|_FUN_0024f3a0_0001c31c",$d,00000000
"0001c330","|static|_INVALID_|static|_TEXT:0001c117_0001c330",$d,00000000
"0001c334","|static|_FUN_001f4e94_0001c334",$d,00000000
"0001c338","|static|_FUN_001f4fc8_0001c338",$d,00000000
"0001c340","|static|_FUN_001f4a68_0001c340",$d,00000000
"0001c34c","|static|_INVALID_|static|_TEXT:0001c117_0001c34c",$d,00000000
"0001c37c","|static|_DAT_008cab38_0001c37c",$d,00000000
"0001c388","|static|_FUN_0057ba40_0001c388",$d,00000000
"0001c38c","|static|_FUN_001f4c9c_0001c38c",$d,00000000
"0001c390","|static|_LAB_0057b988_0001c390",$d,00000000
"0001c394","|static|_FUN_0057ba54_0001c394",$d,00000000
"0001c398","|static|_FUN_001f4e44_0001c398",$d,00000000
"0001c39c","|static|_FUN_0057b98c_0001c39c",$d,00000000
"0001c3a0","|static|_FUN_0024f238_0001c3a0",$d,00000000
"0001c3a4","|static|_FUN_001f4dc0_0001c3a4",$d,00000000
"0001c3a8","|static|_LAB_0057ba24_0001c3a8",$d,00000000
"0001c3ac","|static|_FUN_001f4e30_0001c3ac",$d,00000000
"0001c3b0","|static|_FUN_001f4ae4_0001c3b0",$d,00000000
"0001c3b4","|static|_FUN_00521a38_0001c3b4",$d,00000000
"0001c3b8","|static|_FUN_00521064_0001c3b8",$d,00000000
"0001c3c4","|static|_FUN_0071866c_0001c3c4",$d,00000000
"0001c3c8","|static|_INVALID_|static|_TEXT:0001c117_0001c3c8",$d,00000000
"0001c3d4","|static|_FUN_001f3ce0_0001c3d4",$d,00000000
"0001c3d8","|static|_FUN_0024f310_0001c3d8",$d,00000000
"0001c3dc","|static|_FUN_0024f3a0_0001c3dc",$d,00000000
"0001c3e4","|static|_FUN_001f4b6c_0001c3e4",$d,00000000
"0001c3e8","|static|_INVALID_|static|_TEXT:0001c117_0001c3e8",$d,00000000
"0001c3f0","|static|_INVALID_|static|_TEXT:0001c117_0001c3f0",$d,00000000
"0001c3f4","|static|_FUN_001f4e94_0001c3f4",$d,00000000
"0001c3f8","|static|_FUN_001f4fc8_0001c3f8",$d,00000000
"0001c400","|static|_FUN_001f4a68_0001c400",$d,00000000
"0001c40c","|static|_INVALID_|static|_TEXT:0001c117_0001c40c",$d,00000000
"0001c418","|static|_INVALID_|static|_TEXT:0001c117_0001c418",$d,00000000
"0001c41c","|static|_INVALID_|static|_TEXT:0001c117_0001c41c",$d,00000000
"0001c428","|static|_DAT_008ca3d0_0001c428",$d,00000000
"0001c434","|static|_FUN_0057ba40_0001c434",$d,00000000
"0001c438","|static|_FUN_001f4c9c_0001c438",$d,00000000
"0001c43c","|static|_LAB_0057b988_0001c43c",$d,00000000
"0001c440","|static|_FUN_0057ba54_0001c440",$d,00000000
"0001c444","|static|_FUN_001f4e44_0001c444",$d,00000000
"0001c448","|static|_FUN_0057b98c_0001c448",$d,00000000
"0001c44c","|static|_FUN_0057b990_0001c44c",$d,00000000
"0001c450","|static|_FUN_001f4dc0_0001c450",$d,00000000
"0001c454","|static|_LAB_0057ba24_0001c454",$d,00000000
"0001c458","|static|_FUN_001f4e30_0001c458",$d,00000000
"0001c45c","|static|_FUN_001f4ae4_0001c45c",$d,00000000
"0001c460","|static|_FUN_00521a38_0001c460",$d,00000000
"0001c464","|static|_FUN_00521064_0001c464",$d,00000000
"0001c470","|static|_INVALID_|static|_TEXT:0001c117_0001c470",$d,00000000
"0001c474","|static|_INVALID_|static|_TEXT:0001c117_0001c474",$d,00000000
"0001c480","|static|_FUN_001f3ce0_0001c480",$d,00000000
"0001c484","|static|_INVALID_|static|_TEXT:0001c117_0001c484",$d,00000000
"0001c488","|static|_INVALID_|static|_TEXT:0001c117_0001c488",$d,00000000
"0001c490","|static|_FUN_001f4b6c_0001c490",$d,00000000
"0001c494","|static|_INVALID_|static|_TEXT:0001c117_0001c494",$d,00000000
"0001c49c","|static|_INVALID_|static|_TEXT:0001c117_0001c49c",$d,00000000
"0001c4a0","|static|_FUN_001f4e94_0001c4a0",$d,00000000
"0001c4a4","|static|_FUN_001f4fc8_0001c4a4",$d,00000000
"0001c4ac","|static|_FUN_001f4a68_0001c4ac",$d,00000000
"0001c4e4","|static|_DAT_008ca3d0_0001c4e4",$d,00000000
"0001c4f0","|static|_INVALID_|static|_TEXT:0001c117_0001c4f0",$d,00000000
"0001c4f4","|static|_INVALID_|static|_TEXT:0001c117_0001c4f4",$d,00000000
"0001c4f8","|static|_INVALID_|static|_TEXT:0001c117_0001c4f8",$d,00000000
"0001c4fc","|static|_INVALID_|static|_TEXT:0001c117_0001c4fc",$d,00000000
"0001c500","|static|_INVALID_|static|_TEXT:0001c117_0001c500",$d,00000000
"0001c504","|static|_INVALID_|static|_TEXT:0001c117_0001c504",$d,00000000
"0001c50c","|static|_FUN_002705fc_0001c50c",$d,00000000
"0001c510","|static|_FUN_0027066c_0001c510",$d,00000000
"0001c540","|static|_DAT_008cab38_0001c540",$d,00000000
"0001c54c","|static|_INVALID_|static|_TEXT:0001c117_0001c54c",$d,00000000
"0001c550","|static|_INVALID_|static|_TEXT:0001c117_0001c550",$d,00000000
"0001c554","|static|_INVALID_|static|_TEXT:0001c117_0001c554",$d,00000000
"0001c558","|static|_INVALID_|static|_TEXT:0001c117_0001c558",$d,00000000
"0001c55c","|static|_INVALID_|static|_TEXT:0001c117_0001c55c",$d,00000000
"0001c560","|static|_INVALID_|static|_TEXT:0001c117_0001c560",$d,00000000
"0001c568","|static|_FUN_002705fc_0001c568",$d,00000000
"0001c56c","|static|_FUN_0027066c_0001c56c",$d,00000000
"0001c5a8","|static|_INVALID_|static|_TEXT:0001c117_0001c5a8",$d,00000000
"0001c5ac","|static|_INVALID_|static|_TEXT:0001c117_0001c5ac",$d,00000000
"0001c5b0","|static|_INVALID_|static|_TEXT:0001c117_0001c5b0",$d,00000000
"0001c5b4","|static|_INVALID_|static|_TEXT:0001c117_0001c5b4",$d,00000000
"0001c5b8","|static|_INVALID_|static|_TEXT:0001c117_0001c5b8",$d,00000000
"0001c5bc","|static|_INVALID_|static|_TEXT:0001c117_0001c5bc",$d,00000000
"0001c5d4","|static|_DAT_008cc070_0001c5d4",$d,00000000
"0001c5e0","|static|_FUN_002fc024_0001c5e0",$d,00000000
"0001c5e4","|static|_FUN_00321840_0001c5e4",$d,00000000
"0001c5e8","|static|_FUN_003217a0_0001c5e8",$d,00000000
"0001c5fc","|static|_FUN_0033f430_0001c5fc",$d,00000000
"0001c60c","|static|_DAT_008cbc04_0001c60c",$d,00000000
"0001c618","|static|_FUN_002fc024_0001c618",$d,00000000
"0001c61c","|static|_FUN_00321840_0001c61c",$d,00000000
"0001c620","|static|_FUN_003217a0_0001c620",$d,00000000
"0001c634","|static|_FUN_003217d4_0001c634",$d,00000000
"0001c644","|static|_DAT_008cba60_0001c644",$d,00000000
"0001c650","|static|_FUN_002fc024_0001c650",$d,00000000
"0001c654","|static|_FUN_002fcb58_0001c654",$d,00000000
"0001c658","|static|_FUN_002fbe58_0001c658",$d,00000000
"0001c698","|static|_DAT_008cba60_0001c698",$d,00000000
"0001c6a4","|static|_FUN_002fc014_0001c6a4",$d,00000000
"0001c6a8","|static|_FUN_00778f8c_0001c6a8",$d,00000000
"0001c6ac","|static|_FUN_00779114_0001c6ac",$d,00000000
"0001c6b8","|static|_INVALID_|static|_TEXT:0001c117_0001c6b8",$d,00000000
"0001c6c0","|static|_FUN_002705fc_0001c6c0",$d,00000000
"0001c6c4","|static|_FUN_0027066c_0001c6c4",$d,00000000
"0001c6f4","|static|_DAT_008cbc04_0001c6f4",$d,00000000
"0001c700","|static|_FUN_002fc014_0001c700",$d,00000000
"0001c704","|static|_FUN_00779038_0001c704",$d,00000000
"0001c708","|static|_FUN_00779148_0001c708",$d,00000000
"0001c714","|static|_FUN_00779398_0001c714",$d,00000000
"0001c71c","|static|_FUN_002705fc_0001c71c",$d,00000000
"0001c720","|static|_FUN_0027066c_0001c720",$d,00000000
"0001c750","|static|_DAT_008cc070_0001c750",$d,00000000
"0001c75c","|static|_FUN_002fc014_0001c75c",$d,00000000
"0001c760","|static|_FUN_00779038_0001c760",$d,00000000
"0001c764","|static|_FUN_00779148_0001c764",$d,00000000
"0001c770","|static|_FUN_0033f420_0001c770",$d,00000000
"0001c778","|static|_FUN_002705fc_0001c778",$d,00000000
"0001c77c","|static|_FUN_0027066c_0001c77c",$d,00000000
"0001c794","|static|_FUN_0057ba40_0001c794",$d,00000000
"0001c798","|static|_FUN_001f4c9c_0001c798",$d,00000000
"0001c79c","|static|_LAB_0057b988_0001c79c",$d,00000000
"0001c7a0","|static|_FUN_0057ba54_0001c7a0",$d,00000000
"0001c7a4","|static|_FUN_001f4e44_0001c7a4",$d,00000000
"0001c7a8","|static|_FUN_0057b98c_0001c7a8",$d,00000000
"0001c7ac","|static|_FUN_0024f238_0001c7ac",$d,00000000
"0001c7b0","|static|_FUN_001f4dc0_0001c7b0",$d,00000000
"0001c7b4","|static|_LAB_0057ba24_0001c7b4",$d,00000000
"0001c7b8","|static|_FUN_001f4e30_0001c7b8",$d,00000000
"0001c7bc","|static|_FUN_001f4ae4_0001c7bc",$d,00000000
"0001c7c0","|static|_FUN_00521a38_0001c7c0",$d,00000000
"0001c7c4","|static|_FUN_00521064_0001c7c4",$d,00000000
"0001c7d0","|static|_FUN_0071866c_0001c7d0",$d,00000000
"0001c7d4","|static|_INVALID_|static|_TEXT:0001c117_0001c7d4",$d,00000000
"0001c7e0","|static|_FUN_001f3ce0_0001c7e0",$d,00000000
"0001c7e4","|static|_FUN_0024f310_0001c7e4",$d,00000000
"0001c7e8","|static|_FUN_0024f3a0_0001c7e8",$d,00000000
"0001c7fc","|static|_INVALID_|static|_TEXT:0001c117_0001c7fc",$d,00000000
"0001c800","|static|_FUN_001f4e94_0001c800",$d,00000000
"0001c804","|static|_FUN_001f4fc8_0001c804",$d,00000000
"0001c80c","|static|_FUN_001f4a68_0001c80c",$d,00000000
"0001c818","|static|_INVALID_|static|_TEXT:0001c117_0001c818",$d,00000000
"0001c848","|static|_DAT_008cab38_0001c848",$d,00000000
"0001c854","|static|_FUN_0057ba40_0001c854",$d,00000000
"0001c858","|static|_FUN_001f4c9c_0001c858",$d,00000000
"0001c85c","|static|_LAB_0057b988_0001c85c",$d,00000000
"0001c860","|static|_FUN_0057ba54_0001c860",$d,00000000
"0001c864","|static|_FUN_001f4e44_0001c864",$d,00000000
"0001c868","|static|_FUN_0057b98c_0001c868",$d,00000000
"0001c86c","|static|_FUN_0024f238_0001c86c",$d,00000000
"0001c870","|static|_FUN_001f4dc0_0001c870",$d,00000000
"0001c874","|static|_LAB_0057ba24_0001c874",$d,00000000
"0001c878","|static|_FUN_001f4e30_0001c878",$d,00000000
"0001c87c","|static|_FUN_001f4ae4_0001c87c",$d,00000000
"0001c880","|static|_FUN_00521a38_0001c880",$d,00000000
"0001c884","|static|_FUN_00521064_0001c884",$d,00000000
"0001c890","|static|_FUN_0071866c_0001c890",$d,00000000
"0001c894","|static|_INVALID_|static|_TEXT:0001c117_0001c894",$d,00000000
"0001c8a0","|static|_FUN_001f3ce0_0001c8a0",$d,00000000
"0001c8a4","|static|_FUN_0024f310_0001c8a4",$d,00000000
"0001c8a8","|static|_FUN_0024f3a0_0001c8a8",$d,00000000
"0001c8b0","|static|_FUN_001f4b6c_0001c8b0",$d,00000000
"0001c8b4","|static|_INVALID_|static|_TEXT:0001c117_0001c8b4",$d,00000000
"0001c8bc","|static|_INVALID_|static|_TEXT:0001c117_0001c8bc",$d,00000000
"0001c8c0","|static|_FUN_001f4e94_0001c8c0",$d,00000000
"0001c8c4","|static|_FUN_001f4fc8_0001c8c4",$d,00000000
"0001c8cc","|static|_FUN_001f4a68_0001c8cc",$d,00000000
"0001c8d8","|static|_INVALID_|static|_TEXT:0001c117_0001c8d8",$d,00000000
"0001c8e4","|static|_INVALID_|static|_TEXT:0001c117_0001c8e4",$d,00000000
"0001c8e8","|static|_INVALID_|static|_TEXT:0001c117_0001c8e8",$d,00000000
"0001c8f4","|static|_DAT_008ca3d0_0001c8f4",$d,00000000
"0001c900","|static|_FUN_0057ba40_0001c900",$d,00000000
"0001c904","|static|_FUN_001f4c9c_0001c904",$d,00000000
"0001c908","|static|_LAB_0057b988_0001c908",$d,00000000
"0001c90c","|static|_FUN_0057ba54_0001c90c",$d,00000000
"0001c910","|static|_FUN_001f4e44_0001c910",$d,00000000
"0001c914","|static|_FUN_0057b98c_0001c914",$d,00000000
"0001c918","|static|_FUN_0057b990_0001c918",$d,00000000
"0001c91c","|static|_FUN_001f4dc0_0001c91c",$d,00000000
"0001c920","|static|_LAB_0057ba24_0001c920",$d,00000000
"0001c924","|static|_FUN_001f4e30_0001c924",$d,00000000
"0001c928","|static|_FUN_001f4ae4_0001c928",$d,00000000
"0001c92c","|static|_FUN_00521a38_0001c92c",$d,00000000
"0001c930","|static|_FUN_00521064_0001c930",$d,00000000
"0001c93c","|static|_INVALID_|static|_TEXT:0001c117_0001c93c",$d,00000000
"0001c940","|static|_INVALID_|static|_TEXT:0001c117_0001c940",$d,00000000
"0001c94c","|static|_FUN_001f3ce0_0001c94c",$d,00000000
"0001c950","|static|_INVALID_|static|_TEXT:0001c117_0001c950",$d,00000000
"0001c954","|static|_INVALID_|static|_TEXT:0001c117_0001c954",$d,00000000
"0001c95c","|static|_FUN_001f4b6c_0001c95c",$d,00000000
"0001c960","|static|_INVALID_|static|_TEXT:0001c117_0001c960",$d,00000000
"0001c968","|static|_INVALID_|static|_TEXT:0001c117_0001c968",$d,00000000
"0001c96c","|static|_FUN_001f4e94_0001c96c",$d,00000000
"0001c970","|static|_FUN_001f4fc8_0001c970",$d,00000000
"0001c978","|static|_FUN_001f4a68_0001c978",$d,00000000
"0001c9b0","|static|_DAT_008ca3d0_0001c9b0",$d,00000000
"0001c9bc","|static|_INVALID_|static|_TEXT:0001c117_0001c9bc",$d,00000000
"0001c9c0","|static|_INVALID_|static|_TEXT:0001c117_0001c9c0",$d,00000000
"0001c9c4","|static|_INVALID_|static|_TEXT:0001c117_0001c9c4",$d,00000000
"0001c9c8","|static|_INVALID_|static|_TEXT:0001c117_0001c9c8",$d,00000000
"0001c9cc","|static|_INVALID_|static|_TEXT:0001c117_0001c9cc",$d,00000000
"0001c9d0","|static|_INVALID_|static|_TEXT:0001c117_0001c9d0",$d,00000000
"0001c9d8","|static|_FUN_002705fc_0001c9d8",$d,00000000
"0001c9dc","|static|_FUN_0027066c_0001c9dc",$d,00000000
"0001ca0c","|static|_DAT_008cab38_0001ca0c",$d,00000000
"0001ca18","|static|_INVALID_|static|_TEXT:0001c117_0001ca18",$d,00000000
"0001ca1c","|static|_INVALID_|static|_TEXT:0001c117_0001ca1c",$d,00000000
"0001ca20","|static|_INVALID_|static|_TEXT:0001c117_0001ca20",$d,00000000
"0001ca24","|static|_INVALID_|static|_TEXT:0001c117_0001ca24",$d,00000000
"0001ca28","|static|_INVALID_|static|_TEXT:0001c117_0001ca28",$d,00000000
"0001ca2c","|static|_INVALID_|static|_TEXT:0001c117_0001ca2c",$d,00000000
"0001ca34","|static|_FUN_002705fc_0001ca34",$d,00000000
"0001ca38","|static|_FUN_0027066c_0001ca38",$d,00000000
"0001ca74","|static|_INVALID_|static|_TEXT:0001c117_0001ca74",$d,00000000
"0001ca78","|static|_INVALID_|static|_TEXT:0001c117_0001ca78",$d,00000000
"0001ca7c","|static|_INVALID_|static|_TEXT:0001c117_0001ca7c",$d,00000000
"0001ca80","|static|_INVALID_|static|_TEXT:0001c117_0001ca80",$d,00000000
"0001ca84","|static|_INVALID_|static|_TEXT:0001c117_0001ca84",$d,00000000
"0001ca88","|static|_INVALID_|static|_TEXT:0001c117_0001ca88",$d,00000000
"0001caa0","|static|_DAT_008cc070_0001caa0",$d,00000000
"0001caac","|static|_FUN_002fc024_0001caac",$d,00000000
"0001cab0","|static|_FUN_00321840_0001cab0",$d,00000000
"0001cab4","|static|_FUN_003217a0_0001cab4",$d,00000000
"0001cac8","|static|_FUN_0033f430_0001cac8",$d,00000000
"0001cad8","|static|_DAT_008cbc04_0001cad8",$d,00000000
"0001cae4","|static|_FUN_002fc024_0001cae4",$d,00000000
"0001cae8","|static|_FUN_00321840_0001cae8",$d,00000000
"0001caec","|static|_FUN_003217a0_0001caec",$d,00000000
"0001cb00","|static|_FUN_003217d4_0001cb00",$d,00000000
"0001cb10","|static|_DAT_008cba60_0001cb10",$d,00000000
"0001cb1c","|static|_FUN_002fc024_0001cb1c",$d,00000000
"0001cb20","|static|_FUN_002fcb58_0001cb20",$d,00000000
"0001cb24","|static|_FUN_002fbe58_0001cb24",$d,00000000
"0001cb64","|static|_DAT_008cba60_0001cb64",$d,00000000
"0001cb70","|static|_FUN_002fc014_0001cb70",$d,00000000
"0001cb74","|static|_FUN_00778f8c_0001cb74",$d,00000000
"0001cb78","|static|_FUN_00779114_0001cb78",$d,00000000
"0001cb84","|static|_INVALID_|static|_TEXT:0001c117_0001cb84",$d,00000000
"0001cb8c","|static|_FUN_002705fc_0001cb8c",$d,00000000
"0001cb90","|static|_FUN_0027066c_0001cb90",$d,00000000
"0001cbc0","|static|_DAT_008cbc04_0001cbc0",$d,00000000
"0001cbcc","|static|_FUN_002fc014_0001cbcc",$d,00000000
"0001cbd0","|static|_FUN_00779038_0001cbd0",$d,00000000
"0001cbd4","|static|_FUN_00779148_0001cbd4",$d,00000000
"0001cbe0","|static|_FUN_00779398_0001cbe0",$d,00000000
"0001cbe8","|static|_FUN_002705fc_0001cbe8",$d,00000000
"0001cbec","|static|_FUN_0027066c_0001cbec",$d,00000000
"0001cc1c","|static|_DAT_008cc070_0001cc1c",$d,00000000
"0001cc28","|static|_FUN_002fc014_0001cc28",$d,00000000
"0001cc2c","|static|_FUN_00779038_0001cc2c",$d,00000000
"0001cc30","|static|_FUN_00779148_0001cc30",$d,00000000
"0001cc3c","|static|_FUN_0033f420_0001cc3c",$d,00000000
"0001cc44","|static|_FUN_002705fc_0001cc44",$d,00000000
"0001cc48","|static|_FUN_0027066c_0001cc48",$d,00000000
"0001cc60","|static|_FUN_0057ba40_0001cc60",$d,00000000
"0001cc64","|static|_FUN_001f4c9c_0001cc64",$d,00000000
"0001cc68","|static|_LAB_0057b988_0001cc68",$d,00000000
"0001cc6c","|static|_FUN_0057ba54_0001cc6c",$d,00000000
"0001cc70","|static|_FUN_001f4e44_0001cc70",$d,00000000
"0001cc74","|static|_FUN_0057b98c_0001cc74",$d,00000000
"0001cc78","|static|_FUN_0024f238_0001cc78",$d,00000000
"0001cc7c","|static|_FUN_001f4dc0_0001cc7c",$d,00000000
"0001cc80","|static|_LAB_0057ba24_0001cc80",$d,00000000
"0001cc84","|static|_FUN_001f4e30_0001cc84",$d,00000000
"0001cc88","|static|_FUN_001f4ae4_0001cc88",$d,00000000
"0001cc8c","|static|_FUN_00521a38_0001cc8c",$d,00000000
"0001cc90","|static|_FUN_00521064_0001cc90",$d,00000000
"0001cc9c","|static|_FUN_0071866c_0001cc9c",$d,00000000
"0001cca0","|static|_INVALID_|static|_TEXT:0001c117_0001cca0",$d,00000000
"0001ccac","|static|_FUN_001f3ce0_0001ccac",$d,00000000
"0001ccb0","|static|_FUN_0024f310_0001ccb0",$d,00000000
"0001ccb4","|static|_FUN_0024f3a0_0001ccb4",$d,00000000
"0001ccc8","|static|_INVALID_|static|_TEXT:0001c117_0001ccc8",$d,00000000
"0001cccc","|static|_FUN_001f4e94_0001cccc",$d,00000000
"0001ccd0","|static|_FUN_001f4fc8_0001ccd0",$d,00000000
"0001ccd8","|static|_FUN_001f4a68_0001ccd8",$d,00000000
"0001cce4","|static|_INVALID_|static|_TEXT:0001c117_0001cce4",$d,00000000
"0001cd14","|static|_DAT_008cab38_0001cd14",$d,00000000
"0001cd20","|static|_FUN_0057ba40_0001cd20",$d,00000000
"0001cd24","|static|_FUN_001f4c9c_0001cd24",$d,00000000
"0001cd28","|static|_LAB_0057b988_0001cd28",$d,00000000
"0001cd2c","|static|_FUN_0057ba54_0001cd2c",$d,00000000
"0001cd30","|static|_FUN_001f4e44_0001cd30",$d,00000000
"0001cd34","|static|_FUN_0057b98c_0001cd34",$d,00000000
"0001cd38","|static|_FUN_0024f238_0001cd38",$d,00000000
"0001cd3c","|static|_FUN_001f4dc0_0001cd3c",$d,00000000
"0001cd40","|static|_LAB_0057ba24_0001cd40",$d,00000000
"0001cd44","|static|_FUN_001f4e30_0001cd44",$d,00000000
"0001cd48","|static|_FUN_001f4ae4_0001cd48",$d,00000000
"0001cd4c","|static|_FUN_00521a38_0001cd4c",$d,00000000
"0001cd50","|static|_FUN_00521064_0001cd50",$d,00000000
"0001cd5c","|static|_FUN_0071866c_0001cd5c",$d,00000000
"0001cd60","|static|_INVALID_|static|_TEXT:0001c117_0001cd60",$d,00000000
"0001cd6c","|static|_FUN_001f3ce0_0001cd6c",$d,00000000
"0001cd70","|static|_FUN_0024f310_0001cd70",$d,00000000
"0001cd74","|static|_FUN_0024f3a0_0001cd74",$d,00000000
"0001cd7c","|static|_FUN_001f4b6c_0001cd7c",$d,00000000
"0001cd80","|static|_INVALID_|static|_TEXT:0001c117_0001cd80",$d,00000000
"0001cd88","|static|_INVALID_|static|_TEXT:0001c117_0001cd88",$d,00000000
"0001cd8c","|static|_FUN_001f4e94_0001cd8c",$d,00000000
"0001cd90","|static|_FUN_001f4fc8_0001cd90",$d,00000000
"0001cd98","|static|_FUN_001f4a68_0001cd98",$d,00000000
"0001cda4","|static|_INVALID_|static|_TEXT:0001c117_0001cda4",$d,00000000
"0001cdb0","|static|_INVALID_|static|_TEXT:0001c117_0001cdb0",$d,00000000
"0001cdb4","|static|_INVALID_|static|_TEXT:0001c117_0001cdb4",$d,00000000
"0001cdc0","|static|_DAT_008ca3d0_0001cdc0",$d,00000000
"0001cdcc","|static|_FUN_0057ba40_0001cdcc",$d,00000000
"0001cdd0","|static|_FUN_001f4c9c_0001cdd0",$d,00000000
"0001cdd4","|static|_LAB_0057b988_0001cdd4",$d,00000000
"0001cdd8","|static|_FUN_0057ba54_0001cdd8",$d,00000000
"0001cddc","|static|_FUN_001f4e44_0001cddc",$d,00000000
"0001cde0","|static|_FUN_0057b98c_0001cde0",$d,00000000
"0001cde4","|static|_FUN_0057b990_0001cde4",$d,00000000
"0001cde8","|static|_FUN_001f4dc0_0001cde8",$d,00000000
"0001cdec","|static|_LAB_0057ba24_0001cdec",$d,00000000
"0001cdf0","|static|_FUN_001f4e30_0001cdf0",$d,00000000
"0001cdf4","|static|_FUN_001f4ae4_0001cdf4",$d,00000000
"0001cdf8","|static|_FUN_00521a38_0001cdf8",$d,00000000
"0001cdfc","|static|_FUN_00521064_0001cdfc",$d,00000000
"0001ce08","|static|_INVALID_|static|_TEXT:0001c117_0001ce08",$d,00000000
"0001ce0c","|static|_INVALID_|static|_TEXT:0001c117_0001ce0c",$d,00000000
"0001ce18","|static|_FUN_001f3ce0_0001ce18",$d,00000000
"0001ce1c","|static|_INVALID_|static|_TEXT:0001c117_0001ce1c",$d,00000000
"0001ce20","|static|_INVALID_|static|_TEXT:0001c117_0001ce20",$d,00000000
"0001ce28","|static|_FUN_001f4b6c_0001ce28",$d,00000000
"0001ce2c","|static|_INVALID_|static|_TEXT:0001c117_0001ce2c",$d,00000000
"0001ce34","|static|_INVALID_|static|_TEXT:0001c117_0001ce34",$d,00000000
"0001ce38","|static|_FUN_001f4e94_0001ce38",$d,00000000
"0001ce3c","|static|_FUN_001f4fc8_0001ce3c",$d,00000000
"0001ce44","|static|_FUN_001f4a68_0001ce44",$d,00000000
"0001ce7c","|static|_DAT_008ca3d0_0001ce7c",$d,00000000
"0001ce88","|static|_INVALID_|static|_TEXT:0001c117_0001ce88",$d,00000000
"0001ce8c","|static|_INVALID_|static|_TEXT:0001c117_0001ce8c",$d,00000000
"0001ce90","|static|_INVALID_|static|_TEXT:0001c117_0001ce90",$d,00000000
"0001ce94","|static|_INVALID_|static|_TEXT:0001c117_0001ce94",$d,00000000
"0001ce98","|static|_INVALID_|static|_TEXT:0001c117_0001ce98",$d,00000000
"0001ce9c","|static|_INVALID_|static|_TEXT:0001c117_0001ce9c",$d,00000000
"0001cea4","|static|_FUN_002705fc_0001cea4",$d,00000000
"0001cea8","|static|_FUN_0027066c_0001cea8",$d,00000000
"0001ced8","|static|_DAT_008cab38_0001ced8",$d,00000000
"0001cee4","|static|_INVALID_|static|_TEXT:0001c117_0001cee4",$d,00000000
"0001cee8","|static|_INVALID_|static|_TEXT:0001c117_0001cee8",$d,00000000
"0001ceec","|static|_INVALID_|static|_TEXT:0001c117_0001ceec",$d,00000000
"0001cef0","|static|_INVALID_|static|_TEXT:0001c117_0001cef0",$d,00000000
"0001cef4","|static|_INVALID_|static|_TEXT:0001c117_0001cef4",$d,00000000
"0001cef8","|static|_INVALID_|static|_TEXT:0001c117_0001cef8",$d,00000000
"0001cf00","|static|_FUN_002705fc_0001cf00",$d,00000000
"0001cf04","|static|_FUN_0027066c_0001cf04",$d,00000000
"0001cf40","|static|_INVALID_|static|_TEXT:0001c117_0001cf40",$d,00000000
"0001cf44","|static|_INVALID_|static|_TEXT:0001c117_0001cf44",$d,00000000
"0001cf48","|static|_INVALID_|static|_TEXT:0001c117_0001cf48",$d,00000000
"0001cf4c","|static|_INVALID_|static|_TEXT:0001c117_0001cf4c",$d,00000000
"0001cf50","|static|_INVALID_|static|_TEXT:0001c117_0001cf50",$d,00000000
"0001cf54","|static|_INVALID_|static|_TEXT:0001c117_0001cf54",$d,00000000
"0001cf6c","|static|_DAT_008cc070_0001cf6c",$d,00000000
"0001cf78","|static|_FUN_002fc024_0001cf78",$d,00000000
"0001cf7c","|static|_FUN_00321840_0001cf7c",$d,00000000
"0001cf80","|static|_FUN_003217a0_0001cf80",$d,00000000
"0001cf94","|static|_FUN_0033f430_0001cf94",$d,00000000
"0001cfa4","|static|_DAT_008cbc04_0001cfa4",$d,00000000
"0001cfb0","|static|_FUN_002fc024_0001cfb0",$d,00000000
"0001cfb4","|static|_FUN_00321840_0001cfb4",$d,00000000
"0001cfb8","|static|_FUN_003217a0_0001cfb8",$d,00000000
"0001cfcc","|static|_FUN_003217d4_0001cfcc",$d,00000000
"0001cfdc","|static|_DAT_008cba60_0001cfdc",$d,00000000
"0001cfe8","|static|_FUN_002fc024_0001cfe8",$d,00000000
"0001cfec","|static|_FUN_002fcb58_0001cfec",$d,00000000
"0001cff0","|static|_FUN_002fbe58_0001cff0",$d,00000000
"0001d030","|static|_DAT_008cba60_0001d030",$d,00000000
"0001d03c","|static|_FUN_002fc014_0001d03c",$d,00000000
"0001d040","|static|_FUN_00778f8c_0001d040",$d,00000000
"0001d044","|static|_FUN_00779114_0001d044",$d,00000000
"0001d050","|static|_INVALID_|static|_TEXT:0001c117_0001d050",$d,00000000
"0001d058","|static|_FUN_002705fc_0001d058",$d,00000000
"0001d05c","|static|_FUN_0027066c_0001d05c",$d,00000000
"0001d08c","|static|_DAT_008cbc04_0001d08c",$d,00000000
"0001d098","|static|_FUN_002fc014_0001d098",$d,00000000
"0001d09c","|static|_FUN_00779038_0001d09c",$d,00000000
"0001d0a0","|static|_FUN_00779148_0001d0a0",$d,00000000
"0001d0ac","|static|_FUN_00779398_0001d0ac",$d,00000000
"0001d0b4","|static|_FUN_002705fc_0001d0b4",$d,00000000
"0001d0b8","|static|_FUN_0027066c_0001d0b8",$d,00000000
"0001d0e8","|static|_DAT_008cc070_0001d0e8",$d,00000000
"0001d0f4","|static|_FUN_002fc014_0001d0f4",$d,00000000
"0001d0f8","|static|_FUN_00779038_0001d0f8",$d,00000000
"0001d0fc","|static|_FUN_00779148_0001d0fc",$d,00000000
"0001d108","|static|_FUN_0033f420_0001d108",$d,00000000
"0001d110","|static|_FUN_002705fc_0001d110",$d,00000000
"0001d114","|static|_FUN_0027066c_0001d114",$d,00000000
"0001d12c","|static|_FUN_0057ba40_0001d12c",$d,00000000
"0001d130","|static|_FUN_001f4c9c_0001d130",$d,00000000
"0001d134","|static|_LAB_0057b988_0001d134",$d,00000000
"0001d138","|static|_FUN_0057ba54_0001d138",$d,00000000
"0001d13c","|static|_FUN_001f4e44_0001d13c",$d,00000000
"0001d140","|static|_FUN_0057b98c_0001d140",$d,00000000
"0001d144","|static|_FUN_0024f238_0001d144",$d,00000000
"0001d148","|static|_FUN_001f4dc0_0001d148",$d,00000000
"0001d14c","|static|_LAB_0057ba24_0001d14c",$d,00000000
"0001d150","|static|_FUN_001f4e30_0001d150",$d,00000000
"0001d154","|static|_FUN_001f4ae4_0001d154",$d,00000000
"0001d158","|static|_FUN_00521a38_0001d158",$d,00000000
"0001d15c","|static|_FUN_00521064_0001d15c",$d,00000000
"0001d168","|static|_FUN_0071866c_0001d168",$d,00000000
"0001d16c","|static|_INVALID_|static|_TEXT:0001c117_0001d16c",$d,00000000
"0001d178","|static|_FUN_001f3ce0_0001d178",$d,00000000
"0001d17c","|static|_FUN_0024f310_0001d17c",$d,00000000
"0001d180","|static|_FUN_0024f3a0_0001d180",$d,00000000
"0001d194","|static|_INVALID_|static|_TEXT:0001c117_0001d194",$d,00000000
"0001d198","|static|_FUN_001f4e94_0001d198",$d,00000000
"0001d19c","|static|_FUN_001f4fc8_0001d19c",$d,00000000
"0001d1a4","|static|_FUN_001f4a68_0001d1a4",$d,00000000
"0001d1b0","|static|_INVALID_|static|_TEXT:0001c117_0001d1b0",$d,00000000
"0001d1e0","|static|_DAT_008cab38_0001d1e0",$d,00000000
"0001d1ec","|static|_FUN_0057ba40_0001d1ec",$d,00000000
"0001d1f0","|static|_FUN_001f4c9c_0001d1f0",$d,00000000
"0001d1f4","|static|_LAB_0057b988_0001d1f4",$d,00000000
"0001d1f8","|static|_FUN_0057ba54_0001d1f8",$d,00000000
"0001d1fc","|static|_FUN_001f4e44_0001d1fc",$d,00000000
"0001d200","|static|_FUN_0057b98c_0001d200",$d,00000000
"0001d204","|static|_FUN_0024f238_0001d204",$d,00000000
"0001d208","|static|_FUN_001f4dc0_0001d208",$d,00000000
"0001d20c","|static|_LAB_0057ba24_0001d20c",$d,00000000
"0001d210","|static|_FUN_001f4e30_0001d210",$d,00000000
"0001d214","|static|_FUN_001f4ae4_0001d214",$d,00000000
"0001d218","|static|_FUN_00521a38_0001d218",$d,00000000
"0001d21c","|static|_FUN_00521064_0001d21c",$d,00000000
"0001d228","|static|_FUN_0071866c_0001d228",$d,00000000
"0001d22c","|static|_INVALID_|static|_TEXT:0001c117_0001d22c",$d,00000000
"0001d238","|static|_FUN_001f3ce0_0001d238",$d,00000000
"0001d23c","|static|_FUN_0024f310_0001d23c",$d,00000000
"0001d240","|static|_FUN_0024f3a0_0001d240",$d,00000000
"0001d248","|static|_FUN_001f4b6c_0001d248",$d,00000000
"0001d24c","|static|_INVALID_|static|_TEXT:0001c117_0001d24c",$d,00000000
"0001d254","|static|_INVALID_|static|_TEXT:0001c117_0001d254",$d,00000000
"0001d258","|static|_FUN_001f4e94_0001d258",$d,00000000
"0001d25c","|static|_FUN_001f4fc8_0001d25c",$d,00000000
"0001d264","|static|_FUN_001f4a68_0001d264",$d,00000000
"0001d270","|static|_INVALID_|static|_TEXT:0001c117_0001d270",$d,00000000
"0001d27c","|static|_INVALID_|static|_TEXT:0001c117_0001d27c",$d,00000000
"0001d280","|static|_INVALID_|static|_TEXT:0001c117_0001d280",$d,00000000
"0001d28c","|static|_DAT_008ca3d0_0001d28c",$d,00000000
"0001d298","|static|_FUN_0057ba40_0001d298",$d,00000000
"0001d29c","|static|_FUN_001f4c9c_0001d29c",$d,00000000
"0001d2a0","|static|_LAB_0057b988_0001d2a0",$d,00000000
"0001d2a4","|static|_FUN_0057ba54_0001d2a4",$d,00000000
"0001d2a8","|static|_FUN_001f4e44_0001d2a8",$d,00000000
"0001d2ac","|static|_FUN_0057b98c_0001d2ac",$d,00000000
"0001d2b0","|static|_FUN_0057b990_0001d2b0",$d,00000000
"0001d2b4","|static|_FUN_001f4dc0_0001d2b4",$d,00000000
"0001d2b8","|static|_LAB_0057ba24_0001d2b8",$d,00000000
"0001d2bc","|static|_FUN_001f4e30_0001d2bc",$d,00000000
"0001d2c0","|static|_FUN_001f4ae4_0001d2c0",$d,00000000
"0001d2c4","|static|_FUN_00521a38_0001d2c4",$d,00000000
"0001d2c8","|static|_FUN_00521064_0001d2c8",$d,00000000
"0001d2d4","|static|_INVALID_|static|_TEXT:0001c117_0001d2d4",$d,00000000
"0001d2d8","|static|_INVALID_|static|_TEXT:0001c117_0001d2d8",$d,00000000
"0001d2e4","|static|_FUN_001f3ce0_0001d2e4",$d,00000000
"0001d2e8","|static|_INVALID_|static|_TEXT:0001c117_0001d2e8",$d,00000000
"0001d2ec","|static|_INVALID_|static|_TEXT:0001c117_0001d2ec",$d,00000000
"0001d2f4","|static|_FUN_001f4b6c_0001d2f4",$d,00000000
"0001d2f8","|static|_INVALID_|static|_TEXT:0001c117_0001d2f8",$d,00000000
"0001d300","|static|_INVALID_|static|_TEXT:0001c117_0001d300",$d,00000000
"0001d304","|static|_FUN_001f4e94_0001d304",$d,00000000
"0001d308","|static|_FUN_001f4fc8_0001d308",$d,00000000
"0001d310","|static|_FUN_001f4a68_0001d310",$d,00000000
"0001d348","|static|_DAT_008ca3d0_0001d348",$d,00000000
"0001d354","|static|_INVALID_|static|_TEXT:0001c117_0001d354",$d,00000000
"0001d358","|static|_INVALID_|static|_TEXT:0001c117_0001d358",$d,00000000
"0001d35c","|static|_INVALID_|static|_TEXT:0001c117_0001d35c",$d,00000000
"0001d360","|static|_INVALID_|static|_TEXT:0001c117_0001d360",$d,00000000
"0001d364","|static|_INVALID_|static|_TEXT:0001c117_0001d364",$d,00000000
"0001d368","|static|_INVALID_|static|_TEXT:0001c117_0001d368",$d,00000000
"0001d370","|static|_FUN_002705fc_0001d370",$d,00000000
"0001d374","|static|_FUN_0027066c_0001d374",$d,00000000
"0001d3a4","|static|_DAT_008cab38_0001d3a4",$d,00000000
"0001d3b0","|static|_INVALID_|static|_TEXT:0001c117_0001d3b0",$d,00000000
"0001d3b4","|static|_INVALID_|static|_TEXT:0001c117_0001d3b4",$d,00000000
"0001d3b8","|static|_INVALID_|static|_TEXT:0001c117_0001d3b8",$d,00000000
"0001d3bc","|static|_INVALID_|static|_TEXT:0001c117_0001d3bc",$d,00000000
"0001d3c0","|static|_INVALID_|static|_TEXT:0001c117_0001d3c0",$d,00000000
"0001d3c4","|static|_INVALID_|static|_TEXT:0001c117_0001d3c4",$d,00000000
"0001d3cc","|static|_FUN_002705fc_0001d3cc",$d,00000000
"0001d3d0","|static|_FUN_0027066c_0001d3d0",$d,00000000
"0001d40c","|static|_INVALID_|static|_TEXT:0001c117_0001d40c",$d,00000000
"0001d410","|static|_INVALID_|static|_TEXT:0001c117_0001d410",$d,00000000
"0001d414","|static|_INVALID_|static|_TEXT:0001c117_0001d414",$d,00000000
"0001d418","|static|_INVALID_|static|_TEXT:0001c117_0001d418",$d,00000000
"0001d41c","|static|_INVALID_|static|_TEXT:0001c117_0001d41c",$d,00000000
"0001d420","|static|_INVALID_|static|_TEXT:0001c117_0001d420",$d,00000000
"0001d438","|static|_DAT_008cc070_0001d438",$d,00000000
"0001d444","|static|_FUN_002fc024_0001d444",$d,00000000
"0001d448","|static|_FUN_00321840_0001d448",$d,00000000
"0001d44c","|static|_FUN_003217a0_0001d44c",$d,00000000
"0001d460","|static|_FUN_0033f430_0001d460",$d,00000000
"0001d470","|static|_DAT_008cbc04_0001d470",$d,00000000
"0001d47c","|static|_FUN_002fc024_0001d47c",$d,00000000
"0001d480","|static|_FUN_00321840_0001d480",$d,00000000
"0001d484","|static|_FUN_003217a0_0001d484",$d,00000000
"0001d498","|static|_FUN_003217d4_0001d498",$d,00000000
"0001d4a8","|static|_DAT_008cba60_0001d4a8",$d,00000000
"0001d4b4","|static|_FUN_002fc024_0001d4b4",$d,00000000
"0001d4b8","|static|_FUN_002fcb58_0001d4b8",$d,00000000
"0001d4bc","|static|_FUN_002fbe58_0001d4bc",$d,00000000
"0001d4fc","|static|_DAT_008cba60_0001d4fc",$d,00000000
"0001d508","|static|_FUN_002fc014_0001d508",$d,00000000
"0001d50c","|static|_FUN_00778f8c_0001d50c",$d,00000000
"0001d510","|static|_FUN_00779114_0001d510",$d,00000000
"0001d51c","|static|_INVALID_|static|_TEXT:0001c117_0001d51c",$d,00000000
"0001d524","|static|_FUN_002705fc_0001d524",$d,00000000
"0001d528","|static|_FUN_0027066c_0001d528",$d,00000000
"0001d558","|static|_DAT_008cbc04_0001d558",$d,00000000
"0001d564","|static|_FUN_002fc014_0001d564",$d,00000000
"0001d568","|static|_FUN_00779038_0001d568",$d,00000000
"0001d56c","|static|_FUN_00779148_0001d56c",$d,00000000
"0001d578","|static|_FUN_00779398_0001d578",$d,00000000
"0001d580","|static|_FUN_002705fc_0001d580",$d,00000000
"0001d584","|static|_FUN_0027066c_0001d584",$d,00000000
"0001d5b4","|static|_DAT_008cc070_0001d5b4",$d,00000000
"0001d5c0","|static|_FUN_002fc014_0001d5c0",$d,00000000
"0001d5c4","|static|_FUN_00779038_0001d5c4",$d,00000000
"0001d5c8","|static|_FUN_00779148_0001d5c8",$d,00000000
"0001d5d4","|static|_FUN_0033f420_0001d5d4",$d,00000000
"0001d5dc","|static|_FUN_002705fc_0001d5dc",$d,00000000
"0001d5e0","|static|_FUN_0027066c_0001d5e0",$d,00000000
"0001d5f8","|static|_FUN_0057ba40_0001d5f8",$d,00000000
"0001d5fc","|static|_FUN_001f4c9c_0001d5fc",$d,00000000
"0001d600","|static|_LAB_0057b988_0001d600",$d,00000000
"0001d604","|static|_FUN_0057ba54_0001d604",$d,00000000
"0001d608","|static|_FUN_001f4e44_0001d608",$d,00000000
"0001d60c","|static|_FUN_0057b98c_0001d60c",$d,00000000
"0001d610","|static|_FUN_0024f238_0001d610",$d,00000000
"0001d614","|static|_FUN_001f4dc0_0001d614",$d,00000000
"0001d618","|static|_LAB_0057ba24_0001d618",$d,00000000
"0001d61c","|static|_FUN_001f4e30_0001d61c",$d,00000000
"0001d620","|static|_FUN_001f4ae4_0001d620",$d,00000000
"0001d624","|static|_FUN_00521a38_0001d624",$d,00000000
"0001d628","|static|_FUN_00521064_0001d628",$d,00000000
"0001d634","|static|_FUN_0071866c_0001d634",$d,00000000
"0001d638","|static|_INVALID_|static|_TEXT:0001c117_0001d638",$d,00000000
"0001d644","|static|_FUN_001f3ce0_0001d644",$d,00000000
"0001d648","|static|_FUN_0024f310_0001d648",$d,00000000
"0001d64c","|static|_FUN_0024f3a0_0001d64c",$d,00000000
"0001d660","|static|_INVALID_|static|_TEXT:0001c117_0001d660",$d,00000000
"0001d664","|static|_FUN_001f4e94_0001d664",$d,00000000
"0001d668","|static|_FUN_001f4fc8_0001d668",$d,00000000
"0001d670","|static|_FUN_001f4a68_0001d670",$d,00000000
"0001d67c","|static|_INVALID_|static|_TEXT:0001c117_0001d67c",$d,00000000
"0001d6ac","|static|_DAT_008cab38_0001d6ac",$d,00000000
"0001d6b8","|static|_FUN_0057ba40_0001d6b8",$d,00000000
"0001d6bc","|static|_FUN_001f4c9c_0001d6bc",$d,00000000
"0001d6c0","|static|_LAB_0057b988_0001d6c0",$d,00000000
"0001d6c4","|static|_FUN_0057ba54_0001d6c4",$d,00000000
"0001d6c8","|static|_FUN_001f4e44_0001d6c8",$d,00000000
"0001d6cc","|static|_FUN_0057b98c_0001d6cc",$d,00000000
"0001d6d0","|static|_FUN_0024f238_0001d6d0",$d,00000000
"0001d6d4","|static|_FUN_001f4dc0_0001d6d4",$d,00000000
"0001d6d8","|static|_LAB_0057ba24_0001d6d8",$d,00000000
"0001d6dc","|static|_FUN_001f4e30_0001d6dc",$d,00000000
"0001d6e0","|static|_FUN_001f4ae4_0001d6e0",$d,00000000
"0001d6e4","|static|_FUN_00521a38_0001d6e4",$d,00000000
"0001d6e8","|static|_FUN_00521064_0001d6e8",$d,00000000
"0001d6f4","|static|_FUN_0071866c_0001d6f4",$d,00000000
"0001d6f8","|static|_INVALID_|static|_TEXT:0001c117_0001d6f8",$d,00000000
"0001d704","|static|_FUN_001f3ce0_0001d704",$d,00000000
"0001d708","|static|_FUN_0024f310_0001d708",$d,00000000
"0001d70c","|static|_FUN_0024f3a0_0001d70c",$d,00000000
"0001d714","|static|_FUN_001f4b6c_0001d714",$d,00000000
"0001d718","|static|_INVALID_|static|_TEXT:0001c117_0001d718",$d,00000000
"0001d720","|static|_INVALID_|static|_TEXT:0001c117_0001d720",$d,00000000
"0001d724","|static|_FUN_001f4e94_0001d724",$d,00000000
"0001d728","|static|_FUN_001f4fc8_0001d728",$d,00000000
"0001d730","|static|_FUN_001f4a68_0001d730",$d,00000000
"0001d73c","|static|_INVALID_|static|_TEXT:0001c117_0001d73c",$d,00000000
"0001d748","|static|_INVALID_|static|_TEXT:0001c117_0001d748",$d,00000000
"0001d74c","|static|_INVALID_|static|_TEXT:0001c117_0001d74c",$d,00000000
"0001d758","|static|_DAT_008ca3d0_0001d758",$d,00000000
"0001d764","|static|_FUN_0057ba40_0001d764",$d,00000000
"0001d768","|static|_FUN_001f4c9c_0001d768",$d,00000000
"0001d76c","|static|_LAB_0057b988_0001d76c",$d,00000000
"0001d770","|static|_FUN_0057ba54_0001d770",$d,00000000
"0001d774","|static|_FUN_001f4e44_0001d774",$d,00000000
"0001d778","|static|_FUN_0057b98c_0001d778",$d,00000000
"0001d77c","|static|_FUN_0057b990_0001d77c",$d,00000000
"0001d780","|static|_FUN_001f4dc0_0001d780",$d,00000000
"0001d784","|static|_LAB_0057ba24_0001d784",$d,00000000
"0001d788","|static|_FUN_001f4e30_0001d788",$d,00000000
"0001d78c","|static|_FUN_001f4ae4_0001d78c",$d,00000000
"0001d790","|static|_FUN_00521a38_0001d790",$d,00000000
"0001d794","|static|_FUN_00521064_0001d794",$d,00000000
"0001d7a0","|static|_INVALID_|static|_TEXT:0001c117_0001d7a0",$d,00000000
"0001d7a4","|static|_INVALID_|static|_TEXT:0001c117_0001d7a4",$d,00000000
"0001d7b0","|static|_FUN_001f3ce0_0001d7b0",$d,00000000
"0001d7b4","|static|_INVALID_|static|_TEXT:0001c117_0001d7b4",$d,00000000
"0001d7b8","|static|_INVALID_|static|_TEXT:0001c117_0001d7b8",$d,00000000
"0001d7c0","|static|_FUN_001f4b6c_0001d7c0",$d,00000000
"0001d7c4","|static|_INVALID_|static|_TEXT:0001c117_0001d7c4",$d,00000000
"0001d7cc","|static|_INVALID_|static|_TEXT:0001c117_0001d7cc",$d,00000000
"0001d7d0","|static|_FUN_001f4e94_0001d7d0",$d,00000000
"0001d7d4","|static|_FUN_001f4fc8_0001d7d4",$d,00000000
"0001d7dc","|static|_FUN_001f4a68_0001d7dc",$d,00000000
"0001d814","|static|_DAT_008ca3d0_0001d814",$d,00000000
"0001d820","|static|_INVALID_|static|_TEXT:0001c117_0001d820",$d,00000000
"0001d824","|static|_INVALID_|static|_TEXT:0001c117_0001d824",$d,00000000
"0001d828","|static|_INVALID_|static|_TEXT:0001c117_0001d828",$d,00000000
"0001d82c","|static|_INVALID_|static|_TEXT:0001c117_0001d82c",$d,00000000
"0001d830","|static|_INVALID_|static|_TEXT:0001c117_0001d830",$d,00000000
"0001d834","|static|_INVALID_|static|_TEXT:0001c117_0001d834",$d,00000000
"0001d83c","|static|_FUN_002705fc_0001d83c",$d,00000000
"0001d840","|static|_FUN_0027066c_0001d840",$d,00000000
"0001d870","|static|_DAT_008cab38_0001d870",$d,00000000
"0001d87c","|static|_INVALID_|static|_TEXT:0001c117_0001d87c",$d,00000000
"0001d880","|static|_INVALID_|static|_TEXT:0001c117_0001d880",$d,00000000
"0001d884","|static|_INVALID_|static|_TEXT:0001c117_0001d884",$d,00000000
"0001d888","|static|_INVALID_|static|_TEXT:0001c117_0001d888",$d,00000000
"0001d88c","|static|_INVALID_|static|_TEXT:0001c117_0001d88c",$d,00000000
"0001d890","|static|_INVALID_|static|_TEXT:0001c117_0001d890",$d,00000000
"0001d898","|static|_FUN_002705fc_0001d898",$d,00000000
"0001d89c","|static|_FUN_0027066c_0001d89c",$d,00000000
"0001d8d8","|static|_INVALID_|static|_TEXT:0001c117_0001d8d8",$d,00000000
"0001d8dc","|static|_INVALID_|static|_TEXT:0001c117_0001d8dc",$d,00000000
"0001d8e0","|static|_INVALID_|static|_TEXT:0001c117_0001d8e0",$d,00000000
"0001d8e4","|static|_INVALID_|static|_TEXT:0001c117_0001d8e4",$d,00000000
"0001d8e8","|static|_INVALID_|static|_TEXT:0001c117_0001d8e8",$d,00000000
"0001d8ec","|static|_INVALID_|static|_TEXT:0001c117_0001d8ec",$d,00000000
"0001d904","|static|_DAT_008cc070_0001d904",$d,00000000
"0001d910","|static|_FUN_002fc024_0001d910",$d,00000000
"0001d914","|static|_FUN_00321840_0001d914",$d,00000000
"0001d918","|static|_FUN_003217a0_0001d918",$d,00000000
"0001d92c","|static|_FUN_0033f430_0001d92c",$d,00000000
"0001d93c","|static|_DAT_008cbc04_0001d93c",$d,00000000
"0001d948","|static|_FUN_002fc024_0001d948",$d,00000000
"0001d94c","|static|_FUN_00321840_0001d94c",$d,00000000
"0001d950","|static|_FUN_003217a0_0001d950",$d,00000000
"0001d964","|static|_FUN_003217d4_0001d964",$d,00000000
"0001d974","|static|_DAT_008cba60_0001d974",$d,00000000
"0001d980","|static|_FUN_002fc024_0001d980",$d,00000000
"0001d984","|static|_FUN_002fcb58_0001d984",$d,00000000
"0001d988","|static|_FUN_002fbe58_0001d988",$d,00000000
"0001d9c8","|static|_DAT_008cba60_0001d9c8",$d,00000000
"0001d9d4","|static|_FUN_002fc014_0001d9d4",$d,00000000
"0001d9d8","|static|_FUN_00778f8c_0001d9d8",$d,00000000
"0001d9dc","|static|_FUN_00779114_0001d9dc",$d,00000000
"0001d9e8","|static|_INVALID_|static|_TEXT:0001c117_0001d9e8",$d,00000000
"0001d9f0","|static|_FUN_002705fc_0001d9f0",$d,00000000
"0001d9f4","|static|_FUN_0027066c_0001d9f4",$d,00000000
"0001da24","|static|_DAT_008cbc04_0001da24",$d,00000000
"0001da30","|static|_FUN_002fc014_0001da30",$d,00000000
"0001da34","|static|_FUN_00779038_0001da34",$d,00000000
"0001da38","|static|_FUN_00779148_0001da38",$d,00000000
"0001da44","|static|_FUN_00779398_0001da44",$d,00000000
"0001da4c","|static|_FUN_002705fc_0001da4c",$d,00000000
"0001da50","|static|_FUN_0027066c_0001da50",$d,00000000
"0001da80","|static|_DAT_008cc070_0001da80",$d,00000000
"0001da8c","|static|_FUN_002fc014_0001da8c",$d,00000000
"0001da90","|static|_FUN_00779038_0001da90",$d,00000000
"0001da94","|static|_FUN_00779148_0001da94",$d,00000000
"0001daa0","|static|_FUN_0033f420_0001daa0",$d,00000000
"0001daa8","|static|_FUN_002705fc_0001daa8",$d,00000000
"0001daac","|static|_FUN_0027066c_0001daac",$d,00000000
"0001dab0","|static|_DAT_008f9a3c_0001dab0",$d,00000000
"0001daf8","|static|_DAT_008f9a3c_0001daf8",$d,00000000
"0001e800","|static|_DAT_008f9a4c_0001e800",$d,00000000
"0001e818","|static|_DAT_008cc070_0001e818",$d,00000000
"0001e828","|static|_DAT_008f9a4c_0001e828",$d,00000000
"0001e840","|static|_DAT_008cc070_0001e840",$d,00000000
"0001e850","|static|_DAT_008f9a4c_0001e850",$d,00000000
"0001e868","|static|_DAT_008cc070_0001e868",$d,00000000
"0001e878","|static|_DAT_008f9a4c_0001e878",$d,00000000
"0001e890","|static|_DAT_008cc070_0001e890",$d,00000000
"0001e8a0","|static|_DAT_008f9a2c_0001e8a0",$d,00000000
"0001e8a8","|static|_DAT_008f9a2c_0001e8a8",$d,00000000
"0001e8b0","|static|_DAT_008f9a2c_0001e8b0",$d,00000000
"0001e8b8","|static|_DAT_008f9a2c_0001e8b8",$d,00000000
"0001e8c0","|static|_DAT_008f9a2c_0001e8c0",$d,00000000
"0001e8c8","|static|_DAT_008f9a2c_0001e8c8",$d,00000000
"0001e8d0","|static|_DAT_008f9a2c_0001e8d0",$d,00000000
"0001e8d8","|static|_DAT_008f9a2c_0001e8d8",$d,00000000
"0001e8e0","|static|_DAT_008f9a2c_0001e8e0",$d,00000000
"0001e8e8","|static|_DAT_008f9a2c_0001e8e8",$d,00000000
"0001e8f0","|static|_DAT_008f9a2c_0001e8f0",$d,00000000
"0001e8f8","|static|_DAT_008f9a2c_0001e8f8",$d,00000000
"0001e900","|static|_DAT_008f9a2c_0001e900",$d,00000000
"0001e908","|static|_DAT_008f9a2c_0001e908",$d,00000000
"0001e910","|static|_DAT_008f9a2c_0001e910",$d,00000000
"0001e918","|static|_DAT_008f9a2c_0001e918",$d,00000000
"0001e920","|static|_DAT_008f9a2c_0001e920",$d,00000000
"0001e928","|static|_DAT_008f9a2c_0001e928",$d,00000000
"0001e930","|static|_DAT_008f9a2c_0001e930",$d,00000000
"0001e938","|static|_DAT_008f9a2c_0001e938",$d,00000000
"0001e940","|static|_DAT_008f9a2c_0001e940",$d,00000000
"0001e948","|static|_DAT_008f9a2c_0001e948",$d,00000000
"0001e950","|static|_DAT_008f9a2c_0001e950",$d,00000000
"0001e958","|static|_DAT_008f9a2c_0001e958",$d,00000000
"0001e960","|static|_DAT_008f9a2c_0001e960",$d,00000000
"0001e968","|static|_DAT_008f9a2c_0001e968",$d,00000000
"0001e970","|static|_DAT_008f9a2c_0001e970",$d,00000000
"0001e978","|static|_DAT_008f9a2c_0001e978",$d,00000000
"0001e980","|static|_DAT_008f9a2c_0001e980",$d,00000000
"0001e988","|static|_DAT_008f9a4c_0001e988",$d,00000000
"0001e9a0","|static|_DAT_008cc070_0001e9a0",$d,00000000
"0001e9b0","|static|_DAT_008f9a4c_0001e9b0",$d,00000000
"0001e9c8","|static|_DAT_008cc070_0001e9c8",$d,00000000
"0001e9d8","|static|_DAT_008f9a4c_0001e9d8",$d,00000000
"0001e9f0","|static|_DAT_008cc070_0001e9f0",$d,00000000
"0001ea00","|static|_DAT_008f9a4c_0001ea00",$d,00000000
"0001ea18","|static|_DAT_008cc070_0001ea18",$d,00000000
"0001ea28","|static|_DAT_008f9a4c_0001ea28",$d,00000000
"0001ea40","|static|_DAT_008cc070_0001ea40",$d,00000000
"0001ea50","|static|_DAT_008f9a4c_0001ea50",$d,00000000
"0001ea68","|static|_DAT_008cc070_0001ea68",$d,00000000
"0001ea78","|static|_DAT_008f9a4c_0001ea78",$d,00000000
"0001ea90","|static|_DAT_008cc070_0001ea90",$d,00000000
"0001eaa0","|static|_DAT_008f9a4c_0001eaa0",$d,00000000
"0001eab8","|static|_DAT_008cb6b0_0001eab8",$d,00000000
"0001eac8","|static|_DAT_008f9a4c_0001eac8",$d,00000000
"0001eae0","|static|_DAT_008cb6b0_0001eae0",$d,00000000
"0001eaf0","|static|_DAT_008f9a4c_0001eaf0",$d,00000000
"0001eb08","|static|_DAT_008cc070_0001eb08",$d,00000000
"0001eb18","|static|_DAT_008f9a4c_0001eb18",$d,00000000
"0001eb30","|static|_DAT_008cc070_0001eb30",$d,00000000
"0001eb40","|static|_DAT_008f9a4c_0001eb40",$d,00000000
"0001eb58","|static|_DAT_008cc070_0001eb58",$d,00000000
"0001eb68","|static|_DAT_008f9a4c_0001eb68",$d,00000000
"0001eb80","|static|_DAT_008cc070_0001eb80",$d,00000000
"0001eb90","|static|_DAT_008f9a4c_0001eb90",$d,00000000
"0001eba8","|static|_DAT_008cc070_0001eba8",$d,00000000
"0001ebb8","|static|_DAT_008f9a4c_0001ebb8",$d,00000000
"0001ebd0","|static|_DAT_008cc070_0001ebd0",$d,00000000
"0001ebe0","|static|_DAT_008f9a4c_0001ebe0",$d,00000000
"0001ebf8","|static|_DAT_008cc070_0001ebf8",$d,00000000
"0001ec08","|static|_DAT_008f9a4c_0001ec08",$d,00000000
"0001ec20","|static|_DAT_008cc070_0001ec20",$d,00000000
"0001ec30","|static|_DAT_008f9a4c_0001ec30",$d,00000000
"0001ec48","|static|_DAT_008cc070_0001ec48",$d,00000000
"0001ec58","|static|_DAT_008f9a4c_0001ec58",$d,00000000
"0001ec70","|static|_DAT_008cc070_0001ec70",$d,00000000
"0001ec80","|static|_DAT_008f9a4c_0001ec80",$d,00000000
"0001ec98","|static|_DAT_008cc070_0001ec98",$d,00000000
"0001eca8","|static|_DAT_008f9a4c_0001eca8",$d,00000000
"0001ecc0","|static|_DAT_008cc070_0001ecc0",$d,00000000
"0001ecd0","|static|_DAT_008f9a4c_0001ecd0",$d,00000000
"0001ece8","|static|_DAT_008cc070_0001ece8",$d,00000000
"0001ecf8","|static|_DAT_008f9a3c_0001ecf8",$d,00000000
"0001ed00","|static|_DAT_008cc244_0001ed00",$d,00000000
"0001ed04","|static|_DAT_008f9a3c_0001ed04",$d,00000000
"0001ed0c","|static|_DAT_008cab38_0001ed0c",$d,00000000
"0001ed10","|static|_DAT_008f9a4c_0001ed10",$d,00000000
"0001ed28","|static|_DAT_008cc070_0001ed28",$d,00000000
"0001ed38","|static|_DAT_008f9a2c_0001ed38",$d,00000000
"0001ed40","|static|_DAT_008f9a4c_0001ed40",$d,00000000
"0001ed58","|static|_DAT_008cba48_0001ed58",$d,00000000
"0001ed68","|static|_DAT_008f9a4c_0001ed68",$d,00000000
"0001ed80","|static|_DAT_008cc070_0001ed80",$d,00000000
"0001ed90","|static|_DAT_008f9a2c_0001ed90",$d,00000000
"0001ed98","|static|_DAT_008f9a3c_0001ed98",$d,00000000
"0001eda4","|static|_DAT_008f9a2c_0001eda4",$d,00000000
"0001edac","|static|_DAT_008f9a3c_0001edac",$d,00000000
"0001edb8","|static|_DAT_008f9a3c_0001edb8",$d,00000000
"0001edc4","|static|_DAT_008f9a3c_0001edc4",$d,00000000
"0001f468","|static|_FUN_0057ba40_0001f468",$d,00000000
"0001f46c","|static|_FUN_001f4c9c_0001f46c",$d,00000000
"0001f470","|static|_LAB_0057b988_0001f470",$d,00000000
"0001f474","|static|_FUN_0057ba54_0001f474",$d,00000000
"0001f478","|static|_FUN_001f4e44_0001f478",$d,00000000
"0001f47c","|static|_FUN_0057b98c_0001f47c",$d,00000000
"0001f480","|static|_FUN_0024f238_0001f480",$d,00000000
"0001f484","|static|_FUN_001f4dc0_0001f484",$d,00000000
"0001f488","|static|_LAB_0057ba24_0001f488",$d,00000000
"0001f48c","|static|_FUN_001f4e30_0001f48c",$d,00000000
"0001f490","|static|_FUN_001f4ae4_0001f490",$d,00000000
"0001f494","|static|_FUN_00521a38_0001f494",$d,00000000
"0001f498","|static|_FUN_00521064_0001f498",$d,00000000
"0001f4a4","|static|_FUN_0071866c_0001f4a4",$d,00000000
"0001f4b4","|static|_FUN_001f3ce0_0001f4b4",$d,00000000
"0001f4b8","|static|_FUN_0024f310_0001f4b8",$d,00000000
"0001f4bc","|static|_FUN_0024f3a0_0001f4bc",$d,00000000
"0001f4d4","|static|_FUN_001f4e94_0001f4d4",$d,00000000
"0001f4d8","|static|_FUN_001f4fc8_0001f4d8",$d,00000000
"0001f4e0","|static|_FUN_001f4a68_0001f4e0",$d,00000000
"0001f52c","|static|_FUN_002fc024_0001f52c",$d,00000000
"0001f530","|static|_FUN_00321840_0001f530",$d,00000000
"0001f534","|static|_FUN_003217a0_0001f534",$d,00000000
"0001f548","|static|_FUN_0033f430_0001f548",$d,00000000
"0001f598","|static|_FUN_002fc014_0001f598",$d,00000000
"0001f59c","|static|_FUN_00779038_0001f59c",$d,00000000
"0001f5a0","|static|_FUN_00779148_0001f5a0",$d,00000000
"0001f5ac","|static|_FUN_0033f420_0001f5ac",$d,00000000
"0001f60c","|static|_FUN_0057ba40_0001f60c",$d,00000000
"0001f610","|static|_FUN_001f4c9c_0001f610",$d,00000000
"0001f614","|static|_LAB_0057b988_0001f614",$d,00000000
"0001f618","|static|_FUN_0057ba54_0001f618",$d,00000000
"0001f61c","|static|_FUN_001f4e44_0001f61c",$d,00000000
"0001f620","|static|_FUN_0057b98c_0001f620",$d,00000000
"0001f624","|static|_FUN_0024f238_0001f624",$d,00000000
"0001f628","|static|_FUN_001f4dc0_0001f628",$d,00000000
"0001f62c","|static|_LAB_0057ba24_0001f62c",$d,00000000
"0001f630","|static|_FUN_001f4e30_0001f630",$d,00000000
"0001f634","|static|_FUN_001f4ae4_0001f634",$d,00000000
"0001f638","|static|_FUN_00521a38_0001f638",$d,00000000
"0001f63c","|static|_FUN_00521064_0001f63c",$d,00000000
"0001f648","|static|_FUN_0071866c_0001f648",$d,00000000
"0001f658","|static|_FUN_001f3ce0_0001f658",$d,00000000
"0001f65c","|static|_FUN_0024f310_0001f65c",$d,00000000
"0001f660","|static|_FUN_0024f3a0_0001f660",$d,00000000
"0001f678","|static|_FUN_001f4e94_0001f678",$d,00000000
"0001f67c","|static|_FUN_001f4fc8_0001f67c",$d,00000000
"0001f684","|static|_FUN_001f4a68_0001f684",$d,00000000
"0001f6cc","|static|_FUN_002fc024_0001f6cc",$d,00000000
"0001f6d0","|static|_FUN_00321840_0001f6d0",$d,00000000
"0001f6d4","|static|_FUN_003217a0_0001f6d4",$d,00000000
"0001f6e8","|static|_FUN_0033f430_0001f6e8",$d,00000000
"0001f738","|static|_FUN_002fc014_0001f738",$d,00000000
"0001f73c","|static|_FUN_00779038_0001f73c",$d,00000000
"0001f740","|static|_FUN_00779148_0001f740",$d,00000000
"0001f74c","|static|_FUN_0033f420_0001f74c",$d,00000000
"0001f7ac","|static|_FUN_0057ba40_0001f7ac",$d,00000000
"0001f7b0","|static|_FUN_001f4c9c_0001f7b0",$d,00000000
"0001f7b4","|static|_LAB_0057b988_0001f7b4",$d,00000000
"0001f7b8","|static|_FUN_0057ba54_0001f7b8",$d,00000000
"0001f7bc","|static|_FUN_001f4e44_0001f7bc",$d,00000000
"0001f7c0","|static|_FUN_0057b98c_0001f7c0",$d,00000000
"0001f7c4","|static|_FUN_0024f238_0001f7c4",$d,00000000
"0001f7c8","|static|_FUN_001f4dc0_0001f7c8",$d,00000000
"0001f7cc","|static|_LAB_0057ba24_0001f7cc",$d,00000000
"0001f7d0","|static|_FUN_001f4e30_0001f7d0",$d,00000000
"0001f7d4","|static|_FUN_001f4ae4_0001f7d4",$d,00000000
"0001f7d8","|static|_FUN_00521a38_0001f7d8",$d,00000000
"0001f7dc","|static|_FUN_00521064_0001f7dc",$d,00000000
"0001f7e8","|static|_FUN_0071866c_0001f7e8",$d,00000000
"0001f7f8","|static|_FUN_001f3ce0_0001f7f8",$d,00000000
"0001f7fc","|static|_FUN_0024f310_0001f7fc",$d,00000000
"0001f800","|static|_FUN_0024f3a0_0001f800",$d,00000000
"0001f818","|static|_FUN_001f4e94_0001f818",$d,00000000
"0001f81c","|static|_FUN_001f4fc8_0001f81c",$d,00000000
"0001f86c","|static|_FUN_002fc024_0001f86c",$d,00000000
"0001f870","|static|_FUN_00321840_0001f870",$d,00000000
"0001f874","|static|_FUN_003217a0_0001f874",$d,00000000
"0001f888","|static|_FUN_0033f430_0001f888",$d,00000000
"0001f8d8","|static|_FUN_002fc014_0001f8d8",$d,00000000
"0001f8dc","|static|_FUN_00779038_0001f8dc",$d,00000000
"0001f8e0","|static|_FUN_00779148_0001f8e0",$d,00000000
"0001f8ec","|static|_FUN_0033f420_0001f8ec",$d,00000000
"0001f94c","|static|_FUN_0057ba40_0001f94c",$d,00000000
"0001f950","|static|_FUN_001f4c9c_0001f950",$d,00000000
"0001f954","|static|_LAB_0057b988_0001f954",$d,00000000
"0001f958","|static|_FUN_0057ba54_0001f958",$d,00000000
"0001f95c","|static|_FUN_001f4e44_0001f95c",$d,00000000
"0001f960","|static|_FUN_0057b98c_0001f960",$d,00000000
"0001f964","|static|_FUN_0024f238_0001f964",$d,00000000
"0001f968","|static|_FUN_001f4dc0_0001f968",$d,00000000
"0001f96c","|static|_LAB_0057ba24_0001f96c",$d,00000000
"0001f970","|static|_FUN_001f4e30_0001f970",$d,00000000
"0001f974","|static|_FUN_001f4ae4_0001f974",$d,00000000
"0001f978","|static|_FUN_00521a38_0001f978",$d,00000000
"0001f97c","|static|_FUN_00521064_0001f97c",$d,00000000
"0001f988","|static|_FUN_0071866c_0001f988",$d,00000000
"0001f998","|static|_FUN_001f3ce0_0001f998",$d,00000000
"0001f99c","|static|_FUN_0024f310_0001f99c",$d,00000000
"0001f9a0","|static|_FUN_0024f3a0_0001f9a0",$d,00000000
"0001f9b8","|static|_FUN_001f4e94_0001f9b8",$d,00000000
"0001f9bc","|static|_FUN_001f4fc8_0001f9bc",$d,00000000
"0001f9c4","|static|_FUN_001f4a68_0001f9c4",$d,00000000
"0001fa0c","|static|_FUN_002fc024_0001fa0c",$d,00000000
"0001fa10","|static|_FUN_00321840_0001fa10",$d,00000000
"0001fa14","|static|_FUN_003217a0_0001fa14",$d,00000000
"0001fa28","|static|_FUN_0033f430_0001fa28",$d,00000000
"0001fa78","|static|_FUN_002fc014_0001fa78",$d,00000000
"0001fa7c","|static|_FUN_00779038_0001fa7c",$d,00000000
"0001fa80","|static|_FUN_00779148_0001fa80",$d,00000000
"0001fa8c","|static|_FUN_0033f420_0001fa8c",$d,00000000
"0001fae0","|static|_INVALID_|static|_TEXT:0001c117_0001fae0",$d,00000000
"0001fae4","|static|_INVALID_|static|_TEXT:0001c117_0001fae4",$d,00000000
"0001faf0","|static|_INVALID_|static|_TEXT:0001c117_0001faf0",$d,00000000
"0001faf4","|static|_INVALID_|static|_TEXT:0001c117_0001faf4",$d,00000000
"0001fb00","|static|_INVALID_|static|_TEXT:0001c117_0001fb00",$d,00000000
"0001fb04","|static|_INVALID_|static|_TEXT:0001c117_0001fb04",$d,00000000
"0001fb10","|static|_INVALID_|static|_TEXT:0001c117_0001fb10",$d,00000000
"0001fb14","|static|_INVALID_|static|_TEXT:0001c117_0001fb14",$d,00000000
"0001fb20","|static|_INVALID_|static|_TEXT:0001c117_0001fb20",$d,00000000
"0001fb24","|static|_INVALID_|static|_TEXT:0001c117_0001fb24",$d,00000000
"0001fb30","|static|_INVALID_|static|_TEXT:0001c117_0001fb30",$d,00000000
"0001fb34","|static|_INVALID_|static|_TEXT:0001c117_0001fb34",$d,00000000
"0001fb40","|static|_INVALID_|static|_TEXT:0001c117_0001fb40",$d,00000000
"0001fb44","|static|_INVALID_|static|_TEXT:0001c117_0001fb44",$d,00000000
"0001fb50","|static|_INVALID_|static|_TEXT:0001c117_0001fb50",$d,00000000
"0001fb54","|static|_INVALID_|static|_TEXT:0001c117_0001fb54",$d,00000000
"0001fb60","|static|_INVALID_|static|_TEXT:0001c117_0001fb60",$d,00000000
"0001fb64","|static|_INVALID_|static|_TEXT:0001c117_0001fb64",$d,00000000
"0001fb70","|static|_INVALID_|static|_TEXT:0001c117_0001fb70",$d,00000000
"0001fb74","|static|_INVALID_|static|_TEXT:0001c117_0001fb74",$d,00000000
"0001fb80","|static|_INVALID_|static|_TEXT:0001c117_0001fb80",$d,00000000
"0001fb84","|static|_INVALID_|static|_TEXT:0001c117_0001fb84",$d,00000000
"0001fb90","|static|_INVALID_|static|_TEXT:0001c117_0001fb90",$d,00000000
"0001fb94","|static|_INVALID_|static|_TEXT:0001c117_0001fb94",$d,00000000
"0001fba0","|static|_INVALID_|static|_TEXT:0001c117_0001fba0",$d,00000000
"0001fba4","|static|_INVALID_|static|_TEXT:0001c117_0001fba4",$d,00000000
"0001fbb0","|static|_INVALID_|static|_TEXT:0001c117_0001fbb0",$d,00000000
"0001fbb4","|static|_INVALID_|static|_TEXT:0001c117_0001fbb4",$d,00000000
"0001fbc0","|static|_INVALID_|static|_TEXT:0001c117_0001fbc0",$d,00000000
"0001fbc4","|static|_INVALID_|static|_TEXT:0001c117_0001fbc4",$d,00000000
"0001fbd0","|static|_INVALID_|static|_TEXT:0001c117_0001fbd0",$d,00000000
"0001fbd4","|static|_INVALID_|static|_TEXT:0001c117_0001fbd4",$d,00000000
"0001fbe0","|static|_INVALID_|static|_TEXT:0001c117_0001fbe0",$d,00000000
"0001fbe4","|static|_INVALID_|static|_TEXT:0001c117_0001fbe4",$d,00000000
"0001fbf0","|static|_INVALID_|static|_TEXT:0001c117_0001fbf0",$d,00000000
"0001fbf4","|static|_INVALID_|static|_TEXT:0001c117_0001fbf4",$d,00000000
"0001fc00","|static|_INVALID_|static|_TEXT:0001c117_0001fc00",$d,00000000
"0001fc04","|static|_INVALID_|static|_TEXT:0001c117_0001fc04",$d,00000000
"0001fc10","|static|_INVALID_|static|_TEXT:0001c117_0001fc10",$d,00000000
"0001fc14","|static|_INVALID_|static|_TEXT:0001c117_0001fc14",$d,00000000
"0001fc20","|static|_INVALID_|static|_TEXT:0001c117_0001fc20",$d,00000000
"0001fc24","|static|_INVALID_|static|_TEXT:0001c117_0001fc24",$d,00000000
"0001fc30","|static|_INVALID_|static|_TEXT:0001c117_0001fc30",$d,00000000
"0001fc34","|static|_INVALID_|static|_TEXT:0001c117_0001fc34",$d,00000000
"0001fc40","|static|_INVALID_|static|_TEXT:0001c117_0001fc40",$d,00000000
"0001fc44","|static|_INVALID_|static|_TEXT:0001c117_0001fc44",$d,00000000
"0001fc50","|static|_INVALID_|static|_TEXT:0001c117_0001fc50",$d,00000000
"0001fc54","|static|_INVALID_|static|_TEXT:0001c117_0001fc54",$d,00000000
"0001fc60","|static|_INVALID_|static|_TEXT:0001c117_0001fc60",$d,00000000
"0001fc64","|static|_INVALID_|static|_TEXT:0001c117_0001fc64",$d,00000000
"0001fc70","|static|_INVALID_|static|_TEXT:0001c117_0001fc70",$d,00000000
"0001fc74","|static|_INVALID_|static|_TEXT:0001c117_0001fc74",$d,00000000
"0001fc80","|static|_INVALID_|static|_TEXT:0001c117_0001fc80",$d,00000000
"0001fc84","|static|_INVALID_|static|_TEXT:0001c117_0001fc84",$d,00000000
"0001fc90","|static|_INVALID_|static|_TEXT:0001c117_0001fc90",$d,00000000
"0001fc94","|static|_INVALID_|static|_TEXT:0001c117_0001fc94",$d,00000000
"0001fca0","|static|_INVALID_|static|_TEXT:0001c117_0001fca0",$d,00000000
"0001fca4","|static|_INVALID_|static|_TEXT:0001c117_0001fca4",$d,00000000
"0001fcbc","|static|_FUN_0057ba40_0001fcbc",$d,00000000
"0001fcc0","|static|_FUN_001f4c9c_0001fcc0",$d,00000000
"0001fcc4","|static|_LAB_0057b988_0001fcc4",$d,00000000
"0001fcc8","|static|_FUN_0057ba54_0001fcc8",$d,00000000
"0001fccc","|static|_FUN_001f4e44_0001fccc",$d,00000000
"0001fcd0","|static|_FUN_0057b98c_0001fcd0",$d,00000000
"0001fcd4","|static|_FUN_0024f238_0001fcd4",$d,00000000
"0001fcd8","|static|_FUN_001f4dc0_0001fcd8",$d,00000000
"0001fcdc","|static|_LAB_0057ba24_0001fcdc",$d,00000000
"0001fce0","|static|_FUN_001f4e30_0001fce0",$d,00000000
"0001fce4","|static|_FUN_001f4ae4_0001fce4",$d,00000000
"0001fce8","|static|_FUN_00521a38_0001fce8",$d,00000000
"0001fcec","|static|_FUN_00521064_0001fcec",$d,00000000
"0001fcf8","|static|_FUN_0071866c_0001fcf8",$d,00000000
"0001fd08","|static|_FUN_001f3ce0_0001fd08",$d,00000000
"0001fd0c","|static|_FUN_0024f310_0001fd0c",$d,00000000
"0001fd10","|static|_FUN_0024f3a0_0001fd10",$d,00000000
"0001fd2c","|static|_FUN_001f4fc8_0001fd2c",$d,00000000
"0001fd7c","|static|_FUN_002fc024_0001fd7c",$d,00000000
"0001fd80","|static|_FUN_00321840_0001fd80",$d,00000000
"0001fd84","|static|_FUN_003217a0_0001fd84",$d,00000000
"0001fd98","|static|_FUN_0033f430_0001fd98",$d,00000000
"0001fde8","|static|_FUN_002fc014_0001fde8",$d,00000000
"0001fdec","|static|_FUN_00779038_0001fdec",$d,00000000
"0001fdf0","|static|_FUN_00779148_0001fdf0",$d,00000000
"0001fdfc","|static|_FUN_0033f420_0001fdfc",$d,00000000
"0001fe5c","|static|_FUN_0057ba40_0001fe5c",$d,00000000
"0001fe60","|static|_FUN_001f4c9c_0001fe60",$d,00000000
"0001fe64","|static|_LAB_0057b988_0001fe64",$d,00000000
"0001fe68","|static|_FUN_0057ba54_0001fe68",$d,00000000
"0001fe6c","|static|_FUN_001f4e44_0001fe6c",$d,00000000
"0001fe70","|static|_FUN_0057b98c_0001fe70",$d,00000000
"0001fe74","|static|_FUN_0024f238_0001fe74",$d,00000000
"0001fe78","|static|_FUN_001f4dc0_0001fe78",$d,00000000
"0001fe7c","|static|_LAB_0057ba24_0001fe7c",$d,00000000
"0001fe80","|static|_FUN_001f4e30_0001fe80",$d,00000000
"0001fe84","|static|_FUN_001f4ae4_0001fe84",$d,00000000
"0001fe88","|static|_FUN_00521a38_0001fe88",$d,00000000
"0001fe8c","|static|_FUN_00521064_0001fe8c",$d,00000000
"0001fe98","|static|_FUN_0071866c_0001fe98",$d,00000000
"0001fea8","|static|_FUN_001f3ce0_0001fea8",$d,00000000
"0001feac","|static|_FUN_0024f310_0001feac",$d,00000000
"0001feb0","|static|_FUN_0024f3a0_0001feb0",$d,00000000
"0001fecc","|static|_FUN_001f4fc8_0001fecc",$d,00000000
"0001ff1c","|static|_FUN_002fc024_0001ff1c",$d,00000000
"0001ff20","|static|_FUN_00321840_0001ff20",$d,00000000
"0001ff24","|static|_FUN_003217a0_0001ff24",$d,00000000
"0001ff38","|static|_FUN_0033f430_0001ff38",$d,00000000
"0001ff88","|static|_FUN_002fc014_0001ff88",$d,00000000
"0001ff8c","|static|_FUN_00779038_0001ff8c",$d,00000000
"0001ff90","|static|_FUN_00779148_0001ff90",$d,00000000
"0001ff9c","|static|_FUN_0033f420_0001ff9c",$d,00000000
"0001fffc","|static|_FUN_0057ba40_0001fffc",$d,00000000
"00020000","|static|_FUN_001f4c9c_00020000",$d,00000000
"00020004","|static|_LAB_0057b988_00020004",$d,00000000
"00020008","|static|_FUN_0057ba54_00020008",$d,00000000
"0002000c","|static|_FUN_001f4e44_0002000c",$d,00000000
"00020010","|static|_FUN_0057b98c_00020010",$d,00000000
"00020014","|static|_FUN_0024f238_00020014",$d,00000000
"00020018","|static|_FUN_001f4dc0_00020018",$d,00000000
"0002001c","|static|_LAB_0057ba24_0002001c",$d,00000000
"00020020","|static|_FUN_001f4e30_00020020",$d,00000000
"00020024","|static|_FUN_001f4ae4_00020024",$d,00000000
"00020028","|static|_FUN_00521a38_00020028",$d,00000000
"0002002c","|static|_FUN_00521064_0002002c",$d,00000000
"00020038","|static|_FUN_0071866c_00020038",$d,00000000
"00020048","|static|_FUN_001f3ce0_00020048",$d,00000000
"0002004c","|static|_FUN_0024f310_0002004c",$d,00000000
"00020050","|static|_FUN_0024f3a0_00020050",$d,00000000
"00020068","|static|_FUN_001f4e94_00020068",$d,00000000
"0002006c","|static|_FUN_001f4fc8_0002006c",$d,00000000
"00020074","|static|_FUN_001f4a68_00020074",$d,00000000
"000200bc","|static|_FUN_002fc024_000200bc",$d,00000000
"000200c0","|static|_FUN_00321840_000200c0",$d,00000000
"000200c4","|static|_FUN_003217a0_000200c4",$d,00000000
"000200d8","|static|_FUN_0033f430_000200d8",$d,00000000
"00020128","|static|_FUN_002fc014_00020128",$d,00000000
"0002012c","|static|_FUN_00779038_0002012c",$d,00000000
"00020130","|static|_FUN_00779148_00020130",$d,00000000
"0002013c","|static|_FUN_0033f420_0002013c",$d,00000000
"0002019c","|static|_FUN_0057ba40_0002019c",$d,00000000
"000201a0","|static|_FUN_001f4c9c_000201a0",$d,00000000
"000201a4","|static|_LAB_0057b988_000201a4",$d,00000000
"000201a8","|static|_FUN_0057ba54_000201a8",$d,00000000
"000201ac","|static|_FUN_001f4e44_000201ac",$d,00000000
"000201b0","|static|_FUN_0057b98c_000201b0",$d,00000000
"000201b4","|static|_FUN_0024f238_000201b4",$d,00000000
"000201b8","|static|_FUN_001f4dc0_000201b8",$d,00000000
"000201bc","|static|_LAB_0057ba24_000201bc",$d,00000000
"000201c0","|static|_FUN_001f4e30_000201c0",$d,00000000
"000201c4","|static|_FUN_001f4ae4_000201c4",$d,00000000
"000201c8","|static|_FUN_00521a38_000201c8",$d,00000000
"000201cc","|static|_FUN_00521064_000201cc",$d,00000000
"000201d8","|static|_FUN_0071866c_000201d8",$d,00000000
"000201e8","|static|_FUN_001f3ce0_000201e8",$d,00000000
"000201ec","|static|_FUN_0024f310_000201ec",$d,00000000
"000201f0","|static|_FUN_0024f3a0_000201f0",$d,00000000
"00020208","|static|_FUN_001f4e94_00020208",$d,00000000
"0002020c","|static|_FUN_001f4fc8_0002020c",$d,00000000
"00020214","|static|_FUN_001f4a68_00020214",$d,00000000
"0002025c","|static|_FUN_002fc024_0002025c",$d,00000000
"00020260","|static|_FUN_00321840_00020260",$d,00000000
"00020264","|static|_FUN_003217a0_00020264",$d,00000000
"00020278","|static|_FUN_0033f430_00020278",$d,00000000
"000202c8","|static|_FUN_002fc014_000202c8",$d,00000000
"000202cc","|static|_FUN_00779038_000202cc",$d,00000000
"000202d0","|static|_FUN_00779148_000202d0",$d,00000000
"000202dc","|static|_FUN_0033f420_000202dc",$d,00000000
"0002033c","|static|_FUN_0057ba40_0002033c",$d,00000000
"00020340","|static|_FUN_001f4c9c_00020340",$d,00000000
"00020344","|static|_LAB_0057b988_00020344",$d,00000000
"00020348","|static|_FUN_0057ba54_00020348",$d,00000000
"0002034c","|static|_FUN_001f4e44_0002034c",$d,00000000
"00020350","|static|_FUN_0057b98c_00020350",$d,00000000
"00020354","|static|_FUN_0024f238_00020354",$d,00000000
"00020358","|static|_FUN_001f4dc0_00020358",$d,00000000
"0002035c","|static|_LAB_0057ba24_0002035c",$d,00000000
"00020360","|static|_FUN_001f4e30_00020360",$d,00000000
"00020364","|static|_FUN_001f4ae4_00020364",$d,00000000
"00020368","|static|_FUN_00521a38_00020368",$d,00000000
"0002036c","|static|_FUN_00521064_0002036c",$d,00000000
"00020378","|static|_FUN_0071866c_00020378",$d,00000000
"00020388","|static|_FUN_001f3ce0_00020388",$d,00000000
"0002038c","|static|_FUN_0024f310_0002038c",$d,00000000
"00020390","|static|_FUN_0024f3a0_00020390",$d,00000000
"000203a8","|static|_FUN_001f4e94_000203a8",$d,00000000
"000203ac","|static|_FUN_001f4fc8_000203ac",$d,00000000
"000203b4","|static|_FUN_001f4a68_000203b4",$d,00000000
"00020400","|static|_FUN_002fc024_00020400",$d,00000000
"00020404","|static|_FUN_00321840_00020404",$d,00000000
"00020408","|static|_FUN_003217a0_00020408",$d,00000000
"0002041c","|static|_FUN_0033f430_0002041c",$d,00000000
"0002046c","|static|_FUN_002fc014_0002046c",$d,00000000
"00020470","|static|_FUN_00779038_00020470",$d,00000000
"00020474","|static|_FUN_00779148_00020474",$d,00000000
"00020480","|static|_FUN_0033f420_00020480",$d,00000000
"000204e0","|static|_FUN_0057ba40_000204e0",$d,00000000
"000204e4","|static|_FUN_001f4c9c_000204e4",$d,00000000
"000204e8","|static|_LAB_0057b988_000204e8",$d,00000000
"000204ec","|static|_FUN_0057ba54_000204ec",$d,00000000
"000204f0","|static|_FUN_001f4e44_000204f0",$d,00000000
"000204f4","|static|_FUN_0057b98c_000204f4",$d,00000000
"000204f8","|static|_FUN_0024f238_000204f8",$d,00000000
"000204fc","|static|_FUN_001f4dc0_000204fc",$d,00000000
"00020500","|static|_LAB_0057ba24_00020500",$d,00000000
"00020504","|static|_FUN_001f4e30_00020504",$d,00000000
"00020508","|static|_FUN_001f4ae4_00020508",$d,00000000
"0002050c","|static|_FUN_00521a38_0002050c",$d,00000000
"00020510","|static|_FUN_00521064_00020510",$d,00000000
"0002051c","|static|_FUN_0071866c_0002051c",$d,00000000
"00020530","|static|_FUN_0024f310_00020530",$d,00000000
"00020534","|static|_FUN_0024f3a0_00020534",$d,00000000
"0002054c","|static|_FUN_001f4e94_0002054c",$d,00000000
"00020550","|static|_FUN_001f4fc8_00020550",$d,00000000
"00020558","|static|_FUN_001f4a68_00020558",$d,00000000
"000205a0","|static|_FUN_002fc024_000205a0",$d,00000000
"000205a4","|static|_FUN_00321840_000205a4",$d,00000000
"000205a8","|static|_FUN_003217a0_000205a8",$d,00000000
"000205bc","|static|_FUN_0033f430_000205bc",$d,00000000
"0002060c","|static|_FUN_002fc014_0002060c",$d,00000000
"00020610","|static|_FUN_00779038_00020610",$d,00000000
"00020614","|static|_FUN_00779148_00020614",$d,00000000
"00020620","|static|_FUN_0033f420_00020620",$d,00000000
"00020680","|static|_FUN_0057ba40_00020680",$d,00000000
"00020684","|static|_FUN_001f4c9c_00020684",$d,00000000
"00020688","|static|_LAB_0057b988_00020688",$d,00000000
"0002068c","|static|_FUN_0057ba54_0002068c",$d,00000000
"00020690","|static|_FUN_001f4e44_00020690",$d,00000000
"00020694","|static|_FUN_0057b98c_00020694",$d,00000000
"00020698","|static|_FUN_0024f238_00020698",$d,00000000
"0002069c","|static|_FUN_001f4dc0_0002069c",$d,00000000
"000206a0","|static|_LAB_0057ba24_000206a0",$d,00000000
"000206a4","|static|_FUN_001f4e30_000206a4",$d,00000000
"000206a8","|static|_FUN_001f4ae4_000206a8",$d,00000000
"000206ac","|static|_FUN_00521a38_000206ac",$d,00000000
"000206b0","|static|_FUN_00521064_000206b0",$d,00000000
"000206bc","|static|_FUN_0071866c_000206bc",$d,00000000
"000206cc","|static|_FUN_001f3ce0_000206cc",$d,00000000
"000206d0","|static|_FUN_0024f310_000206d0",$d,00000000
"000206d4","|static|_FUN_0024f3a0_000206d4",$d,00000000
"000206ec","|static|_FUN_001f4e94_000206ec",$d,00000000
"000206f0","|static|_FUN_001f4fc8_000206f0",$d,00000000
"000206f8","|static|_FUN_001f4a68_000206f8",$d,00000000
"00020740","|static|_FUN_002fc024_00020740",$d,00000000
"00020744","|static|_FUN_00321840_00020744",$d,00000000
"00020748","|static|_FUN_003217a0_00020748",$d,00000000
"0002075c","|static|_FUN_0033f430_0002075c",$d,00000000
"000207ac","|static|_FUN_002fc014_000207ac",$d,00000000
"000207b0","|static|_FUN_00779038_000207b0",$d,00000000
"000207b4","|static|_FUN_00779148_000207b4",$d,00000000
"000207c0","|static|_FUN_0033f420_000207c0",$d,00000000
"00020820","|static|_FUN_0057ba40_00020820",$d,00000000
"00020824","|static|_FUN_001f4c9c_00020824",$d,00000000
"00020828","|static|_LAB_0057b988_00020828",$d,00000000
"0002082c","|static|_FUN_0057ba54_0002082c",$d,00000000
"00020830","|static|_FUN_001f4e44_00020830",$d,00000000
"00020834","|static|_FUN_0057b98c_00020834",$d,00000000
"00020838","|static|_FUN_0024f238_00020838",$d,00000000
"0002083c","|static|_FUN_001f4dc0_0002083c",$d,00000000
"00020840","|static|_LAB_0057ba24_00020840",$d,00000000
"00020844","|static|_FUN_001f4e30_00020844",$d,00000000
"00020848","|static|_FUN_001f4ae4_00020848",$d,00000000
"0002084c","|static|_FUN_00521a38_0002084c",$d,00000000
"00020850","|static|_FUN_00521064_00020850",$d,00000000
"0002085c","|static|_FUN_0071866c_0002085c",$d,00000000
"0002086c","|static|_FUN_001f3ce0_0002086c",$d,00000000
"00020870","|static|_FUN_0024f310_00020870",$d,00000000
"00020874","|static|_FUN_0024f3a0_00020874",$d,00000000
"0002088c","|static|_FUN_001f4e94_0002088c",$d,00000000
"00020890","|static|_FUN_001f4fc8_00020890",$d,00000000
"00020898","|static|_FUN_001f4a68_00020898",$d,00000000
"000208e8","|static|_FUN_002d09c4_000208e8",$d,00000000
"000208f0","|static|_FUN_002fbe58_000208f0",$d,00000000
"0002094c","|static|_FUN_002d09b4_0002094c",$d,00000000
"00020954","|static|_FUN_00779114_00020954",$d,00000000
"000209b8","|static|_FUN_0057ba40_000209b8",$d,00000000
"000209bc","|static|_FUN_001f4c9c_000209bc",$d,00000000
"000209c0","|static|_LAB_0057b988_000209c0",$d,00000000
"000209c4","|static|_FUN_0057ba54_000209c4",$d,00000000
"000209c8","|static|_FUN_001f4e44_000209c8",$d,00000000
"000209cc","|static|_FUN_0057b98c_000209cc",$d,00000000
"000209d0","|static|_FUN_0024f238_000209d0",$d,00000000
"000209d4","|static|_FUN_001f4dc0_000209d4",$d,00000000
"000209d8","|static|_LAB_0057ba24_000209d8",$d,00000000
"000209dc","|static|_FUN_001f4e30_000209dc",$d,00000000
"000209e0","|static|_FUN_001f4ae4_000209e0",$d,00000000
"000209e4","|static|_FUN_00521a38_000209e4",$d,00000000
"000209e8","|static|_FUN_00521064_000209e8",$d,00000000
"000209f4","|static|_FUN_0071866c_000209f4",$d,00000000
"00020a04","|static|_FUN_001f3ce0_00020a04",$d,00000000
"00020a08","|static|_FUN_0024f310_00020a08",$d,00000000
"00020a0c","|static|_FUN_0024f3a0_00020a0c",$d,00000000
"00020a24","|static|_FUN_001f4e94_00020a24",$d,00000000
"00020a28","|static|_FUN_001f4fc8_00020a28",$d,00000000
"00020a30","|static|_FUN_001f4a68_00020a30",$d,00000000
"00020a84","|static|_FUN_002d09c4_00020a84",$d,00000000
"00020a8c","|static|_FUN_002fbe58_00020a8c",$d,00000000
"00020ae8","|static|_FUN_002d09b4_00020ae8",$d,00000000
"00020af0","|static|_FUN_00779114_00020af0",$d,00000000
"00020b54","|static|_FUN_0057ba40_00020b54",$d,00000000
"00020b58","|static|_FUN_001f4c9c_00020b58",$d,00000000
"00020b5c","|static|_LAB_0057b988_00020b5c",$d,00000000
"00020b60","|static|_FUN_0057ba54_00020b60",$d,00000000
"00020b64","|static|_FUN_001f4e44_00020b64",$d,00000000
"00020b68","|static|_FUN_0057b98c_00020b68",$d,00000000
"00020b6c","|static|_FUN_0024f238_00020b6c",$d,00000000
"00020b70","|static|_FUN_001f4dc0_00020b70",$d,00000000
"00020b74","|static|_LAB_0057ba24_00020b74",$d,00000000
"00020b78","|static|_FUN_001f4e30_00020b78",$d,00000000
"00020b7c","|static|_FUN_001f4ae4_00020b7c",$d,00000000
"00020b80","|static|_FUN_00521a38_00020b80",$d,00000000
"00020b84","|static|_FUN_00521064_00020b84",$d,00000000
"00020b90","|static|_FUN_0071866c_00020b90",$d,00000000
"00020ba0","|static|_FUN_001f3ce0_00020ba0",$d,00000000
"00020ba4","|static|_FUN_0024f310_00020ba4",$d,00000000
"00020ba8","|static|_FUN_0024f3a0_00020ba8",$d,00000000
"00020bc0","|static|_FUN_001f4e94_00020bc0",$d,00000000
"00020bc4","|static|_FUN_001f4fc8_00020bc4",$d,00000000
"00020bcc","|static|_FUN_001f4a68_00020bcc",$d,00000000
"00020c14","|static|_FUN_002fc024_00020c14",$d,00000000
"00020c18","|static|_FUN_00321840_00020c18",$d,00000000
"00020c1c","|static|_FUN_003217a0_00020c1c",$d,00000000
"00020c30","|static|_FUN_0033f430_00020c30",$d,00000000
"00020c80","|static|_FUN_002fc014_00020c80",$d,00000000
"00020c84","|static|_FUN_00779038_00020c84",$d,00000000
"00020c88","|static|_FUN_00779148_00020c88",$d,00000000
"00020c94","|static|_FUN_0033f420_00020c94",$d,00000000
"00020cf4","|static|_FUN_0057ba40_00020cf4",$d,00000000
"00020cf8","|static|_FUN_001f4c9c_00020cf8",$d,00000000
"00020cfc","|static|_LAB_0057b988_00020cfc",$d,00000000
"00020d00","|static|_FUN_0057ba54_00020d00",$d,00000000
"00020d04","|static|_FUN_001f4e44_00020d04",$d,00000000
"00020d08","|static|_FUN_0057b98c_00020d08",$d,00000000
"00020d0c","|static|_FUN_0024f238_00020d0c",$d,00000000
"00020d10","|static|_FUN_001f4dc0_00020d10",$d,00000000
"00020d14","|static|_LAB_0057ba24_00020d14",$d,00000000
"00020d18","|static|_FUN_001f4e30_00020d18",$d,00000000
"00020d1c","|static|_FUN_001f4ae4_00020d1c",$d,00000000
"00020d20","|static|_FUN_00521a38_00020d20",$d,00000000
"00020d24","|static|_FUN_00521064_00020d24",$d,00000000
"00020d30","|static|_FUN_0071866c_00020d30",$d,00000000
"00020d40","|static|_FUN_001f3ce0_00020d40",$d,00000000
"00020d44","|static|_FUN_0024f310_00020d44",$d,00000000
"00020d48","|static|_FUN_0024f3a0_00020d48",$d,00000000
"00020d60","|static|_FUN_001f4e94_00020d60",$d,00000000
"00020d64","|static|_FUN_001f4fc8_00020d64",$d,00000000
"00020d6c","|static|_FUN_001f4a68_00020d6c",$d,00000000
"00020db4","|static|_FUN_002fc024_00020db4",$d,00000000
"00020db8","|static|_FUN_00321840_00020db8",$d,00000000
"00020dbc","|static|_FUN_003217a0_00020dbc",$d,00000000
"00020dd0","|static|_FUN_0033f430_00020dd0",$d,00000000
"00020e20","|static|_FUN_002fc014_00020e20",$d,00000000
"00020e24","|static|_FUN_00779038_00020e24",$d,00000000
"00020e28","|static|_FUN_00779148_00020e28",$d,00000000
"00020e34","|static|_FUN_0033f420_00020e34",$d,00000000
"00020e94","|static|_FUN_0057ba40_00020e94",$d,00000000
"00020e98","|static|_FUN_001f4c9c_00020e98",$d,00000000
"00020e9c","|static|_LAB_0057b988_00020e9c",$d,00000000
"00020ea0","|static|_FUN_0057ba54_00020ea0",$d,00000000
"00020ea4","|static|_FUN_001f4e44_00020ea4",$d,00000000
"00020ea8","|static|_FUN_0057b98c_00020ea8",$d,00000000
"00020eac","|static|_FUN_0024f238_00020eac",$d,00000000
"00020eb0","|static|_FUN_001f4dc0_00020eb0",$d,00000000
"00020eb4","|static|_LAB_0057ba24_00020eb4",$d,00000000
"00020eb8","|static|_FUN_001f4e30_00020eb8",$d,00000000
"00020ebc","|static|_FUN_001f4ae4_00020ebc",$d,00000000
"00020ec0","|static|_FUN_00521a38_00020ec0",$d,00000000
"00020ec4","|static|_FUN_00521064_00020ec4",$d,00000000
"00020ed0","|static|_FUN_0071866c_00020ed0",$d,00000000
"00020ee0","|static|_FUN_001f3ce0_00020ee0",$d,00000000
"00020ee4","|static|_FUN_0024f310_00020ee4",$d,00000000
"00020ee8","|static|_FUN_0024f3a0_00020ee8",$d,00000000
"00020f00","|static|_FUN_001f4e94_00020f00",$d,00000000
"00020f04","|static|_FUN_001f4fc8_00020f04",$d,00000000
"00020f0c","|static|_FUN_001f4a68_00020f0c",$d,00000000
"00020f54","|static|_FUN_002fc024_00020f54",$d,00000000
"00020f58","|static|_FUN_00321840_00020f58",$d,00000000
"00020f5c","|static|_FUN_003217a0_00020f5c",$d,00000000
"00020f70","|static|_FUN_0033f430_00020f70",$d,00000000
"00020fc0","|static|_FUN_002fc014_00020fc0",$d,00000000
"00020fc4","|static|_FUN_00779038_00020fc4",$d,00000000
"00020fc8","|static|_FUN_00779148_00020fc8",$d,00000000
"00020fd4","|static|_FUN_0033f420_00020fd4",$d,00000000
"00021034","|static|_FUN_0057ba40_00021034",$d,00000000
"00021038","|static|_FUN_001f4c9c_00021038",$d,00000000
"0002103c","|static|_LAB_0057b988_0002103c",$d,00000000
"00021040","|static|_FUN_0057ba54_00021040",$d,00000000
"00021044","|static|_FUN_001f4e44_00021044",$d,00000000
"00021048","|static|_FUN_0057b98c_00021048",$d,00000000
"0002104c","|static|_FUN_0024f238_0002104c",$d,00000000
"00021050","|static|_FUN_001f4dc0_00021050",$d,00000000
"00021054","|static|_LAB_0057ba24_00021054",$d,00000000
"00021058","|static|_FUN_001f4e30_00021058",$d,00000000
"0002105c","|static|_FUN_001f4ae4_0002105c",$d,00000000
"00021060","|static|_FUN_00521a38_00021060",$d,00000000
"00021064","|static|_FUN_00521064_00021064",$d,00000000
"00021070","|static|_FUN_0071866c_00021070",$d,00000000
"00021080","|static|_FUN_001f3ce0_00021080",$d,00000000
"00021084","|static|_FUN_0024f310_00021084",$d,00000000
"00021088","|static|_FUN_0024f3a0_00021088",$d,00000000
"000210a0","|static|_FUN_001f4e94_000210a0",$d,00000000
"000210a4","|static|_FUN_001f4fc8_000210a4",$d,00000000
"000210ac","|static|_FUN_001f4a68_000210ac",$d,00000000
"000210f4","|static|_FUN_002fc024_000210f4",$d,00000000
"000210f8","|static|_FUN_00321840_000210f8",$d,00000000
"000210fc","|static|_FUN_003217a0_000210fc",$d,00000000
"00021110","|static|_FUN_0033f430_00021110",$d,00000000
"00021160","|static|_FUN_002fc014_00021160",$d,00000000
"00021164","|static|_FUN_00779038_00021164",$d,00000000
"00021168","|static|_FUN_00779148_00021168",$d,00000000
"00021174","|static|_FUN_0033f420_00021174",$d,00000000
"000211d4","|static|_FUN_0057ba40_000211d4",$d,00000000
"000211d8","|static|_FUN_001f4c9c_000211d8",$d,00000000
"000211dc","|static|_LAB_0057b988_000211dc",$d,00000000
"000211e0","|static|_FUN_0057ba54_000211e0",$d,00000000
"000211e4","|static|_FUN_001f4e44_000211e4",$d,00000000
"000211e8","|static|_FUN_0057b98c_000211e8",$d,00000000
"000211ec","|static|_FUN_0024f238_000211ec",$d,00000000
"000211f0","|static|_FUN_001f4dc0_000211f0",$d,00000000
"000211f4","|static|_LAB_0057ba24_000211f4",$d,00000000
"000211f8","|static|_FUN_001f4e30_000211f8",$d,00000000
"000211fc","|static|_FUN_001f4ae4_000211fc",$d,00000000
"00021200","|static|_FUN_00521a38_00021200",$d,00000000
"00021204","|static|_FUN_00521064_00021204",$d,00000000
"00021210","|static|_FUN_0071866c_00021210",$d,00000000
"00021220","|static|_FUN_001f3ce0_00021220",$d,00000000
"00021224","|static|_FUN_0024f310_00021224",$d,00000000
"00021228","|static|_FUN_0024f3a0_00021228",$d,00000000
"00021240","|static|_FUN_001f4e94_00021240",$d,00000000
"00021244","|static|_FUN_001f4fc8_00021244",$d,00000000
"00021294","|static|_FUN_002fc024_00021294",$d,00000000
"00021298","|static|_FUN_00321840_00021298",$d,00000000
"0002129c","|static|_FUN_003217a0_0002129c",$d,00000000
"000212b0","|static|_FUN_0033f430_000212b0",$d,00000000
"00021300","|static|_FUN_002fc014_00021300",$d,00000000
"00021304","|static|_FUN_00779038_00021304",$d,00000000
"00021308","|static|_FUN_00779148_00021308",$d,00000000
"00021314","|static|_FUN_0033f420_00021314",$d,00000000
"00021374","|static|_FUN_0057ba40_00021374",$d,00000000
"00021378","|static|_FUN_001f4c9c_00021378",$d,00000000
"0002137c","|static|_LAB_0057b988_0002137c",$d,00000000
"00021380","|static|_FUN_0057ba54_00021380",$d,00000000
"00021384","|static|_FUN_001f4e44_00021384",$d,00000000
"00021388","|static|_FUN_0057b98c_00021388",$d,00000000
"0002138c","|static|_FUN_0024f238_0002138c",$d,00000000
"00021390","|static|_FUN_001f4dc0_00021390",$d,00000000
"00021394","|static|_LAB_0057ba24_00021394",$d,00000000
"00021398","|static|_FUN_001f4e30_00021398",$d,00000000
"0002139c","|static|_FUN_001f4ae4_0002139c",$d,00000000
"000213a0","|static|_FUN_00521a38_000213a0",$d,00000000
"000213a4","|static|_FUN_00521064_000213a4",$d,00000000
"000213b0","|static|_FUN_0071866c_000213b0",$d,00000000
"000213c0","|static|_FUN_001f3ce0_000213c0",$d,00000000
"000213c4","|static|_FUN_0024f310_000213c4",$d,00000000
"000213c8","|static|_FUN_0024f3a0_000213c8",$d,00000000
"000213e0","|static|_FUN_001f4e94_000213e0",$d,00000000
"000213e4","|static|_FUN_001f4fc8_000213e4",$d,00000000
"000213ec","|static|_FUN_001f4a68_000213ec",$d,00000000
"00021438","|static|_FUN_002fc024_00021438",$d,00000000
"0002143c","|static|_FUN_00321840_0002143c",$d,00000000
"00021440","|static|_FUN_003217a0_00021440",$d,00000000
"00021454","|static|_FUN_0033f430_00021454",$d,00000000
"000214a4","|static|_FUN_002fc014_000214a4",$d,00000000
"000214a8","|static|_FUN_00779038_000214a8",$d,00000000
"000214ac","|static|_FUN_00779148_000214ac",$d,00000000
"000214b8","|static|_FUN_0033f420_000214b8",$d,00000000
"00021518","|static|_FUN_0057ba40_00021518",$d,00000000
"0002151c","|static|_FUN_001f4c9c_0002151c",$d,00000000
"00021520","|static|_LAB_0057b988_00021520",$d,00000000
"00021524","|static|_FUN_0057ba54_00021524",$d,00000000
"00021528","|static|_FUN_001f4e44_00021528",$d,00000000
"0002152c","|static|_FUN_0057b98c_0002152c",$d,00000000
"00021530","|static|_FUN_0024f238_00021530",$d,00000000
"00021534","|static|_FUN_001f4dc0_00021534",$d,00000000
"00021538","|static|_LAB_0057ba24_00021538",$d,00000000
"0002153c","|static|_FUN_001f4e30_0002153c",$d,00000000
"00021544","|static|_FUN_00521a38_00021544",$d,00000000
"00021548","|static|_FUN_00521064_00021548",$d,00000000
"00021554","|static|_FUN_0071866c_00021554",$d,00000000
"00021564","|static|_FUN_001f3ce0_00021564",$d,00000000
"00021568","|static|_FUN_0024f310_00021568",$d,00000000
"0002156c","|static|_FUN_0024f3a0_0002156c",$d,00000000
"00021584","|static|_FUN_001f4e94_00021584",$d,00000000
"00021588","|static|_FUN_001f4fc8_00021588",$d,00000000
"00021590","|static|_FUN_001f4a68_00021590",$d,00000000
"000215dc","|static|_FUN_002fc024_000215dc",$d,00000000
"000215e0","|static|_FUN_00321840_000215e0",$d,00000000
"000215e4","|static|_FUN_003217a0_000215e4",$d,00000000
"00021648","|static|_FUN_002fc014_00021648",$d,00000000
"0002164c","|static|_FUN_00779038_0002164c",$d,00000000
"00021650","|static|_FUN_00779148_00021650",$d,00000000
"000216bc","|static|_FUN_0057ba40_000216bc",$d,00000000
"000216c0","|static|_FUN_001f4c9c_000216c0",$d,00000000
"000216c4","|static|_LAB_0057b988_000216c4",$d,00000000
"000216c8","|static|_FUN_0057ba54_000216c8",$d,00000000
"000216cc","|static|_FUN_001f4e44_000216cc",$d,00000000
"000216d0","|static|_FUN_0057b98c_000216d0",$d,00000000
"000216d4","|static|_FUN_0024f238_000216d4",$d,00000000
"000216d8","|static|_FUN_001f4dc0_000216d8",$d,00000000
"000216dc","|static|_LAB_0057ba24_000216dc",$d,00000000
"000216e0","|static|_FUN_001f4e30_000216e0",$d,00000000
"000216e4","|static|_FUN_001f4ae4_000216e4",$d,00000000
"000216e8","|static|_FUN_00521a38_000216e8",$d,00000000
"000216ec","|static|_FUN_00521064_000216ec",$d,00000000
"000216f8","|static|_FUN_0071866c_000216f8",$d,00000000
"00021708","|static|_FUN_001f3ce0_00021708",$d,00000000
"0002170c","|static|_FUN_0024f310_0002170c",$d,00000000
"00021710","|static|_FUN_0024f3a0_00021710",$d,00000000
"00021728","|static|_FUN_001f4e94_00021728",$d,00000000
"0002172c","|static|_FUN_001f4fc8_0002172c",$d,00000000
"00021734","|static|_FUN_001f4a68_00021734",$d,00000000
"0002177c","|static|_FUN_002fc024_0002177c",$d,00000000
"00021780","|static|_FUN_00321840_00021780",$d,00000000
"00021784","|static|_FUN_003217a0_00021784",$d,00000000
"00021798","|static|_FUN_0033f430_00021798",$d,00000000
"000217e8","|static|_FUN_002fc014_000217e8",$d,00000000
"000217ec","|static|_FUN_00779038_000217ec",$d,00000000
"000217f0","|static|_FUN_00779148_000217f0",$d,00000000
"000217fc","|static|_FUN_0033f420_000217fc",$d,00000000
"0002185c","|static|_FUN_0057ba40_0002185c",$d,00000000
"00021860","|static|_FUN_001f4c9c_00021860",$d,00000000
"00021864","|static|_LAB_0057b988_00021864",$d,00000000
"00021868","|static|_FUN_0057ba54_00021868",$d,00000000
"0002186c","|static|_FUN_001f4e44_0002186c",$d,00000000
"00021870","|static|_FUN_0057b98c_00021870",$d,00000000
"00021874","|static|_FUN_0024f238_00021874",$d,00000000
"00021878","|static|_FUN_001f4dc0_00021878",$d,00000000
"0002187c","|static|_LAB_0057ba24_0002187c",$d,00000000
"00021880","|static|_FUN_001f4e30_00021880",$d,00000000
"00021884","|static|_FUN_001f4ae4_00021884",$d,00000000
"00021888","|static|_FUN_00521a38_00021888",$d,00000000
"0002188c","|static|_FUN_00521064_0002188c",$d,00000000
"00021898","|static|_FUN_0071866c_00021898",$d,00000000
"000218a8","|static|_FUN_001f3ce0_000218a8",$d,00000000
"000218ac","|static|_FUN_0024f310_000218ac",$d,00000000
"000218b0","|static|_FUN_0024f3a0_000218b0",$d,00000000
"000218cc","|static|_FUN_001f4fc8_000218cc",$d,00000000
"000218d4","|static|_FUN_001f4a68_000218d4",$d,00000000
"0002191c","|static|_FUN_002fc024_0002191c",$d,00000000
"00021920","|static|_FUN_00321840_00021920",$d,00000000
"00021924","|static|_FUN_003217a0_00021924",$d,00000000
"00021938","|static|_FUN_0033f430_00021938",$d,00000000
"00021988","|static|_FUN_002fc014_00021988",$d,00000000
"0002198c","|static|_FUN_00779038_0002198c",$d,00000000
"00021990","|static|_FUN_00779148_00021990",$d,00000000
"0002199c","|static|_FUN_0033f420_0002199c",$d,00000000
"000219fc","|static|_FUN_0057ba40_000219fc",$d,00000000
"00021a00","|static|_FUN_001f4c9c_00021a00",$d,00000000
"00021a04","|static|_LAB_0057b988_00021a04",$d,00000000
"00021a08","|static|_FUN_0057ba54_00021a08",$d,00000000
"00021a0c","|static|_FUN_001f4e44_00021a0c",$d,00000000
"00021a10","|static|_FUN_0057b98c_00021a10",$d,00000000
"00021a14","|static|_FUN_0024f238_00021a14",$d,00000000
"00021a18","|static|_FUN_001f4dc0_00021a18",$d,00000000
"00021a1c","|static|_LAB_0057ba24_00021a1c",$d,00000000
"00021a20","|static|_FUN_001f4e30_00021a20",$d,00000000
"00021a24","|static|_FUN_001f4ae4_00021a24",$d,00000000
"00021a28","|static|_FUN_00521a38_00021a28",$d,00000000
"00021a2c","|static|_FUN_00521064_00021a2c",$d,00000000
"00021a38","|static|_FUN_0071866c_00021a38",$d,00000000
"00021a4c","|static|_FUN_0024f310_00021a4c",$d,00000000
"00021a50","|static|_FUN_0024f3a0_00021a50",$d,00000000
"00021a68","|static|_FUN_001f4e94_00021a68",$d,00000000
"00021a6c","|static|_FUN_001f4fc8_00021a6c",$d,00000000
"00021a74","|static|_FUN_001f4a68_00021a74",$d,00000000
"00021abc","|static|_FUN_002fc024_00021abc",$d,00000000
"00021ac0","|static|_FUN_00321840_00021ac0",$d,00000000
"00021ac4","|static|_FUN_003217a0_00021ac4",$d,00000000
"00021ad8","|static|_FUN_0033f430_00021ad8",$d,00000000
"00021b28","|static|_FUN_002fc014_00021b28",$d,00000000
"00021b2c","|static|_FUN_00779038_00021b2c",$d,00000000
"00021b30","|static|_FUN_00779148_00021b30",$d,00000000
"00021b3c","|static|_FUN_0033f420_00021b3c",$d,00000000
"00021b9c","|static|_FUN_0057ba40_00021b9c",$d,00000000
"00021ba0","|static|_FUN_001f4c9c_00021ba0",$d,00000000
"00021ba4","|static|_LAB_0057b988_00021ba4",$d,00000000
"00021ba8","|static|_FUN_0057ba54_00021ba8",$d,00000000
"00021bac","|static|_FUN_001f4e44_00021bac",$d,00000000
"00021bb0","|static|_FUN_0057b98c_00021bb0",$d,00000000
"00021bb4","|static|_FUN_0024f238_00021bb4",$d,00000000
"00021bb8","|static|_FUN_001f4dc0_00021bb8",$d,00000000
"00021bbc","|static|_LAB_0057ba24_00021bbc",$d,00000000
"00021bc0","|static|_FUN_001f4e30_00021bc0",$d,00000000
"00021bc4","|static|_FUN_001f4ae4_00021bc4",$d,00000000
"00021bc8","|static|_FUN_00521a38_00021bc8",$d,00000000
"00021bcc","|static|_FUN_00521064_00021bcc",$d,00000000
"00021bd8","|static|_FUN_0071866c_00021bd8",$d,00000000
"00021be8","|static|_FUN_001f3ce0_00021be8",$d,00000000
"00021bec","|static|_FUN_0024f310_00021bec",$d,00000000
"00021bf0","|static|_FUN_0024f3a0_00021bf0",$d,00000000
"00021c08","|static|_FUN_001f4e94_00021c08",$d,00000000
"00021c0c","|static|_FUN_001f4fc8_00021c0c",$d,00000000
"00021c14","|static|_FUN_001f4a68_00021c14",$d,00000000
"00021c5c","|static|_FUN_002fc024_00021c5c",$d,00000000
"00021c60","|static|_FUN_00321840_00021c60",$d,00000000
"00021c64","|static|_FUN_003217a0_00021c64",$d,00000000
"00021c78","|static|_FUN_0033f430_00021c78",$d,00000000
"00021cc8","|static|_FUN_002fc014_00021cc8",$d,00000000
"00021ccc","|static|_FUN_00779038_00021ccc",$d,00000000
"00021cd0","|static|_FUN_00779148_00021cd0",$d,00000000
"00021cdc","|static|_FUN_0033f420_00021cdc",$d,00000000
"00021d3c","|static|_FUN_0057ba40_00021d3c",$d,00000000
"00021d40","|static|_FUN_001f4c9c_00021d40",$d,00000000
"00021d44","|static|_LAB_0057b988_00021d44",$d,00000000
"00021d48","|static|_FUN_0057ba54_00021d48",$d,00000000
"00021d4c","|static|_FUN_001f4e44_00021d4c",$d,00000000
"00021d50","|static|_FUN_0057b98c_00021d50",$d,00000000
"00021d54","|static|_FUN_0024f238_00021d54",$d,00000000
"00021d58","|static|_FUN_001f4dc0_00021d58",$d,00000000
"00021d5c","|static|_LAB_0057ba24_00021d5c",$d,00000000
"00021d60","|static|_FUN_001f4e30_00021d60",$d,00000000
"00021d64","|static|_FUN_001f4ae4_00021d64",$d,00000000
"00021d68","|static|_FUN_00521a38_00021d68",$d,00000000
"00021d6c","|static|_FUN_00521064_00021d6c",$d,00000000
"00021d78","|static|_FUN_0071866c_00021d78",$d,00000000
"00021d88","|static|_FUN_001f3ce0_00021d88",$d,00000000
"00021d8c","|static|_FUN_0024f310_00021d8c",$d,00000000
"00021d90","|static|_FUN_0024f3a0_00021d90",$d,00000000
"00021da8","|static|_FUN_001f4e94_00021da8",$d,00000000
"00021dac","|static|_FUN_001f4fc8_00021dac",$d,00000000
"00021db4","|static|_FUN_001f4a68_00021db4",$d,00000000
"00021e00","|static|_FUN_002fc024_00021e00",$d,00000000
"00021e04","|static|_FUN_00321840_00021e04",$d,00000000
"00021e08","|static|_FUN_003217a0_00021e08",$d,00000000
"00021e1c","|static|_FUN_0033f430_00021e1c",$d,00000000
"00021e6c","|static|_FUN_002fc014_00021e6c",$d,00000000
"00021e70","|static|_FUN_00779038_00021e70",$d,00000000
"00021e74","|static|_FUN_00779148_00021e74",$d,00000000
"00021e80","|static|_FUN_0033f420_00021e80",$d,00000000
"00021ee0","|static|_FUN_0057ba40_00021ee0",$d,00000000
"00021ee4","|static|_FUN_001f4c9c_00021ee4",$d,00000000
"00021ee8","|static|_LAB_0057b988_00021ee8",$d,00000000
"00021eec","|static|_FUN_0057ba54_00021eec",$d,00000000
"00021ef0","|static|_FUN_001f4e44_00021ef0",$d,00000000
"00021ef4","|static|_FUN_0057b98c_00021ef4",$d,00000000
"00021ef8","|static|_FUN_0024f238_00021ef8",$d,00000000
"00021efc","|static|_FUN_001f4dc0_00021efc",$d,00000000
"00021f00","|static|_LAB_0057ba24_00021f00",$d,00000000
"00021f04","|static|_FUN_001f4e30_00021f04",$d,00000000
"00021f08","|static|_FUN_001f4ae4_00021f08",$d,00000000
"00021f0c","|static|_FUN_00521a38_00021f0c",$d,00000000
"00021f10","|static|_FUN_00521064_00021f10",$d,00000000
"00021f1c","|static|_FUN_0071866c_00021f1c",$d,00000000
"00021f2c","|static|_FUN_001f3ce0_00021f2c",$d,00000000
"00021f30","|static|_FUN_0024f310_00021f30",$d,00000000
"00021f34","|static|_FUN_0024f3a0_00021f34",$d,00000000
"00021f4c","|static|_FUN_001f4e94_00021f4c",$d,00000000
"00021f50","|static|_FUN_001f4fc8_00021f50",$d,00000000
"00021f58","|static|_FUN_001f4a68_00021f58",$d,00000000
"00021fa0","|static|_FUN_002fc024_00021fa0",$d,00000000
"00021fa4","|static|_FUN_00321840_00021fa4",$d,00000000
"00021fa8","|static|_FUN_003217a0_00021fa8",$d,00000000
"00021fbc","|static|_FUN_0033f430_00021fbc",$d,00000000
"0002200c","|static|_FUN_002fc014_0002200c",$d,00000000
"00022010","|static|_FUN_00779038_00022010",$d,00000000
"00022014","|static|_FUN_00779148_00022014",$d,00000000
"00022020","|static|_FUN_0033f420_00022020",$d,00000000
"0002207c","|static|_FUN_00529d8c_0002207c",$d,00000000
"00022084","|static|_LAB_00520f64_00022084",$d,00000000
"00022088","|static|_FUN_00529da0_00022088",$d,00000000
"00022090","|static|_LAB_00520f6c_00022090",$d,00000000
"00022094","|static|_FUN_00529cf4_00022094",$d,00000000
"0002209c","|static|_LAB_00521068_0002209c",$d,00000000
"000220a0","|static|_FUN_00529d78_000220a0",$d,00000000
"000220a8","|static|_FUN_00521a3c_000220a8",$d,00000000
"000220ac","|static|_FUN_00521064_000220ac",$d,00000000
"000220c8","|static|_FUN_0057ba40_000220c8",$d,00000000
"000220cc","|static|_FUN_001f4c9c_000220cc",$d,00000000
"000220d0","|static|_LAB_0057b988_000220d0",$d,00000000
"000220d4","|static|_FUN_0057ba54_000220d4",$d,00000000
"000220d8","|static|_FUN_001f4e44_000220d8",$d,00000000
"000220dc","|static|_FUN_0057b98c_000220dc",$d,00000000
"000220e0","|static|_FUN_0024f238_000220e0",$d,00000000
"000220e4","|static|_FUN_001f4dc0_000220e4",$d,00000000
"000220e8","|static|_LAB_0057ba24_000220e8",$d,00000000
"000220ec","|static|_FUN_001f4e30_000220ec",$d,00000000
"000220f0","|static|_FUN_001f4ae4_000220f0",$d,00000000
"000220f4","|static|_FUN_00521a38_000220f4",$d,00000000
"000220f8","|static|_FUN_00521064_000220f8",$d,00000000
"00022104","|static|_FUN_0071866c_00022104",$d,00000000
"00022108","|static|_INVALID_|static|_TEXT:0001c117_00022108",$d,00000000
"00022114","|static|_FUN_001f3ce0_00022114",$d,00000000
"00022118","|static|_FUN_0024f310_00022118",$d,00000000
"0002211c","|static|_FUN_0024f3a0_0002211c",$d,00000000
"00022130","|static|_INVALID_|static|_TEXT:0001c117_00022130",$d,00000000
"00022134","|static|_FUN_001f4e94_00022134",$d,00000000
"00022138","|static|_FUN_001f4fc8_00022138",$d,00000000
"00022140","|static|_FUN_001f4a68_00022140",$d,00000000
"0002214c","|static|_INVALID_|static|_TEXT:0001c117_0002214c",$d,00000000
"000221ac","|static|_INVALID_|static|_TEXT:0001c117_000221ac",$d,00000000
"000221b0","|static|_INVALID_|static|_TEXT:0001c117_000221b0",$d,00000000
"000221b4","|static|_INVALID_|static|_TEXT:0001c117_000221b4",$d,00000000
"000221b8","|static|_INVALID_|static|_TEXT:0001c117_000221b8",$d,00000000
"000221bc","|static|_INVALID_|static|_TEXT:0001c117_000221bc",$d,00000000
"000221c0","|static|_INVALID_|static|_TEXT:0001c117_000221c0",$d,00000000
"000221fc","|static|_FUN_0057ba40_000221fc",$d,00000000
"00022200","|static|_FUN_001f4c9c_00022200",$d,00000000
"00022204","|static|_LAB_0057b988_00022204",$d,00000000
"00022208","|static|_FUN_0057ba54_00022208",$d,00000000
"0002220c","|static|_FUN_001f4e44_0002220c",$d,00000000
"00022210","|static|_FUN_0057b98c_00022210",$d,00000000
"00022214","|static|_FUN_0024f238_00022214",$d,00000000
"00022218","|static|_FUN_001f4dc0_00022218",$d,00000000
"0002221c","|static|_LAB_0057ba24_0002221c",$d,00000000
"00022220","|static|_FUN_001f4e30_00022220",$d,00000000
"00022224","|static|_FUN_001f4ae4_00022224",$d,00000000
"00022228","|static|_FUN_00521a38_00022228",$d,00000000
"0002222c","|static|_FUN_00521064_0002222c",$d,00000000
"00022238","|static|_FUN_0071866c_00022238",$d,00000000
"00022248","|static|_FUN_001f3ce0_00022248",$d,00000000
"0002224c","|static|_FUN_0024f310_0002224c",$d,00000000
"00022250","|static|_FUN_0024f3a0_00022250",$d,00000000
"00022268","|static|_FUN_001f4e94_00022268",$d,00000000
"0002226c","|static|_FUN_001f4fc8_0002226c",$d,00000000
"00022274","|static|_FUN_001f4a68_00022274",$d,00000000
"000222bc","|static|_FUN_002fc024_000222bc",$d,00000000
"000222c0","|static|_FUN_00321840_000222c0",$d,00000000
"000222c4","|static|_FUN_003217a0_000222c4",$d,00000000
"000222d8","|static|_FUN_0033f430_000222d8",$d,00000000
"00022328","|static|_FUN_002fc014_00022328",$d,00000000
"0002232c","|static|_FUN_00779038_0002232c",$d,00000000
"00022330","|static|_FUN_00779148_00022330",$d,00000000
"0002233c","|static|_FUN_0033f420_0002233c",$d,00000000
"000223b0","|static|_FUN_0057ba40_000223b0",$d,00000000
"000223b4","|static|_FUN_001f4c9c_000223b4",$d,00000000
"000223b8","|static|_LAB_0057b988_000223b8",$d,00000000
"000223bc","|static|_FUN_0057ba54_000223bc",$d,00000000
"000223c0","|static|_FUN_001f4e44_000223c0",$d,00000000
"000223c4","|static|_FUN_0057b98c_000223c4",$d,00000000
"000223c8","|static|_FUN_0024f238_000223c8",$d,00000000
"000223cc","|static|_FUN_001f4dc0_000223cc",$d,00000000
"000223d0","|static|_LAB_0057ba24_000223d0",$d,00000000
"000223d4","|static|_FUN_001f4e30_000223d4",$d,00000000
"000223d8","|static|_FUN_001f4ae4_000223d8",$d,00000000
"000223dc","|static|_FUN_00521a38_000223dc",$d,00000000
"000223e0","|static|_FUN_00521064_000223e0",$d,00000000
"000223ec","|static|_FUN_0071866c_000223ec",$d,00000000
"00022400","|static|_FUN_0024f310_00022400",$d,00000000
"00022404","|static|_FUN_0024f3a0_00022404",$d,00000000
"0002241c","|static|_FUN_001f4e94_0002241c",$d,00000000
"00022420","|static|_FUN_001f4fc8_00022420",$d,00000000
"00022428","|static|_FUN_001f4a68_00022428",$d,00000000
"00022478","|static|_FUN_002fbc18_00022478",$d,00000000
"00022480","|static|_FUN_004edcfc_00022480",$d,00000000
"000224d4","|static|_FUN_002fbc08_000224d4",$d,00000000
"000224dc","|static|_FUN_007790e8_000224dc",$d,00000000
"00022538","|static|_FUN_0057ba40_00022538",$d,00000000
"0002253c","|static|_FUN_001f4c9c_0002253c",$d,00000000
"00022540","|static|_LAB_0057b988_00022540",$d,00000000
"00022544","|static|_FUN_0057ba54_00022544",$d,00000000
"00022548","|static|_FUN_001f4e44_00022548",$d,00000000
"0002254c","|static|_FUN_0057b98c_0002254c",$d,00000000
"00022550","|static|_FUN_0024f238_00022550",$d,00000000
"00022554","|static|_FUN_001f4dc0_00022554",$d,00000000
"00022558","|static|_LAB_0057ba24_00022558",$d,00000000
"0002255c","|static|_FUN_001f4e30_0002255c",$d,00000000
"00022560","|static|_FUN_001f4ae4_00022560",$d,00000000
"00022564","|static|_FUN_00521a38_00022564",$d,00000000
"00022568","|static|_FUN_00521064_00022568",$d,00000000
"00022574","|static|_FUN_0071866c_00022574",$d,00000000
"00022584","|static|_FUN_001f3ce0_00022584",$d,00000000
"00022588","|static|_FUN_0024f310_00022588",$d,00000000
"0002258c","|static|_FUN_0024f3a0_0002258c",$d,00000000
"000225a4","|static|_FUN_001f4e94_000225a4",$d,00000000
"000225a8","|static|_FUN_001f4fc8_000225a8",$d,00000000
"000225b0","|static|_FUN_001f4a68_000225b0",$d,00000000
"000225f8","|static|_FUN_002fc024_000225f8",$d,00000000
"000225fc","|static|_FUN_00321840_000225fc",$d,00000000
"00022600","|static|_FUN_003217a0_00022600",$d,00000000
"00022614","|static|_FUN_0033f430_00022614",$d,00000000
"00022664","|static|_FUN_002fc014_00022664",$d,00000000
"00022668","|static|_FUN_00779038_00022668",$d,00000000
"0002266c","|static|_FUN_00779148_0002266c",$d,00000000
"00022678","|static|_FUN_0033f420_00022678",$d,00000000
